<?xml version="1.0" encoding="utf-8"?>
<clothing-items>
 <clothing>
  <id>
   776525593
  </id>
  <name>
   Asics Gloves N-9773
  </name>
  <category>
   Gloves
  </category>
  <size>
   M
  </size>
  <color>
   Красный
  </color>
  <material>
   Шерсть
  </material>
  <price>
   927996
  </price>
  <rating>
   1.21
  </rating>
  <reviews>
   110241
  </reviews>
 </clothing>
 <clothing>
  <id>
   233681443
  </id>
  <name>
   PleinSport Skirt O-4159
  </name>
  <category>
   Skirt
  </category>
  <size>
   XXL
  </size>
  <color>
   Красный
  </color>
  <material>
   Нейлон
  </material>
  <price>
   402864
  </price>
  <rating>
   1.9
  </rating>
  <reviews>
   55815
  </reviews>
  <new>
   +
  </new>
  <exclusive>
   no
  </exclusive>
 </clothing>
 <clothing>
  <id>
   575367368
  </id>
  <name>
   Reebok T-shirt L-9036
  </name>
  <category>
   T-shirt
  </category>
  <size>
   M
  </size>
  <color>
   Фиолетовый
  </color>
  <material>
   Полиэстер
  </material>
  <price>
   197860
  </price>
  <rating>
   4.72
  </rating>
  <reviews>
   128250
  </reviews>
 </clothing>
 <clothing>
  <id>
   585227704
  </id>
  <name>
   DC Sweater L-8312
  </name>
  <category>
   Sweater
  </category>
  <size>
   M
  </size>
  <color>
   Синий
  </color>
  <material>
   Кожа
  </material>
  <price>
   796356
  </price>
  <rating>
   4.24
  </rating>
  <reviews>
   374330
  </reviews>
  <exclusive>
   no
  </exclusive>
  <sporty>
   yes
  </sporty>
 </clothing>
 <clothing>
  <id>
   380125688
  </id>
  <name>
   Reebok Jacket W-4564
  </name>
  <category>
   Jacket
  </category>
  <size>
   S
  </size>
  <color>
   Синий
  </color>
  <material>
   Шерсть
  </material>
  <price>
   320332
  </price>
  <rating>
   3.93
  </rating>
  <reviews>
   432268
  </reviews>
  <new>
   -
  </new>
  <sporty>
   no
  </sporty>
 </clothing>
 <clothing>
  <id>
   772095668
  </id>
  <name>
   PleinSport T-shirt L-9122
  </name>
  <category>
   T-shirt
  </category>
  <size>
   XL
  </size>
  <color>
   Синий
  </color>
  <material>
   Хлопок
  </material>
  <price>
   309279
  </price>
  <rating>
   4.2
  </rating>
  <reviews>
   543779
  </reviews>
  <exclusive>
   no
  </exclusive>
 </clothing>
 <clothing>
  <id>
   550459134
  </id>
  <name>
   DC Blouse G-5353
  </name>
  <category>
   Blouse
  </category>
  <size>
   S
  </size>
  <color>
   Красный
  </color>
  <material>
   Вискоза
  </material>
  <price>
   233804
  </price>
  <rating>
   3.58
  </rating>
  <reviews>
   518096
  </reviews>
  <exclusive>
   no
  </exclusive>
 </clothing>
 <clothing>
  <id>
   601788557
  </id>
  <name>
   Vans Shoes V-8989
  </name>
  <category>
   Shoes
  </category>
  <size>
   S
  </size>
  <color>
   Оранжевый
  </color>
  <material>
   Кожа
  </material>
  <price>
   823984
  </price>
  <rating>
   4.96
  </rating>
  <reviews>
   251848
  </reviews>
  <new>
   -
  </new>
 </clothing>
 <clothing>
  <id>
   703685563
  </id>
  <name>
   Reebok Belts H-7815
  </name>
  <category>
   Belts
  </category>
  <size>
   L
  </size>
  <color>
   Синий
  </color>
  <material>
   Полиэстер
  </material>
  <price>
   321586
  </price>
  <rating>
   1.97
  </rating>
  <reviews>
   218839
  </reviews>
  <new>
   -
  </new>
  <exclusive>
   no
  </exclusive>
  <sporty>
   no
  </sporty>
 </clothing>
 <clothing>
  <id>
   631160309
  </id>
  <name>
   PleinSport Socks L-2450
  </name>
  <category>
   Socks
  </category>
  <size>
   M
  </size>
  <color>
   Желтый
  </color>
  <material>
   Шерсть
  </material>
  <price>
   309854
  </price>
  <rating>
   2.33
  </rating>
  <reviews>
   173724
  </reviews>
  <exclusive>
   no
  </exclusive>
  <sporty>
   yes
  </sporty>
 </clothing>
 <clothing>
  <id>
   591161442
  </id>
  <name>
   Ellesse Sweater O-1315
  </name>
  <category>
   Sweater
  </category>
  <size>
   XXL
  </size>
  <color>
   Оранжевый
  </color>
  <material>
   Лен
  </material>
  <price>
   187474
  </price>
  <rating>
   3.61
  </rating>
  <reviews>
   679870
  </reviews>
  <exclusive>
   no
  </exclusive>
 </clothing>
 <clothing>
  <id>
   530535991
  </id>
  <name>
   Addidas T-shirt K-2300
  </name>
  <category>
   T-shirt
  </category>
  <size>
   XXL
  </size>
  <color>
   Голубой
  </color>
  <material>
   Вискоза
  </material>
  <price>
   895397
  </price>
  <rating>
   4.37
  </rating>
  <reviews>
   44268
  </reviews>
  <new>
   -
  </new>
 </clothing>
 <clothing>
  <id>
   813185769
  </id>
  <name>
   Ellesse Jacket K-4598
  </name>
  <category>
   Jacket
  </category>
  <size>
   L
  </size>
  <color>
   Зеленый
  </color>
  <material>
   Кожа
  </material>
  <price>
   738045
  </price>
  <rating>
   2.71
  </rating>
  <reviews>
   84035
  </reviews>
  <exclusive>
   yes
  </exclusive>
  <sporty>
   no
  </sporty>
 </clothing>
 <clothing>
  <id>
   854917794
  </id>
  <name>
   Adidas Jacket E-6188
  </name>
  <category>
   Jacket
  </category>
  <size>
   S
  </size>
  <color>
   Синий
  </color>
  <material>
   Лен
  </material>
  <price>
   921838
  </price>
  <rating>
   4.75
  </rating>
  <reviews>
   62952
  </reviews>
  <sporty>
   yes
  </sporty>
 </clothing>
 <clothing>
  <id>
   411433555
  </id>
  <name>
   Under Armour Jeans J-4218
  </name>
  <category>
   Jeans
  </category>
  <size>
   XL
  </size>
  <color>
   Красный
  </color>
  <material>
   Нейлон
  </material>
  <price>
   578540
  </price>
  <rating>
   3.32
  </rating>
  <reviews>
   942420
  </reviews>
 </clothing>
 <clothing>
  <id>
   880175874
  </id>
  <name>
   Asics Jeans H-9711
  </name>
  <category>
   Jeans
  </category>
  <size>
   S
  </size>
  <color>
   Зеленый
  </color>
  <material>
   Кожа
  </material>
  <price>
   894886
  </price>
  <rating>
   1.47
  </rating>
  <reviews>
   753856
  </reviews>
  <exclusive>
   yes
  </exclusive>
 </clothing>
 <clothing>
  <id>
   416799273
  </id>
  <name>
   Vans Blouse V-8636
  </name>
  <category>
   Blouse
  </category>
  <size>
   S
  </size>
  <color>
   Красный
  </color>
  <material>
   Нейлон
  </material>
  <price>
   141383
  </price>
  <rating>
   2.34
  </rating>
  <reviews>
   756789
  </reviews>
  <new>
   -
  </new>
  <sporty>
   no
  </sporty>
 </clothing>
 <clothing>
  <id>
   397596273
  </id>
  <name>
   Brooks Handbags P-6635
  </name>
  <category>
   Handbags
  </category>
  <size>
   M
  </size>
  <color>
   Желтый
  </color>
  <material>
   Лен
  </material>
  <price>
   154601
  </price>
  <rating>
   3.03
  </rating>
  <reviews>
   4496
  </reviews>
  <new>
   -
  </new>
  <sporty>
   no
  </sporty>
 </clothing>
 <clothing>
  <id>
   764530935
  </id>
  <name>
   Reebok Jacket K-9616
  </name>
  <category>
   Jacket
  </category>
  <size>
   XXL
  </size>
  <color>
   Синий
  </color>
  <material>
   Лен
  </material>
  <price>
   592875
  </price>
  <rating>
   2.63
  </rating>
  <reviews>
   721727
  </reviews>
 </clothing>
 <clothing>
  <id>
   388116619
  </id>
  <name>
   Fila Hat T-9916
  </name>
  <category>
   Hat
  </category>
  <size>
   M
  </size>
  <color>
   Зеленый
  </color>
  <material>
   Шерсть
  </material>
  <price>
   981039
  </price>
  <rating>
   4.41
  </rating>
  <reviews>
   508024
  </reviews>
  <new>
   +
  </new>
 </clothing>
 <clothing>
  <id>
   126757144
  </id>
  <name>
   Lacoste Gloves D-3916
  </name>
  <category>
   Gloves
  </category>
  <size>
   XXL
  </size>
  <color>
   Красный
  </color>
  <material>
   Шелк
  </material>
  <price>
   321396
  </price>
  <rating>
   2.05
  </rating>
  <reviews>
   682914
  </reviews>
 </clothing>
 <clothing>
  <id>
   624834351
  </id>
  <name>
   Vans Umbrellas V-1243
  </name>
  <category>
   Umbrellas
  </category>
  <size>
   XXL
  </size>
  <color>
   Фиолетовый
  </color>
  <material>
   Лен
  </material>
  <price>
   981243
  </price>
  <rating>
   2.61
  </rating>
  <reviews>
   746388
  </reviews>
 </clothing>
 <clothing>
  <id>
   215241356
  </id>
  <name>
   Reebok Umbrellas E-3704
  </name>
  <category>
   Umbrellas
  </category>
  <size>
   L
  </size>
  <color>
   Голубой
  </color>
  <material>
   Хлопок
  </material>
  <price>
   527851
  </price>
  <rating>
   3.4
  </rating>
  <reviews>
   356971
  </reviews>
 </clothing>
 <clothing>
  <id>
   937273347
  </id>
  <name>
   Puma Sweater H-7716
  </name>
  <category>
   Sweater
  </category>
  <size>
   XXL
  </size>
  <color>
   Красный
  </color>
  <material>
   Нейлон
  </material>
  <price>
   649792
  </price>
  <rating>
   4.34
  </rating>
  <reviews>
   415162
  </reviews>
 </clothing>
 <clothing>
  <id>
   801772673
  </id>
  <name>
   DC Jeans V-1045
  </name>
  <category>
   Jeans
  </category>
  <size>
   M
  </size>
  <color>
   Красный
  </color>
  <material>
   Лен
  </material>
  <price>
   873673
  </price>
  <rating>
   4.29
  </rating>
  <reviews>
   713628
  </reviews>
  <new>
   -
  </new>
  <sporty>
   no
  </sporty>
 </clothing>
 <clothing>
  <id>
   293123700
  </id>
  <name>
   DC Dress M-5418
  </name>
  <category>
   Dress
  </category>
  <size>
   L
  </size>
  <color>
   Синий
  </color>
  <material>
   Хлопок
  </material>
  <price>
   687681
  </price>
  <rating>
   2.27
  </rating>
  <reviews>
   843368
  </reviews>
 </clothing>
 <clothing>
  <id>
   782309487
  </id>
  <name>
   DC Socks E-7908
  </name>
  <category>
   Socks
  </category>
  <size>
   XXL
  </size>
  <color>
   Синий
  </color>
  <material>
   Полиэстер
  </material>
  <price>
   397750
  </price>
  <rating>
   2.92
  </rating>
  <reviews>
   8253
  </reviews>
  <new>
   -
  </new>
  <sporty>
   yes
  </sporty>
 </clothing>
 <clothing>
  <id>
   606140361
  </id>
  <name>
   PleinSport Skirt F-2637
  </name>
  <category>
   Skirt
  </category>
  <size>
   XL
  </size>
  <color>
   Голубой
  </color>
  <material>
   Хлопок
  </material>
  <price>
   432669
  </price>
  <rating>
   2.41
  </rating>
  <reviews>
   709223
  </reviews>
  <new>
   +
  </new>
  <exclusive>
   no
  </exclusive>
  <sporty>
   no
  </sporty>
 </clothing>
 <clothing>
  <id>
   164432538
  </id>
  <name>
   Fila Gloves F-5459
  </name>
  <category>
   Gloves
  </category>
  <size>
   M
  </size>
  <color>
   Голубой
  </color>
  <material>
   Нейлон
  </material>
  <price>
   848180
  </price>
  <rating>
   1.64
  </rating>
  <reviews>
   182806
  </reviews>
  <exclusive>
   yes
  </exclusive>
 </clothing>
 <clothing>
  <id>
   130123112
  </id>
  <name>
   Lacoste Blouse L-4036
  </name>
  <category>
   Blouse
  </category>
  <size>
   M
  </size>
  <color>
   Оранжевый
  </color>
  <material>
   Вискоза
  </material>
  <price>
   726444
  </price>
  <rating>
   4.9
  </rating>
  <reviews>
   484897
  </reviews>
  <new>
   -
  </new>
  <sporty>
   yes
  </sporty>
 </clothing>
 <clothing>
  <id>
   910941124
  </id>
  <name>
   Under Armour Gloves N-2303
  </name>
  <category>
   Gloves
  </category>
  <size>
   XL
  </size>
  <color>
   Синий
  </color>
  <material>
   Вискоза
  </material>
  <price>
   390742
  </price>
  <rating>
   2.39
  </rating>
  <reviews>
   546208
  </reviews>
  <sporty>
   yes
  </sporty>
 </clothing>
 <clothing>
  <id>
   730315446
  </id>
  <name>
   PleinSport Jeans F-1070
  </name>
  <category>
   Jeans
  </category>
  <size>
   S
  </size>
  <color>
   Красный
  </color>
  <material>
   Хлопок
  </material>
  <price>
   201087
  </price>
  <rating>
   2.6
  </rating>
  <reviews>
   330067
  </reviews>
  <new>
   +
  </new>
  <exclusive>
   no
  </exclusive>
 </clothing>
 <clothing>
  <id>
   748845108
  </id>
  <name>
   Vans Blouse W-1501
  </name>
  <category>
   Blouse
  </category>
  <size>
   S
  </size>
  <color>
   Фиолетовый
  </color>
  <material>
   Лен
  </material>
  <price>
   641864
  </price>
  <rating>
   2.53
  </rating>
  <reviews>
   749383
  </reviews>
 </clothing>
 <clothing>
  <id>
   201222469
  </id>
  <name>
   Asics Umbrellas C-3325
  </name>
  <category>
   Umbrellas
  </category>
  <size>
   M
  </size>
  <color>
   Красный
  </color>
  <material>
   Шерсть
  </material>
  <price>
   475363
  </price>
  <rating>
   4.58
  </rating>
  <reviews>
   672929
  </reviews>
  <new>
   -
  </new>
  <sporty>
   yes
  </sporty>
 </clothing>
 <clothing>
  <id>
   555308897
  </id>
  <name>
   Vans Umbrellas Y-5563
  </name>
  <category>
   Umbrellas
  </category>
  <size>
   XXL
  </size>
  <color>
   Оранжевый
  </color>
  <material>
   Лен
  </material>
  <price>
   690679
  </price>
  <rating>
   4.87
  </rating>
  <reviews>
   578175
  </reviews>
  <exclusive>
   yes
  </exclusive>
 </clothing>
 <clothing>
  <id>
   898948576
  </id>
  <name>
   Addidas Socks R-8066
  </name>
  <category>
   Socks
  </category>
  <size>
   XXL
  </size>
  <color>
   Оранжевый
  </color>
  <material>
   Вискоза
  </material>
  <price>
   776020
  </price>
  <rating>
   3.8
  </rating>
  <reviews>
   696491
  </reviews>
  <new>
   -
  </new>
  <exclusive>
   yes
  </exclusive>
  <sporty>
   no
  </sporty>
 </clothing>
 <clothing>
  <id>
   176407214
  </id>
  <name>
   PleinSport Jacket K-2976
  </name>
  <category>
   Jacket
  </category>
  <size>
   M
  </size>
  <color>
   Фиолетовый
  </color>
  <material>
   Вискоза
  </material>
  <price>
   346879
  </price>
  <rating>
   2.07
  </rating>
  <reviews>
   767227
  </reviews>
  <new>
   +
  </new>
  <sporty>
   yes
  </sporty>
 </clothing>
 <clothing>
  <id>
   782904507
  </id>
  <name>
   Brooks Sweater B-3070
  </name>
  <category>
   Sweater
  </category>
  <size>
   S
  </size>
  <color>
   Синий
  </color>
  <material>
   Полиэстер
  </material>
  <price>
   879971
  </price>
  <rating>
   4.48
  </rating>
  <reviews>
   765167
  </reviews>
  <exclusive>
   no
  </exclusive>
  <sporty>
   no
  </sporty>
 </clothing>
 <clothing>
  <id>
   792517915
  </id>
  <name>
   Reebok Sweater W-3503
  </name>
  <category>
   Sweater
  </category>
  <size>
   M
  </size>
  <color>
   Фиолетовый
  </color>
  <material>
   Лен
  </material>
  <price>
   614747
  </price>
  <rating>
   1.65
  </rating>
  <reviews>
   228493
  </reviews>
  <exclusive>
   yes
  </exclusive>
  <sporty>
   no
  </sporty>
 </clothing>
 <clothing>
  <id>
   871379069
  </id>
  <name>
   Fila Socks M-1468
  </name>
  <category>
   Socks
  </category>
  <size>
   XXL
  </size>
  <color>
   Синий
  </color>
  <material>
   Шерсть
  </material>
  <price>
   368514
  </price>
  <rating>
   1.31
  </rating>
  <reviews>
   901544
  </reviews>
  <exclusive>
   no
  </exclusive>
  <sporty>
   yes
  </sporty>
 </clothing>
 <clothing>
  <id>
   857918047
  </id>
  <name>
   Reebok Socks Y-8380
  </name>
  <category>
   Socks
  </category>
  <size>
   XL
  </size>
  <color>
   Оранжевый
  </color>
  <material>
   Кожа
  </material>
  <price>
   891696
  </price>
  <rating>
   2.05
  </rating>
  <reviews>
   228878
  </reviews>
  <new>
   +
  </new>
  <exclusive>
   no
  </exclusive>
 </clothing>
 <clothing>
  <id>
   150458867
  </id>
  <name>
   Puma Dress X-7484
  </name>
  <category>
   Dress
  </category>
  <size>
   L
  </size>
  <color>
   Зеленый
  </color>
  <material>
   Шелк
  </material>
  <price>
   720962
  </price>
  <rating>
   2.35
  </rating>
  <reviews>
   394818
  </reviews>
  <exclusive>
   no
  </exclusive>
  <sporty>
   no
  </sporty>
 </clothing>
 <clothing>
  <id>
   143698269
  </id>
  <name>
   Vans Socks E-4010
  </name>
  <category>
   Socks
  </category>
  <size>
   XXL
  </size>
  <color>
   Синий
  </color>
  <material>
   Лен
  </material>
  <price>
   798664
  </price>
  <rating>
   2.53
  </rating>
  <reviews>
   72860
  </reviews>
  <new>
   +
  </new>
  <sporty>
   no
  </sporty>
 </clothing>
 <clothing>
  <id>
   401585321
  </id>
  <name>
   Reebok Gloves E-2547
  </name>
  <category>
   Gloves
  </category>
  <size>
   S
  </size>
  <color>
   Синий
  </color>
  <material>
   Полиэстер
  </material>
  <price>
   355882
  </price>
  <rating>
   2.18
  </rating>
  <reviews>
   653452
  </reviews>
  <new>
   -
  </new>
  <sporty>
   yes
  </sporty>
 </clothing>
 <clothing>
  <id>
   658747442
  </id>
  <name>
   Asics Gloves Z-1347
  </name>
  <category>
   Gloves
  </category>
  <size>
   L
  </size>
  <color>
   Оранжевый
  </color>
  <material>
   Нейлон
  </material>
  <price>
   557101
  </price>
  <rating>
   3.43
  </rating>
  <reviews>
   47401
  </reviews>
  <exclusive>
   no
  </exclusive>
  <sporty>
   no
  </sporty>
 </clothing>
 <clothing>
  <id>
   500965794
  </id>
  <name>
   Lacoste Shoes O-1132
  </name>
  <category>
   Shoes
  </category>
  <size>
   XL
  </size>
  <color>
   Желтый
  </color>
  <material>
   Кожа
  </material>
  <price>
   885886
  </price>
  <rating>
   2.31
  </rating>
  <reviews>
   681398
  </reviews>
 </clothing>
 <clothing>
  <id>
   373071042
  </id>
  <name>
   Adidas Hat W-2918
  </name>
  <category>
   Hat
  </category>
  <size>
   M
  </size>
  <color>
   Голубой
  </color>
  <material>
   Вискоза
  </material>
  <price>
   217625
  </price>
  <rating>
   1.45
  </rating>
  <reviews>
   408307
  </reviews>
  <new>
   -
  </new>
 </clothing>
 <clothing>
  <id>
   961259376
  </id>
  <name>
   Reebok Jacket R-5530
  </name>
  <category>
   Jacket
  </category>
  <size>
   XXL
  </size>
  <color>
   Оранжевый
  </color>
  <material>
   Шелк
  </material>
  <price>
   393563
  </price>
  <rating>
   4.45
  </rating>
  <reviews>
   281035
  </reviews>
  <new>
   -
  </new>
  <exclusive>
   yes
  </exclusive>
 </clothing>
</clothing-items>
