<?xml version="1.0" encoding="utf-8"?>
<clothing-items>
 <clothing>
  <id>
   423910854
  </id>
  <name>
   Asics Hat T-4183
  </name>
  <category>
   Hat
  </category>
  <size>
   L
  </size>
  <color>
   Синий
  </color>
  <material>
   Кожа
  </material>
  <price>
   789912
  </price>
  <rating>
   4.2
  </rating>
  <reviews>
   727879
  </reviews>
  <new>
   +
  </new>
 </clothing>
 <clothing>
  <id>
   878037033
  </id>
  <name>
   Puma Gloves I-2165
  </name>
  <category>
   Gloves
  </category>
  <size>
   XXL
  </size>
  <color>
   Голубой
  </color>
  <material>
   Шерсть
  </material>
  <price>
   471704
  </price>
  <rating>
   4.52
  </rating>
  <reviews>
   681885
  </reviews>
  <new>
   -
  </new>
  <exclusive>
   no
  </exclusive>
  <sporty>
   no
  </sporty>
 </clothing>
 <clothing>
  <id>
   174318250
  </id>
  <name>
   Adidas Skirt O-6110
  </name>
  <category>
   Skirt
  </category>
  <size>
   XXL
  </size>
  <color>
   Голубой
  </color>
  <material>
   Кожа
  </material>
  <price>
   990691
  </price>
  <rating>
   2.57
  </rating>
  <reviews>
   531033
  </reviews>
  <new>
   +
  </new>
  <sporty>
   no
  </sporty>
 </clothing>
 <clothing>
  <id>
   779676140
  </id>
  <name>
   Asics Skirt Y-1308
  </name>
  <category>
   Skirt
  </category>
  <size>
   XXL
  </size>
  <color>
   Фиолетовый
  </color>
  <material>
   Полиэстер
  </material>
  <price>
   238285
  </price>
  <rating>
   3.25
  </rating>
  <reviews>
   48343
  </reviews>
  <exclusive>
   yes
  </exclusive>
 </clothing>
 <clothing>
  <id>
   593173976
  </id>
  <name>
   PleinSport Hat V-1064
  </name>
  <category>
   Hat
  </category>
  <size>
   XL
  </size>
  <color>
   Красный
  </color>
  <material>
   Лен
  </material>
  <price>
   854791
  </price>
  <rating>
   4.19
  </rating>
  <reviews>
   588479
  </reviews>
  <exclusive>
   yes
  </exclusive>
 </clothing>
 <clothing>
  <id>
   856663889
  </id>
  <name>
   Brooks Jeans Y-8035
  </name>
  <category>
   Jeans
  </category>
  <size>
   XL
  </size>
  <color>
   Голубой
  </color>
  <material>
   Шерсть
  </material>
  <price>
   279766
  </price>
  <rating>
   3.7
  </rating>
  <reviews>
   610009
  </reviews>
  <new>
   -
  </new>
  <exclusive>
   yes
  </exclusive>
 </clothing>
 <clothing>
  <id>
   130007684
  </id>
  <name>
   Adidas Handbags T-5881
  </name>
  <category>
   Handbags
  </category>
  <size>
   L
  </size>
  <color>
   Красный
  </color>
  <material>
   Нейлон
  </material>
  <price>
   922410
  </price>
  <rating>
   4.84
  </rating>
  <reviews>
   424741
  </reviews>
  <new>
   +
  </new>
  <sporty>
   no
  </sporty>
 </clothing>
 <clothing>
  <id>
   117537518
  </id>
  <name>
   Nike Belts Y-5695
  </name>
  <category>
   Belts
  </category>
  <size>
   S
  </size>
  <color>
   Фиолетовый
  </color>
  <material>
   Шерсть
  </material>
  <price>
   401159
  </price>
  <rating>
   4.77
  </rating>
  <reviews>
   813593
  </reviews>
  <new>
   -
  </new>
  <exclusive>
   no
  </exclusive>
  <sporty>
   no
  </sporty>
 </clothing>
 <clothing>
  <id>
   116011954
  </id>
  <name>
   Asics Sweater S-3831
  </name>
  <category>
   Sweater
  </category>
  <size>
   M
  </size>
  <color>
   Синий
  </color>
  <material>
   Шерсть
  </material>
  <price>
   260414
  </price>
  <rating>
   4.97
  </rating>
  <reviews>
   833286
  </reviews>
  <new>
   -
  </new>
  <exclusive>
   yes
  </exclusive>
  <sporty>
   no
  </sporty>
 </clothing>
 <clothing>
  <id>
   975948090
  </id>
  <name>
   Reebok Sweater V-2024
  </name>
  <category>
   Sweater
  </category>
  <size>
   L
  </size>
  <color>
   Зеленый
  </color>
  <material>
   Лен
  </material>
  <price>
   422720
  </price>
  <rating>
   2.94
  </rating>
  <reviews>
   399309
  </reviews>
  <new>
   -
  </new>
  <sporty>
   no
  </sporty>
 </clothing>
 <clothing>
  <id>
   339107160
  </id>
  <name>
   Ellesse Pants H-4179
  </name>
  <category>
   Pants
  </category>
  <size>
   L
  </size>
  <color>
   Зеленый
  </color>
  <material>
   Хлопок
  </material>
  <price>
   909233
  </price>
  <rating>
   2.89
  </rating>
  <reviews>
   89552
  </reviews>
  <new>
   -
  </new>
  <exclusive>
   yes
  </exclusive>
 </clothing>
 <clothing>
  <id>
   278990594
  </id>
  <name>
   Reebok T-shirt D-7658
  </name>
  <category>
   T-shirt
  </category>
  <size>
   XXL
  </size>
  <color>
   Голубой
  </color>
  <material>
   Лен
  </material>
  <price>
   186487
  </price>
  <rating>
   3.15
  </rating>
  <reviews>
   231638
  </reviews>
  <sporty>
   yes
  </sporty>
 </clothing>
 <clothing>
  <id>
   816189373
  </id>
  <name>
   Converse Sweater A-9769
  </name>
  <category>
   Sweater
  </category>
  <size>
   L
  </size>
  <color>
   Фиолетовый
  </color>
  <material>
   Шерсть
  </material>
  <price>
   271147
  </price>
  <rating>
   3.8
  </rating>
  <reviews>
   133891
  </reviews>
  <exclusive>
   yes
  </exclusive>
 </clothing>
 <clothing>
  <id>
   825538197
  </id>
  <name>
   Asics Pants T-4667
  </name>
  <category>
   Pants
  </category>
  <size>
   XXL
  </size>
  <color>
   Синий
  </color>
  <material>
   Нейлон
  </material>
  <price>
   410491
  </price>
  <rating>
   3.21
  </rating>
  <reviews>
   618622
  </reviews>
  <sporty>
   yes
  </sporty>
 </clothing>
 <clothing>
  <id>
   589236598
  </id>
  <name>
   Fila Hat S-6030
  </name>
  <category>
   Hat
  </category>
  <size>
   XXL
  </size>
  <color>
   Зеленый
  </color>
  <material>
   Шерсть
  </material>
  <price>
   429412
  </price>
  <rating>
   3.81
  </rating>
  <reviews>
   939710
  </reviews>
  <new>
   -
  </new>
  <exclusive>
   yes
  </exclusive>
  <sporty>
   yes
  </sporty>
 </clothing>
 <clothing>
  <id>
   364509267
  </id>
  <name>
   Nike Jacket G-5636
  </name>
  <category>
   Jacket
  </category>
  <size>
   XXL
  </size>
  <color>
   Зеленый
  </color>
  <material>
   Нейлон
  </material>
  <price>
   713440
  </price>
  <rating>
   4.55
  </rating>
  <reviews>
   679724
  </reviews>
  <new>
   +
  </new>
  <exclusive>
   no
  </exclusive>
 </clothing>
 <clothing>
  <id>
   523384969
  </id>
  <name>
   Nike Umbrellas Y-4599
  </name>
  <category>
   Umbrellas
  </category>
  <size>
   L
  </size>
  <color>
   Красный
  </color>
  <material>
   Вискоза
  </material>
  <price>
   996679
  </price>
  <rating>
   3.62
  </rating>
  <reviews>
   59070
  </reviews>
  <new>
   -
  </new>
  <sporty>
   yes
  </sporty>
 </clothing>
 <clothing>
  <id>
   954285885
  </id>
  <name>
   Vans Handbags B-3077
  </name>
  <category>
   Handbags
  </category>
  <size>
   S
  </size>
  <color>
   Синий
  </color>
  <material>
   Шерсть
  </material>
  <price>
   504042
  </price>
  <rating>
   1.66
  </rating>
  <reviews>
   239209
  </reviews>
  <exclusive>
   yes
  </exclusive>
 </clothing>
 <clothing>
  <id>
   473880154
  </id>
  <name>
   Vans Skirt T-1417
  </name>
  <category>
   Skirt
  </category>
  <size>
   L
  </size>
  <color>
   Оранжевый
  </color>
  <material>
   Нейлон
  </material>
  <price>
   312797
  </price>
  <rating>
   1.03
  </rating>
  <reviews>
   596514
  </reviews>
  <sporty>
   no
  </sporty>
 </clothing>
 <clothing>
  <id>
   881429182
  </id>
  <name>
   Vans Pants I-5011
  </name>
  <category>
   Pants
  </category>
  <size>
   XXL
  </size>
  <color>
   Зеленый
  </color>
  <material>
   Лен
  </material>
  <price>
   551552
  </price>
  <rating>
   3.55
  </rating>
  <reviews>
   180364
  </reviews>
 </clothing>
 <clothing>
  <id>
   656157071
  </id>
  <name>
   Reebok Shoes D-9590
  </name>
  <category>
   Shoes
  </category>
  <size>
   XL
  </size>
  <color>
   Зеленый
  </color>
  <material>
   Вискоза
  </material>
  <price>
   221067
  </price>
  <rating>
   1.0
  </rating>
  <reviews>
   890940
  </reviews>
  <new>
   -
  </new>
  <sporty>
   no
  </sporty>
 </clothing>
 <clothing>
  <id>
   945315369
  </id>
  <name>
   Converse Jeans S-2210
  </name>
  <category>
   Jeans
  </category>
  <size>
   XXL
  </size>
  <color>
   Зеленый
  </color>
  <material>
   Кожа
  </material>
  <price>
   141215
  </price>
  <rating>
   4.03
  </rating>
  <reviews>
   718443
  </reviews>
  <new>
   +
  </new>
  <exclusive>
   no
  </exclusive>
  <sporty>
   yes
  </sporty>
 </clothing>
 <clothing>
  <id>
   397668095
  </id>
  <name>
   Puma Handbags F-8156
  </name>
  <category>
   Handbags
  </category>
  <size>
   XL
  </size>
  <color>
   Красный
  </color>
  <material>
   Лен
  </material>
  <price>
   983082
  </price>
  <rating>
   2.99
  </rating>
  <reviews>
   86595
  </reviews>
  <exclusive>
   no
  </exclusive>
  <sporty>
   yes
  </sporty>
 </clothing>
 <clothing>
  <id>
   786867194
  </id>
  <name>
   DC Belts Y-9073
  </name>
  <category>
   Belts
  </category>
  <size>
   L
  </size>
  <color>
   Зеленый
  </color>
  <material>
   Шерсть
  </material>
  <price>
   953603
  </price>
  <rating>
   4.19
  </rating>
  <reviews>
   357105
  </reviews>
  <exclusive>
   yes
  </exclusive>
  <sporty>
   no
  </sporty>
 </clothing>
 <clothing>
  <id>
   563026786
  </id>
  <name>
   Reebok Dress G-7674
  </name>
  <category>
   Dress
  </category>
  <size>
   L
  </size>
  <color>
   Зеленый
  </color>
  <material>
   Вискоза
  </material>
  <price>
   724934
  </price>
  <rating>
   4.14
  </rating>
  <reviews>
   958796
  </reviews>
  <new>
   -
  </new>
 </clothing>
 <clothing>
  <id>
   290081541
  </id>
  <name>
   Ellesse T-shirt S-3412
  </name>
  <category>
   T-shirt
  </category>
  <size>
   M
  </size>
  <color>
   Синий
  </color>
  <material>
   Шерсть
  </material>
  <price>
   650084
  </price>
  <rating>
   4.25
  </rating>
  <reviews>
   141162
  </reviews>
  <exclusive>
   yes
  </exclusive>
  <sporty>
   no
  </sporty>
 </clothing>
 <clothing>
  <id>
   507425115
  </id>
  <name>
   Brooks Sweater R-9968
  </name>
  <category>
   Sweater
  </category>
  <size>
   XL
  </size>
  <color>
   Синий
  </color>
  <material>
   Лен
  </material>
  <price>
   100772
  </price>
  <rating>
   1.76
  </rating>
  <reviews>
   432739
  </reviews>
  <new>
   -
  </new>
  <exclusive>
   yes
  </exclusive>
  <sporty>
   no
  </sporty>
 </clothing>
 <clothing>
  <id>
   871231456
  </id>
  <name>
   Adidas Socks W-9661
  </name>
  <category>
   Socks
  </category>
  <size>
   XL
  </size>
  <color>
   Оранжевый
  </color>
  <material>
   Кожа
  </material>
  <price>
   489421
  </price>
  <rating>
   4.27
  </rating>
  <reviews>
   203544
  </reviews>
  <sporty>
   no
  </sporty>
 </clothing>
 <clothing>
  <id>
   701415731
  </id>
  <name>
   Fila Shirt R-5712
  </name>
  <category>
   Shirt
  </category>
  <size>
   XXL
  </size>
  <color>
   Фиолетовый
  </color>
  <material>
   Кожа
  </material>
  <price>
   736109
  </price>
  <rating>
   2.68
  </rating>
  <reviews>
   28468
  </reviews>
  <exclusive>
   yes
  </exclusive>
  <sporty>
   yes
  </sporty>
 </clothing>
 <clothing>
  <id>
   371900809
  </id>
  <name>
   Nike Umbrellas R-1966
  </name>
  <category>
   Umbrellas
  </category>
  <size>
   XXL
  </size>
  <color>
   Фиолетовый
  </color>
  <material>
   Полиэстер
  </material>
  <price>
   300260
  </price>
  <rating>
   3.02
  </rating>
  <reviews>
   772524
  </reviews>
  <sporty>
   no
  </sporty>
 </clothing>
 <clothing>
  <id>
   597147887
  </id>
  <name>
   Vans Pants H-7394
  </name>
  <category>
   Pants
  </category>
  <size>
   M
  </size>
  <color>
   Зеленый
  </color>
  <material>
   Полиэстер
  </material>
  <price>
   283716
  </price>
  <rating>
   4.54
  </rating>
  <reviews>
   853911
  </reviews>
 </clothing>
 <clothing>
  <id>
   622038440
  </id>
  <name>
   New Balance Skirt F-5376
  </name>
  <category>
   Skirt
  </category>
  <size>
   XL
  </size>
  <color>
   Зеленый
  </color>
  <material>
   Нейлон
  </material>
  <price>
   550656
  </price>
  <rating>
   1.08
  </rating>
  <reviews>
   654315
  </reviews>
  <exclusive>
   no
  </exclusive>
 </clothing>
 <clothing>
  <id>
   840727258
  </id>
  <name>
   DC Belts H-2258
  </name>
  <category>
   Belts
  </category>
  <size>
   XXL
  </size>
  <color>
   Красный
  </color>
  <material>
   Хлопок
  </material>
  <price>
   423380
  </price>
  <rating>
   4.93
  </rating>
  <reviews>
   924426
  </reviews>
  <new>
   -
  </new>
  <exclusive>
   no
  </exclusive>
  <sporty>
   no
  </sporty>
 </clothing>
 <clothing>
  <id>
   242841125
  </id>
  <name>
   Asics Skirt H-1421
  </name>
  <category>
   Skirt
  </category>
  <size>
   XL
  </size>
  <color>
   Фиолетовый
  </color>
  <material>
   Лен
  </material>
  <price>
   332366
  </price>
  <rating>
   1.31
  </rating>
  <reviews>
   545745
  </reviews>
  <exclusive>
   no
  </exclusive>
 </clothing>
 <clothing>
  <id>
   361269252
  </id>
  <name>
   Addidas Sweater A-3111
  </name>
  <category>
   Sweater
  </category>
  <size>
   L
  </size>
  <color>
   Зеленый
  </color>
  <material>
   Вискоза
  </material>
  <price>
   542939
  </price>
  <rating>
   4.1
  </rating>
  <reviews>
   934053
  </reviews>
  <new>
   -
  </new>
  <exclusive>
   no
  </exclusive>
 </clothing>
 <clothing>
  <id>
   562475672
  </id>
  <name>
   Puma T-shirt B-9188
  </name>
  <category>
   T-shirt
  </category>
  <size>
   XXL
  </size>
  <color>
   Фиолетовый
  </color>
  <material>
   Вискоза
  </material>
  <price>
   303658
  </price>
  <rating>
   4.8
  </rating>
  <reviews>
   452927
  </reviews>
  <exclusive>
   no
  </exclusive>
 </clothing>
 <clothing>
  <id>
   709888012
  </id>
  <name>
   Asics Jeans I-9521
  </name>
  <category>
   Jeans
  </category>
  <size>
   M
  </size>
  <color>
   Фиолетовый
  </color>
  <material>
   Лен
  </material>
  <price>
   719402
  </price>
  <rating>
   2.99
  </rating>
  <reviews>
   958916
  </reviews>
  <exclusive>
   no
  </exclusive>
  <sporty>
   yes
  </sporty>
 </clothing>
 <clothing>
  <id>
   991405282
  </id>
  <name>
   PleinSport Umbrellas I-3178
  </name>
  <category>
   Umbrellas
  </category>
  <size>
   L
  </size>
  <color>
   Оранжевый
  </color>
  <material>
   Шелк
  </material>
  <price>
   447525
  </price>
  <rating>
   2.81
  </rating>
  <reviews>
   426341
  </reviews>
 </clothing>
 <clothing>
  <id>
   915674190
  </id>
  <name>
   Puma Dress I-8668
  </name>
  <category>
   Dress
  </category>
  <size>
   M
  </size>
  <color>
   Фиолетовый
  </color>
  <material>
   Лен
  </material>
  <price>
   342360
  </price>
  <rating>
   2.95
  </rating>
  <reviews>
   30130
  </reviews>
  <new>
   -
  </new>
 </clothing>
 <clothing>
  <id>
   224834048
  </id>
  <name>
   Ellesse Gloves U-9131
  </name>
  <category>
   Gloves
  </category>
  <size>
   L
  </size>
  <color>
   Фиолетовый
  </color>
  <material>
   Лен
  </material>
  <price>
   996560
  </price>
  <rating>
   2.66
  </rating>
  <reviews>
   364974
  </reviews>
  <new>
   -
  </new>
  <exclusive>
   yes
  </exclusive>
 </clothing>
 <clothing>
  <id>
   756516184
  </id>
  <name>
   Vans Socks E-4836
  </name>
  <category>
   Socks
  </category>
  <size>
   L
  </size>
  <color>
   Оранжевый
  </color>
  <material>
   Кожа
  </material>
  <price>
   386599
  </price>
  <rating>
   2.33
  </rating>
  <reviews>
   398708
  </reviews>
  <new>
   -
  </new>
  <exclusive>
   no
  </exclusive>
  <sporty>
   no
  </sporty>
 </clothing>
 <clothing>
  <id>
   727786964
  </id>
  <name>
   Fila Skirt Q-8135
  </name>
  <category>
   Skirt
  </category>
  <size>
   M
  </size>
  <color>
   Голубой
  </color>
  <material>
   Вискоза
  </material>
  <price>
   376116
  </price>
  <rating>
   2.71
  </rating>
  <reviews>
   790960
  </reviews>
  <new>
   +
  </new>
  <exclusive>
   no
  </exclusive>
  <sporty>
   no
  </sporty>
 </clothing>
 <clothing>
  <id>
   320041682
  </id>
  <name>
   Addidas Dress R-3042
  </name>
  <category>
   Dress
  </category>
  <size>
   XXL
  </size>
  <color>
   Голубой
  </color>
  <material>
   Шерсть
  </material>
  <price>
   454632
  </price>
  <rating>
   3.0
  </rating>
  <reviews>
   910449
  </reviews>
  <exclusive>
   no
  </exclusive>
  <sporty>
   yes
  </sporty>
 </clothing>
 <clothing>
  <id>
   243800440
  </id>
  <name>
   Addidas Dress X-1546
  </name>
  <category>
   Dress
  </category>
  <size>
   S
  </size>
  <color>
   Желтый
  </color>
  <material>
   Лен
  </material>
  <price>
   632060
  </price>
  <rating>
   3.39
  </rating>
  <reviews>
   44532
  </reviews>
  <new>
   +
  </new>
  <sporty>
   yes
  </sporty>
 </clothing>
 <clothing>
  <id>
   567823008
  </id>
  <name>
   Ellesse Shoes G-5060
  </name>
  <category>
   Shoes
  </category>
  <size>
   XL
  </size>
  <color>
   Зеленый
  </color>
  <material>
   Вискоза
  </material>
  <price>
   104292
  </price>
  <rating>
   3.51
  </rating>
  <reviews>
   31669
  </reviews>
  <new>
   +
  </new>
 </clothing>
</clothing-items>
