<?xml version="1.0" encoding="utf-8"?>
<clothing-items>
 <clothing>
  <id>
   787267689
  </id>
  <name>
   Nike Dress T-9952
  </name>
  <category>
   Dress
  </category>
  <size>
   XL
  </size>
  <color>
   Оранжевый
  </color>
  <material>
   Вискоза
  </material>
  <price>
   246868
  </price>
  <rating>
   1.01
  </rating>
  <reviews>
   323326
  </reviews>
  <sporty>
   no
  </sporty>
 </clothing>
 <clothing>
  <id>
   218783024
  </id>
  <name>
   New Balance Skirt W-8268
  </name>
  <category>
   Skirt
  </category>
  <size>
   XL
  </size>
  <color>
   Фиолетовый
  </color>
  <material>
   Шерсть
  </material>
  <price>
   742544
  </price>
  <rating>
   1.23
  </rating>
  <reviews>
   803108
  </reviews>
  <new>
   -
  </new>
  <exclusive>
   no
  </exclusive>
 </clothing>
 <clothing>
  <id>
   495635334
  </id>
  <name>
   New Balance Dress B-2001
  </name>
  <category>
   Dress
  </category>
  <size>
   XXL
  </size>
  <color>
   Фиолетовый
  </color>
  <material>
   Шелк
  </material>
  <price>
   908421
  </price>
  <rating>
   1.95
  </rating>
  <reviews>
   932873
  </reviews>
  <exclusive>
   no
  </exclusive>
  <sporty>
   no
  </sporty>
 </clothing>
 <clothing>
  <id>
   650600056
  </id>
  <name>
   Fila Skirt Y-5712
  </name>
  <category>
   Skirt
  </category>
  <size>
   S
  </size>
  <color>
   Красный
  </color>
  <material>
   Лен
  </material>
  <price>
   258538
  </price>
  <rating>
   4.6
  </rating>
  <reviews>
   670093
  </reviews>
  <new>
   -
  </new>
  <exclusive>
   yes
  </exclusive>
 </clothing>
 <clothing>
  <id>
   367393777
  </id>
  <name>
   Puma Socks P-6690
  </name>
  <category>
   Socks
  </category>
  <size>
   S
  </size>
  <color>
   Синий
  </color>
  <material>
   Шелк
  </material>
  <price>
   882227
  </price>
  <rating>
   4.75
  </rating>
  <reviews>
   833980
  </reviews>
  <new>
   -
  </new>
  <exclusive>
   no
  </exclusive>
 </clothing>
 <clothing>
  <id>
   679837491
  </id>
  <name>
   Fila Umbrellas V-3824
  </name>
  <category>
   Umbrellas
  </category>
  <size>
   L
  </size>
  <color>
   Голубой
  </color>
  <material>
   Лен
  </material>
  <price>
   312571
  </price>
  <rating>
   4.81
  </rating>
  <reviews>
   915037
  </reviews>
  <new>
   -
  </new>
 </clothing>
 <clothing>
  <id>
   607186690
  </id>
  <name>
   Fila Blouse Y-1343
  </name>
  <category>
   Blouse
  </category>
  <size>
   XXL
  </size>
  <color>
   Голубой
  </color>
  <material>
   Шерсть
  </material>
  <price>
   366125
  </price>
  <rating>
   1.98
  </rating>
  <reviews>
   423067
  </reviews>
  <new>
   +
  </new>
  <exclusive>
   no
  </exclusive>
  <sporty>
   yes
  </sporty>
 </clothing>
 <clothing>
  <id>
   319725137
  </id>
  <name>
   PleinSport Handbags H-9361
  </name>
  <category>
   Handbags
  </category>
  <size>
   XXL
  </size>
  <color>
   Фиолетовый
  </color>
  <material>
   Нейлон
  </material>
  <price>
   143989
  </price>
  <rating>
   2.89
  </rating>
  <reviews>
   188764
  </reviews>
  <new>
   -
  </new>
  <exclusive>
   yes
  </exclusive>
 </clothing>
 <clothing>
  <id>
   938523888
  </id>
  <name>
   Ellesse Sweater Z-9561
  </name>
  <category>
   Sweater
  </category>
  <size>
   XXL
  </size>
  <color>
   Синий
  </color>
  <material>
   Полиэстер
  </material>
  <price>
   659120
  </price>
  <rating>
   4.29
  </rating>
  <reviews>
   71422
  </reviews>
  <exclusive>
   yes
  </exclusive>
  <sporty>
   yes
  </sporty>
 </clothing>
 <clothing>
  <id>
   191833514
  </id>
  <name>
   PleinSport Umbrellas O-8647
  </name>
  <category>
   Umbrellas
  </category>
  <size>
   XXL
  </size>
  <color>
   Синий
  </color>
  <material>
   Лен
  </material>
  <price>
   385866
  </price>
  <rating>
   4.44
  </rating>
  <reviews>
   469587
  </reviews>
 </clothing>
 <clothing>
  <id>
   549490882
  </id>
  <name>
   Converse Socks J-1578
  </name>
  <category>
   Socks
  </category>
  <size>
   L
  </size>
  <color>
   Зеленый
  </color>
  <material>
   Хлопок
  </material>
  <price>
   686504
  </price>
  <rating>
   4.84
  </rating>
  <reviews>
   454958
  </reviews>
  <exclusive>
   yes
  </exclusive>
  <sporty>
   no
  </sporty>
 </clothing>
 <clothing>
  <id>
   880145463
  </id>
  <name>
   Nike Shirt N-9106
  </name>
  <category>
   Shirt
  </category>
  <size>
   XXL
  </size>
  <color>
   Красный
  </color>
  <material>
   Полиэстер
  </material>
  <price>
   213362
  </price>
  <rating>
   3.51
  </rating>
  <reviews>
   896291
  </reviews>
  <new>
   +
  </new>
 </clothing>
 <clothing>
  <id>
   727422310
  </id>
  <name>
   DC Shoes N-8474
  </name>
  <category>
   Shoes
  </category>
  <size>
   M
  </size>
  <color>
   Зеленый
  </color>
  <material>
   Вискоза
  </material>
  <price>
   907728
  </price>
  <rating>
   3.84
  </rating>
  <reviews>
   315720
  </reviews>
  <new>
   +
  </new>
  <exclusive>
   no
  </exclusive>
 </clothing>
 <clothing>
  <id>
   284528660
  </id>
  <name>
   Addidas Skirt Y-8410
  </name>
  <category>
   Skirt
  </category>
  <size>
   XXL
  </size>
  <color>
   Голубой
  </color>
  <material>
   Вискоза
  </material>
  <price>
   935097
  </price>
  <rating>
   4.83
  </rating>
  <reviews>
   429777
  </reviews>
  <exclusive>
   no
  </exclusive>
  <sporty>
   no
  </sporty>
 </clothing>
 <clothing>
  <id>
   575438886
  </id>
  <name>
   Adidas T-shirt E-9170
  </name>
  <category>
   T-shirt
  </category>
  <size>
   XL
  </size>
  <color>
   Красный
  </color>
  <material>
   Полиэстер
  </material>
  <price>
   318244
  </price>
  <rating>
   2.73
  </rating>
  <reviews>
   113309
  </reviews>
  <new>
   +
  </new>
 </clothing>
 <clothing>
  <id>
   983720869
  </id>
  <name>
   Asics Pants F-9106
  </name>
  <category>
   Pants
  </category>
  <size>
   L
  </size>
  <color>
   Синий
  </color>
  <material>
   Нейлон
  </material>
  <price>
   402943
  </price>
  <rating>
   1.36
  </rating>
  <reviews>
   407011
  </reviews>
  <new>
   +
  </new>
  <exclusive>
   no
  </exclusive>
  <sporty>
   yes
  </sporty>
 </clothing>
 <clothing>
  <id>
   182123312
  </id>
  <name>
   Under Armour Dress I-2193
  </name>
  <category>
   Dress
  </category>
  <size>
   L
  </size>
  <color>
   Оранжевый
  </color>
  <material>
   Лен
  </material>
  <price>
   922210
  </price>
  <rating>
   4.1
  </rating>
  <reviews>
   512311
  </reviews>
  <new>
   -
  </new>
  <exclusive>
   no
  </exclusive>
  <sporty>
   yes
  </sporty>
 </clothing>
 <clothing>
  <id>
   422261245
  </id>
  <name>
   Brooks Skirt Z-4494
  </name>
  <category>
   Skirt
  </category>
  <size>
   S
  </size>
  <color>
   Голубой
  </color>
  <material>
   Вискоза
  </material>
  <price>
   622651
  </price>
  <rating>
   3.79
  </rating>
  <reviews>
   977199
  </reviews>
  <exclusive>
   no
  </exclusive>
 </clothing>
 <clothing>
  <id>
   469113872
  </id>
  <name>
   DC Hat K-5238
  </name>
  <category>
   Hat
  </category>
  <size>
   M
  </size>
  <color>
   Желтый
  </color>
  <material>
   Лен
  </material>
  <price>
   701038
  </price>
  <rating>
   1.61
  </rating>
  <reviews>
   505550
  </reviews>
  <exclusive>
   no
  </exclusive>
 </clothing>
 <clothing>
  <id>
   646946400
  </id>
  <name>
   Lacoste T-shirt L-4621
  </name>
  <category>
   T-shirt
  </category>
  <size>
   XL
  </size>
  <color>
   Красный
  </color>
  <material>
   Шелк
  </material>
  <price>
   479360
  </price>
  <rating>
   3.75
  </rating>
  <reviews>
   18870
  </reviews>
  <new>
   -
  </new>
  <exclusive>
   no
  </exclusive>
  <sporty>
   no
  </sporty>
 </clothing>
 <clothing>
  <id>
   122992829
  </id>
  <name>
   Brooks Shirt J-3182
  </name>
  <category>
   Shirt
  </category>
  <size>
   XL
  </size>
  <color>
   Оранжевый
  </color>
  <material>
   Кожа
  </material>
  <price>
   621594
  </price>
  <rating>
   4.41
  </rating>
  <reviews>
   824086
  </reviews>
  <exclusive>
   no
  </exclusive>
  <sporty>
   yes
  </sporty>
 </clothing>
 <clothing>
  <id>
   895067336
  </id>
  <name>
   Under Armour Socks X-9472
  </name>
  <category>
   Socks
  </category>
  <size>
   M
  </size>
  <color>
   Красный
  </color>
  <material>
   Полиэстер
  </material>
  <price>
   804004
  </price>
  <rating>
   3.76
  </rating>
  <reviews>
   189458
  </reviews>
  <exclusive>
   no
  </exclusive>
  <sporty>
   yes
  </sporty>
 </clothing>
</clothing-items>
