<?xml version="1.0" encoding="utf-8"?>
<clothing-items>
 <clothing>
  <id>
   197836693
  </id>
  <name>
   Converse Sweater F-3739
  </name>
  <category>
   Sweater
  </category>
  <size>
   M
  </size>
  <color>
   Красный
  </color>
  <material>
   Шерсть
  </material>
  <price>
   191064
  </price>
  <rating>
   1.09
  </rating>
  <reviews>
   235195
  </reviews>
  <new>
   -
  </new>
  <exclusive>
   yes
  </exclusive>
  <sporty>
   yes
  </sporty>
 </clothing>
 <clothing>
  <id>
   849371776
  </id>
  <name>
   Nike Belts M-9843
  </name>
  <category>
   Belts
  </category>
  <size>
   XXL
  </size>
  <color>
   Фиолетовый
  </color>
  <material>
   Хлопок
  </material>
  <price>
   420167
  </price>
  <rating>
   1.67
  </rating>
  <reviews>
   101623
  </reviews>
 </clothing>
 <clothing>
  <id>
   555183363
  </id>
  <name>
   Addidas Handbags D-7628
  </name>
  <category>
   Handbags
  </category>
  <size>
   XL
  </size>
  <color>
   Зеленый
  </color>
  <material>
   Кожа
  </material>
  <price>
   642883
  </price>
  <rating>
   4.91
  </rating>
  <reviews>
   677902
  </reviews>
  <new>
   +
  </new>
  <exclusive>
   no
  </exclusive>
 </clothing>
 <clothing>
  <id>
   610010411
  </id>
  <name>
   Nike Shirt H-6382
  </name>
  <category>
   Shirt
  </category>
  <size>
   XXL
  </size>
  <color>
   Желтый
  </color>
  <material>
   Шерсть
  </material>
  <price>
   366300
  </price>
  <rating>
   3.44
  </rating>
  <reviews>
   582633
  </reviews>
  <exclusive>
   no
  </exclusive>
 </clothing>
 <clothing>
  <id>
   198629072
  </id>
  <name>
   Reebok Handbags L-6566
  </name>
  <category>
   Handbags
  </category>
  <size>
   L
  </size>
  <color>
   Красный
  </color>
  <material>
   Лен
  </material>
  <price>
   420151
  </price>
  <rating>
   1.12
  </rating>
  <reviews>
   594625
  </reviews>
  <exclusive>
   no
  </exclusive>
 </clothing>
 <clothing>
  <id>
   424437106
  </id>
  <name>
   Puma Skirt K-4692
  </name>
  <category>
   Skirt
  </category>
  <size>
   M
  </size>
  <color>
   Оранжевый
  </color>
  <material>
   Кожа
  </material>
  <price>
   963734
  </price>
  <rating>
   2.23
  </rating>
  <reviews>
   874205
  </reviews>
  <exclusive>
   no
  </exclusive>
  <sporty>
   yes
  </sporty>
 </clothing>
 <clothing>
  <id>
   181637278
  </id>
  <name>
   New Balance Jeans I-3045
  </name>
  <category>
   Jeans
  </category>
  <size>
   L
  </size>
  <color>
   Красный
  </color>
  <material>
   Нейлон
  </material>
  <price>
   794731
  </price>
  <rating>
   3.84
  </rating>
  <reviews>
   692575
  </reviews>
  <exclusive>
   yes
  </exclusive>
  <sporty>
   no
  </sporty>
 </clothing>
 <clothing>
  <id>
   774973031
  </id>
  <name>
   Fila Blouse J-6735
  </name>
  <category>
   Blouse
  </category>
  <size>
   S
  </size>
  <color>
   Красный
  </color>
  <material>
   Шерсть
  </material>
  <price>
   112847
  </price>
  <rating>
   1.0
  </rating>
  <reviews>
   868565
  </reviews>
 </clothing>
 <clothing>
  <id>
   801901213
  </id>
  <name>
   New Balance Blouse D-3130
  </name>
  <category>
   Blouse
  </category>
  <size>
   S
  </size>
  <color>
   Желтый
  </color>
  <material>
   Шерсть
  </material>
  <price>
   890409
  </price>
  <rating>
   1.23
  </rating>
  <reviews>
   886007
  </reviews>
  <exclusive>
   no
  </exclusive>
 </clothing>
 <clothing>
  <id>
   521800963
  </id>
  <name>
   Adidas T-shirt T-2460
  </name>
  <category>
   T-shirt
  </category>
  <size>
   L
  </size>
  <color>
   Оранжевый
  </color>
  <material>
   Хлопок
  </material>
  <price>
   535937
  </price>
  <rating>
   3.93
  </rating>
  <reviews>
   523823
  </reviews>
  <new>
   -
  </new>
  <sporty>
   no
  </sporty>
 </clothing>
 <clothing>
  <id>
   658264519
  </id>
  <name>
   Lacoste Pants V-7102
  </name>
  <category>
   Pants
  </category>
  <size>
   XXL
  </size>
  <color>
   Зеленый
  </color>
  <material>
   Шерсть
  </material>
  <price>
   524290
  </price>
  <rating>
   2.13
  </rating>
  <reviews>
   805437
  </reviews>
  <exclusive>
   no
  </exclusive>
  <sporty>
   yes
  </sporty>
 </clothing>
 <clothing>
  <id>
   740394689
  </id>
  <name>
   DC Dress O-2266
  </name>
  <category>
   Dress
  </category>
  <size>
   XL
  </size>
  <color>
   Зеленый
  </color>
  <material>
   Вискоза
  </material>
  <price>
   959188
  </price>
  <rating>
   4.7
  </rating>
  <reviews>
   879669
  </reviews>
  <new>
   +
  </new>
  <exclusive>
   yes
  </exclusive>
 </clothing>
 <clothing>
  <id>
   528104783
  </id>
  <name>
   Converse Belts O-4508
  </name>
  <category>
   Belts
  </category>
  <size>
   S
  </size>
  <color>
   Голубой
  </color>
  <material>
   Хлопок
  </material>
  <price>
   615282
  </price>
  <rating>
   1.9
  </rating>
  <reviews>
   274023
  </reviews>
  <new>
   +
  </new>
  <sporty>
   yes
  </sporty>
 </clothing>
 <clothing>
  <id>
   162152624
  </id>
  <name>
   Fila Jeans U-3228
  </name>
  <category>
   Jeans
  </category>
  <size>
   M
  </size>
  <color>
   Зеленый
  </color>
  <material>
   Вискоза
  </material>
  <price>
   544274
  </price>
  <rating>
   4.37
  </rating>
  <reviews>
   711509
  </reviews>
  <new>
   -
  </new>
  <exclusive>
   no
  </exclusive>
  <sporty>
   no
  </sporty>
 </clothing>
 <clothing>
  <id>
   329159039
  </id>
  <name>
   New Balance Dress B-3901
  </name>
  <category>
   Dress
  </category>
  <size>
   XXL
  </size>
  <color>
   Зеленый
  </color>
  <material>
   Хлопок
  </material>
  <price>
   781998
  </price>
  <rating>
   3.86
  </rating>
  <reviews>
   708040
  </reviews>
  <exclusive>
   no
  </exclusive>
 </clothing>
 <clothing>
  <id>
   961917944
  </id>
  <name>
   PleinSport Umbrellas A-9011
  </name>
  <category>
   Umbrellas
  </category>
  <size>
   L
  </size>
  <color>
   Красный
  </color>
  <material>
   Шерсть
  </material>
  <price>
   825844
  </price>
  <rating>
   3.3
  </rating>
  <reviews>
   931798
  </reviews>
  <sporty>
   no
  </sporty>
 </clothing>
 <clothing>
  <id>
   445055489
  </id>
  <name>
   Puma Socks R-3428
  </name>
  <category>
   Socks
  </category>
  <size>
   XXL
  </size>
  <color>
   Оранжевый
  </color>
  <material>
   Вискоза
  </material>
  <price>
   937065
  </price>
  <rating>
   3.64
  </rating>
  <reviews>
   360355
  </reviews>
  <exclusive>
   yes
  </exclusive>
  <sporty>
   yes
  </sporty>
 </clothing>
 <clothing>
  <id>
   159165461
  </id>
  <name>
   Addidas Blouse Y-6788
  </name>
  <category>
   Blouse
  </category>
  <size>
   XXL
  </size>
  <color>
   Красный
  </color>
  <material>
   Полиэстер
  </material>
  <price>
   381834
  </price>
  <rating>
   1.8
  </rating>
  <reviews>
   565631
  </reviews>
  <exclusive>
   no
  </exclusive>
  <sporty>
   yes
  </sporty>
 </clothing>
 <clothing>
  <id>
   244802438
  </id>
  <name>
   DC T-shirt M-7142
  </name>
  <category>
   T-shirt
  </category>
  <size>
   M
  </size>
  <color>
   Желтый
  </color>
  <material>
   Вискоза
  </material>
  <price>
   738106
  </price>
  <rating>
   2.5
  </rating>
  <reviews>
   890161
  </reviews>
  <new>
   +
  </new>
 </clothing>
 <clothing>
  <id>
   570670199
  </id>
  <name>
   Puma Socks A-4529
  </name>
  <category>
   Socks
  </category>
  <size>
   XL
  </size>
  <color>
   Синий
  </color>
  <material>
   Хлопок
  </material>
  <price>
   576607
  </price>
  <rating>
   1.36
  </rating>
  <reviews>
   877160
  </reviews>
  <new>
   +
  </new>
  <exclusive>
   no
  </exclusive>
  <sporty>
   no
  </sporty>
 </clothing>
 <clothing>
  <id>
   159201714
  </id>
  <name>
   Lacoste Socks G-6098
  </name>
  <category>
   Socks
  </category>
  <size>
   XXL
  </size>
  <color>
   Зеленый
  </color>
  <material>
   Шерсть
  </material>
  <price>
   320707
  </price>
  <rating>
   2.94
  </rating>
  <reviews>
   956130
  </reviews>
  <new>
   -
  </new>
  <sporty>
   yes
  </sporty>
 </clothing>
 <clothing>
  <id>
   881476180
  </id>
  <name>
   Under Armour Socks A-8555
  </name>
  <category>
   Socks
  </category>
  <size>
   S
  </size>
  <color>
   Красный
  </color>
  <material>
   Вискоза
  </material>
  <price>
   797988
  </price>
  <rating>
   2.54
  </rating>
  <reviews>
   429936
  </reviews>
  <new>
   -
  </new>
  <exclusive>
   yes
  </exclusive>
 </clothing>
 <clothing>
  <id>
   620366428
  </id>
  <name>
   Puma T-shirt D-6431
  </name>
  <category>
   T-shirt
  </category>
  <size>
   L
  </size>
  <color>
   Оранжевый
  </color>
  <material>
   Хлопок
  </material>
  <price>
   974497
  </price>
  <rating>
   4.29
  </rating>
  <reviews>
   831544
  </reviews>
  <new>
   -
  </new>
  <sporty>
   no
  </sporty>
 </clothing>
 <clothing>
  <id>
   316596606
  </id>
  <name>
   DC Blouse W-8531
  </name>
  <category>
   Blouse
  </category>
  <size>
   M
  </size>
  <color>
   Желтый
  </color>
  <material>
   Хлопок
  </material>
  <price>
   770611
  </price>
  <rating>
   3.8
  </rating>
  <reviews>
   677907
  </reviews>
  <exclusive>
   yes
  </exclusive>
  <sporty>
   no
  </sporty>
 </clothing>
 <clothing>
  <id>
   236711549
  </id>
  <name>
   Under Armour Socks G-4884
  </name>
  <category>
   Socks
  </category>
  <size>
   S
  </size>
  <color>
   Красный
  </color>
  <material>
   Хлопок
  </material>
  <price>
   584471
  </price>
  <rating>
   4.97
  </rating>
  <reviews>
   884309
  </reviews>
  <exclusive>
   no
  </exclusive>
  <sporty>
   yes
  </sporty>
 </clothing>
 <clothing>
  <id>
   790198378
  </id>
  <name>
   Adidas Hat D-3667
  </name>
  <category>
   Hat
  </category>
  <size>
   L
  </size>
  <color>
   Зеленый
  </color>
  <material>
   Кожа
  </material>
  <price>
   965593
  </price>
  <rating>
   2.78
  </rating>
  <reviews>
   807990
  </reviews>
  <new>
   +
  </new>
  <exclusive>
   no
  </exclusive>
 </clothing>
 <clothing>
  <id>
   210285595
  </id>
  <name>
   Lacoste Shoes B-6701
  </name>
  <category>
   Shoes
  </category>
  <size>
   L
  </size>
  <color>
   Оранжевый
  </color>
  <material>
   Шерсть
  </material>
  <price>
   189854
  </price>
  <rating>
   3.92
  </rating>
  <reviews>
   275608
  </reviews>
  <new>
   +
  </new>
 </clothing>
 <clothing>
  <id>
   366613951
  </id>
  <name>
   Asics Sweater O-2861
  </name>
  <category>
   Sweater
  </category>
  <size>
   S
  </size>
  <color>
   Голубой
  </color>
  <material>
   Нейлон
  </material>
  <price>
   793603
  </price>
  <rating>
   4.2
  </rating>
  <reviews>
   153283
  </reviews>
  <exclusive>
   no
  </exclusive>
  <sporty>
   yes
  </sporty>
 </clothing>
 <clothing>
  <id>
   898077609
  </id>
  <name>
   PleinSport Sweater J-4681
  </name>
  <category>
   Sweater
  </category>
  <size>
   XL
  </size>
  <color>
   Оранжевый
  </color>
  <material>
   Кожа
  </material>
  <price>
   749873
  </price>
  <rating>
   1.99
  </rating>
  <reviews>
   676206
  </reviews>
  <exclusive>
   no
  </exclusive>
 </clothing>
 <clothing>
  <id>
   496242382
  </id>
  <name>
   Addidas Jacket C-5565
  </name>
  <category>
   Jacket
  </category>
  <size>
   L
  </size>
  <color>
   Синий
  </color>
  <material>
   Шелк
  </material>
  <price>
   838797
  </price>
  <rating>
   3.89
  </rating>
  <reviews>
   836271
  </reviews>
  <new>
   +
  </new>
  <exclusive>
   no
  </exclusive>
  <sporty>
   no
  </sporty>
 </clothing>
</clothing-items>
