<?xml version="1.0" encoding="utf-8"?>
<clothing-items>
 <clothing>
  <id>
   976461128
  </id>
  <name>
   Asics Socks L-1153
  </name>
  <category>
   Socks
  </category>
  <size>
   XL
  </size>
  <color>
   Голубой
  </color>
  <material>
   Нейлон
  </material>
  <price>
   674325
  </price>
  <rating>
   2.64
  </rating>
  <reviews>
   883868
  </reviews>
 </clothing>
 <clothing>
  <id>
   256183570
  </id>
  <name>
   Puma Umbrellas C-8739
  </name>
  <category>
   Umbrellas
  </category>
  <size>
   M
  </size>
  <color>
   Желтый
  </color>
  <material>
   Хлопок
  </material>
  <price>
   110648
  </price>
  <rating>
   1.44
  </rating>
  <reviews>
   757317
  </reviews>
  <exclusive>
   yes
  </exclusive>
  <sporty>
   yes
  </sporty>
 </clothing>
 <clothing>
  <id>
   389242365
  </id>
  <name>
   DC Sweater X-8638
  </name>
  <category>
   Sweater
  </category>
  <size>
   S
  </size>
  <color>
   Фиолетовый
  </color>
  <material>
   Хлопок
  </material>
  <price>
   132579
  </price>
  <rating>
   3.74
  </rating>
  <reviews>
   598248
  </reviews>
  <exclusive>
   yes
  </exclusive>
 </clothing>
 <clothing>
  <id>
   783957298
  </id>
  <name>
   Under Armour Shirt A-8242
  </name>
  <category>
   Shirt
  </category>
  <size>
   L
  </size>
  <color>
   Фиолетовый
  </color>
  <material>
   Лен
  </material>
  <price>
   264283
  </price>
  <rating>
   4.94
  </rating>
  <reviews>
   279747
  </reviews>
  <new>
   -
  </new>
  <sporty>
   no
  </sporty>
 </clothing>
 <clothing>
  <id>
   187430419
  </id>
  <name>
   Lacoste Blouse D-4427
  </name>
  <category>
   Blouse
  </category>
  <size>
   XXL
  </size>
  <color>
   Желтый
  </color>
  <material>
   Полиэстер
  </material>
  <price>
   845618
  </price>
  <rating>
   1.49
  </rating>
  <reviews>
   820862
  </reviews>
  <new>
   -
  </new>
  <exclusive>
   yes
  </exclusive>
  <sporty>
   no
  </sporty>
 </clothing>
 <clothing>
  <id>
   835734939
  </id>
  <name>
   DC Shirt M-2325
  </name>
  <category>
   Shirt
  </category>
  <size>
   L
  </size>
  <color>
   Фиолетовый
  </color>
  <material>
   Хлопок
  </material>
  <price>
   566248
  </price>
  <rating>
   2.07
  </rating>
  <reviews>
   36373
  </reviews>
  <new>
   -
  </new>
  <exclusive>
   no
  </exclusive>
  <sporty>
   yes
  </sporty>
 </clothing>
 <clothing>
  <id>
   523710053
  </id>
  <name>
   PleinSport Gloves C-6932
  </name>
  <category>
   Gloves
  </category>
  <size>
   XXL
  </size>
  <color>
   Фиолетовый
  </color>
  <material>
   Лен
  </material>
  <price>
   322173
  </price>
  <rating>
   2.14
  </rating>
  <reviews>
   488014
  </reviews>
  <exclusive>
   yes
  </exclusive>
 </clothing>
 <clothing>
  <id>
   511922743
  </id>
  <name>
   Adidas Skirt H-8131
  </name>
  <category>
   Skirt
  </category>
  <size>
   M
  </size>
  <color>
   Оранжевый
  </color>
  <material>
   Лен
  </material>
  <price>
   487123
  </price>
  <rating>
   1.08
  </rating>
  <reviews>
   757775
  </reviews>
  <exclusive>
   no
  </exclusive>
  <sporty>
   no
  </sporty>
 </clothing>
 <clothing>
  <id>
   712222788
  </id>
  <name>
   Reebok Shoes U-7854
  </name>
  <category>
   Shoes
  </category>
  <size>
   S
  </size>
  <color>
   Синий
  </color>
  <material>
   Нейлон
  </material>
  <price>
   847311
  </price>
  <rating>
   2.92
  </rating>
  <reviews>
   518192
  </reviews>
  <exclusive>
   no
  </exclusive>
 </clothing>
 <clothing>
  <id>
   437843727
  </id>
  <name>
   Converse Shoes G-1997
  </name>
  <category>
   Shoes
  </category>
  <size>
   XXL
  </size>
  <color>
   Желтый
  </color>
  <material>
   Шерсть
  </material>
  <price>
   636158
  </price>
  <rating>
   3.43
  </rating>
  <reviews>
   757545
  </reviews>
  <exclusive>
   no
  </exclusive>
  <sporty>
   no
  </sporty>
 </clothing>
 <clothing>
  <id>
   906110314
  </id>
  <name>
   DC Umbrellas P-3770
  </name>
  <category>
   Umbrellas
  </category>
  <size>
   M
  </size>
  <color>
   Желтый
  </color>
  <material>
   Полиэстер
  </material>
  <price>
   669583
  </price>
  <rating>
   1.8
  </rating>
  <reviews>
   131361
  </reviews>
  <exclusive>
   yes
  </exclusive>
 </clothing>
 <clothing>
  <id>
   699523554
  </id>
  <name>
   Adidas Hat G-8533
  </name>
  <category>
   Hat
  </category>
  <size>
   S
  </size>
  <color>
   Оранжевый
  </color>
  <material>
   Шелк
  </material>
  <price>
   593393
  </price>
  <rating>
   3.36
  </rating>
  <reviews>
   328469
  </reviews>
  <new>
   +
  </new>
  <exclusive>
   no
  </exclusive>
  <sporty>
   no
  </sporty>
 </clothing>
 <clothing>
  <id>
   639588326
  </id>
  <name>
   Fila Handbags I-8547
  </name>
  <category>
   Handbags
  </category>
  <size>
   L
  </size>
  <color>
   Зеленый
  </color>
  <material>
   Полиэстер
  </material>
  <price>
   469188
  </price>
  <rating>
   4.36
  </rating>
  <reviews>
   158946
  </reviews>
  <new>
   -
  </new>
  <exclusive>
   yes
  </exclusive>
  <sporty>
   yes
  </sporty>
 </clothing>
 <clothing>
  <id>
   381032664
  </id>
  <name>
   DC Handbags B-6871
  </name>
  <category>
   Handbags
  </category>
  <size>
   S
  </size>
  <color>
   Желтый
  </color>
  <material>
   Нейлон
  </material>
  <price>
   587250
  </price>
  <rating>
   3.58
  </rating>
  <reviews>
   923846
  </reviews>
  <new>
   -
  </new>
  <exclusive>
   yes
  </exclusive>
 </clothing>
 <clothing>
  <id>
   288281561
  </id>
  <name>
   PleinSport Blouse A-6440
  </name>
  <category>
   Blouse
  </category>
  <size>
   L
  </size>
  <color>
   Красный
  </color>
  <material>
   Вискоза
  </material>
  <price>
   418716
  </price>
  <rating>
   3.97
  </rating>
  <reviews>
   97778
  </reviews>
  <new>
   +
  </new>
  <sporty>
   yes
  </sporty>
 </clothing>
 <clothing>
  <id>
   179576492
  </id>
  <name>
   Lacoste Umbrellas D-4396
  </name>
  <category>
   Umbrellas
  </category>
  <size>
   XXL
  </size>
  <color>
   Красный
  </color>
  <material>
   Лен
  </material>
  <price>
   769582
  </price>
  <rating>
   1.45
  </rating>
  <reviews>
   205447
  </reviews>
  <new>
   +
  </new>
 </clothing>
 <clothing>
  <id>
   246908216
  </id>
  <name>
   Reebok Shirt Q-1558
  </name>
  <category>
   Shirt
  </category>
  <size>
   XXL
  </size>
  <color>
   Голубой
  </color>
  <material>
   Лен
  </material>
  <price>
   572118
  </price>
  <rating>
   1.85
  </rating>
  <reviews>
   427104
  </reviews>
  <new>
   -
  </new>
  <exclusive>
   yes
  </exclusive>
  <sporty>
   no
  </sporty>
 </clothing>
 <clothing>
  <id>
   938327371
  </id>
  <name>
   Adidas Shirt G-6458
  </name>
  <category>
   Shirt
  </category>
  <size>
   XXL
  </size>
  <color>
   Голубой
  </color>
  <material>
   Шерсть
  </material>
  <price>
   201529
  </price>
  <rating>
   1.0
  </rating>
  <reviews>
   837920
  </reviews>
  <new>
   -
  </new>
  <sporty>
   no
  </sporty>
 </clothing>
 <clothing>
  <id>
   820688543
  </id>
  <name>
   New Balance Jeans U-1318
  </name>
  <category>
   Jeans
  </category>
  <size>
   L
  </size>
  <color>
   Голубой
  </color>
  <material>
   Лен
  </material>
  <price>
   825511
  </price>
  <rating>
   4.87
  </rating>
  <reviews>
   67273
  </reviews>
  <exclusive>
   no
  </exclusive>
  <sporty>
   no
  </sporty>
 </clothing>
 <clothing>
  <id>
   588279913
  </id>
  <name>
   Adidas Belts D-5461
  </name>
  <category>
   Belts
  </category>
  <size>
   S
  </size>
  <color>
   Фиолетовый
  </color>
  <material>
   Вискоза
  </material>
  <price>
   689560
  </price>
  <rating>
   3.16
  </rating>
  <reviews>
   687897
  </reviews>
  <exclusive>
   no
  </exclusive>
 </clothing>
 <clothing>
  <id>
   715307440
  </id>
  <name>
   New Balance Sweater C-1602
  </name>
  <category>
   Sweater
  </category>
  <size>
   XXL
  </size>
  <color>
   Фиолетовый
  </color>
  <material>
   Лен
  </material>
  <price>
   323236
  </price>
  <rating>
   3.59
  </rating>
  <reviews>
   353763
  </reviews>
  <new>
   +
  </new>
 </clothing>
 <clothing>
  <id>
   765477181
  </id>
  <name>
   Addidas Socks I-1103
  </name>
  <category>
   Socks
  </category>
  <size>
   M
  </size>
  <color>
   Фиолетовый
  </color>
  <material>
   Шелк
  </material>
  <price>
   500360
  </price>
  <rating>
   1.36
  </rating>
  <reviews>
   505003
  </reviews>
  <new>
   +
  </new>
  <sporty>
   yes
  </sporty>
 </clothing>
 <clothing>
  <id>
   952907788
  </id>
  <name>
   DC Hat N-2248
  </name>
  <category>
   Hat
  </category>
  <size>
   XXL
  </size>
  <color>
   Красный
  </color>
  <material>
   Лен
  </material>
  <price>
   626479
  </price>
  <rating>
   2.43
  </rating>
  <reviews>
   461608
  </reviews>
 </clothing>
 <clothing>
  <id>
   580618808
  </id>
  <name>
   Vans Hat L-7899
  </name>
  <category>
   Hat
  </category>
  <size>
   M
  </size>
  <color>
   Голубой
  </color>
  <material>
   Кожа
  </material>
  <price>
   737040
  </price>
  <rating>
   3.48
  </rating>
  <reviews>
   886707
  </reviews>
  <exclusive>
   yes
  </exclusive>
 </clothing>
 <clothing>
  <id>
   604109370
  </id>
  <name>
   Ellesse Sweater M-8402
  </name>
  <category>
   Sweater
  </category>
  <size>
   XXL
  </size>
  <color>
   Желтый
  </color>
  <material>
   Кожа
  </material>
  <price>
   675816
  </price>
  <rating>
   4.12
  </rating>
  <reviews>
   702878
  </reviews>
  <exclusive>
   no
  </exclusive>
  <sporty>
   no
  </sporty>
 </clothing>
 <clothing>
  <id>
   735020059
  </id>
  <name>
   Reebok Jeans I-2958
  </name>
  <category>
   Jeans
  </category>
  <size>
   M
  </size>
  <color>
   Голубой
  </color>
  <material>
   Шелк
  </material>
  <price>
   254448
  </price>
  <rating>
   1.74
  </rating>
  <reviews>
   755444
  </reviews>
  <exclusive>
   yes
  </exclusive>
  <sporty>
   no
  </sporty>
 </clothing>
 <clothing>
  <id>
   106101817
  </id>
  <name>
   New Balance Dress T-5515
  </name>
  <category>
   Dress
  </category>
  <size>
   M
  </size>
  <color>
   Фиолетовый
  </color>
  <material>
   Кожа
  </material>
  <price>
   212394
  </price>
  <rating>
   4.72
  </rating>
  <reviews>
   66575
  </reviews>
  <new>
   -
  </new>
  <exclusive>
   yes
  </exclusive>
 </clothing>
 <clothing>
  <id>
   590037503
  </id>
  <name>
   Brooks Handbags I-7316
  </name>
  <category>
   Handbags
  </category>
  <size>
   XL
  </size>
  <color>
   Голубой
  </color>
  <material>
   Кожа
  </material>
  <price>
   295099
  </price>
  <rating>
   3.03
  </rating>
  <reviews>
   699670
  </reviews>
  <new>
   -
  </new>
  <exclusive>
   no
  </exclusive>
  <sporty>
   yes
  </sporty>
 </clothing>
 <clothing>
  <id>
   597919058
  </id>
  <name>
   Reebok T-shirt C-2224
  </name>
  <category>
   T-shirt
  </category>
  <size>
   M
  </size>
  <color>
   Синий
  </color>
  <material>
   Лен
  </material>
  <price>
   434073
  </price>
  <rating>
   2.67
  </rating>
  <reviews>
   487218
  </reviews>
  <new>
   +
  </new>
  <exclusive>
   no
  </exclusive>
 </clothing>
 <clothing>
  <id>
   974938247
  </id>
  <name>
   PleinSport Shoes T-3470
  </name>
  <category>
   Shoes
  </category>
  <size>
   XXL
  </size>
  <color>
   Оранжевый
  </color>
  <material>
   Полиэстер
  </material>
  <price>
   758570
  </price>
  <rating>
   1.04
  </rating>
  <reviews>
   13222
  </reviews>
 </clothing>
 <clothing>
  <id>
   274151329
  </id>
  <name>
   Under Armour Shirt B-4361
  </name>
  <category>
   Shirt
  </category>
  <size>
   XXL
  </size>
  <color>
   Голубой
  </color>
  <material>
   Шелк
  </material>
  <price>
   958410
  </price>
  <rating>
   1.92
  </rating>
  <reviews>
   366696
  </reviews>
  <new>
   -
  </new>
 </clothing>
 <clothing>
  <id>
   820501818
  </id>
  <name>
   Reebok Shirt R-6987
  </name>
  <category>
   Shirt
  </category>
  <size>
   L
  </size>
  <color>
   Фиолетовый
  </color>
  <material>
   Нейлон
  </material>
  <price>
   371477
  </price>
  <rating>
   3.13
  </rating>
  <reviews>
   173504
  </reviews>
  <sporty>
   no
  </sporty>
 </clothing>
 <clothing>
  <id>
   350204463
  </id>
  <name>
   Under Armour Blouse W-9551
  </name>
  <category>
   Blouse
  </category>
  <size>
   XXL
  </size>
  <color>
   Фиолетовый
  </color>
  <material>
   Хлопок
  </material>
  <price>
   161416
  </price>
  <rating>
   2.6
  </rating>
  <reviews>
   819896
  </reviews>
  <new>
   +
  </new>
  <exclusive>
   yes
  </exclusive>
  <sporty>
   no
  </sporty>
 </clothing>
 <clothing>
  <id>
   309234097
  </id>
  <name>
   Addidas Blouse B-3873
  </name>
  <category>
   Blouse
  </category>
  <size>
   XL
  </size>
  <color>
   Красный
  </color>
  <material>
   Вискоза
  </material>
  <price>
   992118
  </price>
  <rating>
   2.55
  </rating>
  <reviews>
   652400
  </reviews>
  <sporty>
   yes
  </sporty>
 </clothing>
 <clothing>
  <id>
   349306582
  </id>
  <name>
   Ellesse Pants T-4507
  </name>
  <category>
   Pants
  </category>
  <size>
   XL
  </size>
  <color>
   Синий
  </color>
  <material>
   Полиэстер
  </material>
  <price>
   737911
  </price>
  <rating>
   4.24
  </rating>
  <reviews>
   901744
  </reviews>
  <exclusive>
   no
  </exclusive>
 </clothing>
 <clothing>
  <id>
   968562439
  </id>
  <name>
   PleinSport Jacket O-5884
  </name>
  <category>
   Jacket
  </category>
  <size>
   XL
  </size>
  <color>
   Голубой
  </color>
  <material>
   Шерсть
  </material>
  <price>
   635543
  </price>
  <rating>
   3.31
  </rating>
  <reviews>
   880903
  </reviews>
  <exclusive>
   yes
  </exclusive>
  <sporty>
   yes
  </sporty>
 </clothing>
 <clothing>
  <id>
   420033083
  </id>
  <name>
   Fila Jeans Y-6659
  </name>
  <category>
   Jeans
  </category>
  <size>
   S
  </size>
  <color>
   Красный
  </color>
  <material>
   Полиэстер
  </material>
  <price>
   796114
  </price>
  <rating>
   3.69
  </rating>
  <reviews>
   100819
  </reviews>
  <new>
   +
  </new>
  <exclusive>
   yes
  </exclusive>
  <sporty>
   yes
  </sporty>
 </clothing>
 <clothing>
  <id>
   493480544
  </id>
  <name>
   Converse T-shirt S-7689
  </name>
  <category>
   T-shirt
  </category>
  <size>
   L
  </size>
  <color>
   Голубой
  </color>
  <material>
   Кожа
  </material>
  <price>
   930256
  </price>
  <rating>
   4.54
  </rating>
  <reviews>
   644101
  </reviews>
  <new>
   -
  </new>
  <exclusive>
   no
  </exclusive>
  <sporty>
   no
  </sporty>
 </clothing>
 <clothing>
  <id>
   762735846
  </id>
  <name>
   Converse Jeans X-2561
  </name>
  <category>
   Jeans
  </category>
  <size>
   XXL
  </size>
  <color>
   Красный
  </color>
  <material>
   Шерсть
  </material>
  <price>
   294715
  </price>
  <rating>
   2.16
  </rating>
  <reviews>
   667799
  </reviews>
  <new>
   +
  </new>
  <exclusive>
   no
  </exclusive>
 </clothing>
 <clothing>
  <id>
   434636413
  </id>
  <name>
   PleinSport Pants G-1709
  </name>
  <category>
   Pants
  </category>
  <size>
   S
  </size>
  <color>
   Зеленый
  </color>
  <material>
   Лен
  </material>
  <price>
   405370
  </price>
  <rating>
   2.65
  </rating>
  <reviews>
   427429
  </reviews>
 </clothing>
 <clothing>
  <id>
   465323723
  </id>
  <name>
   Lacoste Pants X-9748
  </name>
  <category>
   Pants
  </category>
  <size>
   M
  </size>
  <color>
   Желтый
  </color>
  <material>
   Кожа
  </material>
  <price>
   937335
  </price>
  <rating>
   4.74
  </rating>
  <reviews>
   837232
  </reviews>
  <new>
   -
  </new>
  <exclusive>
   yes
  </exclusive>
  <sporty>
   no
  </sporty>
 </clothing>
</clothing-items>
