<?xml version="1.0" encoding="utf-8"?>
<clothing-items>
 <clothing>
  <id>
   574707550
  </id>
  <name>
   Lacoste Pants K-9464
  </name>
  <category>
   Pants
  </category>
  <size>
   S
  </size>
  <color>
   Синий
  </color>
  <material>
   Вискоза
  </material>
  <price>
   289973
  </price>
  <rating>
   3.33
  </rating>
  <reviews>
   485361
  </reviews>
  <new>
   +
  </new>
  <sporty>
   no
  </sporty>
 </clothing>
 <clothing>
  <id>
   195787825
  </id>
  <name>
   Reebok Jacket Q-2735
  </name>
  <category>
   Jacket
  </category>
  <size>
   L
  </size>
  <color>
   Синий
  </color>
  <material>
   Шелк
  </material>
  <price>
   300589
  </price>
  <rating>
   1.52
  </rating>
  <reviews>
   202251
  </reviews>
  <new>
   -
  </new>
  <exclusive>
   yes
  </exclusive>
  <sporty>
   no
  </sporty>
 </clothing>
 <clothing>
  <id>
   901851409
  </id>
  <name>
   New Balance Handbags N-2564
  </name>
  <category>
   Handbags
  </category>
  <size>
   L
  </size>
  <color>
   Голубой
  </color>
  <material>
   Лен
  </material>
  <price>
   687407
  </price>
  <rating>
   2.62
  </rating>
  <reviews>
   910343
  </reviews>
  <exclusive>
   no
  </exclusive>
  <sporty>
   no
  </sporty>
 </clothing>
 <clothing>
  <id>
   187628427
  </id>
  <name>
   Ellesse Dress C-3503
  </name>
  <category>
   Dress
  </category>
  <size>
   L
  </size>
  <color>
   Зеленый
  </color>
  <material>
   Вискоза
  </material>
  <price>
   230534
  </price>
  <rating>
   2.94
  </rating>
  <reviews>
   214129
  </reviews>
  <new>
   +
  </new>
  <sporty>
   yes
  </sporty>
 </clothing>
 <clothing>
  <id>
   231316071
  </id>
  <name>
   Fila Hat P-5461
  </name>
  <category>
   Hat
  </category>
  <size>
   M
  </size>
  <color>
   Голубой
  </color>
  <material>
   Хлопок
  </material>
  <price>
   614687
  </price>
  <rating>
   3.71
  </rating>
  <reviews>
   661382
  </reviews>
  <new>
   +
  </new>
 </clothing>
 <clothing>
  <id>
   635093040
  </id>
  <name>
   Adidas Shoes F-2897
  </name>
  <category>
   Shoes
  </category>
  <size>
   XL
  </size>
  <color>
   Синий
  </color>
  <material>
   Шелк
  </material>
  <price>
   796798
  </price>
  <rating>
   3.03
  </rating>
  <reviews>
   915225
  </reviews>
  <exclusive>
   no
  </exclusive>
  <sporty>
   no
  </sporty>
 </clothing>
 <clothing>
  <id>
   693668389
  </id>
  <name>
   PleinSport Skirt O-1110
  </name>
  <category>
   Skirt
  </category>
  <size>
   L
  </size>
  <color>
   Зеленый
  </color>
  <material>
   Полиэстер
  </material>
  <price>
   500480
  </price>
  <rating>
   3.14
  </rating>
  <reviews>
   452044
  </reviews>
  <new>
   -
  </new>
  <exclusive>
   no
  </exclusive>
 </clothing>
 <clothing>
  <id>
   563168992
  </id>
  <name>
   Nike Jeans J-5690
  </name>
  <category>
   Jeans
  </category>
  <size>
   S
  </size>
  <color>
   Оранжевый
  </color>
  <material>
   Нейлон
  </material>
  <price>
   178226
  </price>
  <rating>
   3.06
  </rating>
  <reviews>
   382808
  </reviews>
  <new>
   +
  </new>
  <sporty>
   no
  </sporty>
 </clothing>
 <clothing>
  <id>
   316969888
  </id>
  <name>
   Vans Skirt L-6438
  </name>
  <category>
   Skirt
  </category>
  <size>
   XXL
  </size>
  <color>
   Синий
  </color>
  <material>
   Шелк
  </material>
  <price>
   163350
  </price>
  <rating>
   1.4
  </rating>
  <reviews>
   608184
  </reviews>
  <exclusive>
   no
  </exclusive>
  <sporty>
   yes
  </sporty>
 </clothing>
 <clothing>
  <id>
   782634891
  </id>
  <name>
   Lacoste Shoes X-7418
  </name>
  <category>
   Shoes
  </category>
  <size>
   S
  </size>
  <color>
   Желтый
  </color>
  <material>
   Нейлон
  </material>
  <price>
   239887
  </price>
  <rating>
   1.52
  </rating>
  <reviews>
   339208
  </reviews>
  <new>
   -
  </new>
  <exclusive>
   no
  </exclusive>
  <sporty>
   no
  </sporty>
 </clothing>
 <clothing>
  <id>
   146855704
  </id>
  <name>
   Converse Jeans G-6751
  </name>
  <category>
   Jeans
  </category>
  <size>
   XXL
  </size>
  <color>
   Красный
  </color>
  <material>
   Кожа
  </material>
  <price>
   738597
  </price>
  <rating>
   3.56
  </rating>
  <reviews>
   755953
  </reviews>
  <new>
   -
  </new>
  <exclusive>
   no
  </exclusive>
 </clothing>
 <clothing>
  <id>
   185123922
  </id>
  <name>
   Asics Gloves B-5840
  </name>
  <category>
   Gloves
  </category>
  <size>
   M
  </size>
  <color>
   Голубой
  </color>
  <material>
   Лен
  </material>
  <price>
   572233
  </price>
  <rating>
   4.17
  </rating>
  <reviews>
   143153
  </reviews>
  <new>
   -
  </new>
  <exclusive>
   yes
  </exclusive>
 </clothing>
 <clothing>
  <id>
   353179730
  </id>
  <name>
   Adidas Hat E-2267
  </name>
  <category>
   Hat
  </category>
  <size>
   M
  </size>
  <color>
   Желтый
  </color>
  <material>
   Шелк
  </material>
  <price>
   377072
  </price>
  <rating>
   1.84
  </rating>
  <reviews>
   890199
  </reviews>
  <exclusive>
   no
  </exclusive>
 </clothing>
 <clothing>
  <id>
   671559205
  </id>
  <name>
   Lacoste Skirt Y-1310
  </name>
  <category>
   Skirt
  </category>
  <size>
   M
  </size>
  <color>
   Красный
  </color>
  <material>
   Шерсть
  </material>
  <price>
   302640
  </price>
  <rating>
   2.98
  </rating>
  <reviews>
   210922
  </reviews>
  <new>
   +
  </new>
 </clothing>
 <clothing>
  <id>
   259356208
  </id>
  <name>
   PleinSport Hat M-5203
  </name>
  <category>
   Hat
  </category>
  <size>
   L
  </size>
  <color>
   Оранжевый
  </color>
  <material>
   Кожа
  </material>
  <price>
   910552
  </price>
  <rating>
   4.76
  </rating>
  <reviews>
   231524
  </reviews>
  <exclusive>
   no
  </exclusive>
 </clothing>
 <clothing>
  <id>
   971151838
  </id>
  <name>
   Nike Jeans T-2707
  </name>
  <category>
   Jeans
  </category>
  <size>
   XL
  </size>
  <color>
   Зеленый
  </color>
  <material>
   Вискоза
  </material>
  <price>
   998482
  </price>
  <rating>
   2.57
  </rating>
  <reviews>
   136742
  </reviews>
  <new>
   -
  </new>
 </clothing>
 <clothing>
  <id>
   171404192
  </id>
  <name>
   Converse Jeans Z-8624
  </name>
  <category>
   Jeans
  </category>
  <size>
   S
  </size>
  <color>
   Красный
  </color>
  <material>
   Нейлон
  </material>
  <price>
   749147
  </price>
  <rating>
   3.36
  </rating>
  <reviews>
   968755
  </reviews>
  <new>
   -
  </new>
  <exclusive>
   no
  </exclusive>
 </clothing>
 <clothing>
  <id>
   200363832
  </id>
  <name>
   New Balance Gloves C-9038
  </name>
  <category>
   Gloves
  </category>
  <size>
   L
  </size>
  <color>
   Зеленый
  </color>
  <material>
   Шерсть
  </material>
  <price>
   308886
  </price>
  <rating>
   4.53
  </rating>
  <reviews>
   269845
  </reviews>
  <exclusive>
   no
  </exclusive>
  <sporty>
   yes
  </sporty>
 </clothing>
 <clothing>
  <id>
   358658880
  </id>
  <name>
   Nike T-shirt I-7365
  </name>
  <category>
   T-shirt
  </category>
  <size>
   XXL
  </size>
  <color>
   Зеленый
  </color>
  <material>
   Хлопок
  </material>
  <price>
   387150
  </price>
  <rating>
   1.15
  </rating>
  <reviews>
   543557
  </reviews>
  <new>
   -
  </new>
  <sporty>
   no
  </sporty>
 </clothing>
 <clothing>
  <id>
   605548136
  </id>
  <name>
   PleinSport Gloves W-6465
  </name>
  <category>
   Gloves
  </category>
  <size>
   S
  </size>
  <color>
   Голубой
  </color>
  <material>
   Вискоза
  </material>
  <price>
   532311
  </price>
  <rating>
   3.3
  </rating>
  <reviews>
   896748
  </reviews>
  <new>
   -
  </new>
  <exclusive>
   yes
  </exclusive>
 </clothing>
 <clothing>
  <id>
   211865312
  </id>
  <name>
   Vans Blouse M-6940
  </name>
  <category>
   Blouse
  </category>
  <size>
   M
  </size>
  <color>
   Фиолетовый
  </color>
  <material>
   Нейлон
  </material>
  <price>
   237286
  </price>
  <rating>
   3.04
  </rating>
  <reviews>
   265497
  </reviews>
  <new>
   +
  </new>
 </clothing>
 <clothing>
  <id>
   879788131
  </id>
  <name>
   Under Armour Jacket G-3646
  </name>
  <category>
   Jacket
  </category>
  <size>
   L
  </size>
  <color>
   Оранжевый
  </color>
  <material>
   Нейлон
  </material>
  <price>
   585567
  </price>
  <rating>
   3.25
  </rating>
  <reviews>
   79482
  </reviews>
 </clothing>
 <clothing>
  <id>
   418876751
  </id>
  <name>
   PleinSport Umbrellas A-3513
  </name>
  <category>
   Umbrellas
  </category>
  <size>
   S
  </size>
  <color>
   Голубой
  </color>
  <material>
   Кожа
  </material>
  <price>
   544011
  </price>
  <rating>
   4.87
  </rating>
  <reviews>
   947081
  </reviews>
  <new>
   -
  </new>
  <exclusive>
   no
  </exclusive>
  <sporty>
   yes
  </sporty>
 </clothing>
 <clothing>
  <id>
   688891071
  </id>
  <name>
   Brooks Gloves E-6421
  </name>
  <category>
   Gloves
  </category>
  <size>
   M
  </size>
  <color>
   Голубой
  </color>
  <material>
   Шелк
  </material>
  <price>
   146058
  </price>
  <rating>
   2.92
  </rating>
  <reviews>
   911503
  </reviews>
 </clothing>
 <clothing>
  <id>
   647818706
  </id>
  <name>
   Converse T-shirt D-3987
  </name>
  <category>
   T-shirt
  </category>
  <size>
   XXL
  </size>
  <color>
   Зеленый
  </color>
  <material>
   Полиэстер
  </material>
  <price>
   683932
  </price>
  <rating>
   4.76
  </rating>
  <reviews>
   75317
  </reviews>
  <exclusive>
   yes
  </exclusive>
 </clothing>
 <clothing>
  <id>
   381752490
  </id>
  <name>
   Puma Socks Q-8324
  </name>
  <category>
   Socks
  </category>
  <size>
   S
  </size>
  <color>
   Фиолетовый
  </color>
  <material>
   Вискоза
  </material>
  <price>
   562783
  </price>
  <rating>
   2.91
  </rating>
  <reviews>
   768576
  </reviews>
  <exclusive>
   no
  </exclusive>
 </clothing>
 <clothing>
  <id>
   246157329
  </id>
  <name>
   Brooks T-shirt U-7379
  </name>
  <category>
   T-shirt
  </category>
  <size>
   M
  </size>
  <color>
   Зеленый
  </color>
  <material>
   Шелк
  </material>
  <price>
   450839
  </price>
  <rating>
   3.26
  </rating>
  <reviews>
   325083
  </reviews>
  <new>
   -
  </new>
  <exclusive>
   no
  </exclusive>
  <sporty>
   yes
  </sporty>
 </clothing>
 <clothing>
  <id>
   117286695
  </id>
  <name>
   Under Armour Skirt Q-2456
  </name>
  <category>
   Skirt
  </category>
  <size>
   XXL
  </size>
  <color>
   Желтый
  </color>
  <material>
   Шелк
  </material>
  <price>
   579056
  </price>
  <rating>
   1.97
  </rating>
  <reviews>
   944823
  </reviews>
 </clothing>
 <clothing>
  <id>
   258063222
  </id>
  <name>
   PleinSport Jacket Y-9800
  </name>
  <category>
   Jacket
  </category>
  <size>
   M
  </size>
  <color>
   Зеленый
  </color>
  <material>
   Вискоза
  </material>
  <price>
   807714
  </price>
  <rating>
   2.2
  </rating>
  <reviews>
   126121
  </reviews>
  <exclusive>
   no
  </exclusive>
 </clothing>
 <clothing>
  <id>
   527995365
  </id>
  <name>
   Addidas Dress M-1839
  </name>
  <category>
   Dress
  </category>
  <size>
   XXL
  </size>
  <color>
   Зеленый
  </color>
  <material>
   Лен
  </material>
  <price>
   750105
  </price>
  <rating>
   4.65
  </rating>
  <reviews>
   847061
  </reviews>
  <new>
   -
  </new>
  <exclusive>
   no
  </exclusive>
  <sporty>
   no
  </sporty>
 </clothing>
 <clothing>
  <id>
   750873376
  </id>
  <name>
   Puma Blouse A-4212
  </name>
  <category>
   Blouse
  </category>
  <size>
   XXL
  </size>
  <color>
   Желтый
  </color>
  <material>
   Шелк
  </material>
  <price>
   592351
  </price>
  <rating>
   1.23
  </rating>
  <reviews>
   995624
  </reviews>
  <exclusive>
   no
  </exclusive>
 </clothing>
 <clothing>
  <id>
   574158191
  </id>
  <name>
   DC T-shirt N-4550
  </name>
  <category>
   T-shirt
  </category>
  <size>
   S
  </size>
  <color>
   Красный
  </color>
  <material>
   Хлопок
  </material>
  <price>
   384967
  </price>
  <rating>
   3.07
  </rating>
  <reviews>
   484277
  </reviews>
  <new>
   -
  </new>
 </clothing>
 <clothing>
  <id>
   353841804
  </id>
  <name>
   PleinSport Shoes J-5191
  </name>
  <category>
   Shoes
  </category>
  <size>
   XXL
  </size>
  <color>
   Красный
  </color>
  <material>
   Кожа
  </material>
  <price>
   839216
  </price>
  <rating>
   5.0
  </rating>
  <reviews>
   218245
  </reviews>
  <exclusive>
   no
  </exclusive>
 </clothing>
 <clothing>
  <id>
   956111669
  </id>
  <name>
   Lacoste Shoes K-4239
  </name>
  <category>
   Shoes
  </category>
  <size>
   XL
  </size>
  <color>
   Фиолетовый
  </color>
  <material>
   Вискоза
  </material>
  <price>
   537455
  </price>
  <rating>
   4.71
  </rating>
  <reviews>
   493804
  </reviews>
 </clothing>
 <clothing>
  <id>
   536550975
  </id>
  <name>
   Fila Belts B-2699
  </name>
  <category>
   Belts
  </category>
  <size>
   M
  </size>
  <color>
   Фиолетовый
  </color>
  <material>
   Кожа
  </material>
  <price>
   302801
  </price>
  <rating>
   4.14
  </rating>
  <reviews>
   494925
  </reviews>
  <new>
   -
  </new>
  <sporty>
   no
  </sporty>
 </clothing>
 <clothing>
  <id>
   101813726
  </id>
  <name>
   New Balance Belts D-2339
  </name>
  <category>
   Belts
  </category>
  <size>
   S
  </size>
  <color>
   Желтый
  </color>
  <material>
   Хлопок
  </material>
  <price>
   928047
  </price>
  <rating>
   3.62
  </rating>
  <reviews>
   350089
  </reviews>
  <new>
   -
  </new>
  <exclusive>
   yes
  </exclusive>
  <sporty>
   no
  </sporty>
 </clothing>
 <clothing>
  <id>
   181363696
  </id>
  <name>
   PleinSport Shoes M-4222
  </name>
  <category>
   Shoes
  </category>
  <size>
   M
  </size>
  <color>
   Синий
  </color>
  <material>
   Шелк
  </material>
  <price>
   122309
  </price>
  <rating>
   4.18
  </rating>
  <reviews>
   751480
  </reviews>
  <exclusive>
   no
  </exclusive>
  <sporty>
   yes
  </sporty>
 </clothing>
 <clothing>
  <id>
   328975912
  </id>
  <name>
   Ellesse Gloves P-9368
  </name>
  <category>
   Gloves
  </category>
  <size>
   XL
  </size>
  <color>
   Оранжевый
  </color>
  <material>
   Шелк
  </material>
  <price>
   988311
  </price>
  <rating>
   2.79
  </rating>
  <reviews>
   971338
  </reviews>
  <new>
   +
  </new>
 </clothing>
 <clothing>
  <id>
   348075558
  </id>
  <name>
   DC Belts B-6656
  </name>
  <category>
   Belts
  </category>
  <size>
   XL
  </size>
  <color>
   Фиолетовый
  </color>
  <material>
   Лен
  </material>
  <price>
   892212
  </price>
  <rating>
   2.12
  </rating>
  <reviews>
   359967
  </reviews>
  <sporty>
   no
  </sporty>
 </clothing>
 <clothing>
  <id>
   774344945
  </id>
  <name>
   Asics Blouse S-1913
  </name>
  <category>
   Blouse
  </category>
  <size>
   M
  </size>
  <color>
   Оранжевый
  </color>
  <material>
   Кожа
  </material>
  <price>
   795616
  </price>
  <rating>
   4.09
  </rating>
  <reviews>
   145791
  </reviews>
  <exclusive>
   yes
  </exclusive>
  <sporty>
   yes
  </sporty>
 </clothing>
 <clothing>
  <id>
   439060597
  </id>
  <name>
   Ellesse Skirt C-3177
  </name>
  <category>
   Skirt
  </category>
  <size>
   S
  </size>
  <color>
   Фиолетовый
  </color>
  <material>
   Вискоза
  </material>
  <price>
   189013
  </price>
  <rating>
   3.4
  </rating>
  <reviews>
   21701
  </reviews>
  <new>
   +
  </new>
  <exclusive>
   no
  </exclusive>
 </clothing>
</clothing-items>
