<?xml version="1.0" encoding="utf-8"?>
<clothing-items>
 <clothing>
  <id>
   252714505
  </id>
  <name>
   Brooks Shoes T-4019
  </name>
  <category>
   Shoes
  </category>
  <size>
   L
  </size>
  <color>
   Желтый
  </color>
  <material>
   Полиэстер
  </material>
  <price>
   466857
  </price>
  <rating>
   1.93
  </rating>
  <reviews>
   614799
  </reviews>
  <exclusive>
   no
  </exclusive>
  <sporty>
   no
  </sporty>
 </clothing>
 <clothing>
  <id>
   847049076
  </id>
  <name>
   Ellesse Shirt C-4781
  </name>
  <category>
   Shirt
  </category>
  <size>
   L
  </size>
  <color>
   Синий
  </color>
  <material>
   Шелк
  </material>
  <price>
   205138
  </price>
  <rating>
   1.05
  </rating>
  <reviews>
   914249
  </reviews>
  <new>
   -
  </new>
  <exclusive>
   yes
  </exclusive>
  <sporty>
   no
  </sporty>
 </clothing>
 <clothing>
  <id>
   103736816
  </id>
  <name>
   Ellesse Skirt P-9879
  </name>
  <category>
   Skirt
  </category>
  <size>
   L
  </size>
  <color>
   Желтый
  </color>
  <material>
   Нейлон
  </material>
  <price>
   772430
  </price>
  <rating>
   2.02
  </rating>
  <reviews>
   180084
  </reviews>
  <exclusive>
   no
  </exclusive>
  <sporty>
   no
  </sporty>
 </clothing>
 <clothing>
  <id>
   567808124
  </id>
  <name>
   Under Armour Jeans W-1139
  </name>
  <category>
   Jeans
  </category>
  <size>
   XL
  </size>
  <color>
   Желтый
  </color>
  <material>
   Вискоза
  </material>
  <price>
   744827
  </price>
  <rating>
   2.96
  </rating>
  <reviews>
   144805
  </reviews>
  <new>
   -
  </new>
  <sporty>
   yes
  </sporty>
 </clothing>
 <clothing>
  <id>
   665108416
  </id>
  <name>
   PleinSport Hat L-4478
  </name>
  <category>
   Hat
  </category>
  <size>
   XL
  </size>
  <color>
   Синий
  </color>
  <material>
   Кожа
  </material>
  <price>
   521338
  </price>
  <rating>
   1.58
  </rating>
  <reviews>
   476593
  </reviews>
  <new>
   +
  </new>
 </clothing>
 <clothing>
  <id>
   270602332
  </id>
  <name>
   Ellesse Skirt V-9458
  </name>
  <category>
   Skirt
  </category>
  <size>
   XL
  </size>
  <color>
   Фиолетовый
  </color>
  <material>
   Хлопок
  </material>
  <price>
   228189
  </price>
  <rating>
   1.68
  </rating>
  <reviews>
   339894
  </reviews>
  <new>
   -
  </new>
 </clothing>
 <clothing>
  <id>
   767979322
  </id>
  <name>
   Converse Hat T-5843
  </name>
  <category>
   Hat
  </category>
  <size>
   L
  </size>
  <color>
   Желтый
  </color>
  <material>
   Шелк
  </material>
  <price>
   534983
  </price>
  <rating>
   2.29
  </rating>
  <reviews>
   728628
  </reviews>
  <new>
   -
  </new>
  <exclusive>
   no
  </exclusive>
 </clothing>
 <clothing>
  <id>
   644359264
  </id>
  <name>
   Puma Shirt K-1714
  </name>
  <category>
   Shirt
  </category>
  <size>
   L
  </size>
  <color>
   Зеленый
  </color>
  <material>
   Лен
  </material>
  <price>
   802027
  </price>
  <rating>
   4.19
  </rating>
  <reviews>
   69610
  </reviews>
  <exclusive>
   no
  </exclusive>
 </clothing>
 <clothing>
  <id>
   176209655
  </id>
  <name>
   Vans Handbags Z-6429
  </name>
  <category>
   Handbags
  </category>
  <size>
   M
  </size>
  <color>
   Фиолетовый
  </color>
  <material>
   Шерсть
  </material>
  <price>
   783713
  </price>
  <rating>
   4.2
  </rating>
  <reviews>
   608186
  </reviews>
  <new>
   -
  </new>
  <sporty>
   yes
  </sporty>
 </clothing>
 <clothing>
  <id>
   779979221
  </id>
  <name>
   Converse Skirt M-6950
  </name>
  <category>
   Skirt
  </category>
  <size>
   L
  </size>
  <color>
   Синий
  </color>
  <material>
   Шелк
  </material>
  <price>
   223177
  </price>
  <rating>
   1.8
  </rating>
  <reviews>
   255474
  </reviews>
  <new>
   -
  </new>
  <sporty>
   no
  </sporty>
 </clothing>
 <clothing>
  <id>
   393276068
  </id>
  <name>
   Fila Hat C-4575
  </name>
  <category>
   Hat
  </category>
  <size>
   L
  </size>
  <color>
   Зеленый
  </color>
  <material>
   Лен
  </material>
  <price>
   915960
  </price>
  <rating>
   1.05
  </rating>
  <reviews>
   347376
  </reviews>
 </clothing>
 <clothing>
  <id>
   733255350
  </id>
  <name>
   Fila Skirt M-9460
  </name>
  <category>
   Skirt
  </category>
  <size>
   XL
  </size>
  <color>
   Оранжевый
  </color>
  <material>
   Шерсть
  </material>
  <price>
   712118
  </price>
  <rating>
   1.1
  </rating>
  <reviews>
   257337
  </reviews>
  <sporty>
   no
  </sporty>
 </clothing>
 <clothing>
  <id>
   922704737
  </id>
  <name>
   Under Armour T-shirt K-4488
  </name>
  <category>
   T-shirt
  </category>
  <size>
   S
  </size>
  <color>
   Голубой
  </color>
  <material>
   Вискоза
  </material>
  <price>
   292822
  </price>
  <rating>
   3.94
  </rating>
  <reviews>
   767032
  </reviews>
  <exclusive>
   yes
  </exclusive>
  <sporty>
   yes
  </sporty>
 </clothing>
 <clothing>
  <id>
   592251972
  </id>
  <name>
   Lacoste Blouse M-9010
  </name>
  <category>
   Blouse
  </category>
  <size>
   S
  </size>
  <color>
   Зеленый
  </color>
  <material>
   Кожа
  </material>
  <price>
   364697
  </price>
  <rating>
   1.01
  </rating>
  <reviews>
   432946
  </reviews>
  <exclusive>
   no
  </exclusive>
  <sporty>
   no
  </sporty>
 </clothing>
 <clothing>
  <id>
   687917444
  </id>
  <name>
   Brooks T-shirt N-9707
  </name>
  <category>
   T-shirt
  </category>
  <size>
   L
  </size>
  <color>
   Зеленый
  </color>
  <material>
   Хлопок
  </material>
  <price>
   894908
  </price>
  <rating>
   4.57
  </rating>
  <reviews>
   390010
  </reviews>
  <exclusive>
   yes
  </exclusive>
 </clothing>
 <clothing>
  <id>
   556053397
  </id>
  <name>
   Brooks Hat E-3204
  </name>
  <category>
   Hat
  </category>
  <size>
   L
  </size>
  <color>
   Оранжевый
  </color>
  <material>
   Полиэстер
  </material>
  <price>
   938661
  </price>
  <rating>
   2.56
  </rating>
  <reviews>
   800395
  </reviews>
  <exclusive>
   yes
  </exclusive>
  <sporty>
   no
  </sporty>
 </clothing>
 <clothing>
  <id>
   304627893
  </id>
  <name>
   Adidas Socks Y-9345
  </name>
  <category>
   Socks
  </category>
  <size>
   XL
  </size>
  <color>
   Оранжевый
  </color>
  <material>
   Шерсть
  </material>
  <price>
   658981
  </price>
  <rating>
   1.82
  </rating>
  <reviews>
   278087
  </reviews>
  <exclusive>
   no
  </exclusive>
 </clothing>
 <clothing>
  <id>
   546517188
  </id>
  <name>
   PleinSport Handbags U-3383
  </name>
  <category>
   Handbags
  </category>
  <size>
   XXL
  </size>
  <color>
   Синий
  </color>
  <material>
   Вискоза
  </material>
  <price>
   202299
  </price>
  <rating>
   3.8
  </rating>
  <reviews>
   868010
  </reviews>
  <new>
   +
  </new>
  <exclusive>
   no
  </exclusive>
 </clothing>
 <clothing>
  <id>
   663934469
  </id>
  <name>
   Brooks Umbrellas Y-2314
  </name>
  <category>
   Umbrellas
  </category>
  <size>
   M
  </size>
  <color>
   Красный
  </color>
  <material>
   Нейлон
  </material>
  <price>
   563924
  </price>
  <rating>
   1.45
  </rating>
  <reviews>
   235060
  </reviews>
  <exclusive>
   yes
  </exclusive>
  <sporty>
   no
  </sporty>
 </clothing>
 <clothing>
  <id>
   808590143
  </id>
  <name>
   Under Armour Umbrellas L-7133
  </name>
  <category>
   Umbrellas
  </category>
  <size>
   M
  </size>
  <color>
   Фиолетовый
  </color>
  <material>
   Шерсть
  </material>
  <price>
   781706
  </price>
  <rating>
   1.81
  </rating>
  <reviews>
   58734
  </reviews>
  <new>
   -
  </new>
  <sporty>
   no
  </sporty>
 </clothing>
 <clothing>
  <id>
   747067284
  </id>
  <name>
   Vans Skirt B-9646
  </name>
  <category>
   Skirt
  </category>
  <size>
   M
  </size>
  <color>
   Фиолетовый
  </color>
  <material>
   Полиэстер
  </material>
  <price>
   260495
  </price>
  <rating>
   4.73
  </rating>
  <reviews>
   277213
  </reviews>
  <sporty>
   no
  </sporty>
 </clothing>
 <clothing>
  <id>
   836655445
  </id>
  <name>
   Lacoste Belts C-5305
  </name>
  <category>
   Belts
  </category>
  <size>
   XL
  </size>
  <color>
   Фиолетовый
  </color>
  <material>
   Вискоза
  </material>
  <price>
   939455
  </price>
  <rating>
   1.28
  </rating>
  <reviews>
   557443
  </reviews>
  <new>
   -
  </new>
  <exclusive>
   no
  </exclusive>
 </clothing>
 <clothing>
  <id>
   192107051
  </id>
  <name>
   Vans Gloves R-9813
  </name>
  <category>
   Gloves
  </category>
  <size>
   XXL
  </size>
  <color>
   Оранжевый
  </color>
  <material>
   Шерсть
  </material>
  <price>
   772697
  </price>
  <rating>
   2.26
  </rating>
  <reviews>
   616207
  </reviews>
  <new>
   +
  </new>
 </clothing>
 <clothing>
  <id>
   180906701
  </id>
  <name>
   Reebok Handbags V-1414
  </name>
  <category>
   Handbags
  </category>
  <size>
   M
  </size>
  <color>
   Желтый
  </color>
  <material>
   Шерсть
  </material>
  <price>
   871074
  </price>
  <rating>
   3.61
  </rating>
  <reviews>
   362845
  </reviews>
  <exclusive>
   no
  </exclusive>
  <sporty>
   yes
  </sporty>
 </clothing>
 <clothing>
  <id>
   762986296
  </id>
  <name>
   Adidas Handbags D-3659
  </name>
  <category>
   Handbags
  </category>
  <size>
   M
  </size>
  <color>
   Оранжевый
  </color>
  <material>
   Кожа
  </material>
  <price>
   458940
  </price>
  <rating>
   4.97
  </rating>
  <reviews>
   993460
  </reviews>
  <new>
   -
  </new>
 </clothing>
 <clothing>
  <id>
   930522957
  </id>
  <name>
   Addidas Dress S-8771
  </name>
  <category>
   Dress
  </category>
  <size>
   XL
  </size>
  <color>
   Голубой
  </color>
  <material>
   Шелк
  </material>
  <price>
   577572
  </price>
  <rating>
   4.81
  </rating>
  <reviews>
   687082
  </reviews>
  <new>
   +
  </new>
  <exclusive>
   no
  </exclusive>
  <sporty>
   no
  </sporty>
 </clothing>
 <clothing>
  <id>
   398964129
  </id>
  <name>
   Vans Belts E-5539
  </name>
  <category>
   Belts
  </category>
  <size>
   XL
  </size>
  <color>
   Фиолетовый
  </color>
  <material>
   Хлопок
  </material>
  <price>
   886479
  </price>
  <rating>
   2.29
  </rating>
  <reviews>
   522897
  </reviews>
  <new>
   +
  </new>
  <exclusive>
   no
  </exclusive>
 </clothing>
 <clothing>
  <id>
   414283609
  </id>
  <name>
   Brooks Skirt A-7474
  </name>
  <category>
   Skirt
  </category>
  <size>
   XXL
  </size>
  <color>
   Фиолетовый
  </color>
  <material>
   Лен
  </material>
  <price>
   721259
  </price>
  <rating>
   4.15
  </rating>
  <reviews>
   766460
  </reviews>
  <sporty>
   no
  </sporty>
 </clothing>
 <clothing>
  <id>
   586201484
  </id>
  <name>
   Vans Shirt P-3632
  </name>
  <category>
   Shirt
  </category>
  <size>
   XL
  </size>
  <color>
   Фиолетовый
  </color>
  <material>
   Нейлон
  </material>
  <price>
   393316
  </price>
  <rating>
   1.73
  </rating>
  <reviews>
   825259
  </reviews>
  <exclusive>
   no
  </exclusive>
 </clothing>
 <clothing>
  <id>
   732946197
  </id>
  <name>
   Asics Dress A-4650
  </name>
  <category>
   Dress
  </category>
  <size>
   L
  </size>
  <color>
   Желтый
  </color>
  <material>
   Кожа
  </material>
  <price>
   643647
  </price>
  <rating>
   2.01
  </rating>
  <reviews>
   151809
  </reviews>
  <new>
   +
  </new>
  <exclusive>
   yes
  </exclusive>
 </clothing>
 <clothing>
  <id>
   437463503
  </id>
  <name>
   PleinSport Skirt S-1531
  </name>
  <category>
   Skirt
  </category>
  <size>
   S
  </size>
  <color>
   Голубой
  </color>
  <material>
   Кожа
  </material>
  <price>
   456311
  </price>
  <rating>
   2.52
  </rating>
  <reviews>
   591708
  </reviews>
  <exclusive>
   yes
  </exclusive>
  <sporty>
   no
  </sporty>
 </clothing>
</clothing-items>
