<?xml version="1.0" encoding="utf-8"?>
<clothing-items>
 <clothing>
  <id>
   464547458
  </id>
  <name>
   Puma Sweater Y-3599
  </name>
  <category>
   Sweater
  </category>
  <size>
   M
  </size>
  <color>
   Желтый
  </color>
  <material>
   Полиэстер
  </material>
  <price>
   277445
  </price>
  <rating>
   1.57
  </rating>
  <reviews>
   216187
  </reviews>
  <new>
   -
  </new>
  <exclusive>
   no
  </exclusive>
  <sporty>
   no
  </sporty>
 </clothing>
 <clothing>
  <id>
   564390226
  </id>
  <name>
   Nike Blouse R-7537
  </name>
  <category>
   Blouse
  </category>
  <size>
   M
  </size>
  <color>
   Желтый
  </color>
  <material>
   Шерсть
  </material>
  <price>
   182067
  </price>
  <rating>
   2.43
  </rating>
  <reviews>
   614996
  </reviews>
 </clothing>
 <clothing>
  <id>
   127166271
  </id>
  <name>
   Lacoste Handbags T-7441
  </name>
  <category>
   Handbags
  </category>
  <size>
   M
  </size>
  <color>
   Голубой
  </color>
  <material>
   Кожа
  </material>
  <price>
   888150
  </price>
  <rating>
   4.37
  </rating>
  <reviews>
   557819
  </reviews>
  <sporty>
   no
  </sporty>
 </clothing>
 <clothing>
  <id>
   750550943
  </id>
  <name>
   Puma Dress A-8047
  </name>
  <category>
   Dress
  </category>
  <size>
   XXL
  </size>
  <color>
   Зеленый
  </color>
  <material>
   Шелк
  </material>
  <price>
   581554
  </price>
  <rating>
   4.35
  </rating>
  <reviews>
   341289
  </reviews>
  <exclusive>
   no
  </exclusive>
 </clothing>
 <clothing>
  <id>
   258960022
  </id>
  <name>
   Lacoste Socks P-3994
  </name>
  <category>
   Socks
  </category>
  <size>
   M
  </size>
  <color>
   Синий
  </color>
  <material>
   Шерсть
  </material>
  <price>
   705027
  </price>
  <rating>
   3.88
  </rating>
  <reviews>
   830144
  </reviews>
  <sporty>
   yes
  </sporty>
 </clothing>
 <clothing>
  <id>
   708777425
  </id>
  <name>
   Vans T-shirt C-3955
  </name>
  <category>
   T-shirt
  </category>
  <size>
   S
  </size>
  <color>
   Желтый
  </color>
  <material>
   Полиэстер
  </material>
  <price>
   934552
  </price>
  <rating>
   3.28
  </rating>
  <reviews>
   944088
  </reviews>
  <exclusive>
   yes
  </exclusive>
  <sporty>
   no
  </sporty>
 </clothing>
 <clothing>
  <id>
   898494469
  </id>
  <name>
   New Balance Jacket H-8151
  </name>
  <category>
   Jacket
  </category>
  <size>
   S
  </size>
  <color>
   Оранжевый
  </color>
  <material>
   Нейлон
  </material>
  <price>
   144075
  </price>
  <rating>
   1.49
  </rating>
  <reviews>
   508229
  </reviews>
  <new>
   +
  </new>
  <exclusive>
   no
  </exclusive>
  <sporty>
   yes
  </sporty>
 </clothing>
 <clothing>
  <id>
   948181813
  </id>
  <name>
   Reebok Jacket U-4096
  </name>
  <category>
   Jacket
  </category>
  <size>
   XXL
  </size>
  <color>
   Зеленый
  </color>
  <material>
   Хлопок
  </material>
  <price>
   378970
  </price>
  <rating>
   2.9
  </rating>
  <reviews>
   391306
  </reviews>
  <exclusive>
   yes
  </exclusive>
  <sporty>
   no
  </sporty>
 </clothing>
 <clothing>
  <id>
   515188855
  </id>
  <name>
   New Balance Socks R-3422
  </name>
  <category>
   Socks
  </category>
  <size>
   M
  </size>
  <color>
   Красный
  </color>
  <material>
   Кожа
  </material>
  <price>
   867715
  </price>
  <rating>
   4.45
  </rating>
  <reviews>
   241009
  </reviews>
 </clothing>
 <clothing>
  <id>
   174920626
  </id>
  <name>
   PleinSport T-shirt E-2686
  </name>
  <category>
   T-shirt
  </category>
  <size>
   L
  </size>
  <color>
   Зеленый
  </color>
  <material>
   Хлопок
  </material>
  <price>
   523271
  </price>
  <rating>
   1.53
  </rating>
  <reviews>
   346616
  </reviews>
  <new>
   -
  </new>
  <exclusive>
   yes
  </exclusive>
 </clothing>
 <clothing>
  <id>
   464203547
  </id>
  <name>
   Lacoste Umbrellas P-5170
  </name>
  <category>
   Umbrellas
  </category>
  <size>
   XL
  </size>
  <color>
   Голубой
  </color>
  <material>
   Шерсть
  </material>
  <price>
   251128
  </price>
  <rating>
   1.63
  </rating>
  <reviews>
   346866
  </reviews>
  <new>
   +
  </new>
  <exclusive>
   no
  </exclusive>
  <sporty>
   yes
  </sporty>
 </clothing>
 <clothing>
  <id>
   800723075
  </id>
  <name>
   New Balance Pants S-1893
  </name>
  <category>
   Pants
  </category>
  <size>
   M
  </size>
  <color>
   Фиолетовый
  </color>
  <material>
   Нейлон
  </material>
  <price>
   545374
  </price>
  <rating>
   4.12
  </rating>
  <reviews>
   417536
  </reviews>
  <new>
   -
  </new>
  <sporty>
   no
  </sporty>
 </clothing>
 <clothing>
  <id>
   345745919
  </id>
  <name>
   Under Armour Gloves P-1418
  </name>
  <category>
   Gloves
  </category>
  <size>
   XXL
  </size>
  <color>
   Голубой
  </color>
  <material>
   Шелк
  </material>
  <price>
   188412
  </price>
  <rating>
   2.81
  </rating>
  <reviews>
   809172
  </reviews>
  <new>
   +
  </new>
  <exclusive>
   no
  </exclusive>
  <sporty>
   no
  </sporty>
 </clothing>
 <clothing>
  <id>
   401795226
  </id>
  <name>
   Reebok Shoes Q-9696
  </name>
  <category>
   Shoes
  </category>
  <size>
   S
  </size>
  <color>
   Красный
  </color>
  <material>
   Хлопок
  </material>
  <price>
   569048
  </price>
  <rating>
   3.6
  </rating>
  <reviews>
   709525
  </reviews>
  <exclusive>
   no
  </exclusive>
 </clothing>
 <clothing>
  <id>
   910593075
  </id>
  <name>
   Nike Umbrellas A-3843
  </name>
  <category>
   Umbrellas
  </category>
  <size>
   XL
  </size>
  <color>
   Голубой
  </color>
  <material>
   Кожа
  </material>
  <price>
   125143
  </price>
  <rating>
   4.11
  </rating>
  <reviews>
   847201
  </reviews>
  <sporty>
   yes
  </sporty>
 </clothing>
 <clothing>
  <id>
   182549260
  </id>
  <name>
   Adidas Jeans R-6609
  </name>
  <category>
   Jeans
  </category>
  <size>
   XL
  </size>
  <color>
   Красный
  </color>
  <material>
   Шерсть
  </material>
  <price>
   490365
  </price>
  <rating>
   4.64
  </rating>
  <reviews>
   949523
  </reviews>
  <exclusive>
   yes
  </exclusive>
  <sporty>
   yes
  </sporty>
 </clothing>
 <clothing>
  <id>
   432959815
  </id>
  <name>
   PleinSport Dress U-8216
  </name>
  <category>
   Dress
  </category>
  <size>
   XXL
  </size>
  <color>
   Оранжевый
  </color>
  <material>
   Шелк
  </material>
  <price>
   875818
  </price>
  <rating>
   3.88
  </rating>
  <reviews>
   11656
  </reviews>
  <sporty>
   no
  </sporty>
 </clothing>
 <clothing>
  <id>
   450174240
  </id>
  <name>
   Under Armour Handbags O-6536
  </name>
  <category>
   Handbags
  </category>
  <size>
   XL
  </size>
  <color>
   Голубой
  </color>
  <material>
   Вискоза
  </material>
  <price>
   202197
  </price>
  <rating>
   2.14
  </rating>
  <reviews>
   646930
  </reviews>
  <new>
   -
  </new>
  <exclusive>
   no
  </exclusive>
  <sporty>
   yes
  </sporty>
 </clothing>
 <clothing>
  <id>
   222242492
  </id>
  <name>
   Converse Jacket M-9861
  </name>
  <category>
   Jacket
  </category>
  <size>
   XXL
  </size>
  <color>
   Оранжевый
  </color>
  <material>
   Кожа
  </material>
  <price>
   898071
  </price>
  <rating>
   4.54
  </rating>
  <reviews>
   595923
  </reviews>
  <new>
   -
  </new>
  <exclusive>
   no
  </exclusive>
  <sporty>
   no
  </sporty>
 </clothing>
 <clothing>
  <id>
   637820160
  </id>
  <name>
   Converse Sweater S-7119
  </name>
  <category>
   Sweater
  </category>
  <size>
   XL
  </size>
  <color>
   Желтый
  </color>
  <material>
   Лен
  </material>
  <price>
   980104
  </price>
  <rating>
   4.6
  </rating>
  <reviews>
   403859
  </reviews>
  <new>
   -
  </new>
  <sporty>
   no
  </sporty>
 </clothing>
 <clothing>
  <id>
   918158650
  </id>
  <name>
   Vans Umbrellas T-2187
  </name>
  <category>
   Umbrellas
  </category>
  <size>
   S
  </size>
  <color>
   Голубой
  </color>
  <material>
   Полиэстер
  </material>
  <price>
   384906
  </price>
  <rating>
   3.62
  </rating>
  <reviews>
   987975
  </reviews>
  <new>
   +
  </new>
  <sporty>
   yes
  </sporty>
 </clothing>
 <clothing>
  <id>
   227424463
  </id>
  <name>
   Brooks Pants Y-4337
  </name>
  <category>
   Pants
  </category>
  <size>
   XL
  </size>
  <color>
   Голубой
  </color>
  <material>
   Вискоза
  </material>
  <price>
   571704
  </price>
  <rating>
   1.03
  </rating>
  <reviews>
   405527
  </reviews>
  <new>
   +
  </new>
  <exclusive>
   no
  </exclusive>
  <sporty>
   yes
  </sporty>
 </clothing>
 <clothing>
  <id>
   235085569
  </id>
  <name>
   Ellesse T-shirt I-1013
  </name>
  <category>
   T-shirt
  </category>
  <size>
   XL
  </size>
  <color>
   Желтый
  </color>
  <material>
   Хлопок
  </material>
  <price>
   944964
  </price>
  <rating>
   2.33
  </rating>
  <reviews>
   754802
  </reviews>
  <new>
   +
  </new>
  <exclusive>
   no
  </exclusive>
 </clothing>
 <clothing>
  <id>
   960719521
  </id>
  <name>
   Vans Sweater I-4257
  </name>
  <category>
   Sweater
  </category>
  <size>
   XL
  </size>
  <color>
   Синий
  </color>
  <material>
   Полиэстер
  </material>
  <price>
   596927
  </price>
  <rating>
   2.11
  </rating>
  <reviews>
   42446
  </reviews>
  <sporty>
   no
  </sporty>
 </clothing>
 <clothing>
  <id>
   675388186
  </id>
  <name>
   Under Armour Blouse H-1842
  </name>
  <category>
   Blouse
  </category>
  <size>
   L
  </size>
  <color>
   Зеленый
  </color>
  <material>
   Шелк
  </material>
  <price>
   863814
  </price>
  <rating>
   1.71
  </rating>
  <reviews>
   145756
  </reviews>
  <sporty>
   no
  </sporty>
 </clothing>
 <clothing>
  <id>
   199697684
  </id>
  <name>
   Converse Belts S-3614
  </name>
  <category>
   Belts
  </category>
  <size>
   XXL
  </size>
  <color>
   Оранжевый
  </color>
  <material>
   Хлопок
  </material>
  <price>
   513369
  </price>
  <rating>
   1.52
  </rating>
  <reviews>
   270617
  </reviews>
  <sporty>
   no
  </sporty>
 </clothing>
 <clothing>
  <id>
   209284151
  </id>
  <name>
   Ellesse Jacket U-7567
  </name>
  <category>
   Jacket
  </category>
  <size>
   L
  </size>
  <color>
   Зеленый
  </color>
  <material>
   Лен
  </material>
  <price>
   284546
  </price>
  <rating>
   1.8
  </rating>
  <reviews>
   921237
  </reviews>
  <new>
   -
  </new>
  <exclusive>
   yes
  </exclusive>
  <sporty>
   yes
  </sporty>
 </clothing>
 <clothing>
  <id>
   104296093
  </id>
  <name>
   Adidas Gloves M-9914
  </name>
  <category>
   Gloves
  </category>
  <size>
   L
  </size>
  <color>
   Желтый
  </color>
  <material>
   Лен
  </material>
  <price>
   817496
  </price>
  <rating>
   4.23
  </rating>
  <reviews>
   899549
  </reviews>
  <new>
   -
  </new>
  <sporty>
   yes
  </sporty>
 </clothing>
 <clothing>
  <id>
   727719061
  </id>
  <name>
   Converse Umbrellas B-1667
  </name>
  <category>
   Umbrellas
  </category>
  <size>
   M
  </size>
  <color>
   Синий
  </color>
  <material>
   Лен
  </material>
  <price>
   222619
  </price>
  <rating>
   1.46
  </rating>
  <reviews>
   692915
  </reviews>
  <new>
   -
  </new>
  <exclusive>
   no
  </exclusive>
 </clothing>
 <clothing>
  <id>
   728170455
  </id>
  <name>
   Lacoste Socks X-4545
  </name>
  <category>
   Socks
  </category>
  <size>
   M
  </size>
  <color>
   Оранжевый
  </color>
  <material>
   Шелк
  </material>
  <price>
   937970
  </price>
  <rating>
   1.41
  </rating>
  <reviews>
   607335
  </reviews>
  <new>
   -
  </new>
  <exclusive>
   no
  </exclusive>
 </clothing>
 <clothing>
  <id>
   131396827
  </id>
  <name>
   Nike Dress B-4141
  </name>
  <category>
   Dress
  </category>
  <size>
   S
  </size>
  <color>
   Зеленый
  </color>
  <material>
   Вискоза
  </material>
  <price>
   565770
  </price>
  <rating>
   3.6
  </rating>
  <reviews>
   853197
  </reviews>
  <sporty>
   yes
  </sporty>
 </clothing>
 <clothing>
  <id>
   435573732
  </id>
  <name>
   Reebok Dress D-5584
  </name>
  <category>
   Dress
  </category>
  <size>
   XL
  </size>
  <color>
   Голубой
  </color>
  <material>
   Нейлон
  </material>
  <price>
   115857
  </price>
  <rating>
   1.17
  </rating>
  <reviews>
   924977
  </reviews>
  <new>
   +
  </new>
  <exclusive>
   no
  </exclusive>
 </clothing>
 <clothing>
  <id>
   516602799
  </id>
  <name>
   DC Sweater D-9305
  </name>
  <category>
   Sweater
  </category>
  <size>
   XL
  </size>
  <color>
   Голубой
  </color>
  <material>
   Хлопок
  </material>
  <price>
   275833
  </price>
  <rating>
   4.72
  </rating>
  <reviews>
   799938
  </reviews>
  <new>
   +
  </new>
  <exclusive>
   yes
  </exclusive>
  <sporty>
   no
  </sporty>
 </clothing>
 <clothing>
  <id>
   918676909
  </id>
  <name>
   Fila Socks R-5208
  </name>
  <category>
   Socks
  </category>
  <size>
   M
  </size>
  <color>
   Голубой
  </color>
  <material>
   Хлопок
  </material>
  <price>
   844602
  </price>
  <rating>
   1.81
  </rating>
  <reviews>
   539788
  </reviews>
  <new>
   +
  </new>
  <exclusive>
   no
  </exclusive>
 </clothing>
 <clothing>
  <id>
   748084081
  </id>
  <name>
   Ellesse Hat O-8519
  </name>
  <category>
   Hat
  </category>
  <size>
   S
  </size>
  <color>
   Оранжевый
  </color>
  <material>
   Шерсть
  </material>
  <price>
   870706
  </price>
  <rating>
   3.29
  </rating>
  <reviews>
   912292
  </reviews>
  <new>
   +
  </new>
  <sporty>
   yes
  </sporty>
 </clothing>
 <clothing>
  <id>
   621515940
  </id>
  <name>
   Fila Umbrellas T-5023
  </name>
  <category>
   Umbrellas
  </category>
  <size>
   M
  </size>
  <color>
   Фиолетовый
  </color>
  <material>
   Кожа
  </material>
  <price>
   831295
  </price>
  <rating>
   4.07
  </rating>
  <reviews>
   108927
  </reviews>
  <new>
   -
  </new>
  <sporty>
   yes
  </sporty>
 </clothing>
 <clothing>
  <id>
   898543241
  </id>
  <name>
   Addidas Belts K-5106
  </name>
  <category>
   Belts
  </category>
  <size>
   L
  </size>
  <color>
   Оранжевый
  </color>
  <material>
   Полиэстер
  </material>
  <price>
   311896
  </price>
  <rating>
   2.75
  </rating>
  <reviews>
   831740
  </reviews>
  <new>
   -
  </new>
  <exclusive>
   no
  </exclusive>
 </clothing>
 <clothing>
  <id>
   835314571
  </id>
  <name>
   Reebok Handbags S-1579
  </name>
  <category>
   Handbags
  </category>
  <size>
   XL
  </size>
  <color>
   Фиолетовый
  </color>
  <material>
   Вискоза
  </material>
  <price>
   478745
  </price>
  <rating>
   1.88
  </rating>
  <reviews>
   163511
  </reviews>
 </clothing>
 <clothing>
  <id>
   499712221
  </id>
  <name>
   PleinSport Dress W-4806
  </name>
  <category>
   Dress
  </category>
  <size>
   M
  </size>
  <color>
   Голубой
  </color>
  <material>
   Полиэстер
  </material>
  <price>
   171603
  </price>
  <rating>
   1.01
  </rating>
  <reviews>
   450042
  </reviews>
  <new>
   +
  </new>
  <exclusive>
   no
  </exclusive>
 </clothing>
 <clothing>
  <id>
   633969699
  </id>
  <name>
   Ellesse Shirt P-9678
  </name>
  <category>
   Shirt
  </category>
  <size>
   M
  </size>
  <color>
   Оранжевый
  </color>
  <material>
   Шелк
  </material>
  <price>
   199960
  </price>
  <rating>
   1.39
  </rating>
  <reviews>
   218133
  </reviews>
  <exclusive>
   yes
  </exclusive>
 </clothing>
</clothing-items>
