<?xml version="1.0" encoding="utf-8"?>
<clothing-items>
 <clothing>
  <id>
   715931767
  </id>
  <name>
   Vans Shirt L-4981
  </name>
  <category>
   Shirt
  </category>
  <size>
   XXL
  </size>
  <color>
   Голубой
  </color>
  <material>
   Шерсть
  </material>
  <price>
   841981
  </price>
  <rating>
   1.62
  </rating>
  <reviews>
   481911
  </reviews>
  <new>
   -
  </new>
  <sporty>
   no
  </sporty>
 </clothing>
 <clothing>
  <id>
   994866308
  </id>
  <name>
   New Balance Dress A-1813
  </name>
  <category>
   Dress
  </category>
  <size>
   XL
  </size>
  <color>
   Голубой
  </color>
  <material>
   Полиэстер
  </material>
  <price>
   348447
  </price>
  <rating>
   3.89
  </rating>
  <reviews>
   556178
  </reviews>
  <sporty>
   yes
  </sporty>
 </clothing>
 <clothing>
  <id>
   639189937
  </id>
  <name>
   Converse Shoes L-5063
  </name>
  <category>
   Shoes
  </category>
  <size>
   M
  </size>
  <color>
   Синий
  </color>
  <material>
   Вискоза
  </material>
  <price>
   953062
  </price>
  <rating>
   3.0
  </rating>
  <reviews>
   880595
  </reviews>
  <new>
   +
  </new>
  <exclusive>
   no
  </exclusive>
  <sporty>
   no
  </sporty>
 </clothing>
 <clothing>
  <id>
   582927467
  </id>
  <name>
   New Balance Shoes R-9342
  </name>
  <category>
   Shoes
  </category>
  <size>
   M
  </size>
  <color>
   Фиолетовый
  </color>
  <material>
   Шелк
  </material>
  <price>
   746193
  </price>
  <rating>
   3.69
  </rating>
  <reviews>
   441955
  </reviews>
  <new>
   -
  </new>
  <exclusive>
   yes
  </exclusive>
 </clothing>
 <clothing>
  <id>
   405693286
  </id>
  <name>
   Nike Sweater E-3962
  </name>
  <category>
   Sweater
  </category>
  <size>
   S
  </size>
  <color>
   Зеленый
  </color>
  <material>
   Кожа
  </material>
  <price>
   184286
  </price>
  <rating>
   1.2
  </rating>
  <reviews>
   787534
  </reviews>
  <new>
   +
  </new>
  <sporty>
   no
  </sporty>
 </clothing>
 <clothing>
  <id>
   791457205
  </id>
  <name>
   Puma Blouse X-9362
  </name>
  <category>
   Blouse
  </category>
  <size>
   XXL
  </size>
  <color>
   Желтый
  </color>
  <material>
   Хлопок
  </material>
  <price>
   321605
  </price>
  <rating>
   2.48
  </rating>
  <reviews>
   637818
  </reviews>
  <new>
   +
  </new>
  <exclusive>
   no
  </exclusive>
 </clothing>
 <clothing>
  <id>
   630078233
  </id>
  <name>
   Converse Socks L-5034
  </name>
  <category>
   Socks
  </category>
  <size>
   L
  </size>
  <color>
   Голубой
  </color>
  <material>
   Шелк
  </material>
  <price>
   596618
  </price>
  <rating>
   4.83
  </rating>
  <reviews>
   438869
  </reviews>
  <new>
   +
  </new>
  <exclusive>
   yes
  </exclusive>
  <sporty>
   no
  </sporty>
 </clothing>
 <clothing>
  <id>
   364431390
  </id>
  <name>
   Adidas Handbags G-7768
  </name>
  <category>
   Handbags
  </category>
  <size>
   M
  </size>
  <color>
   Фиолетовый
  </color>
  <material>
   Шерсть
  </material>
  <price>
   653540
  </price>
  <rating>
   3.93
  </rating>
  <reviews>
   235938
  </reviews>
  <exclusive>
   no
  </exclusive>
  <sporty>
   no
  </sporty>
 </clothing>
 <clothing>
  <id>
   335165322
  </id>
  <name>
   Puma Shirt A-1807
  </name>
  <category>
   Shirt
  </category>
  <size>
   M
  </size>
  <color>
   Фиолетовый
  </color>
  <material>
   Шерсть
  </material>
  <price>
   508375
  </price>
  <rating>
   4.02
  </rating>
  <reviews>
   326368
  </reviews>
  <exclusive>
   yes
  </exclusive>
  <sporty>
   no
  </sporty>
 </clothing>
 <clothing>
  <id>
   797568850
  </id>
  <name>
   Reebok Shirt B-9472
  </name>
  <category>
   Shirt
  </category>
  <size>
   M
  </size>
  <color>
   Красный
  </color>
  <material>
   Кожа
  </material>
  <price>
   907136
  </price>
  <rating>
   1.62
  </rating>
  <reviews>
   775146
  </reviews>
  <sporty>
   no
  </sporty>
 </clothing>
 <clothing>
  <id>
   428602459
  </id>
  <name>
   Ellesse Shoes D-2528
  </name>
  <category>
   Shoes
  </category>
  <size>
   XXL
  </size>
  <color>
   Желтый
  </color>
  <material>
   Кожа
  </material>
  <price>
   980030
  </price>
  <rating>
   3.28
  </rating>
  <reviews>
   77271
  </reviews>
  <new>
   -
  </new>
  <exclusive>
   no
  </exclusive>
 </clothing>
 <clothing>
  <id>
   612414806
  </id>
  <name>
   Nike Socks L-4769
  </name>
  <category>
   Socks
  </category>
  <size>
   S
  </size>
  <color>
   Зеленый
  </color>
  <material>
   Хлопок
  </material>
  <price>
   602654
  </price>
  <rating>
   3.28
  </rating>
  <reviews>
   729600
  </reviews>
  <new>
   -
  </new>
  <exclusive>
   yes
  </exclusive>
  <sporty>
   yes
  </sporty>
 </clothing>
 <clothing>
  <id>
   959899918
  </id>
  <name>
   Fila T-shirt K-8344
  </name>
  <category>
   T-shirt
  </category>
  <size>
   S
  </size>
  <color>
   Фиолетовый
  </color>
  <material>
   Хлопок
  </material>
  <price>
   111827
  </price>
  <rating>
   2.73
  </rating>
  <reviews>
   803565
  </reviews>
  <exclusive>
   no
  </exclusive>
  <sporty>
   yes
  </sporty>
 </clothing>
 <clothing>
  <id>
   903407995
  </id>
  <name>
   Nike Shoes R-3863
  </name>
  <category>
   Shoes
  </category>
  <size>
   S
  </size>
  <color>
   Желтый
  </color>
  <material>
   Полиэстер
  </material>
  <price>
   993035
  </price>
  <rating>
   4.7
  </rating>
  <reviews>
   510435
  </reviews>
  <new>
   +
  </new>
 </clothing>
 <clothing>
  <id>
   835330907
  </id>
  <name>
   Brooks Hat W-7362
  </name>
  <category>
   Hat
  </category>
  <size>
   L
  </size>
  <color>
   Красный
  </color>
  <material>
   Лен
  </material>
  <price>
   336690
  </price>
  <rating>
   2.81
  </rating>
  <reviews>
   258532
  </reviews>
  <exclusive>
   no
  </exclusive>
 </clothing>
 <clothing>
  <id>
   373893138
  </id>
  <name>
   Brooks Socks J-6958
  </name>
  <category>
   Socks
  </category>
  <size>
   S
  </size>
  <color>
   Красный
  </color>
  <material>
   Шерсть
  </material>
  <price>
   760470
  </price>
  <rating>
   3.66
  </rating>
  <reviews>
   970517
  </reviews>
  <exclusive>
   yes
  </exclusive>
 </clothing>
 <clothing>
  <id>
   304963803
  </id>
  <name>
   Converse Jacket Y-3705
  </name>
  <category>
   Jacket
  </category>
  <size>
   M
  </size>
  <color>
   Синий
  </color>
  <material>
   Нейлон
  </material>
  <price>
   722068
  </price>
  <rating>
   1.4
  </rating>
  <reviews>
   205571
  </reviews>
  <new>
   +
  </new>
  <sporty>
   yes
  </sporty>
 </clothing>
</clothing-items>
