<?xml version="1.0" encoding="utf-8"?>
<clothing-items>
 <clothing>
  <id>
   530892958
  </id>
  <name>
   Under Armour Shoes H-1750
  </name>
  <category>
   Shoes
  </category>
  <size>
   M
  </size>
  <color>
   Желтый
  </color>
  <material>
   Шелк
  </material>
  <price>
   364613
  </price>
  <rating>
   4.83
  </rating>
  <reviews>
   186124
  </reviews>
  <new>
   +
  </new>
  <exclusive>
   no
  </exclusive>
 </clothing>
 <clothing>
  <id>
   741328617
  </id>
  <name>
   Asics Hat E-2552
  </name>
  <category>
   Hat
  </category>
  <size>
   XXL
  </size>
  <color>
   Оранжевый
  </color>
  <material>
   Шелк
  </material>
  <price>
   506552
  </price>
  <rating>
   3.0
  </rating>
  <reviews>
   199566
  </reviews>
  <new>
   -
  </new>
  <exclusive>
   no
  </exclusive>
 </clothing>
 <clothing>
  <id>
   806881828
  </id>
  <name>
   PleinSport Jeans I-6566
  </name>
  <category>
   Jeans
  </category>
  <size>
   S
  </size>
  <color>
   Зеленый
  </color>
  <material>
   Вискоза
  </material>
  <price>
   975628
  </price>
  <rating>
   1.2
  </rating>
  <reviews>
   257215
  </reviews>
  <sporty>
   no
  </sporty>
 </clothing>
 <clothing>
  <id>
   292016677
  </id>
  <name>
   Lacoste Jeans W-2614
  </name>
  <category>
   Jeans
  </category>
  <size>
   XL
  </size>
  <color>
   Фиолетовый
  </color>
  <material>
   Лен
  </material>
  <price>
   904534
  </price>
  <rating>
   3.42
  </rating>
  <reviews>
   45529
  </reviews>
  <new>
   -
  </new>
 </clothing>
 <clothing>
  <id>
   102655235
  </id>
  <name>
   Asics Blouse X-9464
  </name>
  <category>
   Blouse
  </category>
  <size>
   XXL
  </size>
  <color>
   Оранжевый
  </color>
  <material>
   Лен
  </material>
  <price>
   748472
  </price>
  <rating>
   1.71
  </rating>
  <reviews>
   191099
  </reviews>
  <new>
   -
  </new>
  <exclusive>
   yes
  </exclusive>
  <sporty>
   no
  </sporty>
 </clothing>
 <clothing>
  <id>
   773313669
  </id>
  <name>
   Adidas Hat C-9473
  </name>
  <category>
   Hat
  </category>
  <size>
   S
  </size>
  <color>
   Зеленый
  </color>
  <material>
   Лен
  </material>
  <price>
   994265
  </price>
  <rating>
   2.9
  </rating>
  <reviews>
   774059
  </reviews>
  <exclusive>
   no
  </exclusive>
  <sporty>
   no
  </sporty>
 </clothing>
 <clothing>
  <id>
   879528349
  </id>
  <name>
   Reebok Jeans J-9595
  </name>
  <category>
   Jeans
  </category>
  <size>
   XL
  </size>
  <color>
   Оранжевый
  </color>
  <material>
   Вискоза
  </material>
  <price>
   205227
  </price>
  <rating>
   3.83
  </rating>
  <reviews>
   100454
  </reviews>
  <new>
   -
  </new>
  <sporty>
   yes
  </sporty>
 </clothing>
 <clothing>
  <id>
   164920773
  </id>
  <name>
   New Balance Handbags Q-6934
  </name>
  <category>
   Handbags
  </category>
  <size>
   L
  </size>
  <color>
   Красный
  </color>
  <material>
   Нейлон
  </material>
  <price>
   226979
  </price>
  <rating>
   4.08
  </rating>
  <reviews>
   445247
  </reviews>
  <exclusive>
   no
  </exclusive>
 </clothing>
 <clothing>
  <id>
   797537452
  </id>
  <name>
   Lacoste Pants X-1245
  </name>
  <category>
   Pants
  </category>
  <size>
   XL
  </size>
  <color>
   Голубой
  </color>
  <material>
   Кожа
  </material>
  <price>
   546569
  </price>
  <rating>
   1.15
  </rating>
  <reviews>
   200504
  </reviews>
  <new>
   -
  </new>
  <sporty>
   yes
  </sporty>
 </clothing>
 <clothing>
  <id>
   335703717
  </id>
  <name>
   DC Sweater B-2186
  </name>
  <category>
   Sweater
  </category>
  <size>
   L
  </size>
  <color>
   Синий
  </color>
  <material>
   Лен
  </material>
  <price>
   332850
  </price>
  <rating>
   4.61
  </rating>
  <reviews>
   283005
  </reviews>
  <exclusive>
   yes
  </exclusive>
 </clothing>
 <clothing>
  <id>
   759167695
  </id>
  <name>
   Vans T-shirt G-4053
  </name>
  <category>
   T-shirt
  </category>
  <size>
   M
  </size>
  <color>
   Оранжевый
  </color>
  <material>
   Лен
  </material>
  <price>
   702083
  </price>
  <rating>
   1.97
  </rating>
  <reviews>
   465185
  </reviews>
  <new>
   +
  </new>
  <exclusive>
   yes
  </exclusive>
  <sporty>
   yes
  </sporty>
 </clothing>
 <clothing>
  <id>
   985693033
  </id>
  <name>
   Under Armour Jacket J-8514
  </name>
  <category>
   Jacket
  </category>
  <size>
   M
  </size>
  <color>
   Фиолетовый
  </color>
  <material>
   Кожа
  </material>
  <price>
   729431
  </price>
  <rating>
   3.91
  </rating>
  <reviews>
   757896
  </reviews>
  <exclusive>
   yes
  </exclusive>
  <sporty>
   no
  </sporty>
 </clothing>
 <clothing>
  <id>
   785645847
  </id>
  <name>
   Reebok Hat N-6111
  </name>
  <category>
   Hat
  </category>
  <size>
   L
  </size>
  <color>
   Красный
  </color>
  <material>
   Шелк
  </material>
  <price>
   755966
  </price>
  <rating>
   3.86
  </rating>
  <reviews>
   913173
  </reviews>
  <new>
   +
  </new>
  <exclusive>
   no
  </exclusive>
  <sporty>
   yes
  </sporty>
 </clothing>
 <clothing>
  <id>
   290582661
  </id>
  <name>
   Vans T-shirt Q-9331
  </name>
  <category>
   T-shirt
  </category>
  <size>
   XL
  </size>
  <color>
   Желтый
  </color>
  <material>
   Нейлон
  </material>
  <price>
   403652
  </price>
  <rating>
   1.87
  </rating>
  <reviews>
   981111
  </reviews>
  <exclusive>
   no
  </exclusive>
  <sporty>
   yes
  </sporty>
 </clothing>
 <clothing>
  <id>
   471175512
  </id>
  <name>
   Puma Shoes V-1177
  </name>
  <category>
   Shoes
  </category>
  <size>
   L
  </size>
  <color>
   Фиолетовый
  </color>
  <material>
   Хлопок
  </material>
  <price>
   791597
  </price>
  <rating>
   3.51
  </rating>
  <reviews>
   31869
  </reviews>
  <new>
   -
  </new>
  <exclusive>
   no
  </exclusive>
  <sporty>
   no
  </sporty>
 </clothing>
 <clothing>
  <id>
   819273629
  </id>
  <name>
   New Balance Jeans E-3419
  </name>
  <category>
   Jeans
  </category>
  <size>
   XXL
  </size>
  <color>
   Красный
  </color>
  <material>
   Шелк
  </material>
  <price>
   102497
  </price>
  <rating>
   1.05
  </rating>
  <reviews>
   975599
  </reviews>
  <new>
   -
  </new>
  <exclusive>
   yes
  </exclusive>
  <sporty>
   yes
  </sporty>
 </clothing>
 <clothing>
  <id>
   246665395
  </id>
  <name>
   Nike Belts A-6523
  </name>
  <category>
   Belts
  </category>
  <size>
   XL
  </size>
  <color>
   Зеленый
  </color>
  <material>
   Шелк
  </material>
  <price>
   858146
  </price>
  <rating>
   1.3
  </rating>
  <reviews>
   940270
  </reviews>
  <exclusive>
   no
  </exclusive>
 </clothing>
 <clothing>
  <id>
   625993138
  </id>
  <name>
   Ellesse Handbags D-6144
  </name>
  <category>
   Handbags
  </category>
  <size>
   XL
  </size>
  <color>
   Оранжевый
  </color>
  <material>
   Вискоза
  </material>
  <price>
   470707
  </price>
  <rating>
   3.55
  </rating>
  <reviews>
   121738
  </reviews>
  <exclusive>
   yes
  </exclusive>
  <sporty>
   yes
  </sporty>
 </clothing>
 <clothing>
  <id>
   492124844
  </id>
  <name>
   DC Handbags Z-6563
  </name>
  <category>
   Handbags
  </category>
  <size>
   XL
  </size>
  <color>
   Синий
  </color>
  <material>
   Полиэстер
  </material>
  <price>
   389660
  </price>
  <rating>
   3.73
  </rating>
  <reviews>
   988925
  </reviews>
  <sporty>
   no
  </sporty>
 </clothing>
 <clothing>
  <id>
   971031691
  </id>
  <name>
   Ellesse T-shirt C-6200
  </name>
  <category>
   T-shirt
  </category>
  <size>
   L
  </size>
  <color>
   Зеленый
  </color>
  <material>
   Нейлон
  </material>
  <price>
   957152
  </price>
  <rating>
   1.84
  </rating>
  <reviews>
   665884
  </reviews>
  <exclusive>
   no
  </exclusive>
 </clothing>
 <clothing>
  <id>
   849324963
  </id>
  <name>
   DC Pants W-4356
  </name>
  <category>
   Pants
  </category>
  <size>
   S
  </size>
  <color>
   Красный
  </color>
  <material>
   Лен
  </material>
  <price>
   606848
  </price>
  <rating>
   1.88
  </rating>
  <reviews>
   97068
  </reviews>
  <sporty>
   yes
  </sporty>
 </clothing>
 <clothing>
  <id>
   758185274
  </id>
  <name>
   Nike T-shirt Q-6125
  </name>
  <category>
   T-shirt
  </category>
  <size>
   L
  </size>
  <color>
   Фиолетовый
  </color>
  <material>
   Кожа
  </material>
  <price>
   209565
  </price>
  <rating>
   3.72
  </rating>
  <reviews>
   114949
  </reviews>
 </clothing>
 <clothing>
  <id>
   568854820
  </id>
  <name>
   Converse Gloves J-6701
  </name>
  <category>
   Gloves
  </category>
  <size>
   M
  </size>
  <color>
   Красный
  </color>
  <material>
   Хлопок
  </material>
  <price>
   527770
  </price>
  <rating>
   3.39
  </rating>
  <reviews>
   850765
  </reviews>
  <new>
   +
  </new>
  <sporty>
   no
  </sporty>
 </clothing>
 <clothing>
  <id>
   258004296
  </id>
  <name>
   Reebok Gloves F-9756
  </name>
  <category>
   Gloves
  </category>
  <size>
   XL
  </size>
  <color>
   Желтый
  </color>
  <material>
   Кожа
  </material>
  <price>
   400113
  </price>
  <rating>
   3.91
  </rating>
  <reviews>
   501488
  </reviews>
  <sporty>
   yes
  </sporty>
 </clothing>
 <clothing>
  <id>
   474105207
  </id>
  <name>
   PleinSport Hat O-8899
  </name>
  <category>
   Hat
  </category>
  <size>
   XL
  </size>
  <color>
   Желтый
  </color>
  <material>
   Шелк
  </material>
  <price>
   629492
  </price>
  <rating>
   1.55
  </rating>
  <reviews>
   560429
  </reviews>
  <new>
   -
  </new>
  <sporty>
   yes
  </sporty>
 </clothing>
 <clothing>
  <id>
   616132484
  </id>
  <name>
   Puma Shoes C-8647
  </name>
  <category>
   Shoes
  </category>
  <size>
   S
  </size>
  <color>
   Желтый
  </color>
  <material>
   Вискоза
  </material>
  <price>
   776700
  </price>
  <rating>
   3.8
  </rating>
  <reviews>
   79539
  </reviews>
  <sporty>
   yes
  </sporty>
 </clothing>
 <clothing>
  <id>
   606591430
  </id>
  <name>
   PleinSport Umbrellas E-3931
  </name>
  <category>
   Umbrellas
  </category>
  <size>
   XXL
  </size>
  <color>
   Синий
  </color>
  <material>
   Шелк
  </material>
  <price>
   750229
  </price>
  <rating>
   2.16
  </rating>
  <reviews>
   652125
  </reviews>
  <new>
   +
  </new>
 </clothing>
 <clothing>
  <id>
   837209564
  </id>
  <name>
   Puma Socks C-8690
  </name>
  <category>
   Socks
  </category>
  <size>
   M
  </size>
  <color>
   Желтый
  </color>
  <material>
   Хлопок
  </material>
  <price>
   246098
  </price>
  <rating>
   2.84
  </rating>
  <reviews>
   979139
  </reviews>
  <sporty>
   yes
  </sporty>
 </clothing>
 <clothing>
  <id>
   997734517
  </id>
  <name>
   Addidas Shirt N-1272
  </name>
  <category>
   Shirt
  </category>
  <size>
   M
  </size>
  <color>
   Голубой
  </color>
  <material>
   Полиэстер
  </material>
  <price>
   830024
  </price>
  <rating>
   3.06
  </rating>
  <reviews>
   966497
  </reviews>
  <new>
   +
  </new>
  <sporty>
   yes
  </sporty>
 </clothing>
 <clothing>
  <id>
   767655734
  </id>
  <name>
   Asics Shirt J-3362
  </name>
  <category>
   Shirt
  </category>
  <size>
   L
  </size>
  <color>
   Желтый
  </color>
  <material>
   Лен
  </material>
  <price>
   612468
  </price>
  <rating>
   4.45
  </rating>
  <reviews>
   422062
  </reviews>
  <new>
   +
  </new>
 </clothing>
 <clothing>
  <id>
   131308715
  </id>
  <name>
   Converse Handbags Y-1316
  </name>
  <category>
   Handbags
  </category>
  <size>
   XL
  </size>
  <color>
   Синий
  </color>
  <material>
   Шелк
  </material>
  <price>
   883253
  </price>
  <rating>
   1.75
  </rating>
  <reviews>
   892508
  </reviews>
  <new>
   -
  </new>
  <exclusive>
   no
  </exclusive>
 </clothing>
 <clothing>
  <id>
   781799120
  </id>
  <name>
   Brooks Pants M-9371
  </name>
  <category>
   Pants
  </category>
  <size>
   S
  </size>
  <color>
   Фиолетовый
  </color>
  <material>
   Лен
  </material>
  <price>
   832238
  </price>
  <rating>
   3.31
  </rating>
  <reviews>
   134740
  </reviews>
  <sporty>
   no
  </sporty>
 </clothing>
 <clothing>
  <id>
   232853032
  </id>
  <name>
   Vans Skirt B-2724
  </name>
  <category>
   Skirt
  </category>
  <size>
   XL
  </size>
  <color>
   Желтый
  </color>
  <material>
   Нейлон
  </material>
  <price>
   301799
  </price>
  <rating>
   2.32
  </rating>
  <reviews>
   675959
  </reviews>
  <exclusive>
   yes
  </exclusive>
  <sporty>
   yes
  </sporty>
 </clothing>
 <clothing>
  <id>
   886420690
  </id>
  <name>
   Converse Socks G-9059
  </name>
  <category>
   Socks
  </category>
  <size>
   XXL
  </size>
  <color>
   Зеленый
  </color>
  <material>
   Лен
  </material>
  <price>
   767411
  </price>
  <rating>
   2.08
  </rating>
  <reviews>
   319719
  </reviews>
  <new>
   +
  </new>
 </clothing>
</clothing-items>
