<?xml version="1.0" encoding="utf-8"?>
<clothing-items>
 <clothing>
  <id>
   688273310
  </id>
  <name>
   DC Sweater S-1248
  </name>
  <category>
   Sweater
  </category>
  <size>
   L
  </size>
  <color>
   Желтый
  </color>
  <material>
   Шелк
  </material>
  <price>
   249946
  </price>
  <rating>
   2.66
  </rating>
  <reviews>
   878929
  </reviews>
  <new>
   -
  </new>
  <exclusive>
   no
  </exclusive>
  <sporty>
   no
  </sporty>
 </clothing>
 <clothing>
  <id>
   824409032
  </id>
  <name>
   Asics Dress N-1215
  </name>
  <category>
   Dress
  </category>
  <size>
   S
  </size>
  <color>
   Синий
  </color>
  <material>
   Вискоза
  </material>
  <price>
   569185
  </price>
  <rating>
   1.7
  </rating>
  <reviews>
   593090
  </reviews>
  <new>
   -
  </new>
  <exclusive>
   no
  </exclusive>
  <sporty>
   no
  </sporty>
 </clothing>
 <clothing>
  <id>
   206963608
  </id>
  <name>
   Ellesse Handbags Q-5024
  </name>
  <category>
   Handbags
  </category>
  <size>
   L
  </size>
  <color>
   Голубой
  </color>
  <material>
   Вискоза
  </material>
  <price>
   913943
  </price>
  <rating>
   1.12
  </rating>
  <reviews>
   237620
  </reviews>
  <new>
   -
  </new>
 </clothing>
 <clothing>
  <id>
   242049229
  </id>
  <name>
   Asics Gloves L-4868
  </name>
  <category>
   Gloves
  </category>
  <size>
   M
  </size>
  <color>
   Синий
  </color>
  <material>
   Кожа
  </material>
  <price>
   643860
  </price>
  <rating>
   3.22
  </rating>
  <reviews>
   221818
  </reviews>
  <sporty>
   no
  </sporty>
 </clothing>
 <clothing>
  <id>
   570577403
  </id>
  <name>
   Addidas Jeans R-2197
  </name>
  <category>
   Jeans
  </category>
  <size>
   XL
  </size>
  <color>
   Зеленый
  </color>
  <material>
   Шерсть
  </material>
  <price>
   281848
  </price>
  <rating>
   4.05
  </rating>
  <reviews>
   358374
  </reviews>
 </clothing>
 <clothing>
  <id>
   809189956
  </id>
  <name>
   New Balance T-shirt G-5673
  </name>
  <category>
   T-shirt
  </category>
  <size>
   XL
  </size>
  <color>
   Голубой
  </color>
  <material>
   Кожа
  </material>
  <price>
   333753
  </price>
  <rating>
   1.05
  </rating>
  <reviews>
   708858
  </reviews>
  <new>
   +
  </new>
  <exclusive>
   yes
  </exclusive>
 </clothing>
 <clothing>
  <id>
   717939749
  </id>
  <name>
   Addidas Socks E-4154
  </name>
  <category>
   Socks
  </category>
  <size>
   M
  </size>
  <color>
   Зеленый
  </color>
  <material>
   Шелк
  </material>
  <price>
   490549
  </price>
  <rating>
   1.28
  </rating>
  <reviews>
   642741
  </reviews>
  <exclusive>
   yes
  </exclusive>
  <sporty>
   no
  </sporty>
 </clothing>
 <clothing>
  <id>
   307044631
  </id>
  <name>
   Fila Blouse C-6025
  </name>
  <category>
   Blouse
  </category>
  <size>
   L
  </size>
  <color>
   Синий
  </color>
  <material>
   Хлопок
  </material>
  <price>
   481063
  </price>
  <rating>
   1.96
  </rating>
  <reviews>
   490181
  </reviews>
  <sporty>
   yes
  </sporty>
 </clothing>
 <clothing>
  <id>
   957945794
  </id>
  <name>
   DC Umbrellas N-9439
  </name>
  <category>
   Umbrellas
  </category>
  <size>
   XXL
  </size>
  <color>
   Красный
  </color>
  <material>
   Кожа
  </material>
  <price>
   815302
  </price>
  <rating>
   4.97
  </rating>
  <reviews>
   956477
  </reviews>
  <new>
   -
  </new>
 </clothing>
 <clothing>
  <id>
   642781360
  </id>
  <name>
   Vans Belts T-2860
  </name>
  <category>
   Belts
  </category>
  <size>
   XL
  </size>
  <color>
   Фиолетовый
  </color>
  <material>
   Шерсть
  </material>
  <price>
   623449
  </price>
  <rating>
   2.27
  </rating>
  <reviews>
   371850
  </reviews>
  <new>
   -
  </new>
  <exclusive>
   no
  </exclusive>
  <sporty>
   no
  </sporty>
 </clothing>
 <clothing>
  <id>
   170006923
  </id>
  <name>
   Nike Dress A-1390
  </name>
  <category>
   Dress
  </category>
  <size>
   L
  </size>
  <color>
   Красный
  </color>
  <material>
   Полиэстер
  </material>
  <price>
   847893
  </price>
  <rating>
   2.75
  </rating>
  <reviews>
   887232
  </reviews>
  <exclusive>
   yes
  </exclusive>
  <sporty>
   yes
  </sporty>
 </clothing>
 <clothing>
  <id>
   782721030
  </id>
  <name>
   Asics Pants H-5476
  </name>
  <category>
   Pants
  </category>
  <size>
   XL
  </size>
  <color>
   Зеленый
  </color>
  <material>
   Шерсть
  </material>
  <price>
   960778
  </price>
  <rating>
   2.35
  </rating>
  <reviews>
   939894
  </reviews>
  <new>
   +
  </new>
  <exclusive>
   yes
  </exclusive>
 </clothing>
 <clothing>
  <id>
   924825675
  </id>
  <name>
   Adidas Dress K-3890
  </name>
  <category>
   Dress
  </category>
  <size>
   M
  </size>
  <color>
   Голубой
  </color>
  <material>
   Кожа
  </material>
  <price>
   904943
  </price>
  <rating>
   4.15
  </rating>
  <reviews>
   487740
  </reviews>
  <exclusive>
   yes
  </exclusive>
 </clothing>
 <clothing>
  <id>
   899997721
  </id>
  <name>
   Addidas Shirt L-5877
  </name>
  <category>
   Shirt
  </category>
  <size>
   XL
  </size>
  <color>
   Желтый
  </color>
  <material>
   Вискоза
  </material>
  <price>
   519239
  </price>
  <rating>
   3.45
  </rating>
  <reviews>
   261950
  </reviews>
  <new>
   +
  </new>
 </clothing>
 <clothing>
  <id>
   726620888
  </id>
  <name>
   Converse Shoes W-6504
  </name>
  <category>
   Shoes
  </category>
  <size>
   XL
  </size>
  <color>
   Синий
  </color>
  <material>
   Кожа
  </material>
  <price>
   500158
  </price>
  <rating>
   4.38
  </rating>
  <reviews>
   165700
  </reviews>
  <new>
   -
  </new>
  <exclusive>
   yes
  </exclusive>
  <sporty>
   no
  </sporty>
 </clothing>
 <clothing>
  <id>
   478827610
  </id>
  <name>
   PleinSport Belts Z-8108
  </name>
  <category>
   Belts
  </category>
  <size>
   S
  </size>
  <color>
   Оранжевый
  </color>
  <material>
   Нейлон
  </material>
  <price>
   549929
  </price>
  <rating>
   4.22
  </rating>
  <reviews>
   210565
  </reviews>
  <new>
   -
  </new>
 </clothing>
 <clothing>
  <id>
   367609887
  </id>
  <name>
   Asics Blouse B-5804
  </name>
  <category>
   Blouse
  </category>
  <size>
   XL
  </size>
  <color>
   Желтый
  </color>
  <material>
   Лен
  </material>
  <price>
   846737
  </price>
  <rating>
   4.54
  </rating>
  <reviews>
   627501
  </reviews>
  <new>
   -
  </new>
 </clothing>
 <clothing>
  <id>
   416153490
  </id>
  <name>
   PleinSport Umbrellas H-7310
  </name>
  <category>
   Umbrellas
  </category>
  <size>
   M
  </size>
  <color>
   Синий
  </color>
  <material>
   Хлопок
  </material>
  <price>
   758013
  </price>
  <rating>
   3.19
  </rating>
  <reviews>
   760712
  </reviews>
  <new>
   -
  </new>
  <sporty>
   yes
  </sporty>
 </clothing>
 <clothing>
  <id>
   260645405
  </id>
  <name>
   Brooks Hat C-3518
  </name>
  <category>
   Hat
  </category>
  <size>
   XXL
  </size>
  <color>
   Фиолетовый
  </color>
  <material>
   Лен
  </material>
  <price>
   807390
  </price>
  <rating>
   3.6
  </rating>
  <reviews>
   685520
  </reviews>
  <exclusive>
   no
  </exclusive>
 </clothing>
 <clothing>
  <id>
   958621433
  </id>
  <name>
   PleinSport Pants D-8506
  </name>
  <category>
   Pants
  </category>
  <size>
   XXL
  </size>
  <color>
   Фиолетовый
  </color>
  <material>
   Хлопок
  </material>
  <price>
   770735
  </price>
  <rating>
   1.03
  </rating>
  <reviews>
   937452
  </reviews>
  <new>
   -
  </new>
  <exclusive>
   no
  </exclusive>
  <sporty>
   no
  </sporty>
 </clothing>
 <clothing>
  <id>
   664614056
  </id>
  <name>
   Puma Skirt Y-7901
  </name>
  <category>
   Skirt
  </category>
  <size>
   XL
  </size>
  <color>
   Голубой
  </color>
  <material>
   Вискоза
  </material>
  <price>
   122376
  </price>
  <rating>
   4.1
  </rating>
  <reviews>
   963041
  </reviews>
  <sporty>
   yes
  </sporty>
 </clothing>
 <clothing>
  <id>
   997570109
  </id>
  <name>
   Nike Umbrellas J-1739
  </name>
  <category>
   Umbrellas
  </category>
  <size>
   M
  </size>
  <color>
   Желтый
  </color>
  <material>
   Вискоза
  </material>
  <price>
   466262
  </price>
  <rating>
   2.26
  </rating>
  <reviews>
   249082
  </reviews>
  <new>
   -
  </new>
 </clothing>
 <clothing>
  <id>
   151719734
  </id>
  <name>
   Ellesse Shoes S-9367
  </name>
  <category>
   Shoes
  </category>
  <size>
   L
  </size>
  <color>
   Красный
  </color>
  <material>
   Шелк
  </material>
  <price>
   630121
  </price>
  <rating>
   1.36
  </rating>
  <reviews>
   590113
  </reviews>
  <new>
   +
  </new>
  <exclusive>
   yes
  </exclusive>
  <sporty>
   no
  </sporty>
 </clothing>
 <clothing>
  <id>
   338311589
  </id>
  <name>
   Lacoste Skirt R-2214
  </name>
  <category>
   Skirt
  </category>
  <size>
   S
  </size>
  <color>
   Синий
  </color>
  <material>
   Нейлон
  </material>
  <price>
   112525
  </price>
  <rating>
   4.79
  </rating>
  <reviews>
   858928
  </reviews>
  <sporty>
   yes
  </sporty>
 </clothing>
 <clothing>
  <id>
   300906576
  </id>
  <name>
   Adidas Shoes U-8469
  </name>
  <category>
   Shoes
  </category>
  <size>
   L
  </size>
  <color>
   Синий
  </color>
  <material>
   Кожа
  </material>
  <price>
   332041
  </price>
  <rating>
   1.73
  </rating>
  <reviews>
   842826
  </reviews>
  <new>
   -
  </new>
  <exclusive>
   yes
  </exclusive>
 </clothing>
 <clothing>
  <id>
   807061958
  </id>
  <name>
   Vans Dress T-2845
  </name>
  <category>
   Dress
  </category>
  <size>
   M
  </size>
  <color>
   Зеленый
  </color>
  <material>
   Хлопок
  </material>
  <price>
   537864
  </price>
  <rating>
   3.83
  </rating>
  <reviews>
   265477
  </reviews>
  <new>
   -
  </new>
  <exclusive>
   no
  </exclusive>
  <sporty>
   yes
  </sporty>
 </clothing>
 <clothing>
  <id>
   450458085
  </id>
  <name>
   Asics Sweater N-3300
  </name>
  <category>
   Sweater
  </category>
  <size>
   XL
  </size>
  <color>
   Красный
  </color>
  <material>
   Вискоза
  </material>
  <price>
   236946
  </price>
  <rating>
   2.07
  </rating>
  <reviews>
   378622
  </reviews>
  <new>
   +
  </new>
 </clothing>
</clothing-items>
