<?xml version="1.0" encoding="utf-8"?>
<clothing-items>
 <clothing>
  <id>
   668863347
  </id>
  <name>
   DC Pants P-6469
  </name>
  <category>
   Pants
  </category>
  <size>
   L
  </size>
  <color>
   Зеленый
  </color>
  <material>
   Лен
  </material>
  <price>
   411881
  </price>
  <rating>
   4.42
  </rating>
  <reviews>
   25110
  </reviews>
  <new>
   -
  </new>
  <exclusive>
   no
  </exclusive>
  <sporty>
   yes
  </sporty>
 </clothing>
 <clothing>
  <id>
   641896692
  </id>
  <name>
   Nike Shoes S-9152
  </name>
  <category>
   Shoes
  </category>
  <size>
   XL
  </size>
  <color>
   Красный
  </color>
  <material>
   Вискоза
  </material>
  <price>
   651386
  </price>
  <rating>
   1.51
  </rating>
  <reviews>
   500178
  </reviews>
  <new>
   +
  </new>
  <exclusive>
   yes
  </exclusive>
 </clothing>
 <clothing>
  <id>
   650004003
  </id>
  <name>
   Converse Jacket Y-9535
  </name>
  <category>
   Jacket
  </category>
  <size>
   S
  </size>
  <color>
   Зеленый
  </color>
  <material>
   Шелк
  </material>
  <price>
   630373
  </price>
  <rating>
   3.12
  </rating>
  <reviews>
   830488
  </reviews>
  <sporty>
   no
  </sporty>
 </clothing>
 <clothing>
  <id>
   798994547
  </id>
  <name>
   Vans Hat P-9115
  </name>
  <category>
   Hat
  </category>
  <size>
   L
  </size>
  <color>
   Желтый
  </color>
  <material>
   Полиэстер
  </material>
  <price>
   834737
  </price>
  <rating>
   4.98
  </rating>
  <reviews>
   748413
  </reviews>
  <exclusive>
   yes
  </exclusive>
  <sporty>
   yes
  </sporty>
 </clothing>
 <clothing>
  <id>
   336924607
  </id>
  <name>
   Ellesse Skirt F-3183
  </name>
  <category>
   Skirt
  </category>
  <size>
   S
  </size>
  <color>
   Желтый
  </color>
  <material>
   Хлопок
  </material>
  <price>
   277368
  </price>
  <rating>
   3.89
  </rating>
  <reviews>
   992379
  </reviews>
  <new>
   -
  </new>
  <exclusive>
   yes
  </exclusive>
 </clothing>
 <clothing>
  <id>
   829366732
  </id>
  <name>
   Adidas Jacket R-8128
  </name>
  <category>
   Jacket
  </category>
  <size>
   S
  </size>
  <color>
   Красный
  </color>
  <material>
   Шерсть
  </material>
  <price>
   585027
  </price>
  <rating>
   1.1
  </rating>
  <reviews>
   148323
  </reviews>
  <new>
   +
  </new>
  <sporty>
   yes
  </sporty>
 </clothing>
 <clothing>
  <id>
   784611807
  </id>
  <name>
   Adidas Socks A-5582
  </name>
  <category>
   Socks
  </category>
  <size>
   M
  </size>
  <color>
   Красный
  </color>
  <material>
   Вискоза
  </material>
  <price>
   291492
  </price>
  <rating>
   2.43
  </rating>
  <reviews>
   832888
  </reviews>
  <new>
   +
  </new>
 </clothing>
 <clothing>
  <id>
   295114187
  </id>
  <name>
   Brooks Pants P-6651
  </name>
  <category>
   Pants
  </category>
  <size>
   L
  </size>
  <color>
   Синий
  </color>
  <material>
   Кожа
  </material>
  <price>
   838950
  </price>
  <rating>
   3.39
  </rating>
  <reviews>
   241228
  </reviews>
  <new>
   +
  </new>
  <exclusive>
   yes
  </exclusive>
 </clothing>
 <clothing>
  <id>
   165408437
  </id>
  <name>
   Fila Shirt M-6871
  </name>
  <category>
   Shirt
  </category>
  <size>
   XXL
  </size>
  <color>
   Фиолетовый
  </color>
  <material>
   Вискоза
  </material>
  <price>
   890836
  </price>
  <rating>
   1.01
  </rating>
  <reviews>
   763114
  </reviews>
  <new>
   -
  </new>
  <exclusive>
   yes
  </exclusive>
  <sporty>
   no
  </sporty>
 </clothing>
 <clothing>
  <id>
   463910080
  </id>
  <name>
   Fila Socks R-8993
  </name>
  <category>
   Socks
  </category>
  <size>
   XXL
  </size>
  <color>
   Голубой
  </color>
  <material>
   Шерсть
  </material>
  <price>
   449921
  </price>
  <rating>
   2.7
  </rating>
  <reviews>
   23075
  </reviews>
  <exclusive>
   yes
  </exclusive>
  <sporty>
   yes
  </sporty>
 </clothing>
 <clothing>
  <id>
   356000083
  </id>
  <name>
   Under Armour Jacket G-7657
  </name>
  <category>
   Jacket
  </category>
  <size>
   XL
  </size>
  <color>
   Оранжевый
  </color>
  <material>
   Нейлон
  </material>
  <price>
   294902
  </price>
  <rating>
   3.94
  </rating>
  <reviews>
   302544
  </reviews>
  <new>
   -
  </new>
  <sporty>
   no
  </sporty>
 </clothing>
 <clothing>
  <id>
   207320900
  </id>
  <name>
   Addidas Hat J-3004
  </name>
  <category>
   Hat
  </category>
  <size>
   L
  </size>
  <color>
   Фиолетовый
  </color>
  <material>
   Кожа
  </material>
  <price>
   993091
  </price>
  <rating>
   2.09
  </rating>
  <reviews>
   644596
  </reviews>
  <new>
   +
  </new>
 </clothing>
 <clothing>
  <id>
   307311012
  </id>
  <name>
   New Balance Socks P-5286
  </name>
  <category>
   Socks
  </category>
  <size>
   XL
  </size>
  <color>
   Фиолетовый
  </color>
  <material>
   Лен
  </material>
  <price>
   131120
  </price>
  <rating>
   3.43
  </rating>
  <reviews>
   309832
  </reviews>
 </clothing>
 <clothing>
  <id>
   695482066
  </id>
  <name>
   Nike Blouse O-3090
  </name>
  <category>
   Blouse
  </category>
  <size>
   M
  </size>
  <color>
   Оранжевый
  </color>
  <material>
   Полиэстер
  </material>
  <price>
   459514
  </price>
  <rating>
   3.65
  </rating>
  <reviews>
   852413
  </reviews>
  <new>
   -
  </new>
  <exclusive>
   no
  </exclusive>
 </clothing>
 <clothing>
  <id>
   563359450
  </id>
  <name>
   New Balance Jeans P-5966
  </name>
  <category>
   Jeans
  </category>
  <size>
   S
  </size>
  <color>
   Голубой
  </color>
  <material>
   Лен
  </material>
  <price>
   664217
  </price>
  <rating>
   3.98
  </rating>
  <reviews>
   643340
  </reviews>
  <new>
   +
  </new>
  <sporty>
   no
  </sporty>
 </clothing>
 <clothing>
  <id>
   875702956
  </id>
  <name>
   Brooks Hat C-7374
  </name>
  <category>
   Hat
  </category>
  <size>
   M
  </size>
  <color>
   Голубой
  </color>
  <material>
   Лен
  </material>
  <price>
   713461
  </price>
  <rating>
   4.57
  </rating>
  <reviews>
   840275
  </reviews>
  <new>
   +
  </new>
  <exclusive>
   no
  </exclusive>
 </clothing>
 <clothing>
  <id>
   644674192
  </id>
  <name>
   Addidas Blouse H-7271
  </name>
  <category>
   Blouse
  </category>
  <size>
   XXL
  </size>
  <color>
   Синий
  </color>
  <material>
   Кожа
  </material>
  <price>
   130877
  </price>
  <rating>
   3.22
  </rating>
  <reviews>
   154847
  </reviews>
  <sporty>
   no
  </sporty>
 </clothing>
 <clothing>
  <id>
   236719059
  </id>
  <name>
   Vans Handbags B-3311
  </name>
  <category>
   Handbags
  </category>
  <size>
   S
  </size>
  <color>
   Голубой
  </color>
  <material>
   Шерсть
  </material>
  <price>
   541469
  </price>
  <rating>
   1.17
  </rating>
  <reviews>
   911809
  </reviews>
  <exclusive>
   no
  </exclusive>
 </clothing>
 <clothing>
  <id>
   615332595
  </id>
  <name>
   Converse Gloves X-6897
  </name>
  <category>
   Gloves
  </category>
  <size>
   M
  </size>
  <color>
   Фиолетовый
  </color>
  <material>
   Лен
  </material>
  <price>
   370198
  </price>
  <rating>
   3.56
  </rating>
  <reviews>
   385534
  </reviews>
 </clothing>
 <clothing>
  <id>
   952625753
  </id>
  <name>
   Lacoste Blouse R-4464
  </name>
  <category>
   Blouse
  </category>
  <size>
   M
  </size>
  <color>
   Желтый
  </color>
  <material>
   Лен
  </material>
  <price>
   552226
  </price>
  <rating>
   2.04
  </rating>
  <reviews>
   520030
  </reviews>
 </clothing>
 <clothing>
  <id>
   231548648
  </id>
  <name>
   Asics Handbags G-5624
  </name>
  <category>
   Handbags
  </category>
  <size>
   M
  </size>
  <color>
   Желтый
  </color>
  <material>
   Лен
  </material>
  <price>
   110908
  </price>
  <rating>
   3.71
  </rating>
  <reviews>
   136997
  </reviews>
  <exclusive>
   no
  </exclusive>
 </clothing>
 <clothing>
  <id>
   805032210
  </id>
  <name>
   DC Hat V-5344
  </name>
  <category>
   Hat
  </category>
  <size>
   XXL
  </size>
  <color>
   Красный
  </color>
  <material>
   Кожа
  </material>
  <price>
   566011
  </price>
  <rating>
   4.98
  </rating>
  <reviews>
   345769
  </reviews>
  <exclusive>
   no
  </exclusive>
  <sporty>
   no
  </sporty>
 </clothing>
 <clothing>
  <id>
   477505150
  </id>
  <name>
   Addidas Pants D-3901
  </name>
  <category>
   Pants
  </category>
  <size>
   S
  </size>
  <color>
   Синий
  </color>
  <material>
   Шерсть
  </material>
  <price>
   902344
  </price>
  <rating>
   2.72
  </rating>
  <reviews>
   567234
  </reviews>
  <new>
   +
  </new>
  <exclusive>
   no
  </exclusive>
 </clothing>
 <clothing>
  <id>
   458623120
  </id>
  <name>
   Converse Socks Y-4279
  </name>
  <category>
   Socks
  </category>
  <size>
   S
  </size>
  <color>
   Синий
  </color>
  <material>
   Нейлон
  </material>
  <price>
   405352
  </price>
  <rating>
   1.52
  </rating>
  <reviews>
   975228
  </reviews>
  <new>
   -
  </new>
  <sporty>
   no
  </sporty>
 </clothing>
 <clothing>
  <id>
   745084352
  </id>
  <name>
   Converse Sweater H-9047
  </name>
  <category>
   Sweater
  </category>
  <size>
   S
  </size>
  <color>
   Фиолетовый
  </color>
  <material>
   Полиэстер
  </material>
  <price>
   143104
  </price>
  <rating>
   2.18
  </rating>
  <reviews>
   997007
  </reviews>
  <new>
   -
  </new>
 </clothing>
 <clothing>
  <id>
   113299363
  </id>
  <name>
   Fila Jeans F-6718
  </name>
  <category>
   Jeans
  </category>
  <size>
   XXL
  </size>
  <color>
   Желтый
  </color>
  <material>
   Шерсть
  </material>
  <price>
   806687
  </price>
  <rating>
   3.68
  </rating>
  <reviews>
   947277
  </reviews>
  <new>
   -
  </new>
  <sporty>
   yes
  </sporty>
 </clothing>
 <clothing>
  <id>
   428004640
  </id>
  <name>
   Lacoste Dress F-8548
  </name>
  <category>
   Dress
  </category>
  <size>
   M
  </size>
  <color>
   Голубой
  </color>
  <material>
   Шерсть
  </material>
  <price>
   265758
  </price>
  <rating>
   1.07
  </rating>
  <reviews>
   136367
  </reviews>
 </clothing>
 <clothing>
  <id>
   981328517
  </id>
  <name>
   Ellesse Blouse X-1057
  </name>
  <category>
   Blouse
  </category>
  <size>
   XXL
  </size>
  <color>
   Синий
  </color>
  <material>
   Полиэстер
  </material>
  <price>
   639135
  </price>
  <rating>
   4.8
  </rating>
  <reviews>
   501738
  </reviews>
  <new>
   -
  </new>
  <exclusive>
   yes
  </exclusive>
  <sporty>
   yes
  </sporty>
 </clothing>
 <clothing>
  <id>
   406228943
  </id>
  <name>
   Adidas Jeans N-1935
  </name>
  <category>
   Jeans
  </category>
  <size>
   L
  </size>
  <color>
   Фиолетовый
  </color>
  <material>
   Нейлон
  </material>
  <price>
   488106
  </price>
  <rating>
   3.22
  </rating>
  <reviews>
   138333
  </reviews>
  <new>
   +
  </new>
  <sporty>
   no
  </sporty>
 </clothing>
 <clothing>
  <id>
   247240519
  </id>
  <name>
   Under Armour Jeans N-3570
  </name>
  <category>
   Jeans
  </category>
  <size>
   S
  </size>
  <color>
   Желтый
  </color>
  <material>
   Полиэстер
  </material>
  <price>
   505017
  </price>
  <rating>
   2.24
  </rating>
  <reviews>
   490881
  </reviews>
 </clothing>
 <clothing>
  <id>
   581696112
  </id>
  <name>
   Fila Skirt H-7718
  </name>
  <category>
   Skirt
  </category>
  <size>
   S
  </size>
  <color>
   Синий
  </color>
  <material>
   Шерсть
  </material>
  <price>
   245545
  </price>
  <rating>
   1.58
  </rating>
  <reviews>
   98736
  </reviews>
  <new>
   -
  </new>
 </clothing>
 <clothing>
  <id>
   772253280
  </id>
  <name>
   Fila Socks S-8316
  </name>
  <category>
   Socks
  </category>
  <size>
   M
  </size>
  <color>
   Оранжевый
  </color>
  <material>
   Кожа
  </material>
  <price>
   635162
  </price>
  <rating>
   1.36
  </rating>
  <reviews>
   744544
  </reviews>
  <exclusive>
   yes
  </exclusive>
  <sporty>
   yes
  </sporty>
 </clothing>
 <clothing>
  <id>
   226432698
  </id>
  <name>
   Fila Dress R-5522
  </name>
  <category>
   Dress
  </category>
  <size>
   M
  </size>
  <color>
   Синий
  </color>
  <material>
   Полиэстер
  </material>
  <price>
   678740
  </price>
  <rating>
   4.74
  </rating>
  <reviews>
   216257
  </reviews>
 </clothing>
 <clothing>
  <id>
   115681187
  </id>
  <name>
   Converse T-shirt O-7985
  </name>
  <category>
   T-shirt
  </category>
  <size>
   L
  </size>
  <color>
   Голубой
  </color>
  <material>
   Полиэстер
  </material>
  <price>
   298370
  </price>
  <rating>
   1.61
  </rating>
  <reviews>
   827392
  </reviews>
  <exclusive>
   no
  </exclusive>
 </clothing>
 <clothing>
  <id>
   300252433
  </id>
  <name>
   PleinSport Blouse H-8195
  </name>
  <category>
   Blouse
  </category>
  <size>
   L
  </size>
  <color>
   Синий
  </color>
  <material>
   Лен
  </material>
  <price>
   970162
  </price>
  <rating>
   1.26
  </rating>
  <reviews>
   350487
  </reviews>
 </clothing>
 <clothing>
  <id>
   309400386
  </id>
  <name>
   Reebok Shirt L-8450
  </name>
  <category>
   Shirt
  </category>
  <size>
   M
  </size>
  <color>
   Голубой
  </color>
  <material>
   Полиэстер
  </material>
  <price>
   508895
  </price>
  <rating>
   4.92
  </rating>
  <reviews>
   771803
  </reviews>
  <exclusive>
   no
  </exclusive>
 </clothing>
 <clothing>
  <id>
   305782357
  </id>
  <name>
   Converse T-shirt B-7037
  </name>
  <category>
   T-shirt
  </category>
  <size>
   M
  </size>
  <color>
   Зеленый
  </color>
  <material>
   Хлопок
  </material>
  <price>
   157094
  </price>
  <rating>
   1.66
  </rating>
  <reviews>
   241995
  </reviews>
 </clothing>
 <clothing>
  <id>
   992258420
  </id>
  <name>
   Under Armour Shirt A-2206
  </name>
  <category>
   Shirt
  </category>
  <size>
   XL
  </size>
  <color>
   Оранжевый
  </color>
  <material>
   Хлопок
  </material>
  <price>
   461477
  </price>
  <rating>
   3.89
  </rating>
  <reviews>
   44643
  </reviews>
  <new>
   +
  </new>
  <sporty>
   yes
  </sporty>
 </clothing>
 <clothing>
  <id>
   533003564
  </id>
  <name>
   Adidas Dress T-8176
  </name>
  <category>
   Dress
  </category>
  <size>
   M
  </size>
  <color>
   Фиолетовый
  </color>
  <material>
   Шелк
  </material>
  <price>
   585890
  </price>
  <rating>
   2.46
  </rating>
  <reviews>
   995048
  </reviews>
  <new>
   -
  </new>
  <exclusive>
   yes
  </exclusive>
  <sporty>
   no
  </sporty>
 </clothing>
 <clothing>
  <id>
   815418603
  </id>
  <name>
   Fila Handbags A-9708
  </name>
  <category>
   Handbags
  </category>
  <size>
   XL
  </size>
  <color>
   Фиолетовый
  </color>
  <material>
   Шерсть
  </material>
  <price>
   613132
  </price>
  <rating>
   3.75
  </rating>
  <reviews>
   696553
  </reviews>
  <new>
   -
  </new>
  <exclusive>
   no
  </exclusive>
 </clothing>
 <clothing>
  <id>
   217541390
  </id>
  <name>
   PleinSport Shoes D-8781
  </name>
  <category>
   Shoes
  </category>
  <size>
   XL
  </size>
  <color>
   Зеленый
  </color>
  <material>
   Нейлон
  </material>
  <price>
   598706
  </price>
  <rating>
   4.25
  </rating>
  <reviews>
   274850
  </reviews>
  <new>
   -
  </new>
  <exclusive>
   no
  </exclusive>
  <sporty>
   no
  </sporty>
 </clothing>
 <clothing>
  <id>
   991157927
  </id>
  <name>
   Adidas Socks K-8699
  </name>
  <category>
   Socks
  </category>
  <size>
   XL
  </size>
  <color>
   Голубой
  </color>
  <material>
   Лен
  </material>
  <price>
   611168
  </price>
  <rating>
   4.3
  </rating>
  <reviews>
   744878
  </reviews>
  <new>
   -
  </new>
  <exclusive>
   no
  </exclusive>
  <sporty>
   no
  </sporty>
 </clothing>
</clothing-items>
