<?xml version="1.0" encoding="utf-8"?>
<clothing-items>
 <clothing>
  <id>
   237210996
  </id>
  <name>
   Fila Socks A-2642
  </name>
  <category>
   Socks
  </category>
  <size>
   M
  </size>
  <color>
   Красный
  </color>
  <material>
   Полиэстер
  </material>
  <price>
   242327
  </price>
  <rating>
   3.62
  </rating>
  <reviews>
   157846
  </reviews>
  <exclusive>
   yes
  </exclusive>
 </clothing>
 <clothing>
  <id>
   113443114
  </id>
  <name>
   Fila Blouse A-8996
  </name>
  <category>
   Blouse
  </category>
  <size>
   XXL
  </size>
  <color>
   Зеленый
  </color>
  <material>
   Вискоза
  </material>
  <price>
   835198
  </price>
  <rating>
   4.19
  </rating>
  <reviews>
   607635
  </reviews>
 </clothing>
 <clothing>
  <id>
   444016006
  </id>
  <name>
   Fila Dress U-7937
  </name>
  <category>
   Dress
  </category>
  <size>
   XXL
  </size>
  <color>
   Синий
  </color>
  <material>
   Хлопок
  </material>
  <price>
   381798
  </price>
  <rating>
   1.6
  </rating>
  <reviews>
   718072
  </reviews>
  <new>
   +
  </new>
 </clothing>
 <clothing>
  <id>
   953020706
  </id>
  <name>
   PleinSport Umbrellas J-8196
  </name>
  <category>
   Umbrellas
  </category>
  <size>
   M
  </size>
  <color>
   Желтый
  </color>
  <material>
   Лен
  </material>
  <price>
   344222
  </price>
  <rating>
   1.38
  </rating>
  <reviews>
   641418
  </reviews>
  <exclusive>
   yes
  </exclusive>
  <sporty>
   yes
  </sporty>
 </clothing>
 <clothing>
  <id>
   420421981
  </id>
  <name>
   Vans Jeans R-8590
  </name>
  <category>
   Jeans
  </category>
  <size>
   L
  </size>
  <color>
   Оранжевый
  </color>
  <material>
   Лен
  </material>
  <price>
   926319
  </price>
  <rating>
   4.11
  </rating>
  <reviews>
   224286
  </reviews>
  <sporty>
   no
  </sporty>
 </clothing>
 <clothing>
  <id>
   555171509
  </id>
  <name>
   Fila Umbrellas Y-9630
  </name>
  <category>
   Umbrellas
  </category>
  <size>
   XL
  </size>
  <color>
   Синий
  </color>
  <material>
   Лен
  </material>
  <price>
   190489
  </price>
  <rating>
   4.0
  </rating>
  <reviews>
   419888
  </reviews>
  <new>
   -
  </new>
  <exclusive>
   no
  </exclusive>
  <sporty>
   no
  </sporty>
 </clothing>
 <clothing>
  <id>
   262578266
  </id>
  <name>
   Converse Shirt E-7352
  </name>
  <category>
   Shirt
  </category>
  <size>
   L
  </size>
  <color>
   Зеленый
  </color>
  <material>
   Полиэстер
  </material>
  <price>
   149050
  </price>
  <rating>
   3.35
  </rating>
  <reviews>
   772485
  </reviews>
  <new>
   -
  </new>
  <exclusive>
   yes
  </exclusive>
  <sporty>
   yes
  </sporty>
 </clothing>
 <clothing>
  <id>
   532899742
  </id>
  <name>
   Ellesse Umbrellas P-5442
  </name>
  <category>
   Umbrellas
  </category>
  <size>
   XXL
  </size>
  <color>
   Желтый
  </color>
  <material>
   Шелк
  </material>
  <price>
   739295
  </price>
  <rating>
   4.57
  </rating>
  <reviews>
   687416
  </reviews>
  <exclusive>
   no
  </exclusive>
  <sporty>
   no
  </sporty>
 </clothing>
 <clothing>
  <id>
   956835789
  </id>
  <name>
   Brooks T-shirt W-1562
  </name>
  <category>
   T-shirt
  </category>
  <size>
   XXL
  </size>
  <color>
   Голубой
  </color>
  <material>
   Кожа
  </material>
  <price>
   158373
  </price>
  <rating>
   3.01
  </rating>
  <reviews>
   357950
  </reviews>
  <new>
   -
  </new>
  <exclusive>
   yes
  </exclusive>
 </clothing>
 <clothing>
  <id>
   483381300
  </id>
  <name>
   Lacoste Dress U-3273
  </name>
  <category>
   Dress
  </category>
  <size>
   M
  </size>
  <color>
   Желтый
  </color>
  <material>
   Нейлон
  </material>
  <price>
   976714
  </price>
  <rating>
   3.8
  </rating>
  <reviews>
   440492
  </reviews>
  <exclusive>
   yes
  </exclusive>
  <sporty>
   yes
  </sporty>
 </clothing>
 <clothing>
  <id>
   478739938
  </id>
  <name>
   Ellesse Socks Q-1432
  </name>
  <category>
   Socks
  </category>
  <size>
   S
  </size>
  <color>
   Красный
  </color>
  <material>
   Шелк
  </material>
  <price>
   764833
  </price>
  <rating>
   4.63
  </rating>
  <reviews>
   57722
  </reviews>
 </clothing>
 <clothing>
  <id>
   495778355
  </id>
  <name>
   New Balance Shirt J-5595
  </name>
  <category>
   Shirt
  </category>
  <size>
   L
  </size>
  <color>
   Синий
  </color>
  <material>
   Полиэстер
  </material>
  <price>
   508807
  </price>
  <rating>
   2.4
  </rating>
  <reviews>
   302447
  </reviews>
  <sporty>
   yes
  </sporty>
 </clothing>
 <clothing>
  <id>
   271952515
  </id>
  <name>
   Lacoste Jacket S-4542
  </name>
  <category>
   Jacket
  </category>
  <size>
   S
  </size>
  <color>
   Голубой
  </color>
  <material>
   Кожа
  </material>
  <price>
   656882
  </price>
  <rating>
   4.05
  </rating>
  <reviews>
   401410
  </reviews>
  <new>
   -
  </new>
  <sporty>
   no
  </sporty>
 </clothing>
 <clothing>
  <id>
   990676643
  </id>
  <name>
   Converse Belts X-7637
  </name>
  <category>
   Belts
  </category>
  <size>
   L
  </size>
  <color>
   Желтый
  </color>
  <material>
   Полиэстер
  </material>
  <price>
   610001
  </price>
  <rating>
   3.44
  </rating>
  <reviews>
   550492
  </reviews>
  <exclusive>
   no
  </exclusive>
  <sporty>
   no
  </sporty>
 </clothing>
 <clothing>
  <id>
   121439315
  </id>
  <name>
   Ellesse Sweater H-9085
  </name>
  <category>
   Sweater
  </category>
  <size>
   L
  </size>
  <color>
   Фиолетовый
  </color>
  <material>
   Нейлон
  </material>
  <price>
   190722
  </price>
  <rating>
   1.92
  </rating>
  <reviews>
   296641
  </reviews>
  <new>
   -
  </new>
 </clothing>
 <clothing>
  <id>
   953841004
  </id>
  <name>
   Adidas Gloves H-6437
  </name>
  <category>
   Gloves
  </category>
  <size>
   XXL
  </size>
  <color>
   Фиолетовый
  </color>
  <material>
   Шелк
  </material>
  <price>
   979252
  </price>
  <rating>
   1.95
  </rating>
  <reviews>
   987563
  </reviews>
  <new>
   +
  </new>
  <exclusive>
   no
  </exclusive>
  <sporty>
   yes
  </sporty>
 </clothing>
 <clothing>
  <id>
   981240773
  </id>
  <name>
   Puma Umbrellas A-9703
  </name>
  <category>
   Umbrellas
  </category>
  <size>
   M
  </size>
  <color>
   Фиолетовый
  </color>
  <material>
   Лен
  </material>
  <price>
   783251
  </price>
  <rating>
   1.58
  </rating>
  <reviews>
   124455
  </reviews>
  <sporty>
   yes
  </sporty>
 </clothing>
 <clothing>
  <id>
   605444117
  </id>
  <name>
   Ellesse Hat A-6556
  </name>
  <category>
   Hat
  </category>
  <size>
   L
  </size>
  <color>
   Голубой
  </color>
  <material>
   Полиэстер
  </material>
  <price>
   658458
  </price>
  <rating>
   3.29
  </rating>
  <reviews>
   432523
  </reviews>
  <sporty>
   no
  </sporty>
 </clothing>
 <clothing>
  <id>
   121732939
  </id>
  <name>
   PleinSport Hat G-6034
  </name>
  <category>
   Hat
  </category>
  <size>
   M
  </size>
  <color>
   Зеленый
  </color>
  <material>
   Хлопок
  </material>
  <price>
   631418
  </price>
  <rating>
   2.64
  </rating>
  <reviews>
   324832
  </reviews>
  <new>
   -
  </new>
  <exclusive>
   no
  </exclusive>
  <sporty>
   no
  </sporty>
 </clothing>
 <clothing>
  <id>
   960323279
  </id>
  <name>
   Addidas Blouse F-3799
  </name>
  <category>
   Blouse
  </category>
  <size>
   M
  </size>
  <color>
   Зеленый
  </color>
  <material>
   Нейлон
  </material>
  <price>
   781751
  </price>
  <rating>
   2.65
  </rating>
  <reviews>
   758163
  </reviews>
  <new>
   -
  </new>
  <exclusive>
   yes
  </exclusive>
 </clothing>
 <clothing>
  <id>
   848212422
  </id>
  <name>
   New Balance Umbrellas U-2805
  </name>
  <category>
   Umbrellas
  </category>
  <size>
   XL
  </size>
  <color>
   Желтый
  </color>
  <material>
   Полиэстер
  </material>
  <price>
   423450
  </price>
  <rating>
   1.92
  </rating>
  <reviews>
   956110
  </reviews>
  <new>
   -
  </new>
 </clothing>
 <clothing>
  <id>
   567691572
  </id>
  <name>
   Lacoste Gloves D-6715
  </name>
  <category>
   Gloves
  </category>
  <size>
   XXL
  </size>
  <color>
   Желтый
  </color>
  <material>
   Нейлон
  </material>
  <price>
   737506
  </price>
  <rating>
   3.08
  </rating>
  <reviews>
   606369
  </reviews>
  <sporty>
   no
  </sporty>
 </clothing>
 <clothing>
  <id>
   443591714
  </id>
  <name>
   Asics Jeans X-8241
  </name>
  <category>
   Jeans
  </category>
  <size>
   M
  </size>
  <color>
   Зеленый
  </color>
  <material>
   Лен
  </material>
  <price>
   614916
  </price>
  <rating>
   4.12
  </rating>
  <reviews>
   362644
  </reviews>
  <new>
   -
  </new>
  <exclusive>
   yes
  </exclusive>
  <sporty>
   yes
  </sporty>
 </clothing>
 <clothing>
  <id>
   502966584
  </id>
  <name>
   Reebok Handbags K-2976
  </name>
  <category>
   Handbags
  </category>
  <size>
   M
  </size>
  <color>
   Зеленый
  </color>
  <material>
   Вискоза
  </material>
  <price>
   314743
  </price>
  <rating>
   3.98
  </rating>
  <reviews>
   769643
  </reviews>
  <exclusive>
   yes
  </exclusive>
  <sporty>
   no
  </sporty>
 </clothing>
 <clothing>
  <id>
   589532696
  </id>
  <name>
   Adidas Dress I-2531
  </name>
  <category>
   Dress
  </category>
  <size>
   M
  </size>
  <color>
   Красный
  </color>
  <material>
   Хлопок
  </material>
  <price>
   369445
  </price>
  <rating>
   3.77
  </rating>
  <reviews>
   890348
  </reviews>
  <new>
   -
  </new>
  <exclusive>
   no
  </exclusive>
  <sporty>
   no
  </sporty>
 </clothing>
 <clothing>
  <id>
   171057425
  </id>
  <name>
   Fila Shoes Z-6187
  </name>
  <category>
   Shoes
  </category>
  <size>
   XL
  </size>
  <color>
   Красный
  </color>
  <material>
   Полиэстер
  </material>
  <price>
   258426
  </price>
  <rating>
   2.53
  </rating>
  <reviews>
   995670
  </reviews>
  <new>
   +
  </new>
  <exclusive>
   no
  </exclusive>
 </clothing>
 <clothing>
  <id>
   459116080
  </id>
  <name>
   Asics Jacket Q-5394
  </name>
  <category>
   Jacket
  </category>
  <size>
   XXL
  </size>
  <color>
   Красный
  </color>
  <material>
   Нейлон
  </material>
  <price>
   298277
  </price>
  <rating>
   4.68
  </rating>
  <reviews>
   179742
  </reviews>
  <new>
   -
  </new>
  <exclusive>
   no
  </exclusive>
  <sporty>
   yes
  </sporty>
 </clothing>
 <clothing>
  <id>
   457373109
  </id>
  <name>
   PleinSport Dress I-5548
  </name>
  <category>
   Dress
  </category>
  <size>
   M
  </size>
  <color>
   Голубой
  </color>
  <material>
   Нейлон
  </material>
  <price>
   445006
  </price>
  <rating>
   2.85
  </rating>
  <reviews>
   904511
  </reviews>
  <exclusive>
   yes
  </exclusive>
 </clothing>
 <clothing>
  <id>
   120153656
  </id>
  <name>
   New Balance Handbags F-6365
  </name>
  <category>
   Handbags
  </category>
  <size>
   L
  </size>
  <color>
   Желтый
  </color>
  <material>
   Хлопок
  </material>
  <price>
   505997
  </price>
  <rating>
   2.94
  </rating>
  <reviews>
   568126
  </reviews>
  <new>
   +
  </new>
  <exclusive>
   no
  </exclusive>
  <sporty>
   yes
  </sporty>
 </clothing>
 <clothing>
  <id>
   362482270
  </id>
  <name>
   Vans Socks B-2595
  </name>
  <category>
   Socks
  </category>
  <size>
   XL
  </size>
  <color>
   Голубой
  </color>
  <material>
   Шерсть
  </material>
  <price>
   606086
  </price>
  <rating>
   3.46
  </rating>
  <reviews>
   392508
  </reviews>
  <new>
   +
  </new>
  <exclusive>
   no
  </exclusive>
 </clothing>
 <clothing>
  <id>
   553148849
  </id>
  <name>
   Adidas Jeans I-3641
  </name>
  <category>
   Jeans
  </category>
  <size>
   S
  </size>
  <color>
   Желтый
  </color>
  <material>
   Шерсть
  </material>
  <price>
   856864
  </price>
  <rating>
   2.13
  </rating>
  <reviews>
   76713
  </reviews>
  <exclusive>
   no
  </exclusive>
 </clothing>
 <clothing>
  <id>
   382178748
  </id>
  <name>
   PleinSport Blouse G-4951
  </name>
  <category>
   Blouse
  </category>
  <size>
   XXL
  </size>
  <color>
   Фиолетовый
  </color>
  <material>
   Шерсть
  </material>
  <price>
   295476
  </price>
  <rating>
   3.65
  </rating>
  <reviews>
   358973
  </reviews>
  <exclusive>
   yes
  </exclusive>
 </clothing>
 <clothing>
  <id>
   525680877
  </id>
  <name>
   PleinSport Shirt I-8311
  </name>
  <category>
   Shirt
  </category>
  <size>
   L
  </size>
  <color>
   Голубой
  </color>
  <material>
   Хлопок
  </material>
  <price>
   393078
  </price>
  <rating>
   1.87
  </rating>
  <reviews>
   579796
  </reviews>
 </clothing>
 <clothing>
  <id>
   524226764
  </id>
  <name>
   PleinSport Jeans E-7369
  </name>
  <category>
   Jeans
  </category>
  <size>
   L
  </size>
  <color>
   Зеленый
  </color>
  <material>
   Лен
  </material>
  <price>
   316340
  </price>
  <rating>
   2.94
  </rating>
  <reviews>
   338184
  </reviews>
  <sporty>
   no
  </sporty>
 </clothing>
 <clothing>
  <id>
   202767326
  </id>
  <name>
   Converse Gloves K-3495
  </name>
  <category>
   Gloves
  </category>
  <size>
   XL
  </size>
  <color>
   Фиолетовый
  </color>
  <material>
   Шелк
  </material>
  <price>
   697501
  </price>
  <rating>
   3.44
  </rating>
  <reviews>
   954983
  </reviews>
  <new>
   +
  </new>
  <exclusive>
   yes
  </exclusive>
  <sporty>
   no
  </sporty>
 </clothing>
 <clothing>
  <id>
   548179901
  </id>
  <name>
   Adidas Blouse Q-2148
  </name>
  <category>
   Blouse
  </category>
  <size>
   XL
  </size>
  <color>
   Оранжевый
  </color>
  <material>
   Вискоза
  </material>
  <price>
   758766
  </price>
  <rating>
   3.94
  </rating>
  <reviews>
   623921
  </reviews>
  <sporty>
   no
  </sporty>
 </clothing>
 <clothing>
  <id>
   100455757
  </id>
  <name>
   Ellesse Belts O-1315
  </name>
  <category>
   Belts
  </category>
  <size>
   XXL
  </size>
  <color>
   Оранжевый
  </color>
  <material>
   Лен
  </material>
  <price>
   623301
  </price>
  <rating>
   1.3
  </rating>
  <reviews>
   516867
  </reviews>
  <exclusive>
   no
  </exclusive>
  <sporty>
   yes
  </sporty>
 </clothing>
 <clothing>
  <id>
   466162344
  </id>
  <name>
   Reebok Shoes D-8011
  </name>
  <category>
   Shoes
  </category>
  <size>
   S
  </size>
  <color>
   Оранжевый
  </color>
  <material>
   Нейлон
  </material>
  <price>
   803858
  </price>
  <rating>
   3.18
  </rating>
  <reviews>
   156296
  </reviews>
  <exclusive>
   yes
  </exclusive>
  <sporty>
   no
  </sporty>
 </clothing>
 <clothing>
  <id>
   713911876
  </id>
  <name>
   Lacoste Jeans A-5069
  </name>
  <category>
   Jeans
  </category>
  <size>
   XL
  </size>
  <color>
   Фиолетовый
  </color>
  <material>
   Лен
  </material>
  <price>
   575730
  </price>
  <rating>
   1.52
  </rating>
  <reviews>
   317074
  </reviews>
  <new>
   -
  </new>
  <exclusive>
   no
  </exclusive>
  <sporty>
   no
  </sporty>
 </clothing>
 <clothing>
  <id>
   883261565
  </id>
  <name>
   Ellesse Hat K-4557
  </name>
  <category>
   Hat
  </category>
  <size>
   XL
  </size>
  <color>
   Оранжевый
  </color>
  <material>
   Нейлон
  </material>
  <price>
   854967
  </price>
  <rating>
   1.97
  </rating>
  <reviews>
   454484
  </reviews>
  <new>
   -
  </new>
  <exclusive>
   no
  </exclusive>
  <sporty>
   yes
  </sporty>
 </clothing>
 <clothing>
  <id>
   579425797
  </id>
  <name>
   Brooks Umbrellas E-7685
  </name>
  <category>
   Umbrellas
  </category>
  <size>
   M
  </size>
  <color>
   Красный
  </color>
  <material>
   Хлопок
  </material>
  <price>
   618556
  </price>
  <rating>
   3.99
  </rating>
  <reviews>
   391466
  </reviews>
  <new>
   +
  </new>
  <exclusive>
   yes
  </exclusive>
  <sporty>
   no
  </sporty>
 </clothing>
 <clothing>
  <id>
   993180991
  </id>
  <name>
   New Balance Pants R-6749
  </name>
  <category>
   Pants
  </category>
  <size>
   XL
  </size>
  <color>
   Зеленый
  </color>
  <material>
   Полиэстер
  </material>
  <price>
   221643
  </price>
  <rating>
   3.18
  </rating>
  <reviews>
   230510
  </reviews>
  <new>
   +
  </new>
  <exclusive>
   no
  </exclusive>
 </clothing>
 <clothing>
  <id>
   762515952
  </id>
  <name>
   Nike Gloves Y-5438
  </name>
  <category>
   Gloves
  </category>
  <size>
   XL
  </size>
  <color>
   Фиолетовый
  </color>
  <material>
   Шелк
  </material>
  <price>
   755205
  </price>
  <rating>
   2.58
  </rating>
  <reviews>
   878610
  </reviews>
  <exclusive>
   no
  </exclusive>
  <sporty>
   no
  </sporty>
 </clothing>
 <clothing>
  <id>
   750081212
  </id>
  <name>
   Fila Blouse X-5029
  </name>
  <category>
   Blouse
  </category>
  <size>
   XXL
  </size>
  <color>
   Голубой
  </color>
  <material>
   Нейлон
  </material>
  <price>
   354869
  </price>
  <rating>
   3.96
  </rating>
  <reviews>
   403230
  </reviews>
  <new>
   -
  </new>
  <exclusive>
   yes
  </exclusive>
  <sporty>
   no
  </sporty>
 </clothing>
 <clothing>
  <id>
   403914039
  </id>
  <name>
   Brooks Shoes W-8205
  </name>
  <category>
   Shoes
  </category>
  <size>
   S
  </size>
  <color>
   Синий
  </color>
  <material>
   Шелк
  </material>
  <price>
   737296
  </price>
  <rating>
   1.79
  </rating>
  <reviews>
   608002
  </reviews>
  <new>
   +
  </new>
  <sporty>
   no
  </sporty>
 </clothing>
 <clothing>
  <id>
   215381953
  </id>
  <name>
   Reebok Dress V-6432
  </name>
  <category>
   Dress
  </category>
  <size>
   XL
  </size>
  <color>
   Желтый
  </color>
  <material>
   Полиэстер
  </material>
  <price>
   727723
  </price>
  <rating>
   1.06
  </rating>
  <reviews>
   700626
  </reviews>
  <sporty>
   yes
  </sporty>
 </clothing>
</clothing-items>
