<?xml version="1.0" encoding="utf-8"?>
<clothing-items>
 <clothing>
  <id>
   448453616
  </id>
  <name>
   Under Armour Jacket W-1128
  </name>
  <category>
   Jacket
  </category>
  <size>
   XL
  </size>
  <color>
   Зеленый
  </color>
  <material>
   Кожа
  </material>
  <price>
   133096
  </price>
  <rating>
   2.13
  </rating>
  <reviews>
   765548
  </reviews>
  <new>
   -
  </new>
  <exclusive>
   no
  </exclusive>
  <sporty>
   no
  </sporty>
 </clothing>
 <clothing>
  <id>
   873368540
  </id>
  <name>
   Brooks Skirt Z-5451
  </name>
  <category>
   Skirt
  </category>
  <size>
   M
  </size>
  <color>
   Красный
  </color>
  <material>
   Хлопок
  </material>
  <price>
   394706
  </price>
  <rating>
   1.49
  </rating>
  <reviews>
   649502
  </reviews>
  <new>
   -
  </new>
  <exclusive>
   no
  </exclusive>
 </clothing>
 <clothing>
  <id>
   498766645
  </id>
  <name>
   Nike Shoes J-8227
  </name>
  <category>
   Shoes
  </category>
  <size>
   L
  </size>
  <color>
   Синий
  </color>
  <material>
   Нейлон
  </material>
  <price>
   671311
  </price>
  <rating>
   3.33
  </rating>
  <reviews>
   408353
  </reviews>
  <exclusive>
   no
  </exclusive>
  <sporty>
   no
  </sporty>
 </clothing>
 <clothing>
  <id>
   324433944
  </id>
  <name>
   Reebok Hat T-8030
  </name>
  <category>
   Hat
  </category>
  <size>
   XL
  </size>
  <color>
   Фиолетовый
  </color>
  <material>
   Шерсть
  </material>
  <price>
   976564
  </price>
  <rating>
   3.93
  </rating>
  <reviews>
   643294
  </reviews>
  <exclusive>
   yes
  </exclusive>
  <sporty>
   no
  </sporty>
 </clothing>
 <clothing>
  <id>
   944824145
  </id>
  <name>
   DC Blouse N-8976
  </name>
  <category>
   Blouse
  </category>
  <size>
   XL
  </size>
  <color>
   Синий
  </color>
  <material>
   Полиэстер
  </material>
  <price>
   144567
  </price>
  <rating>
   2.0
  </rating>
  <reviews>
   118309
  </reviews>
  <new>
   +
  </new>
  <sporty>
   no
  </sporty>
 </clothing>
 <clothing>
  <id>
   925444322
  </id>
  <name>
   Converse Belts P-2734
  </name>
  <category>
   Belts
  </category>
  <size>
   S
  </size>
  <color>
   Зеленый
  </color>
  <material>
   Лен
  </material>
  <price>
   771507
  </price>
  <rating>
   4.98
  </rating>
  <reviews>
   439791
  </reviews>
  <exclusive>
   no
  </exclusive>
 </clothing>
 <clothing>
  <id>
   705190609
  </id>
  <name>
   Vans Umbrellas C-8261
  </name>
  <category>
   Umbrellas
  </category>
  <size>
   L
  </size>
  <color>
   Оранжевый
  </color>
  <material>
   Вискоза
  </material>
  <price>
   182577
  </price>
  <rating>
   1.39
  </rating>
  <reviews>
   192498
  </reviews>
  <new>
   -
  </new>
  <sporty>
   no
  </sporty>
 </clothing>
 <clothing>
  <id>
   306052828
  </id>
  <name>
   Nike Belts V-9418
  </name>
  <category>
   Belts
  </category>
  <size>
   S
  </size>
  <color>
   Фиолетовый
  </color>
  <material>
   Полиэстер
  </material>
  <price>
   908876
  </price>
  <rating>
   1.03
  </rating>
  <reviews>
   678921
  </reviews>
  <new>
   +
  </new>
  <exclusive>
   no
  </exclusive>
  <sporty>
   no
  </sporty>
 </clothing>
 <clothing>
  <id>
   669093247
  </id>
  <name>
   Lacoste Gloves R-6936
  </name>
  <category>
   Gloves
  </category>
  <size>
   S
  </size>
  <color>
   Фиолетовый
  </color>
  <material>
   Шерсть
  </material>
  <price>
   672519
  </price>
  <rating>
   4.68
  </rating>
  <reviews>
   160073
  </reviews>
 </clothing>
 <clothing>
  <id>
   406516755
  </id>
  <name>
   Lacoste Dress Q-9928
  </name>
  <category>
   Dress
  </category>
  <size>
   S
  </size>
  <color>
   Фиолетовый
  </color>
  <material>
   Вискоза
  </material>
  <price>
   224046
  </price>
  <rating>
   1.67
  </rating>
  <reviews>
   798807
  </reviews>
  <new>
   -
  </new>
  <exclusive>
   yes
  </exclusive>
  <sporty>
   no
  </sporty>
 </clothing>
 <clothing>
  <id>
   186439167
  </id>
  <name>
   Ellesse Blouse B-7470
  </name>
  <category>
   Blouse
  </category>
  <size>
   L
  </size>
  <color>
   Оранжевый
  </color>
  <material>
   Нейлон
  </material>
  <price>
   216481
  </price>
  <rating>
   2.2
  </rating>
  <reviews>
   376679
  </reviews>
  <new>
   -
  </new>
 </clothing>
 <clothing>
  <id>
   488669962
  </id>
  <name>
   DC Blouse T-7611
  </name>
  <category>
   Blouse
  </category>
  <size>
   L
  </size>
  <color>
   Желтый
  </color>
  <material>
   Лен
  </material>
  <price>
   900944
  </price>
  <rating>
   2.35
  </rating>
  <reviews>
   735770
  </reviews>
  <new>
   -
  </new>
  <exclusive>
   no
  </exclusive>
  <sporty>
   no
  </sporty>
 </clothing>
 <clothing>
  <id>
   253187597
  </id>
  <name>
   Adidas Blouse O-1296
  </name>
  <category>
   Blouse
  </category>
  <size>
   XXL
  </size>
  <color>
   Зеленый
  </color>
  <material>
   Полиэстер
  </material>
  <price>
   176067
  </price>
  <rating>
   4.48
  </rating>
  <reviews>
   312399
  </reviews>
  <new>
   +
  </new>
  <exclusive>
   no
  </exclusive>
  <sporty>
   no
  </sporty>
 </clothing>
 <clothing>
  <id>
   839962021
  </id>
  <name>
   Reebok Pants M-2573
  </name>
  <category>
   Pants
  </category>
  <size>
   M
  </size>
  <color>
   Синий
  </color>
  <material>
   Шерсть
  </material>
  <price>
   401850
  </price>
  <rating>
   4.18
  </rating>
  <reviews>
   196957
  </reviews>
  <new>
   +
  </new>
  <exclusive>
   no
  </exclusive>
 </clothing>
 <clothing>
  <id>
   274649276
  </id>
  <name>
   Asics Jeans O-8982
  </name>
  <category>
   Jeans
  </category>
  <size>
   M
  </size>
  <color>
   Синий
  </color>
  <material>
   Нейлон
  </material>
  <price>
   160973
  </price>
  <rating>
   1.02
  </rating>
  <reviews>
   232220
  </reviews>
  <new>
   -
  </new>
  <sporty>
   no
  </sporty>
 </clothing>
 <clothing>
  <id>
   959298229
  </id>
  <name>
   PleinSport Shoes B-3613
  </name>
  <category>
   Shoes
  </category>
  <size>
   XL
  </size>
  <color>
   Оранжевый
  </color>
  <material>
   Шелк
  </material>
  <price>
   985392
  </price>
  <rating>
   2.34
  </rating>
  <reviews>
   766321
  </reviews>
  <new>
   -
  </new>
  <exclusive>
   no
  </exclusive>
 </clothing>
 <clothing>
  <id>
   682299775
  </id>
  <name>
   Converse Pants B-6113
  </name>
  <category>
   Pants
  </category>
  <size>
   XXL
  </size>
  <color>
   Желтый
  </color>
  <material>
   Лен
  </material>
  <price>
   328408
  </price>
  <rating>
   1.68
  </rating>
  <reviews>
   735111
  </reviews>
  <new>
   -
  </new>
  <exclusive>
   yes
  </exclusive>
 </clothing>
 <clothing>
  <id>
   994970936
  </id>
  <name>
   Nike Jeans D-2097
  </name>
  <category>
   Jeans
  </category>
  <size>
   XXL
  </size>
  <color>
   Синий
  </color>
  <material>
   Хлопок
  </material>
  <price>
   464415
  </price>
  <rating>
   3.93
  </rating>
  <reviews>
   694933
  </reviews>
  <new>
   -
  </new>
  <exclusive>
   no
  </exclusive>
 </clothing>
 <clothing>
  <id>
   662208122
  </id>
  <name>
   Vans Dress A-4498
  </name>
  <category>
   Dress
  </category>
  <size>
   XL
  </size>
  <color>
   Красный
  </color>
  <material>
   Полиэстер
  </material>
  <price>
   723407
  </price>
  <rating>
   2.68
  </rating>
  <reviews>
   663023
  </reviews>
  <exclusive>
   yes
  </exclusive>
  <sporty>
   no
  </sporty>
 </clothing>
 <clothing>
  <id>
   189916261
  </id>
  <name>
   Reebok Belts G-7664
  </name>
  <category>
   Belts
  </category>
  <size>
   S
  </size>
  <color>
   Синий
  </color>
  <material>
   Шелк
  </material>
  <price>
   765233
  </price>
  <rating>
   4.04
  </rating>
  <reviews>
   537547
  </reviews>
  <new>
   +
  </new>
  <sporty>
   yes
  </sporty>
 </clothing>
 <clothing>
  <id>
   900371131
  </id>
  <name>
   Adidas Shoes Z-3736
  </name>
  <category>
   Shoes
  </category>
  <size>
   S
  </size>
  <color>
   Красный
  </color>
  <material>
   Шерсть
  </material>
  <price>
   477338
  </price>
  <rating>
   1.19
  </rating>
  <reviews>
   513886
  </reviews>
  <exclusive>
   no
  </exclusive>
  <sporty>
   yes
  </sporty>
 </clothing>
 <clothing>
  <id>
   981042886
  </id>
  <name>
   Addidas Umbrellas M-2337
  </name>
  <category>
   Umbrellas
  </category>
  <size>
   XL
  </size>
  <color>
   Синий
  </color>
  <material>
   Нейлон
  </material>
  <price>
   348678
  </price>
  <rating>
   1.65
  </rating>
  <reviews>
   403394
  </reviews>
  <new>
   +
  </new>
  <exclusive>
   no
  </exclusive>
 </clothing>
 <clothing>
  <id>
   407581027
  </id>
  <name>
   Nike T-shirt N-1692
  </name>
  <category>
   T-shirt
  </category>
  <size>
   M
  </size>
  <color>
   Голубой
  </color>
  <material>
   Хлопок
  </material>
  <price>
   660285
  </price>
  <rating>
   3.54
  </rating>
  <reviews>
   970600
  </reviews>
  <sporty>
   no
  </sporty>
 </clothing>
 <clothing>
  <id>
   758707594
  </id>
  <name>
   Nike Jacket O-6820
  </name>
  <category>
   Jacket
  </category>
  <size>
   L
  </size>
  <color>
   Желтый
  </color>
  <material>
   Шерсть
  </material>
  <price>
   182743
  </price>
  <rating>
   3.08
  </rating>
  <reviews>
   293336
  </reviews>
  <sporty>
   no
  </sporty>
 </clothing>
 <clothing>
  <id>
   480037525
  </id>
  <name>
   Ellesse Shoes E-4288
  </name>
  <category>
   Shoes
  </category>
  <size>
   XXL
  </size>
  <color>
   Красный
  </color>
  <material>
   Хлопок
  </material>
  <price>
   980014
  </price>
  <rating>
   1.83
  </rating>
  <reviews>
   539103
  </reviews>
  <new>
   +
  </new>
  <sporty>
   yes
  </sporty>
 </clothing>
 <clothing>
  <id>
   576725789
  </id>
  <name>
   Ellesse Skirt D-3630
  </name>
  <category>
   Skirt
  </category>
  <size>
   L
  </size>
  <color>
   Синий
  </color>
  <material>
   Кожа
  </material>
  <price>
   164292
  </price>
  <rating>
   2.97
  </rating>
  <reviews>
   723014
  </reviews>
  <new>
   +
  </new>
  <exclusive>
   yes
  </exclusive>
 </clothing>
 <clothing>
  <id>
   613003454
  </id>
  <name>
   Puma Jacket K-4522
  </name>
  <category>
   Jacket
  </category>
  <size>
   L
  </size>
  <color>
   Синий
  </color>
  <material>
   Шелк
  </material>
  <price>
   789575
  </price>
  <rating>
   4.49
  </rating>
  <reviews>
   313854
  </reviews>
  <new>
   -
  </new>
  <exclusive>
   no
  </exclusive>
  <sporty>
   yes
  </sporty>
 </clothing>
 <clothing>
  <id>
   468041132
  </id>
  <name>
   Reebok Hat Y-7709
  </name>
  <category>
   Hat
  </category>
  <size>
   S
  </size>
  <color>
   Оранжевый
  </color>
  <material>
   Лен
  </material>
  <price>
   718104
  </price>
  <rating>
   3.23
  </rating>
  <reviews>
   929933
  </reviews>
  <new>
   -
  </new>
  <sporty>
   yes
  </sporty>
 </clothing>
 <clothing>
  <id>
   712749003
  </id>
  <name>
   Puma Socks Y-3281
  </name>
  <category>
   Socks
  </category>
  <size>
   M
  </size>
  <color>
   Голубой
  </color>
  <material>
   Шерсть
  </material>
  <price>
   891155
  </price>
  <rating>
   2.45
  </rating>
  <reviews>
   956073
  </reviews>
  <exclusive>
   yes
  </exclusive>
 </clothing>
 <clothing>
  <id>
   770656140
  </id>
  <name>
   Puma Dress O-3707
  </name>
  <category>
   Dress
  </category>
  <size>
   XXL
  </size>
  <color>
   Зеленый
  </color>
  <material>
   Полиэстер
  </material>
  <price>
   187910
  </price>
  <rating>
   1.33
  </rating>
  <reviews>
   687093
  </reviews>
  <new>
   -
  </new>
  <exclusive>
   no
  </exclusive>
 </clothing>
 <clothing>
  <id>
   190233059
  </id>
  <name>
   Ellesse Belts A-1943
  </name>
  <category>
   Belts
  </category>
  <size>
   XL
  </size>
  <color>
   Оранжевый
  </color>
  <material>
   Хлопок
  </material>
  <price>
   565207
  </price>
  <rating>
   4.43
  </rating>
  <reviews>
   172374
  </reviews>
  <new>
   +
  </new>
  <exclusive>
   yes
  </exclusive>
  <sporty>
   yes
  </sporty>
 </clothing>
 <clothing>
  <id>
   921033528
  </id>
  <name>
   Fila Belts I-5017
  </name>
  <category>
   Belts
  </category>
  <size>
   L
  </size>
  <color>
   Зеленый
  </color>
  <material>
   Нейлон
  </material>
  <price>
   436698
  </price>
  <rating>
   2.41
  </rating>
  <reviews>
   88619
  </reviews>
  <new>
   -
  </new>
 </clothing>
 <clothing>
  <id>
   431401624
  </id>
  <name>
   Lacoste Shoes J-2404
  </name>
  <category>
   Shoes
  </category>
  <size>
   L
  </size>
  <color>
   Голубой
  </color>
  <material>
   Полиэстер
  </material>
  <price>
   253742
  </price>
  <rating>
   3.06
  </rating>
  <reviews>
   518373
  </reviews>
 </clothing>
 <clothing>
  <id>
   837973993
  </id>
  <name>
   Converse Blouse P-7001
  </name>
  <category>
   Blouse
  </category>
  <size>
   XL
  </size>
  <color>
   Красный
  </color>
  <material>
   Полиэстер
  </material>
  <price>
   241507
  </price>
  <rating>
   3.9
  </rating>
  <reviews>
   135500
  </reviews>
  <new>
   +
  </new>
  <exclusive>
   yes
  </exclusive>
 </clothing>
 <clothing>
  <id>
   123131800
  </id>
  <name>
   Converse Socks L-9906
  </name>
  <category>
   Socks
  </category>
  <size>
   M
  </size>
  <color>
   Синий
  </color>
  <material>
   Полиэстер
  </material>
  <price>
   909267
  </price>
  <rating>
   4.9
  </rating>
  <reviews>
   236678
  </reviews>
  <new>
   +
  </new>
 </clothing>
 <clothing>
  <id>
   709584718
  </id>
  <name>
   Puma Umbrellas I-8838
  </name>
  <category>
   Umbrellas
  </category>
  <size>
   M
  </size>
  <color>
   Голубой
  </color>
  <material>
   Шелк
  </material>
  <price>
   388523
  </price>
  <rating>
   1.64
  </rating>
  <reviews>
   665260
  </reviews>
  <sporty>
   yes
  </sporty>
 </clothing>
 <clothing>
  <id>
   640113209
  </id>
  <name>
   PleinSport Gloves D-8671
  </name>
  <category>
   Gloves
  </category>
  <size>
   XL
  </size>
  <color>
   Голубой
  </color>
  <material>
   Кожа
  </material>
  <price>
   718398
  </price>
  <rating>
   2.58
  </rating>
  <reviews>
   102542
  </reviews>
  <new>
   -
  </new>
  <exclusive>
   no
  </exclusive>
  <sporty>
   no
  </sporty>
 </clothing>
</clothing-items>
