<?xml version="1.0" encoding="utf-8"?>
<clothing-items>
 <clothing>
  <id>
   642275042
  </id>
  <name>
   Vans Gloves Q-1671
  </name>
  <category>
   Gloves
  </category>
  <size>
   XL
  </size>
  <color>
   Синий
  </color>
  <material>
   Шерсть
  </material>
  <price>
   574718
  </price>
  <rating>
   2.74
  </rating>
  <reviews>
   117547
  </reviews>
  <exclusive>
   yes
  </exclusive>
 </clothing>
 <clothing>
  <id>
   230146708
  </id>
  <name>
   Adidas Umbrellas S-5711
  </name>
  <category>
   Umbrellas
  </category>
  <size>
   XXL
  </size>
  <color>
   Голубой
  </color>
  <material>
   Вискоза
  </material>
  <price>
   454356
  </price>
  <rating>
   1.66
  </rating>
  <reviews>
   584693
  </reviews>
  <new>
   +
  </new>
  <exclusive>
   no
  </exclusive>
  <sporty>
   yes
  </sporty>
 </clothing>
 <clothing>
  <id>
   948238472
  </id>
  <name>
   PleinSport Gloves A-1051
  </name>
  <category>
   Gloves
  </category>
  <size>
   S
  </size>
  <color>
   Желтый
  </color>
  <material>
   Хлопок
  </material>
  <price>
   192956
  </price>
  <rating>
   4.34
  </rating>
  <reviews>
   278112
  </reviews>
  <new>
   -
  </new>
  <exclusive>
   yes
  </exclusive>
 </clothing>
 <clothing>
  <id>
   301826182
  </id>
  <name>
   PleinSport Dress H-3281
  </name>
  <category>
   Dress
  </category>
  <size>
   XXL
  </size>
  <color>
   Оранжевый
  </color>
  <material>
   Шелк
  </material>
  <price>
   149111
  </price>
  <rating>
   3.08
  </rating>
  <reviews>
   535883
  </reviews>
  <new>
   +
  </new>
  <exclusive>
   no
  </exclusive>
  <sporty>
   no
  </sporty>
 </clothing>
 <clothing>
  <id>
   315633848
  </id>
  <name>
   Vans Handbags M-9229
  </name>
  <category>
   Handbags
  </category>
  <size>
   M
  </size>
  <color>
   Голубой
  </color>
  <material>
   Шелк
  </material>
  <price>
   951814
  </price>
  <rating>
   3.7
  </rating>
  <reviews>
   526173
  </reviews>
  <exclusive>
   no
  </exclusive>
  <sporty>
   no
  </sporty>
 </clothing>
 <clothing>
  <id>
   812537670
  </id>
  <name>
   Converse Gloves F-6454
  </name>
  <category>
   Gloves
  </category>
  <size>
   XXL
  </size>
  <color>
   Зеленый
  </color>
  <material>
   Кожа
  </material>
  <price>
   618775
  </price>
  <rating>
   3.51
  </rating>
  <reviews>
   6350
  </reviews>
  <exclusive>
   yes
  </exclusive>
 </clothing>
 <clothing>
  <id>
   440139496
  </id>
  <name>
   Reebok Handbags Q-5202
  </name>
  <category>
   Handbags
  </category>
  <size>
   S
  </size>
  <color>
   Красный
  </color>
  <material>
   Кожа
  </material>
  <price>
   973625
  </price>
  <rating>
   3.7
  </rating>
  <reviews>
   957166
  </reviews>
  <sporty>
   yes
  </sporty>
 </clothing>
 <clothing>
  <id>
   255118656
  </id>
  <name>
   Nike Socks B-9245
  </name>
  <category>
   Socks
  </category>
  <size>
   L
  </size>
  <color>
   Фиолетовый
  </color>
  <material>
   Нейлон
  </material>
  <price>
   380530
  </price>
  <rating>
   1.95
  </rating>
  <reviews>
   94259
  </reviews>
  <new>
   +
  </new>
  <exclusive>
   no
  </exclusive>
 </clothing>
 <clothing>
  <id>
   167419235
  </id>
  <name>
   Brooks Shirt Z-7718
  </name>
  <category>
   Shirt
  </category>
  <size>
   L
  </size>
  <color>
   Желтый
  </color>
  <material>
   Лен
  </material>
  <price>
   613648
  </price>
  <rating>
   1.39
  </rating>
  <reviews>
   536290
  </reviews>
  <new>
   -
  </new>
  <exclusive>
   no
  </exclusive>
 </clothing>
 <clothing>
  <id>
   893914187
  </id>
  <name>
   New Balance Shoes M-5528
  </name>
  <category>
   Shoes
  </category>
  <size>
   XXL
  </size>
  <color>
   Голубой
  </color>
  <material>
   Кожа
  </material>
  <price>
   219907
  </price>
  <rating>
   3.33
  </rating>
  <reviews>
   124387
  </reviews>
 </clothing>
 <clothing>
  <id>
   128434001
  </id>
  <name>
   Under Armour Blouse U-6763
  </name>
  <category>
   Blouse
  </category>
  <size>
   S
  </size>
  <color>
   Голубой
  </color>
  <material>
   Шерсть
  </material>
  <price>
   256610
  </price>
  <rating>
   2.05
  </rating>
  <reviews>
   193152
  </reviews>
  <new>
   +
  </new>
  <exclusive>
   yes
  </exclusive>
 </clothing>
 <clothing>
  <id>
   335477406
  </id>
  <name>
   Reebok Hat C-9982
  </name>
  <category>
   Hat
  </category>
  <size>
   XL
  </size>
  <color>
   Голубой
  </color>
  <material>
   Хлопок
  </material>
  <price>
   141878
  </price>
  <rating>
   1.79
  </rating>
  <reviews>
   791508
  </reviews>
  <new>
   -
  </new>
 </clothing>
 <clothing>
  <id>
   615238068
  </id>
  <name>
   Fila Umbrellas Z-3392
  </name>
  <category>
   Umbrellas
  </category>
  <size>
   L
  </size>
  <color>
   Красный
  </color>
  <material>
   Хлопок
  </material>
  <price>
   125902
  </price>
  <rating>
   3.0
  </rating>
  <reviews>
   755266
  </reviews>
  <new>
   -
  </new>
  <sporty>
   yes
  </sporty>
 </clothing>
 <clothing>
  <id>
   922087587
  </id>
  <name>
   Asics Pants L-7973
  </name>
  <category>
   Pants
  </category>
  <size>
   XXL
  </size>
  <color>
   Голубой
  </color>
  <material>
   Шелк
  </material>
  <price>
   988293
  </price>
  <rating>
   1.44
  </rating>
  <reviews>
   386493
  </reviews>
  <exclusive>
   yes
  </exclusive>
 </clothing>
 <clothing>
  <id>
   234058177
  </id>
  <name>
   Reebok Umbrellas B-5127
  </name>
  <category>
   Umbrellas
  </category>
  <size>
   S
  </size>
  <color>
   Голубой
  </color>
  <material>
   Шелк
  </material>
  <price>
   576981
  </price>
  <rating>
   1.49
  </rating>
  <reviews>
   532316
  </reviews>
  <exclusive>
   yes
  </exclusive>
  <sporty>
   no
  </sporty>
 </clothing>
 <clothing>
  <id>
   415989677
  </id>
  <name>
   Addidas T-shirt I-1585
  </name>
  <category>
   T-shirt
  </category>
  <size>
   M
  </size>
  <color>
   Оранжевый
  </color>
  <material>
   Шелк
  </material>
  <price>
   522778
  </price>
  <rating>
   3.97
  </rating>
  <reviews>
   668260
  </reviews>
  <exclusive>
   yes
  </exclusive>
 </clothing>
 <clothing>
  <id>
   155265625
  </id>
  <name>
   Ellesse Socks E-4818
  </name>
  <category>
   Socks
  </category>
  <size>
   M
  </size>
  <color>
   Оранжевый
  </color>
  <material>
   Шерсть
  </material>
  <price>
   728579
  </price>
  <rating>
   2.53
  </rating>
  <reviews>
   467172
  </reviews>
  <exclusive>
   yes
  </exclusive>
  <sporty>
   no
  </sporty>
 </clothing>
 <clothing>
  <id>
   742855185
  </id>
  <name>
   Vans Belts M-8194
  </name>
  <category>
   Belts
  </category>
  <size>
   XL
  </size>
  <color>
   Красный
  </color>
  <material>
   Полиэстер
  </material>
  <price>
   951433
  </price>
  <rating>
   3.9
  </rating>
  <reviews>
   256644
  </reviews>
  <new>
   -
  </new>
  <sporty>
   no
  </sporty>
 </clothing>
 <clothing>
  <id>
   444001083
  </id>
  <name>
   Asics Blouse G-3120
  </name>
  <category>
   Blouse
  </category>
  <size>
   XXL
  </size>
  <color>
   Фиолетовый
  </color>
  <material>
   Шелк
  </material>
  <price>
   395567
  </price>
  <rating>
   2.45
  </rating>
  <reviews>
   697600
  </reviews>
 </clothing>
 <clothing>
  <id>
   206049898
  </id>
  <name>
   Vans Hat Q-2713
  </name>
  <category>
   Hat
  </category>
  <size>
   XL
  </size>
  <color>
   Фиолетовый
  </color>
  <material>
   Лен
  </material>
  <price>
   742883
  </price>
  <rating>
   3.8
  </rating>
  <reviews>
   676274
  </reviews>
  <exclusive>
   no
  </exclusive>
  <sporty>
   no
  </sporty>
 </clothing>
 <clothing>
  <id>
   872397450
  </id>
  <name>
   Puma Jacket M-9228
  </name>
  <category>
   Jacket
  </category>
  <size>
   S
  </size>
  <color>
   Голубой
  </color>
  <material>
   Шерсть
  </material>
  <price>
   696069
  </price>
  <rating>
   3.71
  </rating>
  <reviews>
   809422
  </reviews>
  <new>
   -
  </new>
  <sporty>
   yes
  </sporty>
 </clothing>
 <clothing>
  <id>
   344062280
  </id>
  <name>
   PleinSport Pants T-8055
  </name>
  <category>
   Pants
  </category>
  <size>
   L
  </size>
  <color>
   Оранжевый
  </color>
  <material>
   Хлопок
  </material>
  <price>
   230978
  </price>
  <rating>
   2.16
  </rating>
  <reviews>
   887855
  </reviews>
  <new>
   -
  </new>
  <exclusive>
   no
  </exclusive>
  <sporty>
   no
  </sporty>
 </clothing>
 <clothing>
  <id>
   426083201
  </id>
  <name>
   Fila Jacket Z-2918
  </name>
  <category>
   Jacket
  </category>
  <size>
   XL
  </size>
  <color>
   Красный
  </color>
  <material>
   Полиэстер
  </material>
  <price>
   733931
  </price>
  <rating>
   4.13
  </rating>
  <reviews>
   246153
  </reviews>
  <new>
   +
  </new>
  <exclusive>
   no
  </exclusive>
 </clothing>
 <clothing>
  <id>
   342859322
  </id>
  <name>
   DC Socks D-8767
  </name>
  <category>
   Socks
  </category>
  <size>
   XXL
  </size>
  <color>
   Красный
  </color>
  <material>
   Лен
  </material>
  <price>
   555946
  </price>
  <rating>
   2.39
  </rating>
  <reviews>
   571506
  </reviews>
  <exclusive>
   no
  </exclusive>
 </clothing>
 <clothing>
  <id>
   739974516
  </id>
  <name>
   Converse T-shirt S-6068
  </name>
  <category>
   T-shirt
  </category>
  <size>
   L
  </size>
  <color>
   Голубой
  </color>
  <material>
   Лен
  </material>
  <price>
   380800
  </price>
  <rating>
   3.42
  </rating>
  <reviews>
   352213
  </reviews>
  <exclusive>
   no
  </exclusive>
  <sporty>
   no
  </sporty>
 </clothing>
 <clothing>
  <id>
   610377284
  </id>
  <name>
   New Balance Umbrellas X-3962
  </name>
  <category>
   Umbrellas
  </category>
  <size>
   S
  </size>
  <color>
   Желтый
  </color>
  <material>
   Полиэстер
  </material>
  <price>
   684786
  </price>
  <rating>
   4.4
  </rating>
  <reviews>
   809974
  </reviews>
  <exclusive>
   no
  </exclusive>
 </clothing>
 <clothing>
  <id>
   549194162
  </id>
  <name>
   New Balance Gloves R-4093
  </name>
  <category>
   Gloves
  </category>
  <size>
   L
  </size>
  <color>
   Фиолетовый
  </color>
  <material>
   Вискоза
  </material>
  <price>
   794821
  </price>
  <rating>
   2.33
  </rating>
  <reviews>
   73272
  </reviews>
  <exclusive>
   yes
  </exclusive>
 </clothing>
 <clothing>
  <id>
   893263547
  </id>
  <name>
   Brooks Jacket N-3085
  </name>
  <category>
   Jacket
  </category>
  <size>
   M
  </size>
  <color>
   Голубой
  </color>
  <material>
   Нейлон
  </material>
  <price>
   833999
  </price>
  <rating>
   4.55
  </rating>
  <reviews>
   392553
  </reviews>
  <new>
   -
  </new>
  <exclusive>
   yes
  </exclusive>
 </clothing>
 <clothing>
  <id>
   690053584
  </id>
  <name>
   Under Armour Socks H-9073
  </name>
  <category>
   Socks
  </category>
  <size>
   M
  </size>
  <color>
   Голубой
  </color>
  <material>
   Шерсть
  </material>
  <price>
   795020
  </price>
  <rating>
   1.33
  </rating>
  <reviews>
   942204
  </reviews>
  <new>
   -
  </new>
  <exclusive>
   yes
  </exclusive>
 </clothing>
 <clothing>
  <id>
   113365993
  </id>
  <name>
   Fila Blouse O-9274
  </name>
  <category>
   Blouse
  </category>
  <size>
   S
  </size>
  <color>
   Синий
  </color>
  <material>
   Нейлон
  </material>
  <price>
   881312
  </price>
  <rating>
   4.23
  </rating>
  <reviews>
   720987
  </reviews>
  <new>
   -
  </new>
 </clothing>
 <clothing>
  <id>
   725092388
  </id>
  <name>
   Asics Hat G-7613
  </name>
  <category>
   Hat
  </category>
  <size>
   XL
  </size>
  <color>
   Зеленый
  </color>
  <material>
   Шерсть
  </material>
  <price>
   947704
  </price>
  <rating>
   2.61
  </rating>
  <reviews>
   218992
  </reviews>
  <new>
   -
  </new>
 </clothing>
 <clothing>
  <id>
   520648131
  </id>
  <name>
   Lacoste Shoes S-4185
  </name>
  <category>
   Shoes
  </category>
  <size>
   XL
  </size>
  <color>
   Оранжевый
  </color>
  <material>
   Кожа
  </material>
  <price>
   648834
  </price>
  <rating>
   3.9
  </rating>
  <reviews>
   369908
  </reviews>
  <new>
   +
  </new>
  <exclusive>
   yes
  </exclusive>
  <sporty>
   yes
  </sporty>
 </clothing>
 <clothing>
  <id>
   200053577
  </id>
  <name>
   Vans T-shirt M-5644
  </name>
  <category>
   T-shirt
  </category>
  <size>
   XXL
  </size>
  <color>
   Зеленый
  </color>
  <material>
   Полиэстер
  </material>
  <price>
   343170
  </price>
  <rating>
   1.95
  </rating>
  <reviews>
   602745
  </reviews>
 </clothing>
 <clothing>
  <id>
   258903089
  </id>
  <name>
   Under Armour Shirt J-2550
  </name>
  <category>
   Shirt
  </category>
  <size>
   L
  </size>
  <color>
   Оранжевый
  </color>
  <material>
   Шелк
  </material>
  <price>
   354466
  </price>
  <rating>
   3.62
  </rating>
  <reviews>
   713316
  </reviews>
  <new>
   -
  </new>
  <sporty>
   no
  </sporty>
 </clothing>
 <clothing>
  <id>
   692083572
  </id>
  <name>
   Ellesse Shoes C-8492
  </name>
  <category>
   Shoes
  </category>
  <size>
   M
  </size>
  <color>
   Красный
  </color>
  <material>
   Вискоза
  </material>
  <price>
   233584
  </price>
  <rating>
   2.68
  </rating>
  <reviews>
   245855
  </reviews>
 </clothing>
 <clothing>
  <id>
   198119831
  </id>
  <name>
   Vans Skirt Q-9905
  </name>
  <category>
   Skirt
  </category>
  <size>
   XXL
  </size>
  <color>
   Оранжевый
  </color>
  <material>
   Вискоза
  </material>
  <price>
   944888
  </price>
  <rating>
   4.88
  </rating>
  <reviews>
   770943
  </reviews>
  <exclusive>
   no
  </exclusive>
  <sporty>
   no
  </sporty>
 </clothing>
 <clothing>
  <id>
   367655850
  </id>
  <name>
   PleinSport Hat N-2129
  </name>
  <category>
   Hat
  </category>
  <size>
   M
  </size>
  <color>
   Синий
  </color>
  <material>
   Кожа
  </material>
  <price>
   328088
  </price>
  <rating>
   3.83
  </rating>
  <reviews>
   240215
  </reviews>
 </clothing>
 <clothing>
  <id>
   785302602
  </id>
  <name>
   New Balance Blouse Z-9402
  </name>
  <category>
   Blouse
  </category>
  <size>
   M
  </size>
  <color>
   Желтый
  </color>
  <material>
   Кожа
  </material>
  <price>
   477115
  </price>
  <rating>
   3.3
  </rating>
  <reviews>
   280132
  </reviews>
  <exclusive>
   yes
  </exclusive>
  <sporty>
   yes
  </sporty>
 </clothing>
 <clothing>
  <id>
   309176189
  </id>
  <name>
   Asics Umbrellas N-3080
  </name>
  <category>
   Umbrellas
  </category>
  <size>
   XXL
  </size>
  <color>
   Оранжевый
  </color>
  <material>
   Хлопок
  </material>
  <price>
   872525
  </price>
  <rating>
   1.23
  </rating>
  <reviews>
   502002
  </reviews>
  <new>
   -
  </new>
  <exclusive>
   no
  </exclusive>
  <sporty>
   no
  </sporty>
 </clothing>
 <clothing>
  <id>
   986803105
  </id>
  <name>
   DC Umbrellas K-9063
  </name>
  <category>
   Umbrellas
  </category>
  <size>
   S
  </size>
  <color>
   Голубой
  </color>
  <material>
   Шерсть
  </material>
  <price>
   792006
  </price>
  <rating>
   3.23
  </rating>
  <reviews>
   598529
  </reviews>
 </clothing>
 <clothing>
  <id>
   264106744
  </id>
  <name>
   Asics Shoes D-9049
  </name>
  <category>
   Shoes
  </category>
  <size>
   XXL
  </size>
  <color>
   Фиолетовый
  </color>
  <material>
   Шелк
  </material>
  <price>
   872089
  </price>
  <rating>
   1.26
  </rating>
  <reviews>
   297640
  </reviews>
  <exclusive>
   no
  </exclusive>
 </clothing>
 <clothing>
  <id>
   417450005
  </id>
  <name>
   Lacoste Pants B-8016
  </name>
  <category>
   Pants
  </category>
  <size>
   M
  </size>
  <color>
   Зеленый
  </color>
  <material>
   Хлопок
  </material>
  <price>
   447444
  </price>
  <rating>
   1.31
  </rating>
  <reviews>
   245630
  </reviews>
  <new>
   -
  </new>
  <exclusive>
   yes
  </exclusive>
 </clothing>
 <clothing>
  <id>
   697029685
  </id>
  <name>
   Ellesse Shoes D-5928
  </name>
  <category>
   Shoes
  </category>
  <size>
   XL
  </size>
  <color>
   Оранжевый
  </color>
  <material>
   Нейлон
  </material>
  <price>
   543296
  </price>
  <rating>
   1.87
  </rating>
  <reviews>
   180478
  </reviews>
  <exclusive>
   yes
  </exclusive>
  <sporty>
   yes
  </sporty>
 </clothing>
 <clothing>
  <id>
   248985637
  </id>
  <name>
   DC Belts I-7004
  </name>
  <category>
   Belts
  </category>
  <size>
   XXL
  </size>
  <color>
   Зеленый
  </color>
  <material>
   Кожа
  </material>
  <price>
   661285
  </price>
  <rating>
   2.09
  </rating>
  <reviews>
   471006
  </reviews>
  <new>
   +
  </new>
  <exclusive>
   no
  </exclusive>
  <sporty>
   no
  </sporty>
 </clothing>
 <clothing>
  <id>
   724242197
  </id>
  <name>
   Nike Sweater S-6773
  </name>
  <category>
   Sweater
  </category>
  <size>
   L
  </size>
  <color>
   Фиолетовый
  </color>
  <material>
   Лен
  </material>
  <price>
   605437
  </price>
  <rating>
   1.74
  </rating>
  <reviews>
   559668
  </reviews>
  <new>
   +
  </new>
  <exclusive>
   no
  </exclusive>
  <sporty>
   yes
  </sporty>
 </clothing>
 <clothing>
  <id>
   682031489
  </id>
  <name>
   Under Armour Pants C-5627
  </name>
  <category>
   Pants
  </category>
  <size>
   L
  </size>
  <color>
   Фиолетовый
  </color>
  <material>
   Шелк
  </material>
  <price>
   794837
  </price>
  <rating>
   4.55
  </rating>
  <reviews>
   486842
  </reviews>
  <new>
   +
  </new>
  <sporty>
   yes
  </sporty>
 </clothing>
 <clothing>
  <id>
   312716928
  </id>
  <name>
   Puma Handbags E-9913
  </name>
  <category>
   Handbags
  </category>
  <size>
   M
  </size>
  <color>
   Оранжевый
  </color>
  <material>
   Шелк
  </material>
  <price>
   299385
  </price>
  <rating>
   4.34
  </rating>
  <reviews>
   397089
  </reviews>
  <new>
   +
  </new>
  <exclusive>
   no
  </exclusive>
 </clothing>
 <clothing>
  <id>
   687962214
  </id>
  <name>
   Nike Shoes U-2496
  </name>
  <category>
   Shoes
  </category>
  <size>
   L
  </size>
  <color>
   Фиолетовый
  </color>
  <material>
   Хлопок
  </material>
  <price>
   152575
  </price>
  <rating>
   3.01
  </rating>
  <reviews>
   57568
  </reviews>
  <new>
   +
  </new>
  <exclusive>
   yes
  </exclusive>
 </clothing>
</clothing-items>
