<?xml version="1.0" encoding="utf-8"?>
<clothing-items>
 <clothing>
  <id>
   434600373
  </id>
  <name>
   Reebok Shoes M-2770
  </name>
  <category>
   Shoes
  </category>
  <size>
   XL
  </size>
  <color>
   Желтый
  </color>
  <material>
   Вискоза
  </material>
  <price>
   690029
  </price>
  <rating>
   4.37
  </rating>
  <reviews>
   1102
  </reviews>
  <exclusive>
   no
  </exclusive>
  <sporty>
   yes
  </sporty>
 </clothing>
 <clothing>
  <id>
   204576587
  </id>
  <name>
   Asics Belts E-2311
  </name>
  <category>
   Belts
  </category>
  <size>
   S
  </size>
  <color>
   Синий
  </color>
  <material>
   Шерсть
  </material>
  <price>
   397889
  </price>
  <rating>
   2.07
  </rating>
  <reviews>
   492151
  </reviews>
  <new>
   -
  </new>
 </clothing>
 <clothing>
  <id>
   842222272
  </id>
  <name>
   Puma Hat B-5224
  </name>
  <category>
   Hat
  </category>
  <size>
   S
  </size>
  <color>
   Оранжевый
  </color>
  <material>
   Хлопок
  </material>
  <price>
   159621
  </price>
  <rating>
   3.76
  </rating>
  <reviews>
   351289
  </reviews>
  <new>
   +
  </new>
  <exclusive>
   no
  </exclusive>
 </clothing>
 <clothing>
  <id>
   246664814
  </id>
  <name>
   Brooks Belts U-1392
  </name>
  <category>
   Belts
  </category>
  <size>
   M
  </size>
  <color>
   Голубой
  </color>
  <material>
   Кожа
  </material>
  <price>
   872957
  </price>
  <rating>
   1.25
  </rating>
  <reviews>
   409459
  </reviews>
  <new>
   -
  </new>
  <exclusive>
   yes
  </exclusive>
  <sporty>
   yes
  </sporty>
 </clothing>
 <clothing>
  <id>
   453973184
  </id>
  <name>
   Nike Pants D-9335
  </name>
  <category>
   Pants
  </category>
  <size>
   XL
  </size>
  <color>
   Оранжевый
  </color>
  <material>
   Вискоза
  </material>
  <price>
   975047
  </price>
  <rating>
   1.06
  </rating>
  <reviews>
   346925
  </reviews>
  <new>
   +
  </new>
  <sporty>
   no
  </sporty>
 </clothing>
 <clothing>
  <id>
   139012068
  </id>
  <name>
   DC Gloves Q-9064
  </name>
  <category>
   Gloves
  </category>
  <size>
   M
  </size>
  <color>
   Синий
  </color>
  <material>
   Полиэстер
  </material>
  <price>
   693879
  </price>
  <rating>
   4.19
  </rating>
  <reviews>
   132357
  </reviews>
  <new>
   -
  </new>
  <sporty>
   no
  </sporty>
 </clothing>
 <clothing>
  <id>
   364750833
  </id>
  <name>
   Asics Shoes M-5479
  </name>
  <category>
   Shoes
  </category>
  <size>
   XL
  </size>
  <color>
   Фиолетовый
  </color>
  <material>
   Шелк
  </material>
  <price>
   540066
  </price>
  <rating>
   1.67
  </rating>
  <reviews>
   327959
  </reviews>
 </clothing>
 <clothing>
  <id>
   618604740
  </id>
  <name>
   Nike Belts A-4602
  </name>
  <category>
   Belts
  </category>
  <size>
   L
  </size>
  <color>
   Оранжевый
  </color>
  <material>
   Шелк
  </material>
  <price>
   148047
  </price>
  <rating>
   3.97
  </rating>
  <reviews>
   351479
  </reviews>
  <new>
   +
  </new>
 </clothing>
 <clothing>
  <id>
   193642357
  </id>
  <name>
   New Balance Shoes F-6552
  </name>
  <category>
   Shoes
  </category>
  <size>
   S
  </size>
  <color>
   Синий
  </color>
  <material>
   Шелк
  </material>
  <price>
   698692
  </price>
  <rating>
   3.7
  </rating>
  <reviews>
   429344
  </reviews>
  <new>
   -
  </new>
  <sporty>
   no
  </sporty>
 </clothing>
 <clothing>
  <id>
   529273464
  </id>
  <name>
   PleinSport Blouse M-6672
  </name>
  <category>
   Blouse
  </category>
  <size>
   XXL
  </size>
  <color>
   Красный
  </color>
  <material>
   Нейлон
  </material>
  <price>
   783768
  </price>
  <rating>
   3.55
  </rating>
  <reviews>
   637023
  </reviews>
  <new>
   -
  </new>
  <exclusive>
   no
  </exclusive>
  <sporty>
   yes
  </sporty>
 </clothing>
 <clothing>
  <id>
   401721357
  </id>
  <name>
   Converse Hat P-4447
  </name>
  <category>
   Hat
  </category>
  <size>
   L
  </size>
  <color>
   Фиолетовый
  </color>
  <material>
   Нейлон
  </material>
  <price>
   256705
  </price>
  <rating>
   2.78
  </rating>
  <reviews>
   37530
  </reviews>
  <exclusive>
   no
  </exclusive>
  <sporty>
   yes
  </sporty>
 </clothing>
 <clothing>
  <id>
   163378932
  </id>
  <name>
   PleinSport Belts C-6551
  </name>
  <category>
   Belts
  </category>
  <size>
   M
  </size>
  <color>
   Оранжевый
  </color>
  <material>
   Шерсть
  </material>
  <price>
   305877
  </price>
  <rating>
   3.64
  </rating>
  <reviews>
   377384
  </reviews>
  <new>
   -
  </new>
  <exclusive>
   yes
  </exclusive>
 </clothing>
 <clothing>
  <id>
   715321352
  </id>
  <name>
   DC Blouse A-4397
  </name>
  <category>
   Blouse
  </category>
  <size>
   M
  </size>
  <color>
   Оранжевый
  </color>
  <material>
   Шелк
  </material>
  <price>
   298014
  </price>
  <rating>
   2.54
  </rating>
  <reviews>
   810650
  </reviews>
  <new>
   -
  </new>
  <exclusive>
   no
  </exclusive>
  <sporty>
   no
  </sporty>
 </clothing>
 <clothing>
  <id>
   423316425
  </id>
  <name>
   Nike Dress C-2101
  </name>
  <category>
   Dress
  </category>
  <size>
   S
  </size>
  <color>
   Синий
  </color>
  <material>
   Полиэстер
  </material>
  <price>
   472884
  </price>
  <rating>
   4.78
  </rating>
  <reviews>
   523065
  </reviews>
  <new>
   -
  </new>
 </clothing>
 <clothing>
  <id>
   163991953
  </id>
  <name>
   Lacoste Sweater B-9353
  </name>
  <category>
   Sweater
  </category>
  <size>
   XL
  </size>
  <color>
   Фиолетовый
  </color>
  <material>
   Вискоза
  </material>
  <price>
   121360
  </price>
  <rating>
   4.41
  </rating>
  <reviews>
   494294
  </reviews>
  <new>
   -
  </new>
  <exclusive>
   yes
  </exclusive>
  <sporty>
   yes
  </sporty>
 </clothing>
 <clothing>
  <id>
   510211252
  </id>
  <name>
   Brooks Shirt Y-6848
  </name>
  <category>
   Shirt
  </category>
  <size>
   XXL
  </size>
  <color>
   Голубой
  </color>
  <material>
   Вискоза
  </material>
  <price>
   525461
  </price>
  <rating>
   2.82
  </rating>
  <reviews>
   530412
  </reviews>
  <new>
   -
  </new>
 </clothing>
 <clothing>
  <id>
   661877369
  </id>
  <name>
   Ellesse Belts L-4168
  </name>
  <category>
   Belts
  </category>
  <size>
   XXL
  </size>
  <color>
   Фиолетовый
  </color>
  <material>
   Нейлон
  </material>
  <price>
   281885
  </price>
  <rating>
   4.33
  </rating>
  <reviews>
   621365
  </reviews>
  <new>
   -
  </new>
  <exclusive>
   yes
  </exclusive>
 </clothing>
 <clothing>
  <id>
   796764748
  </id>
  <name>
   Ellesse Pants H-2308
  </name>
  <category>
   Pants
  </category>
  <size>
   M
  </size>
  <color>
   Красный
  </color>
  <material>
   Шерсть
  </material>
  <price>
   960510
  </price>
  <rating>
   3.26
  </rating>
  <reviews>
   473022
  </reviews>
  <new>
   -
  </new>
  <exclusive>
   no
  </exclusive>
  <sporty>
   no
  </sporty>
 </clothing>
 <clothing>
  <id>
   615133867
  </id>
  <name>
   DC Pants D-5282
  </name>
  <category>
   Pants
  </category>
  <size>
   XL
  </size>
  <color>
   Зеленый
  </color>
  <material>
   Кожа
  </material>
  <price>
   596752
  </price>
  <rating>
   1.04
  </rating>
  <reviews>
   951555
  </reviews>
 </clothing>
 <clothing>
  <id>
   849450675
  </id>
  <name>
   Puma Socks N-9532
  </name>
  <category>
   Socks
  </category>
  <size>
   XXL
  </size>
  <color>
   Зеленый
  </color>
  <material>
   Шерсть
  </material>
  <price>
   155912
  </price>
  <rating>
   2.02
  </rating>
  <reviews>
   511713
  </reviews>
  <exclusive>
   no
  </exclusive>
 </clothing>
 <clothing>
  <id>
   363466358
  </id>
  <name>
   Reebok Sweater V-8109
  </name>
  <category>
   Sweater
  </category>
  <size>
   S
  </size>
  <color>
   Оранжевый
  </color>
  <material>
   Шерсть
  </material>
  <price>
   206134
  </price>
  <rating>
   2.56
  </rating>
  <reviews>
   660428
  </reviews>
  <new>
   -
  </new>
  <exclusive>
   no
  </exclusive>
 </clothing>
 <clothing>
  <id>
   351461234
  </id>
  <name>
   Under Armour Skirt B-9719
  </name>
  <category>
   Skirt
  </category>
  <size>
   XL
  </size>
  <color>
   Оранжевый
  </color>
  <material>
   Кожа
  </material>
  <price>
   363095
  </price>
  <rating>
   1.6
  </rating>
  <reviews>
   713713
  </reviews>
  <new>
   -
  </new>
  <exclusive>
   yes
  </exclusive>
 </clothing>
 <clothing>
  <id>
   467784570
  </id>
  <name>
   Nike Skirt N-2613
  </name>
  <category>
   Skirt
  </category>
  <size>
   XL
  </size>
  <color>
   Зеленый
  </color>
  <material>
   Полиэстер
  </material>
  <price>
   377160
  </price>
  <rating>
   4.66
  </rating>
  <reviews>
   648940
  </reviews>
 </clothing>
 <clothing>
  <id>
   429457584
  </id>
  <name>
   Puma Gloves N-1714
  </name>
  <category>
   Gloves
  </category>
  <size>
   XXL
  </size>
  <color>
   Синий
  </color>
  <material>
   Полиэстер
  </material>
  <price>
   335452
  </price>
  <rating>
   3.82
  </rating>
  <reviews>
   585955
  </reviews>
  <sporty>
   yes
  </sporty>
 </clothing>
 <clothing>
  <id>
   879812548
  </id>
  <name>
   Lacoste T-shirt R-7954
  </name>
  <category>
   T-shirt
  </category>
  <size>
   XL
  </size>
  <color>
   Фиолетовый
  </color>
  <material>
   Нейлон
  </material>
  <price>
   111592
  </price>
  <rating>
   1.62
  </rating>
  <reviews>
   802934
  </reviews>
  <new>
   +
  </new>
  <sporty>
   no
  </sporty>
 </clothing>
 <clothing>
  <id>
   196775318
  </id>
  <name>
   Brooks T-shirt X-7865
  </name>
  <category>
   T-shirt
  </category>
  <size>
   XL
  </size>
  <color>
   Синий
  </color>
  <material>
   Лен
  </material>
  <price>
   236721
  </price>
  <rating>
   2.6
  </rating>
  <reviews>
   876839
  </reviews>
  <exclusive>
   no
  </exclusive>
  <sporty>
   yes
  </sporty>
 </clothing>
 <clothing>
  <id>
   777539772
  </id>
  <name>
   Ellesse Shoes F-1219
  </name>
  <category>
   Shoes
  </category>
  <size>
   S
  </size>
  <color>
   Зеленый
  </color>
  <material>
   Кожа
  </material>
  <price>
   924585
  </price>
  <rating>
   1.14
  </rating>
  <reviews>
   29507
  </reviews>
  <exclusive>
   no
  </exclusive>
  <sporty>
   no
  </sporty>
 </clothing>
 <clothing>
  <id>
   737076059
  </id>
  <name>
   Ellesse Gloves Z-2397
  </name>
  <category>
   Gloves
  </category>
  <size>
   S
  </size>
  <color>
   Голубой
  </color>
  <material>
   Шерсть
  </material>
  <price>
   484879
  </price>
  <rating>
   3.16
  </rating>
  <reviews>
   10194
  </reviews>
  <exclusive>
   no
  </exclusive>
 </clothing>
</clothing-items>
