<?xml version="1.0" encoding="utf-8"?>
<clothing-items>
 <clothing>
  <id>
   272800649
  </id>
  <name>
   DC Belts V-3727
  </name>
  <category>
   Belts
  </category>
  <size>
   S
  </size>
  <color>
   Фиолетовый
  </color>
  <material>
   Нейлон
  </material>
  <price>
   125262
  </price>
  <rating>
   2.73
  </rating>
  <reviews>
   748093
  </reviews>
  <new>
   -
  </new>
  <exclusive>
   no
  </exclusive>
  <sporty>
   no
  </sporty>
 </clothing>
 <clothing>
  <id>
   977118278
  </id>
  <name>
   Reebok Shoes Q-1247
  </name>
  <category>
   Shoes
  </category>
  <size>
   M
  </size>
  <color>
   Красный
  </color>
  <material>
   Шелк
  </material>
  <price>
   729872
  </price>
  <rating>
   3.92
  </rating>
  <reviews>
   242520
  </reviews>
  <new>
   +
  </new>
  <exclusive>
   no
  </exclusive>
  <sporty>
   yes
  </sporty>
 </clothing>
 <clothing>
  <id>
   324780939
  </id>
  <name>
   Ellesse Handbags Y-6742
  </name>
  <category>
   Handbags
  </category>
  <size>
   L
  </size>
  <color>
   Голубой
  </color>
  <material>
   Шерсть
  </material>
  <price>
   609814
  </price>
  <rating>
   2.54
  </rating>
  <reviews>
   150664
  </reviews>
  <new>
   +
  </new>
  <exclusive>
   no
  </exclusive>
 </clothing>
 <clothing>
  <id>
   914070657
  </id>
  <name>
   Adidas Sweater B-2383
  </name>
  <category>
   Sweater
  </category>
  <size>
   M
  </size>
  <color>
   Красный
  </color>
  <material>
   Шелк
  </material>
  <price>
   245548
  </price>
  <rating>
   2.51
  </rating>
  <reviews>
   3265
  </reviews>
  <new>
   +
  </new>
 </clothing>
 <clothing>
  <id>
   154611646
  </id>
  <name>
   Vans Belts N-5679
  </name>
  <category>
   Belts
  </category>
  <size>
   XXL
  </size>
  <color>
   Оранжевый
  </color>
  <material>
   Шерсть
  </material>
  <price>
   294579
  </price>
  <rating>
   1.4
  </rating>
  <reviews>
   411052
  </reviews>
  <new>
   -
  </new>
  <exclusive>
   no
  </exclusive>
 </clothing>
 <clothing>
  <id>
   836000833
  </id>
  <name>
   Asics Skirt L-3894
  </name>
  <category>
   Skirt
  </category>
  <size>
   S
  </size>
  <color>
   Красный
  </color>
  <material>
   Шерсть
  </material>
  <price>
   168552
  </price>
  <rating>
   3.67
  </rating>
  <reviews>
   953697
  </reviews>
  <new>
   -
  </new>
  <sporty>
   no
  </sporty>
 </clothing>
 <clothing>
  <id>
   152352744
  </id>
  <name>
   Lacoste Dress W-3185
  </name>
  <category>
   Dress
  </category>
  <size>
   XL
  </size>
  <color>
   Красный
  </color>
  <material>
   Лен
  </material>
  <price>
   257137
  </price>
  <rating>
   3.1
  </rating>
  <reviews>
   623288
  </reviews>
 </clothing>
 <clothing>
  <id>
   958483905
  </id>
  <name>
   Lacoste Dress S-5655
  </name>
  <category>
   Dress
  </category>
  <size>
   L
  </size>
  <color>
   Синий
  </color>
  <material>
   Нейлон
  </material>
  <price>
   366800
  </price>
  <rating>
   3.9
  </rating>
  <reviews>
   4378
  </reviews>
  <exclusive>
   no
  </exclusive>
  <sporty>
   yes
  </sporty>
 </clothing>
 <clothing>
  <id>
   447647736
  </id>
  <name>
   Ellesse Sweater Q-7414
  </name>
  <category>
   Sweater
  </category>
  <size>
   M
  </size>
  <color>
   Красный
  </color>
  <material>
   Шерсть
  </material>
  <price>
   798676
  </price>
  <rating>
   1.43
  </rating>
  <reviews>
   825762
  </reviews>
  <new>
   +
  </new>
 </clothing>
 <clothing>
  <id>
   851809394
  </id>
  <name>
   Converse Belts H-1645
  </name>
  <category>
   Belts
  </category>
  <size>
   XXL
  </size>
  <color>
   Оранжевый
  </color>
  <material>
   Лен
  </material>
  <price>
   326550
  </price>
  <rating>
   4.67
  </rating>
  <reviews>
   383570
  </reviews>
  <new>
   -
  </new>
  <exclusive>
   yes
  </exclusive>
  <sporty>
   no
  </sporty>
 </clothing>
 <clothing>
  <id>
   403316092
  </id>
  <name>
   Reebok T-shirt Y-3705
  </name>
  <category>
   T-shirt
  </category>
  <size>
   L
  </size>
  <color>
   Оранжевый
  </color>
  <material>
   Лен
  </material>
  <price>
   845777
  </price>
  <rating>
   3.38
  </rating>
  <reviews>
   202094
  </reviews>
  <sporty>
   no
  </sporty>
 </clothing>
 <clothing>
  <id>
   436090231
  </id>
  <name>
   Fila Pants G-4076
  </name>
  <category>
   Pants
  </category>
  <size>
   XL
  </size>
  <color>
   Зеленый
  </color>
  <material>
   Нейлон
  </material>
  <price>
   256262
  </price>
  <rating>
   2.6
  </rating>
  <reviews>
   18962
  </reviews>
  <new>
   -
  </new>
  <exclusive>
   no
  </exclusive>
  <sporty>
   no
  </sporty>
 </clothing>
 <clothing>
  <id>
   194636309
  </id>
  <name>
   Asics Belts P-2127
  </name>
  <category>
   Belts
  </category>
  <size>
   L
  </size>
  <color>
   Красный
  </color>
  <material>
   Нейлон
  </material>
  <price>
   713026
  </price>
  <rating>
   1.5
  </rating>
  <reviews>
   845103
  </reviews>
  <exclusive>
   no
  </exclusive>
  <sporty>
   yes
  </sporty>
 </clothing>
 <clothing>
  <id>
   731733501
  </id>
  <name>
   DC Belts P-9483
  </name>
  <category>
   Belts
  </category>
  <size>
   XL
  </size>
  <color>
   Красный
  </color>
  <material>
   Вискоза
  </material>
  <price>
   204508
  </price>
  <rating>
   3.9
  </rating>
  <reviews>
   312235
  </reviews>
  <new>
   +
  </new>
  <exclusive>
   no
  </exclusive>
  <sporty>
   no
  </sporty>
 </clothing>
 <clothing>
  <id>
   214481515
  </id>
  <name>
   Lacoste Hat F-9900
  </name>
  <category>
   Hat
  </category>
  <size>
   XL
  </size>
  <color>
   Голубой
  </color>
  <material>
   Шелк
  </material>
  <price>
   943913
  </price>
  <rating>
   4.12
  </rating>
  <reviews>
   451406
  </reviews>
  <exclusive>
   no
  </exclusive>
 </clothing>
 <clothing>
  <id>
   661255885
  </id>
  <name>
   Converse Belts T-1246
  </name>
  <category>
   Belts
  </category>
  <size>
   M
  </size>
  <color>
   Желтый
  </color>
  <material>
   Полиэстер
  </material>
  <price>
   888408
  </price>
  <rating>
   1.07
  </rating>
  <reviews>
   37465
  </reviews>
  <new>
   -
  </new>
  <exclusive>
   yes
  </exclusive>
 </clothing>
 <clothing>
  <id>
   558549136
  </id>
  <name>
   Lacoste Handbags O-5608
  </name>
  <category>
   Handbags
  </category>
  <size>
   L
  </size>
  <color>
   Желтый
  </color>
  <material>
   Вискоза
  </material>
  <price>
   354435
  </price>
  <rating>
   2.65
  </rating>
  <reviews>
   948095
  </reviews>
  <exclusive>
   no
  </exclusive>
 </clothing>
 <clothing>
  <id>
   413874404
  </id>
  <name>
   Nike Socks V-6058
  </name>
  <category>
   Socks
  </category>
  <size>
   XXL
  </size>
  <color>
   Голубой
  </color>
  <material>
   Шерсть
  </material>
  <price>
   939392
  </price>
  <rating>
   2.37
  </rating>
  <reviews>
   97974
  </reviews>
  <new>
   -
  </new>
  <exclusive>
   no
  </exclusive>
 </clothing>
 <clothing>
  <id>
   919477006
  </id>
  <name>
   Fila Umbrellas S-2824
  </name>
  <category>
   Umbrellas
  </category>
  <size>
   L
  </size>
  <color>
   Желтый
  </color>
  <material>
   Полиэстер
  </material>
  <price>
   911141
  </price>
  <rating>
   3.75
  </rating>
  <reviews>
   794569
  </reviews>
  <exclusive>
   no
  </exclusive>
  <sporty>
   no
  </sporty>
 </clothing>
 <clothing>
  <id>
   947220048
  </id>
  <name>
   Lacoste Jacket N-9973
  </name>
  <category>
   Jacket
  </category>
  <size>
   M
  </size>
  <color>
   Фиолетовый
  </color>
  <material>
   Полиэстер
  </material>
  <price>
   548178
  </price>
  <rating>
   4.22
  </rating>
  <reviews>
   693234
  </reviews>
  <new>
   -
  </new>
  <sporty>
   no
  </sporty>
 </clothing>
 <clothing>
  <id>
   795806994
  </id>
  <name>
   New Balance Gloves V-7246
  </name>
  <category>
   Gloves
  </category>
  <size>
   M
  </size>
  <color>
   Голубой
  </color>
  <material>
   Кожа
  </material>
  <price>
   292701
  </price>
  <rating>
   2.06
  </rating>
  <reviews>
   21075
  </reviews>
  <exclusive>
   yes
  </exclusive>
 </clothing>
 <clothing>
  <id>
   123202452
  </id>
  <name>
   Converse Shirt X-4949
  </name>
  <category>
   Shirt
  </category>
  <size>
   S
  </size>
  <color>
   Фиолетовый
  </color>
  <material>
   Шелк
  </material>
  <price>
   994938
  </price>
  <rating>
   4.95
  </rating>
  <reviews>
   452752
  </reviews>
 </clothing>
 <clothing>
  <id>
   988538545
  </id>
  <name>
   New Balance Socks W-3182
  </name>
  <category>
   Socks
  </category>
  <size>
   S
  </size>
  <color>
   Красный
  </color>
  <material>
   Шелк
  </material>
  <price>
   852219
  </price>
  <rating>
   1.65
  </rating>
  <reviews>
   276522
  </reviews>
  <new>
   +
  </new>
  <exclusive>
   no
  </exclusive>
 </clothing>
 <clothing>
  <id>
   283724101
  </id>
  <name>
   Vans Shirt W-3982
  </name>
  <category>
   Shirt
  </category>
  <size>
   XL
  </size>
  <color>
   Голубой
  </color>
  <material>
   Лен
  </material>
  <price>
   617258
  </price>
  <rating>
   3.68
  </rating>
  <reviews>
   480792
  </reviews>
  <new>
   -
  </new>
  <exclusive>
   no
  </exclusive>
  <sporty>
   no
  </sporty>
 </clothing>
 <clothing>
  <id>
   410358857
  </id>
  <name>
   Converse Shoes A-3507
  </name>
  <category>
   Shoes
  </category>
  <size>
   M
  </size>
  <color>
   Зеленый
  </color>
  <material>
   Лен
  </material>
  <price>
   526672
  </price>
  <rating>
   4.39
  </rating>
  <reviews>
   128205
  </reviews>
  <new>
   +
  </new>
 </clothing>
 <clothing>
  <id>
   565577107
  </id>
  <name>
   Addidas Pants X-1152
  </name>
  <category>
   Pants
  </category>
  <size>
   XXL
  </size>
  <color>
   Оранжевый
  </color>
  <material>
   Хлопок
  </material>
  <price>
   902094
  </price>
  <rating>
   4.97
  </rating>
  <reviews>
   978594
  </reviews>
  <new>
   -
  </new>
  <sporty>
   yes
  </sporty>
 </clothing>
 <clothing>
  <id>
   903044523
  </id>
  <name>
   Adidas Umbrellas L-1616
  </name>
  <category>
   Umbrellas
  </category>
  <size>
   L
  </size>
  <color>
   Желтый
  </color>
  <material>
   Кожа
  </material>
  <price>
   112328
  </price>
  <rating>
   3.53
  </rating>
  <reviews>
   927808
  </reviews>
  <new>
   -
  </new>
  <exclusive>
   yes
  </exclusive>
 </clothing>
 <clothing>
  <id>
   367391442
  </id>
  <name>
   Addidas Dress H-4305
  </name>
  <category>
   Dress
  </category>
  <size>
   L
  </size>
  <color>
   Оранжевый
  </color>
  <material>
   Шерсть
  </material>
  <price>
   511748
  </price>
  <rating>
   4.41
  </rating>
  <reviews>
   82228
  </reviews>
  <exclusive>
   no
  </exclusive>
  <sporty>
   no
  </sporty>
 </clothing>
 <clothing>
  <id>
   502622616
  </id>
  <name>
   Converse Blouse N-2781
  </name>
  <category>
   Blouse
  </category>
  <size>
   XL
  </size>
  <color>
   Голубой
  </color>
  <material>
   Кожа
  </material>
  <price>
   536955
  </price>
  <rating>
   3.06
  </rating>
  <reviews>
   261030
  </reviews>
  <new>
   -
  </new>
  <exclusive>
   no
  </exclusive>
  <sporty>
   yes
  </sporty>
 </clothing>
 <clothing>
  <id>
   117705090
  </id>
  <name>
   Asics Shirt I-6506
  </name>
  <category>
   Shirt
  </category>
  <size>
   XL
  </size>
  <color>
   Желтый
  </color>
  <material>
   Кожа
  </material>
  <price>
   624283
  </price>
  <rating>
   4.31
  </rating>
  <reviews>
   785948
  </reviews>
 </clothing>
 <clothing>
  <id>
   916043415
  </id>
  <name>
   Adidas Jacket U-7690
  </name>
  <category>
   Jacket
  </category>
  <size>
   L
  </size>
  <color>
   Красный
  </color>
  <material>
   Шелк
  </material>
  <price>
   214367
  </price>
  <rating>
   1.04
  </rating>
  <reviews>
   215362
  </reviews>
 </clothing>
 <clothing>
  <id>
   449476397
  </id>
  <name>
   PleinSport Socks A-1472
  </name>
  <category>
   Socks
  </category>
  <size>
   M
  </size>
  <color>
   Желтый
  </color>
  <material>
   Полиэстер
  </material>
  <price>
   461904
  </price>
  <rating>
   1.02
  </rating>
  <reviews>
   764187
  </reviews>
  <new>
   +
  </new>
 </clothing>
 <clothing>
  <id>
   965230676
  </id>
  <name>
   Under Armour Umbrellas I-3783
  </name>
  <category>
   Umbrellas
  </category>
  <size>
   XL
  </size>
  <color>
   Желтый
  </color>
  <material>
   Полиэстер
  </material>
  <price>
   790129
  </price>
  <rating>
   4.85
  </rating>
  <reviews>
   315734
  </reviews>
  <new>
   -
  </new>
  <exclusive>
   no
  </exclusive>
  <sporty>
   yes
  </sporty>
 </clothing>
 <clothing>
  <id>
   573962995
  </id>
  <name>
   Brooks Belts J-1999
  </name>
  <category>
   Belts
  </category>
  <size>
   XXL
  </size>
  <color>
   Оранжевый
  </color>
  <material>
   Лен
  </material>
  <price>
   209862
  </price>
  <rating>
   1.74
  </rating>
  <reviews>
   910573
  </reviews>
  <new>
   +
  </new>
  <exclusive>
   yes
  </exclusive>
  <sporty>
   no
  </sporty>
 </clothing>
 <clothing>
  <id>
   341421210
  </id>
  <name>
   Ellesse Sweater Q-1457
  </name>
  <category>
   Sweater
  </category>
  <size>
   XL
  </size>
  <color>
   Голубой
  </color>
  <material>
   Хлопок
  </material>
  <price>
   777702
  </price>
  <rating>
   3.67
  </rating>
  <reviews>
   724056
  </reviews>
  <new>
   -
  </new>
  <exclusive>
   no
  </exclusive>
 </clothing>
 <clothing>
  <id>
   319398627
  </id>
  <name>
   Vans Shoes U-5245
  </name>
  <category>
   Shoes
  </category>
  <size>
   M
  </size>
  <color>
   Красный
  </color>
  <material>
   Шелк
  </material>
  <price>
   658628
  </price>
  <rating>
   3.94
  </rating>
  <reviews>
   917884
  </reviews>
  <exclusive>
   yes
  </exclusive>
 </clothing>
 <clothing>
  <id>
   419108041
  </id>
  <name>
   Adidas Handbags Z-7722
  </name>
  <category>
   Handbags
  </category>
  <size>
   L
  </size>
  <color>
   Оранжевый
  </color>
  <material>
   Нейлон
  </material>
  <price>
   193121
  </price>
  <rating>
   2.8
  </rating>
  <reviews>
   82401
  </reviews>
  <new>
   +
  </new>
  <exclusive>
   no
  </exclusive>
 </clothing>
 <clothing>
  <id>
   713309787
  </id>
  <name>
   Fila Socks J-1593
  </name>
  <category>
   Socks
  </category>
  <size>
   M
  </size>
  <color>
   Зеленый
  </color>
  <material>
   Шелк
  </material>
  <price>
   679002
  </price>
  <rating>
   2.35
  </rating>
  <reviews>
   18090
  </reviews>
  <new>
   +
  </new>
  <sporty>
   yes
  </sporty>
 </clothing>
 <clothing>
  <id>
   660307906
  </id>
  <name>
   Under Armour Skirt J-1408
  </name>
  <category>
   Skirt
  </category>
  <size>
   S
  </size>
  <color>
   Синий
  </color>
  <material>
   Кожа
  </material>
  <price>
   293420
  </price>
  <rating>
   1.96
  </rating>
  <reviews>
   475340
  </reviews>
  <exclusive>
   no
  </exclusive>
  <sporty>
   no
  </sporty>
 </clothing>
 <clothing>
  <id>
   806522239
  </id>
  <name>
   Addidas Skirt D-3563
  </name>
  <category>
   Skirt
  </category>
  <size>
   XXL
  </size>
  <color>
   Зеленый
  </color>
  <material>
   Полиэстер
  </material>
  <price>
   213967
  </price>
  <rating>
   2.36
  </rating>
  <reviews>
   734996
  </reviews>
  <new>
   +
  </new>
  <sporty>
   no
  </sporty>
 </clothing>
 <clothing>
  <id>
   405615711
  </id>
  <name>
   Vans Jacket X-4388
  </name>
  <category>
   Jacket
  </category>
  <size>
   S
  </size>
  <color>
   Фиолетовый
  </color>
  <material>
   Полиэстер
  </material>
  <price>
   883942
  </price>
  <rating>
   3.6
  </rating>
  <reviews>
   424708
  </reviews>
  <new>
   -
  </new>
  <sporty>
   yes
  </sporty>
 </clothing>
 <clothing>
  <id>
   381593338
  </id>
  <name>
   Asics Gloves F-1055
  </name>
  <category>
   Gloves
  </category>
  <size>
   XL
  </size>
  <color>
   Красный
  </color>
  <material>
   Кожа
  </material>
  <price>
   669718
  </price>
  <rating>
   1.35
  </rating>
  <reviews>
   82612
  </reviews>
  <exclusive>
   no
  </exclusive>
 </clothing>
 <clothing>
  <id>
   981114735
  </id>
  <name>
   Vans Umbrellas W-1097
  </name>
  <category>
   Umbrellas
  </category>
  <size>
   L
  </size>
  <color>
   Фиолетовый
  </color>
  <material>
   Полиэстер
  </material>
  <price>
   755446
  </price>
  <rating>
   4.29
  </rating>
  <reviews>
   556212
  </reviews>
  <new>
   -
  </new>
 </clothing>
 <clothing>
  <id>
   191030941
  </id>
  <name>
   Asics Pants D-3880
  </name>
  <category>
   Pants
  </category>
  <size>
   XXL
  </size>
  <color>
   Синий
  </color>
  <material>
   Хлопок
  </material>
  <price>
   287026
  </price>
  <rating>
   3.95
  </rating>
  <reviews>
   879136
  </reviews>
  <exclusive>
   no
  </exclusive>
  <sporty>
   yes
  </sporty>
 </clothing>
 <clothing>
  <id>
   584709306
  </id>
  <name>
   PleinSport Jeans Q-7213
  </name>
  <category>
   Jeans
  </category>
  <size>
   XXL
  </size>
  <color>
   Желтый
  </color>
  <material>
   Шелк
  </material>
  <price>
   877171
  </price>
  <rating>
   3.47
  </rating>
  <reviews>
   305638
  </reviews>
  <new>
   -
  </new>
  <exclusive>
   no
  </exclusive>
  <sporty>
   yes
  </sporty>
 </clothing>
 <clothing>
  <id>
   615781726
  </id>
  <name>
   PleinSport Hat S-6859
  </name>
  <category>
   Hat
  </category>
  <size>
   S
  </size>
  <color>
   Оранжевый
  </color>
  <material>
   Шерсть
  </material>
  <price>
   432505
  </price>
  <rating>
   1.54
  </rating>
  <reviews>
   896730
  </reviews>
  <exclusive>
   no
  </exclusive>
 </clothing>
 <clothing>
  <id>
   389851251
  </id>
  <name>
   New Balance Pants Q-6588
  </name>
  <category>
   Pants
  </category>
  <size>
   XL
  </size>
  <color>
   Зеленый
  </color>
  <material>
   Кожа
  </material>
  <price>
   338745
  </price>
  <rating>
   4.5
  </rating>
  <reviews>
   409043
  </reviews>
  <new>
   -
  </new>
  <exclusive>
   yes
  </exclusive>
  <sporty>
   yes
  </sporty>
 </clothing>
 <clothing>
  <id>
   152549830
  </id>
  <name>
   Lacoste Socks E-3659
  </name>
  <category>
   Socks
  </category>
  <size>
   XXL
  </size>
  <color>
   Зеленый
  </color>
  <material>
   Хлопок
  </material>
  <price>
   958073
  </price>
  <rating>
   3.08
  </rating>
  <reviews>
   667180
  </reviews>
  <exclusive>
   no
  </exclusive>
  <sporty>
   yes
  </sporty>
 </clothing>
</clothing-items>
