<?xml version="1.0" encoding="utf-8"?>
<clothing-items>
 <clothing>
  <id>
   950666821
  </id>
  <name>
   Under Armour Socks W-3530
  </name>
  <category>
   Socks
  </category>
  <size>
   S
  </size>
  <color>
   Красный
  </color>
  <material>
   Нейлон
  </material>
  <price>
   601210
  </price>
  <rating>
   4.02
  </rating>
  <reviews>
   893337
  </reviews>
  <new>
   -
  </new>
  <sporty>
   no
  </sporty>
 </clothing>
 <clothing>
  <id>
   690364593
  </id>
  <name>
   Reebok Shirt Z-9390
  </name>
  <category>
   Shirt
  </category>
  <size>
   L
  </size>
  <color>
   Синий
  </color>
  <material>
   Полиэстер
  </material>
  <price>
   918166
  </price>
  <rating>
   2.53
  </rating>
  <reviews>
   68095
  </reviews>
  <exclusive>
   yes
  </exclusive>
 </clothing>
 <clothing>
  <id>
   809474893
  </id>
  <name>
   Lacoste Blouse V-7853
  </name>
  <category>
   Blouse
  </category>
  <size>
   XL
  </size>
  <color>
   Голубой
  </color>
  <material>
   Шерсть
  </material>
  <price>
   536740
  </price>
  <rating>
   2.36
  </rating>
  <reviews>
   577471
  </reviews>
  <exclusive>
   yes
  </exclusive>
  <sporty>
   no
  </sporty>
 </clothing>
 <clothing>
  <id>
   460526422
  </id>
  <name>
   Addidas Sweater Q-5144
  </name>
  <category>
   Sweater
  </category>
  <size>
   L
  </size>
  <color>
   Красный
  </color>
  <material>
   Полиэстер
  </material>
  <price>
   569365
  </price>
  <rating>
   1.2
  </rating>
  <reviews>
   635588
  </reviews>
  <new>
   -
  </new>
  <sporty>
   no
  </sporty>
 </clothing>
 <clothing>
  <id>
   334360361
  </id>
  <name>
   Lacoste Blouse S-5702
  </name>
  <category>
   Blouse
  </category>
  <size>
   XL
  </size>
  <color>
   Зеленый
  </color>
  <material>
   Хлопок
  </material>
  <price>
   546444
  </price>
  <rating>
   4.16
  </rating>
  <reviews>
   436850
  </reviews>
  <new>
   +
  </new>
  <sporty>
   yes
  </sporty>
 </clothing>
 <clothing>
  <id>
   591962945
  </id>
  <name>
   New Balance Gloves O-5123
  </name>
  <category>
   Gloves
  </category>
  <size>
   XL
  </size>
  <color>
   Фиолетовый
  </color>
  <material>
   Лен
  </material>
  <price>
   462515
  </price>
  <rating>
   3.61
  </rating>
  <reviews>
   201793
  </reviews>
  <new>
   +
  </new>
  <exclusive>
   yes
  </exclusive>
 </clothing>
 <clothing>
  <id>
   476588373
  </id>
  <name>
   New Balance Shirt T-1322
  </name>
  <category>
   Shirt
  </category>
  <size>
   XL
  </size>
  <color>
   Красный
  </color>
  <material>
   Шелк
  </material>
  <price>
   434879
  </price>
  <rating>
   2.91
  </rating>
  <reviews>
   415183
  </reviews>
  <new>
   -
  </new>
  <exclusive>
   yes
  </exclusive>
  <sporty>
   no
  </sporty>
 </clothing>
 <clothing>
  <id>
   248139850
  </id>
  <name>
   Nike Dress K-6872
  </name>
  <category>
   Dress
  </category>
  <size>
   M
  </size>
  <color>
   Красный
  </color>
  <material>
   Кожа
  </material>
  <price>
   306247
  </price>
  <rating>
   4.02
  </rating>
  <reviews>
   890314
  </reviews>
  <new>
   +
  </new>
  <sporty>
   no
  </sporty>
 </clothing>
 <clothing>
  <id>
   516131543
  </id>
  <name>
   New Balance Shirt L-1180
  </name>
  <category>
   Shirt
  </category>
  <size>
   XL
  </size>
  <color>
   Оранжевый
  </color>
  <material>
   Шерсть
  </material>
  <price>
   442750
  </price>
  <rating>
   3.46
  </rating>
  <reviews>
   93204
  </reviews>
 </clothing>
 <clothing>
  <id>
   394788121
  </id>
  <name>
   DC Socks H-8334
  </name>
  <category>
   Socks
  </category>
  <size>
   S
  </size>
  <color>
   Желтый
  </color>
  <material>
   Вискоза
  </material>
  <price>
   609212
  </price>
  <rating>
   1.14
  </rating>
  <reviews>
   766954
  </reviews>
  <exclusive>
   no
  </exclusive>
  <sporty>
   yes
  </sporty>
 </clothing>
 <clothing>
  <id>
   629112117
  </id>
  <name>
   Addidas Gloves U-9052
  </name>
  <category>
   Gloves
  </category>
  <size>
   S
  </size>
  <color>
   Желтый
  </color>
  <material>
   Вискоза
  </material>
  <price>
   265489
  </price>
  <rating>
   4.44
  </rating>
  <reviews>
   712692
  </reviews>
  <sporty>
   no
  </sporty>
 </clothing>
 <clothing>
  <id>
   352933533
  </id>
  <name>
   DC Dress F-2850
  </name>
  <category>
   Dress
  </category>
  <size>
   XL
  </size>
  <color>
   Голубой
  </color>
  <material>
   Нейлон
  </material>
  <price>
   933990
  </price>
  <rating>
   3.74
  </rating>
  <reviews>
   448201
  </reviews>
  <new>
   -
  </new>
  <exclusive>
   yes
  </exclusive>
 </clothing>
 <clothing>
  <id>
   340046830
  </id>
  <name>
   Addidas Jeans U-2237
  </name>
  <category>
   Jeans
  </category>
  <size>
   XL
  </size>
  <color>
   Фиолетовый
  </color>
  <material>
   Шерсть
  </material>
  <price>
   908478
  </price>
  <rating>
   4.94
  </rating>
  <reviews>
   855949
  </reviews>
  <new>
   -
  </new>
  <sporty>
   no
  </sporty>
 </clothing>
</clothing-items>
