<?xml version="1.0" encoding="utf-8"?>
<clothing-items>
 <clothing>
  <id>
   303325260
  </id>
  <name>
   Vans Handbags G-5766
  </name>
  <category>
   Handbags
  </category>
  <size>
   L
  </size>
  <color>
   Оранжевый
  </color>
  <material>
   Кожа
  </material>
  <price>
   638344
  </price>
  <rating>
   2.84
  </rating>
  <reviews>
   909005
  </reviews>
  <exclusive>
   no
  </exclusive>
  <sporty>
   yes
  </sporty>
 </clothing>
 <clothing>
  <id>
   604222045
  </id>
  <name>
   Adidas Sweater K-1104
  </name>
  <category>
   Sweater
  </category>
  <size>
   XXL
  </size>
  <color>
   Красный
  </color>
  <material>
   Шелк
  </material>
  <price>
   704772
  </price>
  <rating>
   2.74
  </rating>
  <reviews>
   175575
  </reviews>
  <exclusive>
   no
  </exclusive>
 </clothing>
 <clothing>
  <id>
   886133636
  </id>
  <name>
   Asics Dress P-4100
  </name>
  <category>
   Dress
  </category>
  <size>
   XXL
  </size>
  <color>
   Красный
  </color>
  <material>
   Вискоза
  </material>
  <price>
   111349
  </price>
  <rating>
   1.55
  </rating>
  <reviews>
   605622
  </reviews>
  <new>
   +
  </new>
  <exclusive>
   yes
  </exclusive>
 </clothing>
 <clothing>
  <id>
   968964868
  </id>
  <name>
   New Balance Hat B-4724
  </name>
  <category>
   Hat
  </category>
  <size>
   L
  </size>
  <color>
   Голубой
  </color>
  <material>
   Лен
  </material>
  <price>
   585939
  </price>
  <rating>
   3.24
  </rating>
  <reviews>
   135059
  </reviews>
  <exclusive>
   yes
  </exclusive>
  <sporty>
   no
  </sporty>
 </clothing>
 <clothing>
  <id>
   892403758
  </id>
  <name>
   Converse Pants H-2011
  </name>
  <category>
   Pants
  </category>
  <size>
   L
  </size>
  <color>
   Зеленый
  </color>
  <material>
   Кожа
  </material>
  <price>
   840407
  </price>
  <rating>
   1.55
  </rating>
  <reviews>
   833159
  </reviews>
  <new>
   -
  </new>
  <exclusive>
   yes
  </exclusive>
 </clothing>
 <clothing>
  <id>
   795318532
  </id>
  <name>
   Nike Shoes O-1955
  </name>
  <category>
   Shoes
  </category>
  <size>
   XXL
  </size>
  <color>
   Оранжевый
  </color>
  <material>
   Вискоза
  </material>
  <price>
   467154
  </price>
  <rating>
   4.84
  </rating>
  <reviews>
   274448
  </reviews>
  <new>
   -
  </new>
  <sporty>
   yes
  </sporty>
 </clothing>
 <clothing>
  <id>
   753573488
  </id>
  <name>
   Vans Pants Y-9357
  </name>
  <category>
   Pants
  </category>
  <size>
   XL
  </size>
  <color>
   Голубой
  </color>
  <material>
   Лен
  </material>
  <price>
   337669
  </price>
  <rating>
   2.43
  </rating>
  <reviews>
   374677
  </reviews>
  <new>
   +
  </new>
  <exclusive>
   no
  </exclusive>
 </clothing>
 <clothing>
  <id>
   148855636
  </id>
  <name>
   Nike Umbrellas R-5069
  </name>
  <category>
   Umbrellas
  </category>
  <size>
   M
  </size>
  <color>
   Синий
  </color>
  <material>
   Хлопок
  </material>
  <price>
   361039
  </price>
  <rating>
   4.92
  </rating>
  <reviews>
   233635
  </reviews>
 </clothing>
 <clothing>
  <id>
   968265967
  </id>
  <name>
   Nike Jacket W-9333
  </name>
  <category>
   Jacket
  </category>
  <size>
   XL
  </size>
  <color>
   Фиолетовый
  </color>
  <material>
   Шерсть
  </material>
  <price>
   810878
  </price>
  <rating>
   3.67
  </rating>
  <reviews>
   237566
  </reviews>
  <exclusive>
   no
  </exclusive>
  <sporty>
   no
  </sporty>
 </clothing>
 <clothing>
  <id>
   440374767
  </id>
  <name>
   Under Armour Sweater T-3723
  </name>
  <category>
   Sweater
  </category>
  <size>
   M
  </size>
  <color>
   Желтый
  </color>
  <material>
   Вискоза
  </material>
  <price>
   402435
  </price>
  <rating>
   3.68
  </rating>
  <reviews>
   814780
  </reviews>
  <new>
   -
  </new>
  <sporty>
   no
  </sporty>
 </clothing>
 <clothing>
  <id>
   509270634
  </id>
  <name>
   DC Dress O-5819
  </name>
  <category>
   Dress
  </category>
  <size>
   L
  </size>
  <color>
   Красный
  </color>
  <material>
   Шерсть
  </material>
  <price>
   311036
  </price>
  <rating>
   2.63
  </rating>
  <reviews>
   713620
  </reviews>
  <new>
   +
  </new>
  <exclusive>
   no
  </exclusive>
 </clothing>
</clothing-items>
