<?xml version="1.0" encoding="utf-8"?>
<clothing-items>
 <clothing>
  <id>
   873799091
  </id>
  <name>
   DC Blouse G-8531
  </name>
  <category>
   Blouse
  </category>
  <size>
   XXL
  </size>
  <color>
   Голубой
  </color>
  <material>
   Нейлон
  </material>
  <price>
   436528
  </price>
  <rating>
   3.56
  </rating>
  <reviews>
   196881
  </reviews>
  <exclusive>
   no
  </exclusive>
  <sporty>
   no
  </sporty>
 </clothing>
 <clothing>
  <id>
   998625388
  </id>
  <name>
   DC Socks Y-8610
  </name>
  <category>
   Socks
  </category>
  <size>
   XXL
  </size>
  <color>
   Синий
  </color>
  <material>
   Хлопок
  </material>
  <price>
   858036
  </price>
  <rating>
   4.23
  </rating>
  <reviews>
   719156
  </reviews>
  <new>
   -
  </new>
  <exclusive>
   no
  </exclusive>
 </clothing>
 <clothing>
  <id>
   466112989
  </id>
  <name>
   Brooks Dress A-8765
  </name>
  <category>
   Dress
  </category>
  <size>
   L
  </size>
  <color>
   Желтый
  </color>
  <material>
   Шелк
  </material>
  <price>
   530515
  </price>
  <rating>
   3.77
  </rating>
  <reviews>
   613458
  </reviews>
  <exclusive>
   yes
  </exclusive>
  <sporty>
   no
  </sporty>
 </clothing>
 <clothing>
  <id>
   404888389
  </id>
  <name>
   Adidas Dress V-5727
  </name>
  <category>
   Dress
  </category>
  <size>
   XL
  </size>
  <color>
   Желтый
  </color>
  <material>
   Кожа
  </material>
  <price>
   174349
  </price>
  <rating>
   4.69
  </rating>
  <reviews>
   766590
  </reviews>
  <exclusive>
   no
  </exclusive>
 </clothing>
 <clothing>
  <id>
   610823306
  </id>
  <name>
   Brooks Jacket X-6013
  </name>
  <category>
   Jacket
  </category>
  <size>
   L
  </size>
  <color>
   Желтый
  </color>
  <material>
   Вискоза
  </material>
  <price>
   666937
  </price>
  <rating>
   2.55
  </rating>
  <reviews>
   780665
  </reviews>
  <new>
   -
  </new>
  <exclusive>
   no
  </exclusive>
 </clothing>
 <clothing>
  <id>
   598200452
  </id>
  <name>
   Lacoste Hat B-6198
  </name>
  <category>
   Hat
  </category>
  <size>
   XXL
  </size>
  <color>
   Синий
  </color>
  <material>
   Лен
  </material>
  <price>
   368060
  </price>
  <rating>
   4.14
  </rating>
  <reviews>
   588094
  </reviews>
  <new>
   +
  </new>
  <exclusive>
   yes
  </exclusive>
  <sporty>
   no
  </sporty>
 </clothing>
 <clothing>
  <id>
   575881043
  </id>
  <name>
   Ellesse T-shirt I-8648
  </name>
  <category>
   T-shirt
  </category>
  <size>
   S
  </size>
  <color>
   Зеленый
  </color>
  <material>
   Шелк
  </material>
  <price>
   244322
  </price>
  <rating>
   1.46
  </rating>
  <reviews>
   960972
  </reviews>
  <exclusive>
   no
  </exclusive>
 </clothing>
 <clothing>
  <id>
   214021562
  </id>
  <name>
   Vans Socks R-5110
  </name>
  <category>
   Socks
  </category>
  <size>
   XL
  </size>
  <color>
   Фиолетовый
  </color>
  <material>
   Нейлон
  </material>
  <price>
   805850
  </price>
  <rating>
   2.98
  </rating>
  <reviews>
   342963
  </reviews>
  <new>
   -
  </new>
  <sporty>
   no
  </sporty>
 </clothing>
 <clothing>
  <id>
   127757288
  </id>
  <name>
   Lacoste Hat B-4790
  </name>
  <category>
   Hat
  </category>
  <size>
   L
  </size>
  <color>
   Голубой
  </color>
  <material>
   Нейлон
  </material>
  <price>
   785641
  </price>
  <rating>
   1.48
  </rating>
  <reviews>
   488038
  </reviews>
  <new>
   -
  </new>
 </clothing>
 <clothing>
  <id>
   925139254
  </id>
  <name>
   Puma Pants D-3131
  </name>
  <category>
   Pants
  </category>
  <size>
   M
  </size>
  <color>
   Оранжевый
  </color>
  <material>
   Лен
  </material>
  <price>
   560342
  </price>
  <rating>
   4.87
  </rating>
  <reviews>
   896062
  </reviews>
  <exclusive>
   yes
  </exclusive>
  <sporty>
   no
  </sporty>
 </clothing>
 <clothing>
  <id>
   967261731
  </id>
  <name>
   DC Shoes C-2068
  </name>
  <category>
   Shoes
  </category>
  <size>
   XXL
  </size>
  <color>
   Красный
  </color>
  <material>
   Кожа
  </material>
  <price>
   306741
  </price>
  <rating>
   4.69
  </rating>
  <reviews>
   750182
  </reviews>
  <new>
   +
  </new>
  <exclusive>
   no
  </exclusive>
  <sporty>
   no
  </sporty>
 </clothing>
 <clothing>
  <id>
   356805250
  </id>
  <name>
   New Balance Shirt I-1885
  </name>
  <category>
   Shirt
  </category>
  <size>
   XL
  </size>
  <color>
   Красный
  </color>
  <material>
   Шелк
  </material>
  <price>
   478052
  </price>
  <rating>
   1.71
  </rating>
  <reviews>
   272859
  </reviews>
  <sporty>
   no
  </sporty>
 </clothing>
 <clothing>
  <id>
   311658049
  </id>
  <name>
   DC Shoes V-8428
  </name>
  <category>
   Shoes
  </category>
  <size>
   L
  </size>
  <color>
   Голубой
  </color>
  <material>
   Шелк
  </material>
  <price>
   688433
  </price>
  <rating>
   4.91
  </rating>
  <reviews>
   47513
  </reviews>
  <new>
   +
  </new>
 </clothing>
 <clothing>
  <id>
   469452108
  </id>
  <name>
   Reebok Sweater H-2522
  </name>
  <category>
   Sweater
  </category>
  <size>
   XXL
  </size>
  <color>
   Синий
  </color>
  <material>
   Нейлон
  </material>
  <price>
   447441
  </price>
  <rating>
   3.11
  </rating>
  <reviews>
   806164
  </reviews>
  <new>
   -
  </new>
  <exclusive>
   yes
  </exclusive>
  <sporty>
   yes
  </sporty>
 </clothing>
 <clothing>
  <id>
   513223193
  </id>
  <name>
   Brooks Jeans X-9557
  </name>
  <category>
   Jeans
  </category>
  <size>
   XL
  </size>
  <color>
   Красный
  </color>
  <material>
   Лен
  </material>
  <price>
   713592
  </price>
  <rating>
   2.66
  </rating>
  <reviews>
   234509
  </reviews>
  <new>
   -
  </new>
 </clothing>
 <clothing>
  <id>
   572620941
  </id>
  <name>
   Vans Umbrellas H-1364
  </name>
  <category>
   Umbrellas
  </category>
  <size>
   XL
  </size>
  <color>
   Голубой
  </color>
  <material>
   Хлопок
  </material>
  <price>
   693688
  </price>
  <rating>
   1.5
  </rating>
  <reviews>
   174615
  </reviews>
  <exclusive>
   yes
  </exclusive>
 </clothing>
 <clothing>
  <id>
   478552103
  </id>
  <name>
   New Balance Shirt U-4739
  </name>
  <category>
   Shirt
  </category>
  <size>
   XXL
  </size>
  <color>
   Голубой
  </color>
  <material>
   Лен
  </material>
  <price>
   114329
  </price>
  <rating>
   4.12
  </rating>
  <reviews>
   938628
  </reviews>
  <new>
   -
  </new>
  <exclusive>
   no
  </exclusive>
  <sporty>
   no
  </sporty>
 </clothing>
 <clothing>
  <id>
   905725843
  </id>
  <name>
   Asics Socks P-2179
  </name>
  <category>
   Socks
  </category>
  <size>
   XXL
  </size>
  <color>
   Красный
  </color>
  <material>
   Лен
  </material>
  <price>
   243856
  </price>
  <rating>
   4.55
  </rating>
  <reviews>
   414374
  </reviews>
 </clothing>
 <clothing>
  <id>
   186915737
  </id>
  <name>
   Addidas Skirt A-5753
  </name>
  <category>
   Skirt
  </category>
  <size>
   XL
  </size>
  <color>
   Зеленый
  </color>
  <material>
   Нейлон
  </material>
  <price>
   744991
  </price>
  <rating>
   3.89
  </rating>
  <reviews>
   650175
  </reviews>
  <new>
   +
  </new>
  <exclusive>
   no
  </exclusive>
  <sporty>
   no
  </sporty>
 </clothing>
 <clothing>
  <id>
   877703346
  </id>
  <name>
   Under Armour Belts C-5120
  </name>
  <category>
   Belts
  </category>
  <size>
   XXL
  </size>
  <color>
   Фиолетовый
  </color>
  <material>
   Лен
  </material>
  <price>
   252769
  </price>
  <rating>
   4.37
  </rating>
  <reviews>
   84507
  </reviews>
  <new>
   -
  </new>
  <sporty>
   no
  </sporty>
 </clothing>
 <clothing>
  <id>
   129474099
  </id>
  <name>
   Brooks Socks F-2390
  </name>
  <category>
   Socks
  </category>
  <size>
   XXL
  </size>
  <color>
   Красный
  </color>
  <material>
   Хлопок
  </material>
  <price>
   980010
  </price>
  <rating>
   2.6
  </rating>
  <reviews>
   746051
  </reviews>
  <new>
   -
  </new>
  <sporty>
   no
  </sporty>
 </clothing>
 <clothing>
  <id>
   370810765
  </id>
  <name>
   Addidas Pants Y-2972
  </name>
  <category>
   Pants
  </category>
  <size>
   L
  </size>
  <color>
   Красный
  </color>
  <material>
   Шерсть
  </material>
  <price>
   844663
  </price>
  <rating>
   3.26
  </rating>
  <reviews>
   760529
  </reviews>
  <sporty>
   yes
  </sporty>
 </clothing>
 <clothing>
  <id>
   749577802
  </id>
  <name>
   Ellesse Belts O-4004
  </name>
  <category>
   Belts
  </category>
  <size>
   XXL
  </size>
  <color>
   Оранжевый
  </color>
  <material>
   Хлопок
  </material>
  <price>
   970076
  </price>
  <rating>
   2.76
  </rating>
  <reviews>
   593901
  </reviews>
  <new>
   -
  </new>
 </clothing>
 <clothing>
  <id>
   441416438
  </id>
  <name>
   Puma Belts J-5420
  </name>
  <category>
   Belts
  </category>
  <size>
   M
  </size>
  <color>
   Синий
  </color>
  <material>
   Кожа
  </material>
  <price>
   789027
  </price>
  <rating>
   3.01
  </rating>
  <reviews>
   24085
  </reviews>
  <new>
   +
  </new>
  <exclusive>
   no
  </exclusive>
  <sporty>
   no
  </sporty>
 </clothing>
 <clothing>
  <id>
   956179947
  </id>
  <name>
   Fila Skirt S-3322
  </name>
  <category>
   Skirt
  </category>
  <size>
   XL
  </size>
  <color>
   Зеленый
  </color>
  <material>
   Шелк
  </material>
  <price>
   226392
  </price>
  <rating>
   4.46
  </rating>
  <reviews>
   50299
  </reviews>
  <exclusive>
   yes
  </exclusive>
  <sporty>
   no
  </sporty>
 </clothing>
 <clothing>
  <id>
   733621316
  </id>
  <name>
   Puma Gloves Q-9266
  </name>
  <category>
   Gloves
  </category>
  <size>
   XXL
  </size>
  <color>
   Желтый
  </color>
  <material>
   Хлопок
  </material>
  <price>
   630813
  </price>
  <rating>
   1.8
  </rating>
  <reviews>
   844124
  </reviews>
  <new>
   -
  </new>
  <exclusive>
   no
  </exclusive>
 </clothing>
 <clothing>
  <id>
   501575615
  </id>
  <name>
   Reebok Pants A-6070
  </name>
  <category>
   Pants
  </category>
  <size>
   XXL
  </size>
  <color>
   Желтый
  </color>
  <material>
   Вискоза
  </material>
  <price>
   514305
  </price>
  <rating>
   4.22
  </rating>
  <reviews>
   737635
  </reviews>
  <sporty>
   no
  </sporty>
 </clothing>
 <clothing>
  <id>
   400379569
  </id>
  <name>
   Reebok Belts B-4960
  </name>
  <category>
   Belts
  </category>
  <size>
   M
  </size>
  <color>
   Голубой
  </color>
  <material>
   Лен
  </material>
  <price>
   503271
  </price>
  <rating>
   3.1
  </rating>
  <reviews>
   669324
  </reviews>
  <exclusive>
   yes
  </exclusive>
 </clothing>
 <clothing>
  <id>
   624993322
  </id>
  <name>
   Adidas Umbrellas K-8616
  </name>
  <category>
   Umbrellas
  </category>
  <size>
   XXL
  </size>
  <color>
   Оранжевый
  </color>
  <material>
   Шерсть
  </material>
  <price>
   227148
  </price>
  <rating>
   3.75
  </rating>
  <reviews>
   471904
  </reviews>
  <new>
   -
  </new>
 </clothing>
 <clothing>
  <id>
   136469636
  </id>
  <name>
   Under Armour Dress V-7272
  </name>
  <category>
   Dress
  </category>
  <size>
   XXL
  </size>
  <color>
   Красный
  </color>
  <material>
   Шерсть
  </material>
  <price>
   650501
  </price>
  <rating>
   2.72
  </rating>
  <reviews>
   749026
  </reviews>
  <new>
   -
  </new>
  <sporty>
   yes
  </sporty>
 </clothing>
 <clothing>
  <id>
   268240250
  </id>
  <name>
   Nike Jacket F-9459
  </name>
  <category>
   Jacket
  </category>
  <size>
   L
  </size>
  <color>
   Красный
  </color>
  <material>
   Лен
  </material>
  <price>
   245390
  </price>
  <rating>
   1.55
  </rating>
  <reviews>
   826096
  </reviews>
  <exclusive>
   no
  </exclusive>
  <sporty>
   no
  </sporty>
 </clothing>
 <clothing>
  <id>
   704863481
  </id>
  <name>
   Converse Jeans R-6725
  </name>
  <category>
   Jeans
  </category>
  <size>
   L
  </size>
  <color>
   Желтый
  </color>
  <material>
   Полиэстер
  </material>
  <price>
   519791
  </price>
  <rating>
   1.27
  </rating>
  <reviews>
   226123
  </reviews>
  <exclusive>
   no
  </exclusive>
  <sporty>
   yes
  </sporty>
 </clothing>
 <clothing>
  <id>
   445172783
  </id>
  <name>
   Puma Socks W-4078
  </name>
  <category>
   Socks
  </category>
  <size>
   XXL
  </size>
  <color>
   Оранжевый
  </color>
  <material>
   Шерсть
  </material>
  <price>
   152927
  </price>
  <rating>
   2.08
  </rating>
  <reviews>
   74564
  </reviews>
  <new>
   +
  </new>
  <exclusive>
   no
  </exclusive>
 </clothing>
 <clothing>
  <id>
   776981649
  </id>
  <name>
   Brooks Belts F-2637
  </name>
  <category>
   Belts
  </category>
  <size>
   XXL
  </size>
  <color>
   Оранжевый
  </color>
  <material>
   Шелк
  </material>
  <price>
   166468
  </price>
  <rating>
   1.07
  </rating>
  <reviews>
   941964
  </reviews>
  <new>
   +
  </new>
 </clothing>
</clothing-items>
