<?xml version="1.0" encoding="utf-8"?>
<clothing-items>
 <clothing>
  <id>
   289300706
  </id>
  <name>
   Nike Blouse Y-6601
  </name>
  <category>
   Blouse
  </category>
  <size>
   L
  </size>
  <color>
   Синий
  </color>
  <material>
   Нейлон
  </material>
  <price>
   732661
  </price>
  <rating>
   4.79
  </rating>
  <reviews>
   6893
  </reviews>
 </clothing>
 <clothing>
  <id>
   568284204
  </id>
  <name>
   Asics Jeans E-7883
  </name>
  <category>
   Jeans
  </category>
  <size>
   L
  </size>
  <color>
   Голубой
  </color>
  <material>
   Лен
  </material>
  <price>
   397379
  </price>
  <rating>
   2.43
  </rating>
  <reviews>
   816486
  </reviews>
  <exclusive>
   no
  </exclusive>
  <sporty>
   no
  </sporty>
 </clothing>
 <clothing>
  <id>
   407666957
  </id>
  <name>
   Reebok Pants Q-3229
  </name>
  <category>
   Pants
  </category>
  <size>
   M
  </size>
  <color>
   Зеленый
  </color>
  <material>
   Лен
  </material>
  <price>
   531139
  </price>
  <rating>
   3.95
  </rating>
  <reviews>
   491077
  </reviews>
  <new>
   -
  </new>
  <sporty>
   yes
  </sporty>
 </clothing>
 <clothing>
  <id>
   602775910
  </id>
  <name>
   Converse Handbags C-2141
  </name>
  <category>
   Handbags
  </category>
  <size>
   L
  </size>
  <color>
   Фиолетовый
  </color>
  <material>
   Кожа
  </material>
  <price>
   807167
  </price>
  <rating>
   2.14
  </rating>
  <reviews>
   897470
  </reviews>
  <new>
   -
  </new>
  <sporty>
   no
  </sporty>
 </clothing>
 <clothing>
  <id>
   403878420
  </id>
  <name>
   Nike Gloves A-7533
  </name>
  <category>
   Gloves
  </category>
  <size>
   XXL
  </size>
  <color>
   Красный
  </color>
  <material>
   Кожа
  </material>
  <price>
   529088
  </price>
  <rating>
   2.58
  </rating>
  <reviews>
   91073
  </reviews>
  <new>
   -
  </new>
  <exclusive>
   no
  </exclusive>
 </clothing>
 <clothing>
  <id>
   339044363
  </id>
  <name>
   PleinSport Belts H-3303
  </name>
  <category>
   Belts
  </category>
  <size>
   L
  </size>
  <color>
   Желтый
  </color>
  <material>
   Кожа
  </material>
  <price>
   460396
  </price>
  <rating>
   1.73
  </rating>
  <reviews>
   942221
  </reviews>
  <new>
   -
  </new>
  <exclusive>
   yes
  </exclusive>
 </clothing>
 <clothing>
  <id>
   103504333
  </id>
  <name>
   Under Armour T-shirt G-9663
  </name>
  <category>
   T-shirt
  </category>
  <size>
   XXL
  </size>
  <color>
   Оранжевый
  </color>
  <material>
   Полиэстер
  </material>
  <price>
   113559
  </price>
  <rating>
   4.42
  </rating>
  <reviews>
   892506
  </reviews>
  <sporty>
   no
  </sporty>
 </clothing>
 <clothing>
  <id>
   942393570
  </id>
  <name>
   Lacoste Sweater C-2875
  </name>
  <category>
   Sweater
  </category>
  <size>
   S
  </size>
  <color>
   Голубой
  </color>
  <material>
   Полиэстер
  </material>
  <price>
   886065
  </price>
  <rating>
   4.48
  </rating>
  <reviews>
   958743
  </reviews>
  <exclusive>
   yes
  </exclusive>
  <sporty>
   no
  </sporty>
 </clothing>
 <clothing>
  <id>
   391250410
  </id>
  <name>
   Under Armour Shirt N-2863
  </name>
  <category>
   Shirt
  </category>
  <size>
   XL
  </size>
  <color>
   Оранжевый
  </color>
  <material>
   Кожа
  </material>
  <price>
   171113
  </price>
  <rating>
   3.73
  </rating>
  <reviews>
   226752
  </reviews>
  <new>
   +
  </new>
  <exclusive>
   no
  </exclusive>
  <sporty>
   yes
  </sporty>
 </clothing>
 <clothing>
  <id>
   484535594
  </id>
  <name>
   PleinSport Jacket L-8227
  </name>
  <category>
   Jacket
  </category>
  <size>
   XL
  </size>
  <color>
   Желтый
  </color>
  <material>
   Вискоза
  </material>
  <price>
   743757
  </price>
  <rating>
   1.79
  </rating>
  <reviews>
   902925
  </reviews>
  <exclusive>
   yes
  </exclusive>
  <sporty>
   yes
  </sporty>
 </clothing>
</clothing-items>
