<?xml version="1.0" encoding="utf-8"?>
<clothing-items>
 <clothing>
  <id>
   877563139
  </id>
  <name>
   Fila Skirt Z-2095
  </name>
  <category>
   Skirt
  </category>
  <size>
   L
  </size>
  <color>
   Оранжевый
  </color>
  <material>
   Нейлон
  </material>
  <price>
   956740
  </price>
  <rating>
   4.96
  </rating>
  <reviews>
   783787
  </reviews>
  <new>
   -
  </new>
  <sporty>
   yes
  </sporty>
 </clothing>
 <clothing>
  <id>
   176319150
  </id>
  <name>
   Fila Umbrellas L-3416
  </name>
  <category>
   Umbrellas
  </category>
  <size>
   L
  </size>
  <color>
   Синий
  </color>
  <material>
   Нейлон
  </material>
  <price>
   937348
  </price>
  <rating>
   2.6
  </rating>
  <reviews>
   276178
  </reviews>
  <exclusive>
   yes
  </exclusive>
  <sporty>
   no
  </sporty>
 </clothing>
 <clothing>
  <id>
   668209933
  </id>
  <name>
   Ellesse Handbags J-8599
  </name>
  <category>
   Handbags
  </category>
  <size>
   XXL
  </size>
  <color>
   Фиолетовый
  </color>
  <material>
   Лен
  </material>
  <price>
   193194
  </price>
  <rating>
   2.41
  </rating>
  <reviews>
   793744
  </reviews>
  <sporty>
   no
  </sporty>
 </clothing>
 <clothing>
  <id>
   488321542
  </id>
  <name>
   Fila T-shirt P-3389
  </name>
  <category>
   T-shirt
  </category>
  <size>
   XL
  </size>
  <color>
   Желтый
  </color>
  <material>
   Шерсть
  </material>
  <price>
   495051
  </price>
  <rating>
   3.36
  </rating>
  <reviews>
   288020
  </reviews>
  <sporty>
   no
  </sporty>
 </clothing>
 <clothing>
  <id>
   654487433
  </id>
  <name>
   Addidas Gloves D-9763
  </name>
  <category>
   Gloves
  </category>
  <size>
   S
  </size>
  <color>
   Желтый
  </color>
  <material>
   Кожа
  </material>
  <price>
   248805
  </price>
  <rating>
   2.47
  </rating>
  <reviews>
   608277
  </reviews>
  <exclusive>
   no
  </exclusive>
 </clothing>
 <clothing>
  <id>
   639418354
  </id>
  <name>
   Fila Jacket K-3652
  </name>
  <category>
   Jacket
  </category>
  <size>
   S
  </size>
  <color>
   Желтый
  </color>
  <material>
   Полиэстер
  </material>
  <price>
   154300
  </price>
  <rating>
   2.61
  </rating>
  <reviews>
   165468
  </reviews>
  <new>
   -
  </new>
  <sporty>
   no
  </sporty>
 </clothing>
 <clothing>
  <id>
   766941970
  </id>
  <name>
   Ellesse Gloves Y-5860
  </name>
  <category>
   Gloves
  </category>
  <size>
   M
  </size>
  <color>
   Синий
  </color>
  <material>
   Кожа
  </material>
  <price>
   984665
  </price>
  <rating>
   1.63
  </rating>
  <reviews>
   851081
  </reviews>
  <new>
   +
  </new>
  <exclusive>
   yes
  </exclusive>
  <sporty>
   no
  </sporty>
 </clothing>
 <clothing>
  <id>
   313300949
  </id>
  <name>
   Fila Belts G-2171
  </name>
  <category>
   Belts
  </category>
  <size>
   S
  </size>
  <color>
   Оранжевый
  </color>
  <material>
   Вискоза
  </material>
  <price>
   564239
  </price>
  <rating>
   4.41
  </rating>
  <reviews>
   313301
  </reviews>
  <new>
   -
  </new>
  <exclusive>
   no
  </exclusive>
  <sporty>
   yes
  </sporty>
 </clothing>
 <clothing>
  <id>
   453713379
  </id>
  <name>
   Ellesse Handbags T-8326
  </name>
  <category>
   Handbags
  </category>
  <size>
   S
  </size>
  <color>
   Желтый
  </color>
  <material>
   Шерсть
  </material>
  <price>
   826673
  </price>
  <rating>
   4.77
  </rating>
  <reviews>
   695127
  </reviews>
  <exclusive>
   no
  </exclusive>
 </clothing>
 <clothing>
  <id>
   410178083
  </id>
  <name>
   Lacoste Gloves X-1191
  </name>
  <category>
   Gloves
  </category>
  <size>
   XL
  </size>
  <color>
   Фиолетовый
  </color>
  <material>
   Лен
  </material>
  <price>
   680275
  </price>
  <rating>
   3.21
  </rating>
  <reviews>
   680995
  </reviews>
  <new>
   -
  </new>
  <exclusive>
   yes
  </exclusive>
  <sporty>
   yes
  </sporty>
 </clothing>
 <clothing>
  <id>
   968974316
  </id>
  <name>
   Fila Hat Z-4507
  </name>
  <category>
   Hat
  </category>
  <size>
   S
  </size>
  <color>
   Красный
  </color>
  <material>
   Хлопок
  </material>
  <price>
   873213
  </price>
  <rating>
   1.69
  </rating>
  <reviews>
   384955
  </reviews>
  <exclusive>
   yes
  </exclusive>
  <sporty>
   yes
  </sporty>
 </clothing>
 <clothing>
  <id>
   440176941
  </id>
  <name>
   Addidas Gloves E-5500
  </name>
  <category>
   Gloves
  </category>
  <size>
   L
  </size>
  <color>
   Голубой
  </color>
  <material>
   Лен
  </material>
  <price>
   226306
  </price>
  <rating>
   2.91
  </rating>
  <reviews>
   984698
  </reviews>
  <new>
   +
  </new>
 </clothing>
 <clothing>
  <id>
   560623186
  </id>
  <name>
   Addidas Blouse G-7888
  </name>
  <category>
   Blouse
  </category>
  <size>
   S
  </size>
  <color>
   Синий
  </color>
  <material>
   Шелк
  </material>
  <price>
   871998
  </price>
  <rating>
   1.02
  </rating>
  <reviews>
   244171
  </reviews>
  <new>
   -
  </new>
  <exclusive>
   yes
  </exclusive>
  <sporty>
   no
  </sporty>
 </clothing>
 <clothing>
  <id>
   892185562
  </id>
  <name>
   Adidas Jeans Q-5844
  </name>
  <category>
   Jeans
  </category>
  <size>
   XXL
  </size>
  <color>
   Желтый
  </color>
  <material>
   Нейлон
  </material>
  <price>
   538628
  </price>
  <rating>
   3.38
  </rating>
  <reviews>
   477724
  </reviews>
  <exclusive>
   no
  </exclusive>
 </clothing>
 <clothing>
  <id>
   115901909
  </id>
  <name>
   Asics Hat D-8665
  </name>
  <category>
   Hat
  </category>
  <size>
   XL
  </size>
  <color>
   Красный
  </color>
  <material>
   Нейлон
  </material>
  <price>
   838039
  </price>
  <rating>
   4.08
  </rating>
  <reviews>
   440013
  </reviews>
  <new>
   -
  </new>
  <exclusive>
   no
  </exclusive>
 </clothing>
 <clothing>
  <id>
   121983189
  </id>
  <name>
   Reebok Blouse X-1831
  </name>
  <category>
   Blouse
  </category>
  <size>
   S
  </size>
  <color>
   Синий
  </color>
  <material>
   Шелк
  </material>
  <price>
   300810
  </price>
  <rating>
   1.65
  </rating>
  <reviews>
   492216
  </reviews>
  <exclusive>
   no
  </exclusive>
 </clothing>
 <clothing>
  <id>
   736983688
  </id>
  <name>
   Lacoste Jacket N-2446
  </name>
  <category>
   Jacket
  </category>
  <size>
   M
  </size>
  <color>
   Желтый
  </color>
  <material>
   Шерсть
  </material>
  <price>
   468780
  </price>
  <rating>
   1.36
  </rating>
  <reviews>
   526430
  </reviews>
 </clothing>
 <clothing>
  <id>
   414751534
  </id>
  <name>
   Adidas Jeans S-4930
  </name>
  <category>
   Jeans
  </category>
  <size>
   XXL
  </size>
  <color>
   Оранжевый
  </color>
  <material>
   Шерсть
  </material>
  <price>
   733047
  </price>
  <rating>
   4.18
  </rating>
  <reviews>
   733247
  </reviews>
  <new>
   +
  </new>
  <sporty>
   yes
  </sporty>
 </clothing>
 <clothing>
  <id>
   965354841
  </id>
  <name>
   Adidas T-shirt X-6986
  </name>
  <category>
   T-shirt
  </category>
  <size>
   XL
  </size>
  <color>
   Красный
  </color>
  <material>
   Кожа
  </material>
  <price>
   746199
  </price>
  <rating>
   3.99
  </rating>
  <reviews>
   580510
  </reviews>
  <new>
   +
  </new>
  <exclusive>
   no
  </exclusive>
 </clothing>
 <clothing>
  <id>
   239701358
  </id>
  <name>
   Nike Jacket F-9831
  </name>
  <category>
   Jacket
  </category>
  <size>
   M
  </size>
  <color>
   Зеленый
  </color>
  <material>
   Кожа
  </material>
  <price>
   832782
  </price>
  <rating>
   1.09
  </rating>
  <reviews>
   325308
  </reviews>
  <new>
   -
  </new>
  <exclusive>
   yes
  </exclusive>
 </clothing>
 <clothing>
  <id>
   407147177
  </id>
  <name>
   Nike Skirt K-4518
  </name>
  <category>
   Skirt
  </category>
  <size>
   XL
  </size>
  <color>
   Зеленый
  </color>
  <material>
   Шелк
  </material>
  <price>
   808604
  </price>
  <rating>
   3.08
  </rating>
  <reviews>
   479220
  </reviews>
  <exclusive>
   no
  </exclusive>
 </clothing>
 <clothing>
  <id>
   407600085
  </id>
  <name>
   Converse Socks K-1377
  </name>
  <category>
   Socks
  </category>
  <size>
   XXL
  </size>
  <color>
   Синий
  </color>
  <material>
   Хлопок
  </material>
  <price>
   411939
  </price>
  <rating>
   3.97
  </rating>
  <reviews>
   886135
  </reviews>
  <new>
   -
  </new>
  <exclusive>
   no
  </exclusive>
  <sporty>
   no
  </sporty>
 </clothing>
 <clothing>
  <id>
   720566798
  </id>
  <name>
   Fila Gloves K-8465
  </name>
  <category>
   Gloves
  </category>
  <size>
   XL
  </size>
  <color>
   Красный
  </color>
  <material>
   Полиэстер
  </material>
  <price>
   571052
  </price>
  <rating>
   2.19
  </rating>
  <reviews>
   549593
  </reviews>
  <new>
   -
  </new>
  <exclusive>
   no
  </exclusive>
 </clothing>
 <clothing>
  <id>
   795731773
  </id>
  <name>
   Addidas Gloves X-1285
  </name>
  <category>
   Gloves
  </category>
  <size>
   S
  </size>
  <color>
   Фиолетовый
  </color>
  <material>
   Кожа
  </material>
  <price>
   564221
  </price>
  <rating>
   4.29
  </rating>
  <reviews>
   94454
  </reviews>
  <new>
   -
  </new>
  <sporty>
   no
  </sporty>
 </clothing>
 <clothing>
  <id>
   653146288
  </id>
  <name>
   PleinSport Gloves Y-3971
  </name>
  <category>
   Gloves
  </category>
  <size>
   XXL
  </size>
  <color>
   Фиолетовый
  </color>
  <material>
   Шерсть
  </material>
  <price>
   275764
  </price>
  <rating>
   4.98
  </rating>
  <reviews>
   855048
  </reviews>
  <new>
   +
  </new>
  <sporty>
   no
  </sporty>
 </clothing>
 <clothing>
  <id>
   866524775
  </id>
  <name>
   Converse Umbrellas C-3510
  </name>
  <category>
   Umbrellas
  </category>
  <size>
   XL
  </size>
  <color>
   Оранжевый
  </color>
  <material>
   Кожа
  </material>
  <price>
   183262
  </price>
  <rating>
   2.09
  </rating>
  <reviews>
   757208
  </reviews>
  <sporty>
   no
  </sporty>
 </clothing>
 <clothing>
  <id>
   700865587
  </id>
  <name>
   Converse Handbags T-7157
  </name>
  <category>
   Handbags
  </category>
  <size>
   XXL
  </size>
  <color>
   Синий
  </color>
  <material>
   Хлопок
  </material>
  <price>
   177097
  </price>
  <rating>
   2.02
  </rating>
  <reviews>
   740893
  </reviews>
  <new>
   -
  </new>
  <exclusive>
   no
  </exclusive>
  <sporty>
   no
  </sporty>
 </clothing>
 <clothing>
  <id>
   935869698
  </id>
  <name>
   Vans Socks L-3943
  </name>
  <category>
   Socks
  </category>
  <size>
   XXL
  </size>
  <color>
   Зеленый
  </color>
  <material>
   Нейлон
  </material>
  <price>
   836880
  </price>
  <rating>
   2.33
  </rating>
  <reviews>
   239366
  </reviews>
  <new>
   -
  </new>
 </clothing>
 <clothing>
  <id>
   638153626
  </id>
  <name>
   Brooks T-shirt T-5683
  </name>
  <category>
   T-shirt
  </category>
  <size>
   S
  </size>
  <color>
   Красный
  </color>
  <material>
   Хлопок
  </material>
  <price>
   307997
  </price>
  <rating>
   3.15
  </rating>
  <reviews>
   547074
  </reviews>
  <new>
   +
  </new>
  <exclusive>
   no
  </exclusive>
  <sporty>
   no
  </sporty>
 </clothing>
 <clothing>
  <id>
   863246919
  </id>
  <name>
   Vans Hat M-3565
  </name>
  <category>
   Hat
  </category>
  <size>
   S
  </size>
  <color>
   Голубой
  </color>
  <material>
   Кожа
  </material>
  <price>
   675663
  </price>
  <rating>
   1.23
  </rating>
  <reviews>
   732117
  </reviews>
  <sporty>
   no
  </sporty>
 </clothing>
 <clothing>
  <id>
   261357869
  </id>
  <name>
   Puma Skirt N-2921
  </name>
  <category>
   Skirt
  </category>
  <size>
   XL
  </size>
  <color>
   Фиолетовый
  </color>
  <material>
   Полиэстер
  </material>
  <price>
   531108
  </price>
  <rating>
   4.95
  </rating>
  <reviews>
   973994
  </reviews>
  <new>
   +
  </new>
  <sporty>
   yes
  </sporty>
 </clothing>
 <clothing>
  <id>
   293627677
  </id>
  <name>
   Ellesse Dress H-3461
  </name>
  <category>
   Dress
  </category>
  <size>
   L
  </size>
  <color>
   Красный
  </color>
  <material>
   Шерсть
  </material>
  <price>
   769718
  </price>
  <rating>
   3.6
  </rating>
  <reviews>
   55866
  </reviews>
  <exclusive>
   no
  </exclusive>
  <sporty>
   yes
  </sporty>
 </clothing>
 <clothing>
  <id>
   787527884
  </id>
  <name>
   DC Skirt Y-9562
  </name>
  <category>
   Skirt
  </category>
  <size>
   M
  </size>
  <color>
   Голубой
  </color>
  <material>
   Полиэстер
  </material>
  <price>
   744448
  </price>
  <rating>
   1.0
  </rating>
  <reviews>
   26984
  </reviews>
  <exclusive>
   no
  </exclusive>
  <sporty>
   yes
  </sporty>
 </clothing>
 <clothing>
  <id>
   397299887
  </id>
  <name>
   Addidas Shoes K-7338
  </name>
  <category>
   Shoes
  </category>
  <size>
   XL
  </size>
  <color>
   Оранжевый
  </color>
  <material>
   Шерсть
  </material>
  <price>
   683854
  </price>
  <rating>
   4.03
  </rating>
  <reviews>
   880020
  </reviews>
  <new>
   +
  </new>
  <exclusive>
   yes
  </exclusive>
  <sporty>
   yes
  </sporty>
 </clothing>
 <clothing>
  <id>
   639033527
  </id>
  <name>
   Asics Pants C-4165
  </name>
  <category>
   Pants
  </category>
  <size>
   XL
  </size>
  <color>
   Фиолетовый
  </color>
  <material>
   Шелк
  </material>
  <price>
   799004
  </price>
  <rating>
   1.22
  </rating>
  <reviews>
   520639
  </reviews>
  <new>
   -
  </new>
  <sporty>
   yes
  </sporty>
 </clothing>
 <clothing>
  <id>
   906537381
  </id>
  <name>
   Under Armour Hat O-7429
  </name>
  <category>
   Hat
  </category>
  <size>
   XL
  </size>
  <color>
   Желтый
  </color>
  <material>
   Шелк
  </material>
  <price>
   336769
  </price>
  <rating>
   3.26
  </rating>
  <reviews>
   858092
  </reviews>
  <new>
   +
  </new>
  <exclusive>
   no
  </exclusive>
 </clothing>
</clothing-items>
