<?xml version="1.0" encoding="utf-8"?>
<clothing-items>
 <clothing>
  <id>
   894012207
  </id>
  <name>
   Lacoste Hat V-5256
  </name>
  <category>
   Hat
  </category>
  <size>
   L
  </size>
  <color>
   Красный
  </color>
  <material>
   Хлопок
  </material>
  <price>
   155656
  </price>
  <rating>
   4.43
  </rating>
  <reviews>
   152255
  </reviews>
  <new>
   +
  </new>
 </clothing>
 <clothing>
  <id>
   908240610
  </id>
  <name>
   Addidas T-shirt Z-5647
  </name>
  <category>
   T-shirt
  </category>
  <size>
   XL
  </size>
  <color>
   Синий
  </color>
  <material>
   Лен
  </material>
  <price>
   406936
  </price>
  <rating>
   1.76
  </rating>
  <reviews>
   958310
  </reviews>
  <new>
   -
  </new>
 </clothing>
 <clothing>
  <id>
   244412039
  </id>
  <name>
   Brooks Blouse N-3823
  </name>
  <category>
   Blouse
  </category>
  <size>
   XXL
  </size>
  <color>
   Зеленый
  </color>
  <material>
   Шелк
  </material>
  <price>
   267041
  </price>
  <rating>
   2.4
  </rating>
  <reviews>
   958793
  </reviews>
  <new>
   -
  </new>
 </clothing>
 <clothing>
  <id>
   649186415
  </id>
  <name>
   Fila Jeans Z-1452
  </name>
  <category>
   Jeans
  </category>
  <size>
   XL
  </size>
  <color>
   Синий
  </color>
  <material>
   Лен
  </material>
  <price>
   579769
  </price>
  <rating>
   2.78
  </rating>
  <reviews>
   207014
  </reviews>
  <exclusive>
   yes
  </exclusive>
 </clothing>
 <clothing>
  <id>
   469645229
  </id>
  <name>
   Puma Handbags Z-7688
  </name>
  <category>
   Handbags
  </category>
  <size>
   XXL
  </size>
  <color>
   Голубой
  </color>
  <material>
   Полиэстер
  </material>
  <price>
   328963
  </price>
  <rating>
   1.45
  </rating>
  <reviews>
   473465
  </reviews>
  <sporty>
   yes
  </sporty>
 </clothing>
 <clothing>
  <id>
   541661225
  </id>
  <name>
   Reebok Belts X-7037
  </name>
  <category>
   Belts
  </category>
  <size>
   M
  </size>
  <color>
   Фиолетовый
  </color>
  <material>
   Вискоза
  </material>
  <price>
   750609
  </price>
  <rating>
   1.67
  </rating>
  <reviews>
   529228
  </reviews>
  <new>
   +
  </new>
  <exclusive>
   yes
  </exclusive>
  <sporty>
   yes
  </sporty>
 </clothing>
 <clothing>
  <id>
   120397229
  </id>
  <name>
   Nike Shoes N-2763
  </name>
  <category>
   Shoes
  </category>
  <size>
   S
  </size>
  <color>
   Красный
  </color>
  <material>
   Шерсть
  </material>
  <price>
   470394
  </price>
  <rating>
   4.39
  </rating>
  <reviews>
   400055
  </reviews>
  <new>
   +
  </new>
  <exclusive>
   yes
  </exclusive>
  <sporty>
   no
  </sporty>
 </clothing>
 <clothing>
  <id>
   391330515
  </id>
  <name>
   Lacoste Socks Z-9844
  </name>
  <category>
   Socks
  </category>
  <size>
   XL
  </size>
  <color>
   Зеленый
  </color>
  <material>
   Вискоза
  </material>
  <price>
   684020
  </price>
  <rating>
   1.21
  </rating>
  <reviews>
   241369
  </reviews>
 </clothing>
 <clothing>
  <id>
   520264604
  </id>
  <name>
   Adidas Shoes R-3535
  </name>
  <category>
   Shoes
  </category>
  <size>
   L
  </size>
  <color>
   Желтый
  </color>
  <material>
   Шерсть
  </material>
  <price>
   303143
  </price>
  <rating>
   2.97
  </rating>
  <reviews>
   27430
  </reviews>
  <exclusive>
   yes
  </exclusive>
  <sporty>
   no
  </sporty>
 </clothing>
 <clothing>
  <id>
   204394340
  </id>
  <name>
   Asics Hat A-9235
  </name>
  <category>
   Hat
  </category>
  <size>
   XL
  </size>
  <color>
   Красный
  </color>
  <material>
   Хлопок
  </material>
  <price>
   272519
  </price>
  <rating>
   4.14
  </rating>
  <reviews>
   775149
  </reviews>
  <new>
   +
  </new>
  <exclusive>
   yes
  </exclusive>
 </clothing>
 <clothing>
  <id>
   983576194
  </id>
  <name>
   Puma Sweater G-9316
  </name>
  <category>
   Sweater
  </category>
  <size>
   M
  </size>
  <color>
   Фиолетовый
  </color>
  <material>
   Полиэстер
  </material>
  <price>
   820970
  </price>
  <rating>
   3.42
  </rating>
  <reviews>
   559244
  </reviews>
  <sporty>
   no
  </sporty>
 </clothing>
 <clothing>
  <id>
   362119809
  </id>
  <name>
   New Balance Hat X-2994
  </name>
  <category>
   Hat
  </category>
  <size>
   M
  </size>
  <color>
   Фиолетовый
  </color>
  <material>
   Полиэстер
  </material>
  <price>
   600983
  </price>
  <rating>
   1.97
  </rating>
  <reviews>
   645951
  </reviews>
  <exclusive>
   no
  </exclusive>
  <sporty>
   no
  </sporty>
 </clothing>
 <clothing>
  <id>
   550495970
  </id>
  <name>
   DC Belts Y-5792
  </name>
  <category>
   Belts
  </category>
  <size>
   XXL
  </size>
  <color>
   Фиолетовый
  </color>
  <material>
   Вискоза
  </material>
  <price>
   613472
  </price>
  <rating>
   3.73
  </rating>
  <reviews>
   66138
  </reviews>
  <new>
   +
  </new>
  <exclusive>
   yes
  </exclusive>
  <sporty>
   no
  </sporty>
 </clothing>
 <clothing>
  <id>
   869090729
  </id>
  <name>
   Lacoste Dress T-5703
  </name>
  <category>
   Dress
  </category>
  <size>
   XXL
  </size>
  <color>
   Красный
  </color>
  <material>
   Хлопок
  </material>
  <price>
   419274
  </price>
  <rating>
   2.7
  </rating>
  <reviews>
   535417
  </reviews>
  <exclusive>
   yes
  </exclusive>
 </clothing>
 <clothing>
  <id>
   316130502
  </id>
  <name>
   Addidas Pants V-4060
  </name>
  <category>
   Pants
  </category>
  <size>
   S
  </size>
  <color>
   Голубой
  </color>
  <material>
   Шерсть
  </material>
  <price>
   620739
  </price>
  <rating>
   3.31
  </rating>
  <reviews>
   480976
  </reviews>
  <exclusive>
   yes
  </exclusive>
  <sporty>
   no
  </sporty>
 </clothing>
 <clothing>
  <id>
   746805934
  </id>
  <name>
   Vans Umbrellas K-2830
  </name>
  <category>
   Umbrellas
  </category>
  <size>
   XXL
  </size>
  <color>
   Красный
  </color>
  <material>
   Лен
  </material>
  <price>
   790577
  </price>
  <rating>
   4.44
  </rating>
  <reviews>
   269333
  </reviews>
  <new>
   -
  </new>
  <exclusive>
   no
  </exclusive>
 </clothing>
 <clothing>
  <id>
   685122769
  </id>
  <name>
   Brooks Socks Q-3092
  </name>
  <category>
   Socks
  </category>
  <size>
   XXL
  </size>
  <color>
   Голубой
  </color>
  <material>
   Нейлон
  </material>
  <price>
   239677
  </price>
  <rating>
   3.8
  </rating>
  <reviews>
   738032
  </reviews>
  <new>
   +
  </new>
 </clothing>
 <clothing>
  <id>
   401364312
  </id>
  <name>
   New Balance Shirt R-7376
  </name>
  <category>
   Shirt
  </category>
  <size>
   S
  </size>
  <color>
   Голубой
  </color>
  <material>
   Кожа
  </material>
  <price>
   875875
  </price>
  <rating>
   2.43
  </rating>
  <reviews>
   467632
  </reviews>
  <new>
   -
  </new>
  <exclusive>
   no
  </exclusive>
 </clothing>
 <clothing>
  <id>
   904001110
  </id>
  <name>
   Asics Dress I-5006
  </name>
  <category>
   Dress
  </category>
  <size>
   XXL
  </size>
  <color>
   Красный
  </color>
  <material>
   Нейлон
  </material>
  <price>
   756160
  </price>
  <rating>
   4.45
  </rating>
  <reviews>
   305014
  </reviews>
  <exclusive>
   no
  </exclusive>
  <sporty>
   no
  </sporty>
 </clothing>
 <clothing>
  <id>
   298958249
  </id>
  <name>
   Under Armour Shirt X-1195
  </name>
  <category>
   Shirt
  </category>
  <size>
   XXL
  </size>
  <color>
   Зеленый
  </color>
  <material>
   Шерсть
  </material>
  <price>
   630578
  </price>
  <rating>
   4.47
  </rating>
  <reviews>
   372115
  </reviews>
  <new>
   -
  </new>
  <exclusive>
   yes
  </exclusive>
 </clothing>
 <clothing>
  <id>
   367713902
  </id>
  <name>
   Converse T-shirt C-9812
  </name>
  <category>
   T-shirt
  </category>
  <size>
   XL
  </size>
  <color>
   Желтый
  </color>
  <material>
   Шелк
  </material>
  <price>
   599467
  </price>
  <rating>
   3.16
  </rating>
  <reviews>
   164027
  </reviews>
  <sporty>
   yes
  </sporty>
 </clothing>
 <clothing>
  <id>
   969361893
  </id>
  <name>
   Reebok Shirt O-4932
  </name>
  <category>
   Shirt
  </category>
  <size>
   S
  </size>
  <color>
   Синий
  </color>
  <material>
   Кожа
  </material>
  <price>
   827292
  </price>
  <rating>
   4.55
  </rating>
  <reviews>
   796340
  </reviews>
  <new>
   +
  </new>
  <exclusive>
   no
  </exclusive>
 </clothing>
 <clothing>
  <id>
   878588558
  </id>
  <name>
   Addidas Dress C-8323
  </name>
  <category>
   Dress
  </category>
  <size>
   XL
  </size>
  <color>
   Синий
  </color>
  <material>
   Шелк
  </material>
  <price>
   657681
  </price>
  <rating>
   4.04
  </rating>
  <reviews>
   173318
  </reviews>
  <new>
   -
  </new>
  <exclusive>
   no
  </exclusive>
  <sporty>
   no
  </sporty>
 </clothing>
 <clothing>
  <id>
   229126858
  </id>
  <name>
   Nike Handbags S-2666
  </name>
  <category>
   Handbags
  </category>
  <size>
   S
  </size>
  <color>
   Синий
  </color>
  <material>
   Шелк
  </material>
  <price>
   699758
  </price>
  <rating>
   2.97
  </rating>
  <reviews>
   163453
  </reviews>
  <new>
   +
  </new>
  <exclusive>
   yes
  </exclusive>
 </clothing>
 <clothing>
  <id>
   982406880
  </id>
  <name>
   Fila Blouse I-4287
  </name>
  <category>
   Blouse
  </category>
  <size>
   XL
  </size>
  <color>
   Голубой
  </color>
  <material>
   Лен
  </material>
  <price>
   160440
  </price>
  <rating>
   4.23
  </rating>
  <reviews>
   259996
  </reviews>
  <exclusive>
   no
  </exclusive>
 </clothing>
 <clothing>
  <id>
   386282713
  </id>
  <name>
   Asics Shoes L-2138
  </name>
  <category>
   Shoes
  </category>
  <size>
   S
  </size>
  <color>
   Оранжевый
  </color>
  <material>
   Полиэстер
  </material>
  <price>
   741898
  </price>
  <rating>
   3.79
  </rating>
  <reviews>
   931691
  </reviews>
  <new>
   -
  </new>
  <exclusive>
   no
  </exclusive>
 </clothing>
 <clothing>
  <id>
   734238582
  </id>
  <name>
   New Balance Sweater R-4794
  </name>
  <category>
   Sweater
  </category>
  <size>
   XL
  </size>
  <color>
   Голубой
  </color>
  <material>
   Полиэстер
  </material>
  <price>
   332290
  </price>
  <rating>
   4.35
  </rating>
  <reviews>
   349215
  </reviews>
  <new>
   -
  </new>
  <exclusive>
   no
  </exclusive>
  <sporty>
   no
  </sporty>
 </clothing>
 <clothing>
  <id>
   952634098
  </id>
  <name>
   Brooks Pants T-7106
  </name>
  <category>
   Pants
  </category>
  <size>
   S
  </size>
  <color>
   Голубой
  </color>
  <material>
   Полиэстер
  </material>
  <price>
   987267
  </price>
  <rating>
   3.31
  </rating>
  <reviews>
   287673
  </reviews>
  <new>
   -
  </new>
  <exclusive>
   no
  </exclusive>
 </clothing>
 <clothing>
  <id>
   421136426
  </id>
  <name>
   Puma Belts E-7918
  </name>
  <category>
   Belts
  </category>
  <size>
   S
  </size>
  <color>
   Красный
  </color>
  <material>
   Шерсть
  </material>
  <price>
   842365
  </price>
  <rating>
   1.7
  </rating>
  <reviews>
   930989
  </reviews>
  <exclusive>
   no
  </exclusive>
  <sporty>
   no
  </sporty>
 </clothing>
 <clothing>
  <id>
   318143975
  </id>
  <name>
   Nike T-shirt L-2943
  </name>
  <category>
   T-shirt
  </category>
  <size>
   S
  </size>
  <color>
   Оранжевый
  </color>
  <material>
   Полиэстер
  </material>
  <price>
   621766
  </price>
  <rating>
   2.78
  </rating>
  <reviews>
   517206
  </reviews>
  <new>
   -
  </new>
  <exclusive>
   yes
  </exclusive>
  <sporty>
   no
  </sporty>
 </clothing>
 <clothing>
  <id>
   788696481
  </id>
  <name>
   New Balance Gloves W-6946
  </name>
  <category>
   Gloves
  </category>
  <size>
   S
  </size>
  <color>
   Желтый
  </color>
  <material>
   Кожа
  </material>
  <price>
   201114
  </price>
  <rating>
   1.88
  </rating>
  <reviews>
   934154
  </reviews>
  <sporty>
   yes
  </sporty>
 </clothing>
 <clothing>
  <id>
   436410187
  </id>
  <name>
   Brooks Jacket F-3895
  </name>
  <category>
   Jacket
  </category>
  <size>
   S
  </size>
  <color>
   Оранжевый
  </color>
  <material>
   Полиэстер
  </material>
  <price>
   291356
  </price>
  <rating>
   3.04
  </rating>
  <reviews>
   225524
  </reviews>
  <sporty>
   no
  </sporty>
 </clothing>
 <clothing>
  <id>
   174005800
  </id>
  <name>
   Converse Umbrellas B-4357
  </name>
  <category>
   Umbrellas
  </category>
  <size>
   M
  </size>
  <color>
   Фиолетовый
  </color>
  <material>
   Лен
  </material>
  <price>
   831600
  </price>
  <rating>
   3.05
  </rating>
  <reviews>
   148675
  </reviews>
  <new>
   -
  </new>
  <exclusive>
   yes
  </exclusive>
 </clothing>
 <clothing>
  <id>
   740458917
  </id>
  <name>
   Fila Pants M-9410
  </name>
  <category>
   Pants
  </category>
  <size>
   L
  </size>
  <color>
   Зеленый
  </color>
  <material>
   Хлопок
  </material>
  <price>
   428561
  </price>
  <rating>
   4.1
  </rating>
  <reviews>
   647866
  </reviews>
  <new>
   -
  </new>
  <exclusive>
   no
  </exclusive>
  <sporty>
   yes
  </sporty>
 </clothing>
 <clothing>
  <id>
   234312532
  </id>
  <name>
   DC Dress F-7701
  </name>
  <category>
   Dress
  </category>
  <size>
   XXL
  </size>
  <color>
   Красный
  </color>
  <material>
   Полиэстер
  </material>
  <price>
   120743
  </price>
  <rating>
   2.43
  </rating>
  <reviews>
   57999
  </reviews>
  <sporty>
   yes
  </sporty>
 </clothing>
 <clothing>
  <id>
   818727459
  </id>
  <name>
   PleinSport Socks X-7343
  </name>
  <category>
   Socks
  </category>
  <size>
   S
  </size>
  <color>
   Желтый
  </color>
  <material>
   Полиэстер
  </material>
  <price>
   355542
  </price>
  <rating>
   3.88
  </rating>
  <reviews>
   26581
  </reviews>
  <exclusive>
   yes
  </exclusive>
  <sporty>
   yes
  </sporty>
 </clothing>
 <clothing>
  <id>
   981118366
  </id>
  <name>
   Converse Belts G-8255
  </name>
  <category>
   Belts
  </category>
  <size>
   XL
  </size>
  <color>
   Желтый
  </color>
  <material>
   Шелк
  </material>
  <price>
   413981
  </price>
  <rating>
   1.53
  </rating>
  <reviews>
   889814
  </reviews>
  <new>
   -
  </new>
  <exclusive>
   no
  </exclusive>
  <sporty>
   yes
  </sporty>
 </clothing>
 <clothing>
  <id>
   732008268
  </id>
  <name>
   Adidas T-shirt V-5812
  </name>
  <category>
   T-shirt
  </category>
  <size>
   XL
  </size>
  <color>
   Оранжевый
  </color>
  <material>
   Полиэстер
  </material>
  <price>
   915437
  </price>
  <rating>
   2.08
  </rating>
  <reviews>
   456896
  </reviews>
  <new>
   +
  </new>
  <exclusive>
   no
  </exclusive>
  <sporty>
   no
  </sporty>
 </clothing>
 <clothing>
  <id>
   930040645
  </id>
  <name>
   Converse Gloves J-6344
  </name>
  <category>
   Gloves
  </category>
  <size>
   S
  </size>
  <color>
   Желтый
  </color>
  <material>
   Вискоза
  </material>
  <price>
   212455
  </price>
  <rating>
   3.53
  </rating>
  <reviews>
   172087
  </reviews>
  <new>
   -
  </new>
  <sporty>
   no
  </sporty>
 </clothing>
 <clothing>
  <id>
   513023932
  </id>
  <name>
   Reebok Hat K-5444
  </name>
  <category>
   Hat
  </category>
  <size>
   XL
  </size>
  <color>
   Оранжевый
  </color>
  <material>
   Нейлон
  </material>
  <price>
   908193
  </price>
  <rating>
   4.62
  </rating>
  <reviews>
   863563
  </reviews>
  <sporty>
   no
  </sporty>
 </clothing>
 <clothing>
  <id>
   210263895
  </id>
  <name>
   Converse Handbags U-6876
  </name>
  <category>
   Handbags
  </category>
  <size>
   XXL
  </size>
  <color>
   Голубой
  </color>
  <material>
   Шерсть
  </material>
  <price>
   433891
  </price>
  <rating>
   2.17
  </rating>
  <reviews>
   960032
  </reviews>
  <new>
   +
  </new>
  <exclusive>
   no
  </exclusive>
  <sporty>
   no
  </sporty>
 </clothing>
 <clothing>
  <id>
   536508491
  </id>
  <name>
   Reebok Handbags W-8495
  </name>
  <category>
   Handbags
  </category>
  <size>
   M
  </size>
  <color>
   Оранжевый
  </color>
  <material>
   Шелк
  </material>
  <price>
   441113
  </price>
  <rating>
   4.79
  </rating>
  <reviews>
   968456
  </reviews>
  <new>
   +
  </new>
 </clothing>
 <clothing>
  <id>
   568892153
  </id>
  <name>
   Nike Blouse K-4844
  </name>
  <category>
   Blouse
  </category>
  <size>
   L
  </size>
  <color>
   Желтый
  </color>
  <material>
   Хлопок
  </material>
  <price>
   696556
  </price>
  <rating>
   1.36
  </rating>
  <reviews>
   362008
  </reviews>
  <new>
   -
  </new>
  <exclusive>
   no
  </exclusive>
  <sporty>
   yes
  </sporty>
 </clothing>
 <clothing>
  <id>
   506206089
  </id>
  <name>
   Brooks Hat L-1078
  </name>
  <category>
   Hat
  </category>
  <size>
   M
  </size>
  <color>
   Зеленый
  </color>
  <material>
   Лен
  </material>
  <price>
   136392
  </price>
  <rating>
   2.33
  </rating>
  <reviews>
   662126
  </reviews>
  <exclusive>
   yes
  </exclusive>
  <sporty>
   yes
  </sporty>
 </clothing>
 <clothing>
  <id>
   628792435
  </id>
  <name>
   Adidas Shoes Y-1063
  </name>
  <category>
   Shoes
  </category>
  <size>
   XXL
  </size>
  <color>
   Голубой
  </color>
  <material>
   Нейлон
  </material>
  <price>
   334091
  </price>
  <rating>
   3.97
  </rating>
  <reviews>
   62244
  </reviews>
  <sporty>
   no
  </sporty>
 </clothing>
 <clothing>
  <id>
   450970495
  </id>
  <name>
   DC Dress X-6592
  </name>
  <category>
   Dress
  </category>
  <size>
   L
  </size>
  <color>
   Оранжевый
  </color>
  <material>
   Нейлон
  </material>
  <price>
   792943
  </price>
  <rating>
   2.2
  </rating>
  <reviews>
   628912
  </reviews>
  <new>
   +
  </new>
  <sporty>
   yes
  </sporty>
 </clothing>
 <clothing>
  <id>
   985634975
  </id>
  <name>
   Converse Shoes F-9355
  </name>
  <category>
   Shoes
  </category>
  <size>
   S
  </size>
  <color>
   Зеленый
  </color>
  <material>
   Кожа
  </material>
  <price>
   989858
  </price>
  <rating>
   1.03
  </rating>
  <reviews>
   774997
  </reviews>
  <exclusive>
   yes
  </exclusive>
 </clothing>
 <clothing>
  <id>
   136486989
  </id>
  <name>
   Under Armour Hat Z-2142
  </name>
  <category>
   Hat
  </category>
  <size>
   S
  </size>
  <color>
   Красный
  </color>
  <material>
   Нейлон
  </material>
  <price>
   730555
  </price>
  <rating>
   3.28
  </rating>
  <reviews>
   295220
  </reviews>
  <new>
   -
  </new>
  <exclusive>
   no
  </exclusive>
  <sporty>
   no
  </sporty>
 </clothing>
 <clothing>
  <id>
   818761586
  </id>
  <name>
   PleinSport Handbags Q-7041
  </name>
  <category>
   Handbags
  </category>
  <size>
   M
  </size>
  <color>
   Фиолетовый
  </color>
  <material>
   Хлопок
  </material>
  <price>
   869078
  </price>
  <rating>
   4.9
  </rating>
  <reviews>
   788793
  </reviews>
  <exclusive>
   yes
  </exclusive>
 </clothing>
 <clothing>
  <id>
   558781672
  </id>
  <name>
   Under Armour Shoes F-4821
  </name>
  <category>
   Shoes
  </category>
  <size>
   M
  </size>
  <color>
   Синий
  </color>
  <material>
   Нейлон
  </material>
  <price>
   102424
  </price>
  <rating>
   3.25
  </rating>
  <reviews>
   457635
  </reviews>
  <new>
   -
  </new>
 </clothing>
</clothing-items>
