<?xml version="1.0" encoding="utf-8"?>
<clothing-items>
 <clothing>
  <id>
   240534793
  </id>
  <name>
   Addidas Gloves H-7494
  </name>
  <category>
   Gloves
  </category>
  <size>
   M
  </size>
  <color>
   Красный
  </color>
  <material>
   Кожа
  </material>
  <price>
   627633
  </price>
  <rating>
   2.09
  </rating>
  <reviews>
   137733
  </reviews>
  <new>
   -
  </new>
  <sporty>
   yes
  </sporty>
 </clothing>
 <clothing>
  <id>
   112847039
  </id>
  <name>
   Under Armour Socks D-6699
  </name>
  <category>
   Socks
  </category>
  <size>
   XL
  </size>
  <color>
   Зеленый
  </color>
  <material>
   Лен
  </material>
  <price>
   883433
  </price>
  <rating>
   1.05
  </rating>
  <reviews>
   68829
  </reviews>
  <new>
   -
  </new>
  <exclusive>
   no
  </exclusive>
  <sporty>
   yes
  </sporty>
 </clothing>
 <clothing>
  <id>
   382998188
  </id>
  <name>
   Under Armour T-shirt M-7180
  </name>
  <category>
   T-shirt
  </category>
  <size>
   XL
  </size>
  <color>
   Синий
  </color>
  <material>
   Хлопок
  </material>
  <price>
   494861
  </price>
  <rating>
   3.15
  </rating>
  <reviews>
   556487
  </reviews>
  <sporty>
   no
  </sporty>
 </clothing>
 <clothing>
  <id>
   651869906
  </id>
  <name>
   Brooks Handbags U-3017
  </name>
  <category>
   Handbags
  </category>
  <size>
   XXL
  </size>
  <color>
   Зеленый
  </color>
  <material>
   Кожа
  </material>
  <price>
   917245
  </price>
  <rating>
   4.17
  </rating>
  <reviews>
   586764
  </reviews>
  <exclusive>
   no
  </exclusive>
  <sporty>
   yes
  </sporty>
 </clothing>
 <clothing>
  <id>
   874137622
  </id>
  <name>
   Brooks Hat E-5893
  </name>
  <category>
   Hat
  </category>
  <size>
   L
  </size>
  <color>
   Голубой
  </color>
  <material>
   Кожа
  </material>
  <price>
   567592
  </price>
  <rating>
   1.99
  </rating>
  <reviews>
   441387
  </reviews>
  <sporty>
   no
  </sporty>
 </clothing>
 <clothing>
  <id>
   235892503
  </id>
  <name>
   Reebok Shirt I-8412
  </name>
  <category>
   Shirt
  </category>
  <size>
   L
  </size>
  <color>
   Красный
  </color>
  <material>
   Хлопок
  </material>
  <price>
   133863
  </price>
  <rating>
   2.22
  </rating>
  <reviews>
   655993
  </reviews>
  <new>
   -
  </new>
  <exclusive>
   no
  </exclusive>
 </clothing>
 <clothing>
  <id>
   156184844
  </id>
  <name>
   PleinSport Dress J-3974
  </name>
  <category>
   Dress
  </category>
  <size>
   XXL
  </size>
  <color>
   Желтый
  </color>
  <material>
   Шерсть
  </material>
  <price>
   972309
  </price>
  <rating>
   4.62
  </rating>
  <reviews>
   899474
  </reviews>
  <new>
   +
  </new>
  <exclusive>
   no
  </exclusive>
  <sporty>
   no
  </sporty>
 </clothing>
 <clothing>
  <id>
   242769274
  </id>
  <name>
   Nike Blouse W-1797
  </name>
  <category>
   Blouse
  </category>
  <size>
   S
  </size>
  <color>
   Зеленый
  </color>
  <material>
   Полиэстер
  </material>
  <price>
   809076
  </price>
  <rating>
   2.08
  </rating>
  <reviews>
   161992
  </reviews>
  <new>
   -
  </new>
  <exclusive>
   no
  </exclusive>
  <sporty>
   no
  </sporty>
 </clothing>
 <clothing>
  <id>
   116521973
  </id>
  <name>
   Fila Umbrellas U-2874
  </name>
  <category>
   Umbrellas
  </category>
  <size>
   XXL
  </size>
  <color>
   Фиолетовый
  </color>
  <material>
   Полиэстер
  </material>
  <price>
   126732
  </price>
  <rating>
   4.33
  </rating>
  <reviews>
   187489
  </reviews>
  <new>
   -
  </new>
  <sporty>
   no
  </sporty>
 </clothing>
 <clothing>
  <id>
   552232336
  </id>
  <name>
   PleinSport Blouse V-3808
  </name>
  <category>
   Blouse
  </category>
  <size>
   M
  </size>
  <color>
   Голубой
  </color>
  <material>
   Шелк
  </material>
  <price>
   572332
  </price>
  <rating>
   2.88
  </rating>
  <reviews>
   347982
  </reviews>
  <new>
   +
  </new>
  <exclusive>
   no
  </exclusive>
  <sporty>
   no
  </sporty>
 </clothing>
 <clothing>
  <id>
   115315879
  </id>
  <name>
   Reebok Socks U-9226
  </name>
  <category>
   Socks
  </category>
  <size>
   XXL
  </size>
  <color>
   Фиолетовый
  </color>
  <material>
   Вискоза
  </material>
  <price>
   189758
  </price>
  <rating>
   2.47
  </rating>
  <reviews>
   713421
  </reviews>
  <new>
   -
  </new>
  <sporty>
   no
  </sporty>
 </clothing>
 <clothing>
  <id>
   127448693
  </id>
  <name>
   Reebok Gloves T-1540
  </name>
  <category>
   Gloves
  </category>
  <size>
   XL
  </size>
  <color>
   Красный
  </color>
  <material>
   Хлопок
  </material>
  <price>
   818022
  </price>
  <rating>
   3.77
  </rating>
  <reviews>
   996125
  </reviews>
  <new>
   -
  </new>
 </clothing>
 <clothing>
  <id>
   193340307
  </id>
  <name>
   Lacoste Blouse F-8744
  </name>
  <category>
   Blouse
  </category>
  <size>
   XL
  </size>
  <color>
   Синий
  </color>
  <material>
   Шелк
  </material>
  <price>
   862966
  </price>
  <rating>
   3.43
  </rating>
  <reviews>
   232959
  </reviews>
 </clothing>
 <clothing>
  <id>
   691497454
  </id>
  <name>
   Fila Umbrellas G-9316
  </name>
  <category>
   Umbrellas
  </category>
  <size>
   XL
  </size>
  <color>
   Желтый
  </color>
  <material>
   Кожа
  </material>
  <price>
   346954
  </price>
  <rating>
   1.6
  </rating>
  <reviews>
   559443
  </reviews>
  <new>
   -
  </new>
  <exclusive>
   yes
  </exclusive>
  <sporty>
   yes
  </sporty>
 </clothing>
 <clothing>
  <id>
   113333981
  </id>
  <name>
   Lacoste Umbrellas F-8204
  </name>
  <category>
   Umbrellas
  </category>
  <size>
   M
  </size>
  <color>
   Оранжевый
  </color>
  <material>
   Лен
  </material>
  <price>
   474854
  </price>
  <rating>
   1.71
  </rating>
  <reviews>
   519087
  </reviews>
  <new>
   -
  </new>
  <sporty>
   no
  </sporty>
 </clothing>
 <clothing>
  <id>
   124265036
  </id>
  <name>
   Puma Shirt B-7677
  </name>
  <category>
   Shirt
  </category>
  <size>
   M
  </size>
  <color>
   Голубой
  </color>
  <material>
   Кожа
  </material>
  <price>
   241522
  </price>
  <rating>
   4.01
  </rating>
  <reviews>
   396116
  </reviews>
  <new>
   -
  </new>
  <sporty>
   no
  </sporty>
 </clothing>
 <clothing>
  <id>
   626422317
  </id>
  <name>
   Asics Socks J-9660
  </name>
  <category>
   Socks
  </category>
  <size>
   S
  </size>
  <color>
   Синий
  </color>
  <material>
   Шелк
  </material>
  <price>
   166732
  </price>
  <rating>
   2.99
  </rating>
  <reviews>
   585830
  </reviews>
  <new>
   -
  </new>
  <exclusive>
   yes
  </exclusive>
  <sporty>
   no
  </sporty>
 </clothing>
 <clothing>
  <id>
   209086974
  </id>
  <name>
   DC T-shirt U-8550
  </name>
  <category>
   T-shirt
  </category>
  <size>
   XXL
  </size>
  <color>
   Зеленый
  </color>
  <material>
   Шелк
  </material>
  <price>
   855039
  </price>
  <rating>
   4.53
  </rating>
  <reviews>
   627196
  </reviews>
  <new>
   +
  </new>
  <exclusive>
   yes
  </exclusive>
 </clothing>
 <clothing>
  <id>
   381248500
  </id>
  <name>
   Reebok Blouse S-1054
  </name>
  <category>
   Blouse
  </category>
  <size>
   S
  </size>
  <color>
   Голубой
  </color>
  <material>
   Кожа
  </material>
  <price>
   416285
  </price>
  <rating>
   2.7
  </rating>
  <reviews>
   932909
  </reviews>
  <exclusive>
   yes
  </exclusive>
  <sporty>
   yes
  </sporty>
 </clothing>
 <clothing>
  <id>
   575721475
  </id>
  <name>
   Ellesse Jacket X-1163
  </name>
  <category>
   Jacket
  </category>
  <size>
   XXL
  </size>
  <color>
   Зеленый
  </color>
  <material>
   Шелк
  </material>
  <price>
   330235
  </price>
  <rating>
   4.14
  </rating>
  <reviews>
   610355
  </reviews>
  <new>
   +
  </new>
  <exclusive>
   yes
  </exclusive>
  <sporty>
   yes
  </sporty>
 </clothing>
 <clothing>
  <id>
   590041626
  </id>
  <name>
   Ellesse Handbags Y-5325
  </name>
  <category>
   Handbags
  </category>
  <size>
   XL
  </size>
  <color>
   Оранжевый
  </color>
  <material>
   Лен
  </material>
  <price>
   968003
  </price>
  <rating>
   3.62
  </rating>
  <reviews>
   389660
  </reviews>
  <exclusive>
   yes
  </exclusive>
 </clothing>
 <clothing>
  <id>
   347354821
  </id>
  <name>
   Adidas Skirt M-9889
  </name>
  <category>
   Skirt
  </category>
  <size>
   XXL
  </size>
  <color>
   Зеленый
  </color>
  <material>
   Кожа
  </material>
  <price>
   284607
  </price>
  <rating>
   3.59
  </rating>
  <reviews>
   596989
  </reviews>
  <exclusive>
   yes
  </exclusive>
 </clothing>
 <clothing>
  <id>
   548101677
  </id>
  <name>
   Asics Gloves T-5680
  </name>
  <category>
   Gloves
  </category>
  <size>
   XXL
  </size>
  <color>
   Оранжевый
  </color>
  <material>
   Лен
  </material>
  <price>
   160982
  </price>
  <rating>
   2.48
  </rating>
  <reviews>
   560027
  </reviews>
  <exclusive>
   no
  </exclusive>
  <sporty>
   no
  </sporty>
 </clothing>
 <clothing>
  <id>
   163057015
  </id>
  <name>
   PleinSport Skirt J-4729
  </name>
  <category>
   Skirt
  </category>
  <size>
   M
  </size>
  <color>
   Желтый
  </color>
  <material>
   Лен
  </material>
  <price>
   775660
  </price>
  <rating>
   4.35
  </rating>
  <reviews>
   918401
  </reviews>
  <exclusive>
   no
  </exclusive>
 </clothing>
 <clothing>
  <id>
   464875911
  </id>
  <name>
   New Balance Jacket M-5830
  </name>
  <category>
   Jacket
  </category>
  <size>
   L
  </size>
  <color>
   Оранжевый
  </color>
  <material>
   Шерсть
  </material>
  <price>
   853145
  </price>
  <rating>
   4.84
  </rating>
  <reviews>
   947105
  </reviews>
  <new>
   -
  </new>
  <exclusive>
   no
  </exclusive>
 </clothing>
 <clothing>
  <id>
   978432145
  </id>
  <name>
   DC Sweater C-1785
  </name>
  <category>
   Sweater
  </category>
  <size>
   L
  </size>
  <color>
   Оранжевый
  </color>
  <material>
   Кожа
  </material>
  <price>
   893855
  </price>
  <rating>
   2.48
  </rating>
  <reviews>
   129060
  </reviews>
  <new>
   -
  </new>
  <exclusive>
   no
  </exclusive>
  <sporty>
   no
  </sporty>
 </clothing>
 <clothing>
  <id>
   803278499
  </id>
  <name>
   Addidas T-shirt J-3846
  </name>
  <category>
   T-shirt
  </category>
  <size>
   XXL
  </size>
  <color>
   Оранжевый
  </color>
  <material>
   Вискоза
  </material>
  <price>
   424626
  </price>
  <rating>
   4.44
  </rating>
  <reviews>
   28775
  </reviews>
  <new>
   +
  </new>
  <exclusive>
   no
  </exclusive>
  <sporty>
   yes
  </sporty>
 </clothing>
 <clothing>
  <id>
   124675571
  </id>
  <name>
   New Balance Belts I-9338
  </name>
  <category>
   Belts
  </category>
  <size>
   L
  </size>
  <color>
   Зеленый
  </color>
  <material>
   Кожа
  </material>
  <price>
   461231
  </price>
  <rating>
   1.47
  </rating>
  <reviews>
   706637
  </reviews>
  <new>
   +
  </new>
  <exclusive>
   no
  </exclusive>
  <sporty>
   yes
  </sporty>
 </clothing>
 <clothing>
  <id>
   363780550
  </id>
  <name>
   Addidas Pants C-3282
  </name>
  <category>
   Pants
  </category>
  <size>
   XXL
  </size>
  <color>
   Красный
  </color>
  <material>
   Вискоза
  </material>
  <price>
   819526
  </price>
  <rating>
   4.84
  </rating>
  <reviews>
   888148
  </reviews>
  <new>
   +
  </new>
  <sporty>
   no
  </sporty>
 </clothing>
 <clothing>
  <id>
   271042859
  </id>
  <name>
   Converse Socks D-9072
  </name>
  <category>
   Socks
  </category>
  <size>
   S
  </size>
  <color>
   Синий
  </color>
  <material>
   Шелк
  </material>
  <price>
   316771
  </price>
  <rating>
   4.02
  </rating>
  <reviews>
   833757
  </reviews>
  <new>
   +
  </new>
  <exclusive>
   no
  </exclusive>
  <sporty>
   no
  </sporty>
 </clothing>
 <clothing>
  <id>
   942328065
  </id>
  <name>
   Under Armour Umbrellas R-8669
  </name>
  <category>
   Umbrellas
  </category>
  <size>
   M
  </size>
  <color>
   Синий
  </color>
  <material>
   Шерсть
  </material>
  <price>
   639210
  </price>
  <rating>
   1.94
  </rating>
  <reviews>
   67388
  </reviews>
  <new>
   -
  </new>
  <exclusive>
   no
  </exclusive>
  <sporty>
   no
  </sporty>
 </clothing>
 <clothing>
  <id>
   727807570
  </id>
  <name>
   Reebok Gloves Q-4894
  </name>
  <category>
   Gloves
  </category>
  <size>
   XXL
  </size>
  <color>
   Голубой
  </color>
  <material>
   Лен
  </material>
  <price>
   342918
  </price>
  <rating>
   1.34
  </rating>
  <reviews>
   74752
  </reviews>
  <exclusive>
   no
  </exclusive>
  <sporty>
   no
  </sporty>
 </clothing>
 <clothing>
  <id>
   343465500
  </id>
  <name>
   New Balance Gloves C-8374
  </name>
  <category>
   Gloves
  </category>
  <size>
   XL
  </size>
  <color>
   Желтый
  </color>
  <material>
   Вискоза
  </material>
  <price>
   684145
  </price>
  <rating>
   4.84
  </rating>
  <reviews>
   99371
  </reviews>
  <sporty>
   no
  </sporty>
 </clothing>
 <clothing>
  <id>
   661773431
  </id>
  <name>
   PleinSport Shoes L-6740
  </name>
  <category>
   Shoes
  </category>
  <size>
   S
  </size>
  <color>
   Оранжевый
  </color>
  <material>
   Шелк
  </material>
  <price>
   592015
  </price>
  <rating>
   3.43
  </rating>
  <reviews>
   583604
  </reviews>
  <sporty>
   no
  </sporty>
 </clothing>
 <clothing>
  <id>
   792391986
  </id>
  <name>
   Puma Shirt Y-9011
  </name>
  <category>
   Shirt
  </category>
  <size>
   L
  </size>
  <color>
   Красный
  </color>
  <material>
   Полиэстер
  </material>
  <price>
   683263
  </price>
  <rating>
   3.13
  </rating>
  <reviews>
   147642
  </reviews>
  <new>
   +
  </new>
  <exclusive>
   no
  </exclusive>
 </clothing>
 <clothing>
  <id>
   283998447
  </id>
  <name>
   Reebok Jacket M-2274
  </name>
  <category>
   Jacket
  </category>
  <size>
   S
  </size>
  <color>
   Красный
  </color>
  <material>
   Лен
  </material>
  <price>
   748617
  </price>
  <rating>
   2.01
  </rating>
  <reviews>
   358102
  </reviews>
  <new>
   -
  </new>
  <exclusive>
   no
  </exclusive>
  <sporty>
   no
  </sporty>
 </clothing>
 <clothing>
  <id>
   816297055
  </id>
  <name>
   Addidas Skirt W-3517
  </name>
  <category>
   Skirt
  </category>
  <size>
   XXL
  </size>
  <color>
   Голубой
  </color>
  <material>
   Шелк
  </material>
  <price>
   888055
  </price>
  <rating>
   1.66
  </rating>
  <reviews>
   888693
  </reviews>
  <new>
   -
  </new>
  <exclusive>
   yes
  </exclusive>
  <sporty>
   no
  </sporty>
 </clothing>
 <clothing>
  <id>
   497052981
  </id>
  <name>
   Converse Blouse F-7799
  </name>
  <category>
   Blouse
  </category>
  <size>
   L
  </size>
  <color>
   Зеленый
  </color>
  <material>
   Лен
  </material>
  <price>
   715204
  </price>
  <rating>
   1.83
  </rating>
  <reviews>
   825733
  </reviews>
  <sporty>
   no
  </sporty>
 </clothing>
 <clothing>
  <id>
   208499718
  </id>
  <name>
   Adidas Socks V-1913
  </name>
  <category>
   Socks
  </category>
  <size>
   XL
  </size>
  <color>
   Синий
  </color>
  <material>
   Шерсть
  </material>
  <price>
   773037
  </price>
  <rating>
   3.42
  </rating>
  <reviews>
   177995
  </reviews>
  <exclusive>
   yes
  </exclusive>
  <sporty>
   no
  </sporty>
 </clothing>
 <clothing>
  <id>
   104486314
  </id>
  <name>
   New Balance Blouse F-3944
  </name>
  <category>
   Blouse
  </category>
  <size>
   XXL
  </size>
  <color>
   Желтый
  </color>
  <material>
   Полиэстер
  </material>
  <price>
   589595
  </price>
  <rating>
   2.7
  </rating>
  <reviews>
   523720
  </reviews>
  <exclusive>
   yes
  </exclusive>
 </clothing>
 <clothing>
  <id>
   290673709
  </id>
  <name>
   Reebok Dress U-9366
  </name>
  <category>
   Dress
  </category>
  <size>
   M
  </size>
  <color>
   Оранжевый
  </color>
  <material>
   Шерсть
  </material>
  <price>
   284493
  </price>
  <rating>
   1.46
  </rating>
  <reviews>
   983080
  </reviews>
  <exclusive>
   yes
  </exclusive>
 </clothing>
 <clothing>
  <id>
   368285108
  </id>
  <name>
   DC Hat W-3480
  </name>
  <category>
   Hat
  </category>
  <size>
   XXL
  </size>
  <color>
   Синий
  </color>
  <material>
   Лен
  </material>
  <price>
   577294
  </price>
  <rating>
   4.05
  </rating>
  <reviews>
   824746
  </reviews>
  <new>
   -
  </new>
  <exclusive>
   no
  </exclusive>
 </clothing>
 <clothing>
  <id>
   633633410
  </id>
  <name>
   Adidas Skirt C-1315
  </name>
  <category>
   Skirt
  </category>
  <size>
   L
  </size>
  <color>
   Голубой
  </color>
  <material>
   Шелк
  </material>
  <price>
   804129
  </price>
  <rating>
   1.94
  </rating>
  <reviews>
   319686
  </reviews>
  <new>
   -
  </new>
  <exclusive>
   no
  </exclusive>
  <sporty>
   no
  </sporty>
 </clothing>
</clothing-items>
