<?xml version="1.0" encoding="utf-8"?>
<clothing-items>
 <clothing>
  <id>
   945396619
  </id>
  <name>
   Under Armour Dress C-2534
  </name>
  <category>
   Dress
  </category>
  <size>
   L
  </size>
  <color>
   Зеленый
  </color>
  <material>
   Шелк
  </material>
  <price>
   674806
  </price>
  <rating>
   2.38
  </rating>
  <reviews>
   878227
  </reviews>
  <sporty>
   no
  </sporty>
 </clothing>
 <clothing>
  <id>
   513554148
  </id>
  <name>
   Under Armour Blouse P-7880
  </name>
  <category>
   Blouse
  </category>
  <size>
   XXL
  </size>
  <color>
   Фиолетовый
  </color>
  <material>
   Вискоза
  </material>
  <price>
   303358
  </price>
  <rating>
   3.86
  </rating>
  <reviews>
   599990
  </reviews>
  <new>
   -
  </new>
  <exclusive>
   no
  </exclusive>
 </clothing>
 <clothing>
  <id>
   486939718
  </id>
  <name>
   PleinSport Belts S-3220
  </name>
  <category>
   Belts
  </category>
  <size>
   S
  </size>
  <color>
   Красный
  </color>
  <material>
   Кожа
  </material>
  <price>
   829903
  </price>
  <rating>
   1.69
  </rating>
  <reviews>
   540997
  </reviews>
  <exclusive>
   no
  </exclusive>
  <sporty>
   no
  </sporty>
 </clothing>
 <clothing>
  <id>
   672602477
  </id>
  <name>
   Puma Socks Q-6998
  </name>
  <category>
   Socks
  </category>
  <size>
   S
  </size>
  <color>
   Фиолетовый
  </color>
  <material>
   Шерсть
  </material>
  <price>
   884441
  </price>
  <rating>
   1.56
  </rating>
  <reviews>
   579806
  </reviews>
  <exclusive>
   yes
  </exclusive>
  <sporty>
   yes
  </sporty>
 </clothing>
 <clothing>
  <id>
   222059857
  </id>
  <name>
   Fila Pants X-3219
  </name>
  <category>
   Pants
  </category>
  <size>
   M
  </size>
  <color>
   Фиолетовый
  </color>
  <material>
   Кожа
  </material>
  <price>
   295387
  </price>
  <rating>
   3.88
  </rating>
  <reviews>
   3250
  </reviews>
  <exclusive>
   no
  </exclusive>
  <sporty>
   no
  </sporty>
 </clothing>
 <clothing>
  <id>
   543698932
  </id>
  <name>
   Converse Gloves V-3565
  </name>
  <category>
   Gloves
  </category>
  <size>
   M
  </size>
  <color>
   Голубой
  </color>
  <material>
   Шерсть
  </material>
  <price>
   343814
  </price>
  <rating>
   3.31
  </rating>
  <reviews>
   169190
  </reviews>
  <new>
   +
  </new>
  <exclusive>
   yes
  </exclusive>
  <sporty>
   no
  </sporty>
 </clothing>
 <clothing>
  <id>
   658766473
  </id>
  <name>
   Puma Pants Y-9157
  </name>
  <category>
   Pants
  </category>
  <size>
   S
  </size>
  <color>
   Голубой
  </color>
  <material>
   Полиэстер
  </material>
  <price>
   722605
  </price>
  <rating>
   3.63
  </rating>
  <reviews>
   379485
  </reviews>
  <new>
   -
  </new>
  <sporty>
   no
  </sporty>
 </clothing>
 <clothing>
  <id>
   724344167
  </id>
  <name>
   Under Armour Jacket W-5317
  </name>
  <category>
   Jacket
  </category>
  <size>
   M
  </size>
  <color>
   Фиолетовый
  </color>
  <material>
   Нейлон
  </material>
  <price>
   205692
  </price>
  <rating>
   1.47
  </rating>
  <reviews>
   510542
  </reviews>
  <new>
   +
  </new>
  <exclusive>
   no
  </exclusive>
  <sporty>
   yes
  </sporty>
 </clothing>
 <clothing>
  <id>
   366603107
  </id>
  <name>
   Nike Gloves C-6462
  </name>
  <category>
   Gloves
  </category>
  <size>
   L
  </size>
  <color>
   Желтый
  </color>
  <material>
   Кожа
  </material>
  <price>
   349548
  </price>
  <rating>
   3.98
  </rating>
  <reviews>
   892779
  </reviews>
  <new>
   -
  </new>
  <exclusive>
   yes
  </exclusive>
  <sporty>
   yes
  </sporty>
 </clothing>
 <clothing>
  <id>
   524977245
  </id>
  <name>
   Reebok Jacket J-9905
  </name>
  <category>
   Jacket
  </category>
  <size>
   L
  </size>
  <color>
   Желтый
  </color>
  <material>
   Кожа
  </material>
  <price>
   709174
  </price>
  <rating>
   3.72
  </rating>
  <reviews>
   882607
  </reviews>
  <new>
   +
  </new>
  <sporty>
   yes
  </sporty>
 </clothing>
 <clothing>
  <id>
   956727094
  </id>
  <name>
   New Balance Socks Y-1682
  </name>
  <category>
   Socks
  </category>
  <size>
   L
  </size>
  <color>
   Оранжевый
  </color>
  <material>
   Вискоза
  </material>
  <price>
   786897
  </price>
  <rating>
   4.11
  </rating>
  <reviews>
   506197
  </reviews>
  <sporty>
   yes
  </sporty>
 </clothing>
 <clothing>
  <id>
   791645862
  </id>
  <name>
   Puma Umbrellas K-4091
  </name>
  <category>
   Umbrellas
  </category>
  <size>
   M
  </size>
  <color>
   Синий
  </color>
  <material>
   Шелк
  </material>
  <price>
   136044
  </price>
  <rating>
   1.72
  </rating>
  <reviews>
   17670
  </reviews>
  <new>
   +
  </new>
  <exclusive>
   yes
  </exclusive>
 </clothing>
</clothing-items>
