<?xml version="1.0" encoding="utf-8"?>
<clothing-items>
 <clothing>
  <id>
   602288472
  </id>
  <name>
   Reebok Blouse G-8065
  </name>
  <category>
   Blouse
  </category>
  <size>
   M
  </size>
  <color>
   Оранжевый
  </color>
  <material>
   Шерсть
  </material>
  <price>
   470323
  </price>
  <rating>
   1.8
  </rating>
  <reviews>
   472753
  </reviews>
  <new>
   -
  </new>
 </clothing>
 <clothing>
  <id>
   568955533
  </id>
  <name>
   Reebok Pants N-9919
  </name>
  <category>
   Pants
  </category>
  <size>
   M
  </size>
  <color>
   Синий
  </color>
  <material>
   Хлопок
  </material>
  <price>
   630474
  </price>
  <rating>
   2.12
  </rating>
  <reviews>
   636149
  </reviews>
  <new>
   +
  </new>
  <sporty>
   yes
  </sporty>
 </clothing>
 <clothing>
  <id>
   163098173
  </id>
  <name>
   Lacoste Blouse G-7758
  </name>
  <category>
   Blouse
  </category>
  <size>
   S
  </size>
  <color>
   Оранжевый
  </color>
  <material>
   Кожа
  </material>
  <price>
   865285
  </price>
  <rating>
   1.18
  </rating>
  <reviews>
   809737
  </reviews>
  <exclusive>
   no
  </exclusive>
 </clothing>
 <clothing>
  <id>
   596752391
  </id>
  <name>
   Lacoste Gloves E-6638
  </name>
  <category>
   Gloves
  </category>
  <size>
   M
  </size>
  <color>
   Красный
  </color>
  <material>
   Вискоза
  </material>
  <price>
   796839
  </price>
  <rating>
   4.51
  </rating>
  <reviews>
   58512
  </reviews>
  <new>
   +
  </new>
  <exclusive>
   no
  </exclusive>
  <sporty>
   yes
  </sporty>
 </clothing>
 <clothing>
  <id>
   938725341
  </id>
  <name>
   PleinSport Blouse I-6751
  </name>
  <category>
   Blouse
  </category>
  <size>
   L
  </size>
  <color>
   Фиолетовый
  </color>
  <material>
   Хлопок
  </material>
  <price>
   984084
  </price>
  <rating>
   1.31
  </rating>
  <reviews>
   492907
  </reviews>
  <new>
   +
  </new>
  <exclusive>
   no
  </exclusive>
  <sporty>
   no
  </sporty>
 </clothing>
 <clothing>
  <id>
   132403256
  </id>
  <name>
   Asics Blouse L-5699
  </name>
  <category>
   Blouse
  </category>
  <size>
   XXL
  </size>
  <color>
   Фиолетовый
  </color>
  <material>
   Шелк
  </material>
  <price>
   234876
  </price>
  <rating>
   4.51
  </rating>
  <reviews>
   681748
  </reviews>
  <exclusive>
   yes
  </exclusive>
 </clothing>
 <clothing>
  <id>
   835780128
  </id>
  <name>
   Brooks Jeans Q-4610
  </name>
  <category>
   Jeans
  </category>
  <size>
   XL
  </size>
  <color>
   Зеленый
  </color>
  <material>
   Шелк
  </material>
  <price>
   375705
  </price>
  <rating>
   3.6
  </rating>
  <reviews>
   26557
  </reviews>
  <sporty>
   yes
  </sporty>
 </clothing>
 <clothing>
  <id>
   910756128
  </id>
  <name>
   Reebok Dress N-6009
  </name>
  <category>
   Dress
  </category>
  <size>
   M
  </size>
  <color>
   Желтый
  </color>
  <material>
   Кожа
  </material>
  <price>
   710439
  </price>
  <rating>
   2.8
  </rating>
  <reviews>
   978428
  </reviews>
  <new>
   -
  </new>
  <exclusive>
   no
  </exclusive>
  <sporty>
   yes
  </sporty>
 </clothing>
 <clothing>
  <id>
   783987257
  </id>
  <name>
   Lacoste Hat B-5278
  </name>
  <category>
   Hat
  </category>
  <size>
   S
  </size>
  <color>
   Зеленый
  </color>
  <material>
   Шелк
  </material>
  <price>
   829210
  </price>
  <rating>
   4.93
  </rating>
  <reviews>
   63114
  </reviews>
  <new>
   +
  </new>
  <exclusive>
   no
  </exclusive>
  <sporty>
   no
  </sporty>
 </clothing>
 <clothing>
  <id>
   684444406
  </id>
  <name>
   Addidas Jeans K-4480
  </name>
  <category>
   Jeans
  </category>
  <size>
   S
  </size>
  <color>
   Синий
  </color>
  <material>
   Лен
  </material>
  <price>
   829681
  </price>
  <rating>
   1.01
  </rating>
  <reviews>
   407681
  </reviews>
  <sporty>
   yes
  </sporty>
 </clothing>
 <clothing>
  <id>
   864684223
  </id>
  <name>
   DC Pants H-1300
  </name>
  <category>
   Pants
  </category>
  <size>
   XL
  </size>
  <color>
   Зеленый
  </color>
  <material>
   Шелк
  </material>
  <price>
   946845
  </price>
  <rating>
   2.26
  </rating>
  <reviews>
   710728
  </reviews>
  <new>
   -
  </new>
  <exclusive>
   yes
  </exclusive>
  <sporty>
   yes
  </sporty>
 </clothing>
 <clothing>
  <id>
   989641175
  </id>
  <name>
   Addidas Skirt T-8211
  </name>
  <category>
   Skirt
  </category>
  <size>
   M
  </size>
  <color>
   Синий
  </color>
  <material>
   Хлопок
  </material>
  <price>
   919563
  </price>
  <rating>
   2.79
  </rating>
  <reviews>
   184549
  </reviews>
  <exclusive>
   yes
  </exclusive>
  <sporty>
   no
  </sporty>
 </clothing>
 <clothing>
  <id>
   917270858
  </id>
  <name>
   Puma Jacket Q-6148
  </name>
  <category>
   Jacket
  </category>
  <size>
   M
  </size>
  <color>
   Желтый
  </color>
  <material>
   Шерсть
  </material>
  <price>
   254619
  </price>
  <rating>
   3.2
  </rating>
  <reviews>
   23129
  </reviews>
  <new>
   +
  </new>
 </clothing>
 <clothing>
  <id>
   925792028
  </id>
  <name>
   DC Sweater A-7584
  </name>
  <category>
   Sweater
  </category>
  <size>
   S
  </size>
  <color>
   Синий
  </color>
  <material>
   Нейлон
  </material>
  <price>
   219758
  </price>
  <rating>
   2.24
  </rating>
  <reviews>
   564746
  </reviews>
  <exclusive>
   yes
  </exclusive>
 </clothing>
 <clothing>
  <id>
   103501094
  </id>
  <name>
   Under Armour Skirt I-9243
  </name>
  <category>
   Skirt
  </category>
  <size>
   XXL
  </size>
  <color>
   Синий
  </color>
  <material>
   Кожа
  </material>
  <price>
   776982
  </price>
  <rating>
   1.64
  </rating>
  <reviews>
   592395
  </reviews>
  <new>
   +
  </new>
 </clothing>
 <clothing>
  <id>
   498868714
  </id>
  <name>
   Converse Shirt T-1575
  </name>
  <category>
   Shirt
  </category>
  <size>
   XL
  </size>
  <color>
   Желтый
  </color>
  <material>
   Нейлон
  </material>
  <price>
   510752
  </price>
  <rating>
   2.51
  </rating>
  <reviews>
   493604
  </reviews>
  <new>
   -
  </new>
  <exclusive>
   no
  </exclusive>
  <sporty>
   no
  </sporty>
 </clothing>
 <clothing>
  <id>
   755824832
  </id>
  <name>
   Puma Pants G-7463
  </name>
  <category>
   Pants
  </category>
  <size>
   L
  </size>
  <color>
   Оранжевый
  </color>
  <material>
   Кожа
  </material>
  <price>
   523317
  </price>
  <rating>
   4.64
  </rating>
  <reviews>
   518270
  </reviews>
  <new>
   -
  </new>
 </clothing>
 <clothing>
  <id>
   175934851
  </id>
  <name>
   Brooks Shirt G-8410
  </name>
  <category>
   Shirt
  </category>
  <size>
   S
  </size>
  <color>
   Синий
  </color>
  <material>
   Полиэстер
  </material>
  <price>
   553931
  </price>
  <rating>
   4.17
  </rating>
  <reviews>
   458717
  </reviews>
  <new>
   +
  </new>
  <exclusive>
   yes
  </exclusive>
  <sporty>
   no
  </sporty>
 </clothing>
 <clothing>
  <id>
   928158771
  </id>
  <name>
   Converse Socks U-9348
  </name>
  <category>
   Socks
  </category>
  <size>
   M
  </size>
  <color>
   Фиолетовый
  </color>
  <material>
   Хлопок
  </material>
  <price>
   616487
  </price>
  <rating>
   4.49
  </rating>
  <reviews>
   234963
  </reviews>
  <exclusive>
   no
  </exclusive>
  <sporty>
   no
  </sporty>
 </clothing>
 <clothing>
  <id>
   582816929
  </id>
  <name>
   DC Handbags C-1010
  </name>
  <category>
   Handbags
  </category>
  <size>
   M
  </size>
  <color>
   Синий
  </color>
  <material>
   Шерсть
  </material>
  <price>
   302026
  </price>
  <rating>
   4.49
  </rating>
  <reviews>
   239551
  </reviews>
  <exclusive>
   no
  </exclusive>
  <sporty>
   yes
  </sporty>
 </clothing>
 <clothing>
  <id>
   218993148
  </id>
  <name>
   Adidas Dress M-7445
  </name>
  <category>
   Dress
  </category>
  <size>
   XXL
  </size>
  <color>
   Красный
  </color>
  <material>
   Кожа
  </material>
  <price>
   654443
  </price>
  <rating>
   3.43
  </rating>
  <reviews>
   819610
  </reviews>
  <exclusive>
   no
  </exclusive>
 </clothing>
 <clothing>
  <id>
   273899294
  </id>
  <name>
   Under Armour Shirt S-9802
  </name>
  <category>
   Shirt
  </category>
  <size>
   XXL
  </size>
  <color>
   Оранжевый
  </color>
  <material>
   Полиэстер
  </material>
  <price>
   463897
  </price>
  <rating>
   2.7
  </rating>
  <reviews>
   989958
  </reviews>
  <new>
   -
  </new>
 </clothing>
 <clothing>
  <id>
   481305233
  </id>
  <name>
   New Balance Sweater E-8815
  </name>
  <category>
   Sweater
  </category>
  <size>
   S
  </size>
  <color>
   Фиолетовый
  </color>
  <material>
   Кожа
  </material>
  <price>
   708485
  </price>
  <rating>
   3.65
  </rating>
  <reviews>
   462287
  </reviews>
  <new>
   +
  </new>
  <exclusive>
   yes
  </exclusive>
  <sporty>
   no
  </sporty>
 </clothing>
 <clothing>
  <id>
   423670067
  </id>
  <name>
   Brooks Gloves X-8334
  </name>
  <category>
   Gloves
  </category>
  <size>
   XXL
  </size>
  <color>
   Голубой
  </color>
  <material>
   Лен
  </material>
  <price>
   884594
  </price>
  <rating>
   2.84
  </rating>
  <reviews>
   671307
  </reviews>
  <sporty>
   no
  </sporty>
 </clothing>
</clothing-items>
