<?xml version="1.0" encoding="utf-8"?>
<clothing-items>
 <clothing>
  <id>
   236081238
  </id>
  <name>
   Addidas Sweater I-2560
  </name>
  <category>
   Sweater
  </category>
  <size>
   L
  </size>
  <color>
   Синий
  </color>
  <material>
   Шелк
  </material>
  <price>
   821680
  </price>
  <rating>
   2.14
  </rating>
  <reviews>
   805060
  </reviews>
  <exclusive>
   yes
  </exclusive>
 </clothing>
 <clothing>
  <id>
   519267726
  </id>
  <name>
   Brooks Pants U-9141
  </name>
  <category>
   Pants
  </category>
  <size>
   XL
  </size>
  <color>
   Зеленый
  </color>
  <material>
   Хлопок
  </material>
  <price>
   854658
  </price>
  <rating>
   4.96
  </rating>
  <reviews>
   438914
  </reviews>
  <exclusive>
   no
  </exclusive>
 </clothing>
 <clothing>
  <id>
   669981348
  </id>
  <name>
   Converse Handbags Q-1747
  </name>
  <category>
   Handbags
  </category>
  <size>
   M
  </size>
  <color>
   Зеленый
  </color>
  <material>
   Хлопок
  </material>
  <price>
   669034
  </price>
  <rating>
   1.96
  </rating>
  <reviews>
   115218
  </reviews>
  <sporty>
   yes
  </sporty>
 </clothing>
 <clothing>
  <id>
   918085279
  </id>
  <name>
   Fila Shoes I-5051
  </name>
  <category>
   Shoes
  </category>
  <size>
   S
  </size>
  <color>
   Оранжевый
  </color>
  <material>
   Вискоза
  </material>
  <price>
   825964
  </price>
  <rating>
   3.48
  </rating>
  <reviews>
   193769
  </reviews>
  <exclusive>
   no
  </exclusive>
  <sporty>
   no
  </sporty>
 </clothing>
 <clothing>
  <id>
   308543939
  </id>
  <name>
   Asics Skirt D-5276
  </name>
  <category>
   Skirt
  </category>
  <size>
   M
  </size>
  <color>
   Синий
  </color>
  <material>
   Кожа
  </material>
  <price>
   373763
  </price>
  <rating>
   3.39
  </rating>
  <reviews>
   787601
  </reviews>
  <new>
   +
  </new>
 </clothing>
 <clothing>
  <id>
   394217990
  </id>
  <name>
   Ellesse Dress H-7351
  </name>
  <category>
   Dress
  </category>
  <size>
   XXL
  </size>
  <color>
   Зеленый
  </color>
  <material>
   Лен
  </material>
  <price>
   630309
  </price>
  <rating>
   2.71
  </rating>
  <reviews>
   883024
  </reviews>
  <sporty>
   no
  </sporty>
 </clothing>
 <clothing>
  <id>
   966176562
  </id>
  <name>
   Nike Shirt V-1639
  </name>
  <category>
   Shirt
  </category>
  <size>
   XL
  </size>
  <color>
   Желтый
  </color>
  <material>
   Полиэстер
  </material>
  <price>
   954509
  </price>
  <rating>
   2.33
  </rating>
  <reviews>
   569778
  </reviews>
  <new>
   +
  </new>
 </clothing>
 <clothing>
  <id>
   513393906
  </id>
  <name>
   PleinSport Hat I-5815
  </name>
  <category>
   Hat
  </category>
  <size>
   XXL
  </size>
  <color>
   Зеленый
  </color>
  <material>
   Лен
  </material>
  <price>
   852696
  </price>
  <rating>
   3.92
  </rating>
  <reviews>
   732994
  </reviews>
 </clothing>
 <clothing>
  <id>
   437374418
  </id>
  <name>
   Converse Belts C-8279
  </name>
  <category>
   Belts
  </category>
  <size>
   XL
  </size>
  <color>
   Зеленый
  </color>
  <material>
   Шелк
  </material>
  <price>
   625399
  </price>
  <rating>
   1.8
  </rating>
  <reviews>
   443731
  </reviews>
  <new>
   +
  </new>
  <sporty>
   no
  </sporty>
 </clothing>
 <clothing>
  <id>
   851101370
  </id>
  <name>
   Vans Blouse X-3176
  </name>
  <category>
   Blouse
  </category>
  <size>
   XXL
  </size>
  <color>
   Голубой
  </color>
  <material>
   Хлопок
  </material>
  <price>
   504152
  </price>
  <rating>
   1.95
  </rating>
  <reviews>
   766007
  </reviews>
  <new>
   +
  </new>
  <exclusive>
   no
  </exclusive>
 </clothing>
 <clothing>
  <id>
   713976754
  </id>
  <name>
   Converse Dress S-7314
  </name>
  <category>
   Dress
  </category>
  <size>
   XL
  </size>
  <color>
   Желтый
  </color>
  <material>
   Шерсть
  </material>
  <price>
   849641
  </price>
  <rating>
   4.56
  </rating>
  <reviews>
   765671
  </reviews>
  <exclusive>
   no
  </exclusive>
  <sporty>
   yes
  </sporty>
 </clothing>
 <clothing>
  <id>
   525013465
  </id>
  <name>
   Brooks Skirt I-1239
  </name>
  <category>
   Skirt
  </category>
  <size>
   S
  </size>
  <color>
   Оранжевый
  </color>
  <material>
   Шерсть
  </material>
  <price>
   965748
  </price>
  <rating>
   4.07
  </rating>
  <reviews>
   331248
  </reviews>
  <new>
   +
  </new>
  <exclusive>
   no
  </exclusive>
  <sporty>
   yes
  </sporty>
 </clothing>
 <clothing>
  <id>
   375289036
  </id>
  <name>
   Reebok Jacket L-9808
  </name>
  <category>
   Jacket
  </category>
  <size>
   XXL
  </size>
  <color>
   Синий
  </color>
  <material>
   Лен
  </material>
  <price>
   157648
  </price>
  <rating>
   2.31
  </rating>
  <reviews>
   622070
  </reviews>
  <new>
   -
  </new>
  <sporty>
   no
  </sporty>
 </clothing>
 <clothing>
  <id>
   513270860
  </id>
  <name>
   Adidas Handbags G-8493
  </name>
  <category>
   Handbags
  </category>
  <size>
   S
  </size>
  <color>
   Оранжевый
  </color>
  <material>
   Полиэстер
  </material>
  <price>
   184840
  </price>
  <rating>
   1.38
  </rating>
  <reviews>
   777697
  </reviews>
  <new>
   +
  </new>
  <exclusive>
   yes
  </exclusive>
  <sporty>
   no
  </sporty>
 </clothing>
 <clothing>
  <id>
   620961758
  </id>
  <name>
   Converse Socks H-5128
  </name>
  <category>
   Socks
  </category>
  <size>
   XL
  </size>
  <color>
   Желтый
  </color>
  <material>
   Хлопок
  </material>
  <price>
   798174
  </price>
  <rating>
   1.44
  </rating>
  <reviews>
   842338
  </reviews>
  <sporty>
   yes
  </sporty>
 </clothing>
 <clothing>
  <id>
   415938715
  </id>
  <name>
   Asics Gloves Y-3150
  </name>
  <category>
   Gloves
  </category>
  <size>
   XXL
  </size>
  <color>
   Зеленый
  </color>
  <material>
   Лен
  </material>
  <price>
   705166
  </price>
  <rating>
   3.53
  </rating>
  <reviews>
   132830
  </reviews>
  <new>
   -
  </new>
  <exclusive>
   yes
  </exclusive>
 </clothing>
 <clothing>
  <id>
   133064141
  </id>
  <name>
   Lacoste Umbrellas Z-7439
  </name>
  <category>
   Umbrellas
  </category>
  <size>
   L
  </size>
  <color>
   Фиолетовый
  </color>
  <material>
   Лен
  </material>
  <price>
   547537
  </price>
  <rating>
   3.01
  </rating>
  <reviews>
   874258
  </reviews>
 </clothing>
</clothing-items>
