<?xml version="1.0" encoding="utf-8"?>
<clothing-items>
 <clothing>
  <id>
   427394387
  </id>
  <name>
   Ellesse Sweater E-7062
  </name>
  <category>
   Sweater
  </category>
  <size>
   XXL
  </size>
  <color>
   Голубой
  </color>
  <material>
   Нейлон
  </material>
  <price>
   512906
  </price>
  <rating>
   1.26
  </rating>
  <reviews>
   664930
  </reviews>
  <new>
   -
  </new>
  <exclusive>
   no
  </exclusive>
  <sporty>
   yes
  </sporty>
 </clothing>
 <clothing>
  <id>
   874705872
  </id>
  <name>
   Adidas Pants N-3872
  </name>
  <category>
   Pants
  </category>
  <size>
   XXL
  </size>
  <color>
   Красный
  </color>
  <material>
   Полиэстер
  </material>
  <price>
   812206
  </price>
  <rating>
   2.33
  </rating>
  <reviews>
   640192
  </reviews>
  <sporty>
   yes
  </sporty>
 </clothing>
 <clothing>
  <id>
   546381499
  </id>
  <name>
   Asics Handbags Q-4567
  </name>
  <category>
   Handbags
  </category>
  <size>
   XXL
  </size>
  <color>
   Оранжевый
  </color>
  <material>
   Полиэстер
  </material>
  <price>
   595709
  </price>
  <rating>
   4.66
  </rating>
  <reviews>
   582841
  </reviews>
 </clothing>
 <clothing>
  <id>
   892788157
  </id>
  <name>
   Lacoste Skirt R-9727
  </name>
  <category>
   Skirt
  </category>
  <size>
   M
  </size>
  <color>
   Синий
  </color>
  <material>
   Вискоза
  </material>
  <price>
   924270
  </price>
  <rating>
   2.38
  </rating>
  <reviews>
   153607
  </reviews>
  <new>
   -
  </new>
 </clothing>
 <clothing>
  <id>
   709335864
  </id>
  <name>
   Reebok T-shirt T-3239
  </name>
  <category>
   T-shirt
  </category>
  <size>
   L
  </size>
  <color>
   Синий
  </color>
  <material>
   Полиэстер
  </material>
  <price>
   355050
  </price>
  <rating>
   2.01
  </rating>
  <reviews>
   551557
  </reviews>
  <new>
   -
  </new>
  <exclusive>
   yes
  </exclusive>
 </clothing>
 <clothing>
  <id>
   181063771
  </id>
  <name>
   Converse Belts I-2903
  </name>
  <category>
   Belts
  </category>
  <size>
   M
  </size>
  <color>
   Голубой
  </color>
  <material>
   Лен
  </material>
  <price>
   244590
  </price>
  <rating>
   3.33
  </rating>
  <reviews>
   656769
  </reviews>
  <new>
   -
  </new>
  <exclusive>
   yes
  </exclusive>
 </clothing>
 <clothing>
  <id>
   149268699
  </id>
  <name>
   New Balance Sweater X-5209
  </name>
  <category>
   Sweater
  </category>
  <size>
   S
  </size>
  <color>
   Желтый
  </color>
  <material>
   Нейлон
  </material>
  <price>
   148461
  </price>
  <rating>
   2.98
  </rating>
  <reviews>
   769330
  </reviews>
  <new>
   +
  </new>
  <exclusive>
   no
  </exclusive>
  <sporty>
   no
  </sporty>
 </clothing>
 <clothing>
  <id>
   644104126
  </id>
  <name>
   Puma Pants D-4723
  </name>
  <category>
   Pants
  </category>
  <size>
   XXL
  </size>
  <color>
   Фиолетовый
  </color>
  <material>
   Кожа
  </material>
  <price>
   309247
  </price>
  <rating>
   2.82
  </rating>
  <reviews>
   876774
  </reviews>
  <exclusive>
   no
  </exclusive>
 </clothing>
 <clothing>
  <id>
   384880844
  </id>
  <name>
   PleinSport Sweater M-9676
  </name>
  <category>
   Sweater
  </category>
  <size>
   XXL
  </size>
  <color>
   Зеленый
  </color>
  <material>
   Нейлон
  </material>
  <price>
   782918
  </price>
  <rating>
   4.93
  </rating>
  <reviews>
   852657
  </reviews>
  <exclusive>
   no
  </exclusive>
 </clothing>
 <clothing>
  <id>
   758693600
  </id>
  <name>
   New Balance Jeans H-4923
  </name>
  <category>
   Jeans
  </category>
  <size>
   S
  </size>
  <color>
   Красный
  </color>
  <material>
   Шерсть
  </material>
  <price>
   780390
  </price>
  <rating>
   2.45
  </rating>
  <reviews>
   862160
  </reviews>
 </clothing>
 <clothing>
  <id>
   737091194
  </id>
  <name>
   Addidas Gloves R-6599
  </name>
  <category>
   Gloves
  </category>
  <size>
   XL
  </size>
  <color>
   Фиолетовый
  </color>
  <material>
   Лен
  </material>
  <price>
   405380
  </price>
  <rating>
   3.91
  </rating>
  <reviews>
   490937
  </reviews>
  <exclusive>
   yes
  </exclusive>
 </clothing>
 <clothing>
  <id>
   975532441
  </id>
  <name>
   Brooks Umbrellas I-9047
  </name>
  <category>
   Umbrellas
  </category>
  <size>
   S
  </size>
  <color>
   Желтый
  </color>
  <material>
   Нейлон
  </material>
  <price>
   372012
  </price>
  <rating>
   1.49
  </rating>
  <reviews>
   417562
  </reviews>
  <exclusive>
   no
  </exclusive>
  <sporty>
   no
  </sporty>
 </clothing>
</clothing-items>
