<?xml version="1.0" encoding="utf-8"?>
<clothing-items>
 <clothing>
  <id>
   937695163
  </id>
  <name>
   Brooks Handbags O-1250
  </name>
  <category>
   Handbags
  </category>
  <size>
   L
  </size>
  <color>
   Желтый
  </color>
  <material>
   Полиэстер
  </material>
  <price>
   898852
  </price>
  <rating>
   1.21
  </rating>
  <reviews>
   508426
  </reviews>
  <new>
   +
  </new>
  <sporty>
   yes
  </sporty>
 </clothing>
 <clothing>
  <id>
   130200790
  </id>
  <name>
   Vans Jeans K-3962
  </name>
  <category>
   Jeans
  </category>
  <size>
   XL
  </size>
  <color>
   Оранжевый
  </color>
  <material>
   Полиэстер
  </material>
  <price>
   553574
  </price>
  <rating>
   2.83
  </rating>
  <reviews>
   618100
  </reviews>
  <exclusive>
   yes
  </exclusive>
  <sporty>
   yes
  </sporty>
 </clothing>
 <clothing>
  <id>
   219273120
  </id>
  <name>
   Addidas Sweater L-4489
  </name>
  <category>
   Sweater
  </category>
  <size>
   S
  </size>
  <color>
   Синий
  </color>
  <material>
   Хлопок
  </material>
  <price>
   377211
  </price>
  <rating>
   4.08
  </rating>
  <reviews>
   668188
  </reviews>
  <sporty>
   no
  </sporty>
 </clothing>
 <clothing>
  <id>
   861953728
  </id>
  <name>
   Addidas Pants Y-8125
  </name>
  <category>
   Pants
  </category>
  <size>
   XL
  </size>
  <color>
   Зеленый
  </color>
  <material>
   Шелк
  </material>
  <price>
   101099
  </price>
  <rating>
   3.51
  </rating>
  <reviews>
   226083
  </reviews>
  <exclusive>
   no
  </exclusive>
  <sporty>
   yes
  </sporty>
 </clothing>
 <clothing>
  <id>
   978494543
  </id>
  <name>
   Fila Sweater F-1855
  </name>
  <category>
   Sweater
  </category>
  <size>
   XXL
  </size>
  <color>
   Желтый
  </color>
  <material>
   Шелк
  </material>
  <price>
   403710
  </price>
  <rating>
   2.27
  </rating>
  <reviews>
   617221
  </reviews>
  <exclusive>
   yes
  </exclusive>
  <sporty>
   no
  </sporty>
 </clothing>
 <clothing>
  <id>
   218143744
  </id>
  <name>
   Asics Gloves O-7497
  </name>
  <category>
   Gloves
  </category>
  <size>
   XXL
  </size>
  <color>
   Голубой
  </color>
  <material>
   Лен
  </material>
  <price>
   296845
  </price>
  <rating>
   4.66
  </rating>
  <reviews>
   87497
  </reviews>
  <sporty>
   yes
  </sporty>
 </clothing>
 <clothing>
  <id>
   768078170
  </id>
  <name>
   DC Blouse L-6959
  </name>
  <category>
   Blouse
  </category>
  <size>
   S
  </size>
  <color>
   Оранжевый
  </color>
  <material>
   Хлопок
  </material>
  <price>
   850873
  </price>
  <rating>
   4.96
  </rating>
  <reviews>
   67190
  </reviews>
  <exclusive>
   no
  </exclusive>
  <sporty>
   no
  </sporty>
 </clothing>
 <clothing>
  <id>
   167097909
  </id>
  <name>
   Adidas Gloves J-2369
  </name>
  <category>
   Gloves
  </category>
  <size>
   S
  </size>
  <color>
   Зеленый
  </color>
  <material>
   Кожа
  </material>
  <price>
   453454
  </price>
  <rating>
   2.03
  </rating>
  <reviews>
   925625
  </reviews>
  <exclusive>
   yes
  </exclusive>
 </clothing>
 <clothing>
  <id>
   143971691
  </id>
  <name>
   Addidas Skirt U-7976
  </name>
  <category>
   Skirt
  </category>
  <size>
   XXL
  </size>
  <color>
   Фиолетовый
  </color>
  <material>
   Кожа
  </material>
  <price>
   647228
  </price>
  <rating>
   3.7
  </rating>
  <reviews>
   747395
  </reviews>
  <new>
   -
  </new>
  <exclusive>
   no
  </exclusive>
  <sporty>
   yes
  </sporty>
 </clothing>
 <clothing>
  <id>
   417738509
  </id>
  <name>
   Puma Shirt Z-5772
  </name>
  <category>
   Shirt
  </category>
  <size>
   L
  </size>
  <color>
   Зеленый
  </color>
  <material>
   Хлопок
  </material>
  <price>
   761340
  </price>
  <rating>
   2.79
  </rating>
  <reviews>
   717187
  </reviews>
  <exclusive>
   no
  </exclusive>
 </clothing>
 <clothing>
  <id>
   651150430
  </id>
  <name>
   Nike Pants E-1818
  </name>
  <category>
   Pants
  </category>
  <size>
   XXL
  </size>
  <color>
   Синий
  </color>
  <material>
   Шерсть
  </material>
  <price>
   919028
  </price>
  <rating>
   3.41
  </rating>
  <reviews>
   360001
  </reviews>
  <exclusive>
   yes
  </exclusive>
 </clothing>
 <clothing>
  <id>
   511200074
  </id>
  <name>
   Adidas Socks N-6845
  </name>
  <category>
   Socks
  </category>
  <size>
   L
  </size>
  <color>
   Голубой
  </color>
  <material>
   Шерсть
  </material>
  <price>
   519574
  </price>
  <rating>
   4.58
  </rating>
  <reviews>
   573783
  </reviews>
  <new>
   -
  </new>
  <exclusive>
   yes
  </exclusive>
  <sporty>
   yes
  </sporty>
 </clothing>
 <clothing>
  <id>
   894796896
  </id>
  <name>
   Under Armour Gloves I-6097
  </name>
  <category>
   Gloves
  </category>
  <size>
   XL
  </size>
  <color>
   Фиолетовый
  </color>
  <material>
   Шерсть
  </material>
  <price>
   205683
  </price>
  <rating>
   2.58
  </rating>
  <reviews>
   117245
  </reviews>
  <sporty>
   yes
  </sporty>
 </clothing>
 <clothing>
  <id>
   274395968
  </id>
  <name>
   Puma Umbrellas I-7676
  </name>
  <category>
   Umbrellas
  </category>
  <size>
   M
  </size>
  <color>
   Желтый
  </color>
  <material>
   Хлопок
  </material>
  <price>
   155794
  </price>
  <rating>
   2.85
  </rating>
  <reviews>
   201400
  </reviews>
  <new>
   -
  </new>
  <exclusive>
   yes
  </exclusive>
 </clothing>
 <clothing>
  <id>
   386276688
  </id>
  <name>
   New Balance Jeans F-8670
  </name>
  <category>
   Jeans
  </category>
  <size>
   XXL
  </size>
  <color>
   Оранжевый
  </color>
  <material>
   Шерсть
  </material>
  <price>
   897361
  </price>
  <rating>
   1.39
  </rating>
  <reviews>
   90736
  </reviews>
  <sporty>
   no
  </sporty>
 </clothing>
 <clothing>
  <id>
   299406059
  </id>
  <name>
   DC Dress C-8494
  </name>
  <category>
   Dress
  </category>
  <size>
   XL
  </size>
  <color>
   Зеленый
  </color>
  <material>
   Нейлон
  </material>
  <price>
   478323
  </price>
  <rating>
   1.44
  </rating>
  <reviews>
   287657
  </reviews>
  <new>
   -
  </new>
  <exclusive>
   yes
  </exclusive>
  <sporty>
   no
  </sporty>
 </clothing>
 <clothing>
  <id>
   879423941
  </id>
  <name>
   Addidas Belts I-3704
  </name>
  <category>
   Belts
  </category>
  <size>
   S
  </size>
  <color>
   Оранжевый
  </color>
  <material>
   Хлопок
  </material>
  <price>
   932656
  </price>
  <rating>
   3.14
  </rating>
  <reviews>
   252400
  </reviews>
  <exclusive>
   yes
  </exclusive>
  <sporty>
   yes
  </sporty>
 </clothing>
 <clothing>
  <id>
   804166944
  </id>
  <name>
   Brooks Sweater E-7055
  </name>
  <category>
   Sweater
  </category>
  <size>
   M
  </size>
  <color>
   Оранжевый
  </color>
  <material>
   Кожа
  </material>
  <price>
   793815
  </price>
  <rating>
   1.27
  </rating>
  <reviews>
   155732
  </reviews>
 </clothing>
 <clothing>
  <id>
   445927910
  </id>
  <name>
   Fila Handbags H-7774
  </name>
  <category>
   Handbags
  </category>
  <size>
   S
  </size>
  <color>
   Оранжевый
  </color>
  <material>
   Шелк
  </material>
  <price>
   849695
  </price>
  <rating>
   4.45
  </rating>
  <reviews>
   479274
  </reviews>
 </clothing>
 <clothing>
  <id>
   504665903
  </id>
  <name>
   Brooks Shirt P-5917
  </name>
  <category>
   Shirt
  </category>
  <size>
   XXL
  </size>
  <color>
   Красный
  </color>
  <material>
   Шерсть
  </material>
  <price>
   441508
  </price>
  <rating>
   4.06
  </rating>
  <reviews>
   67638
  </reviews>
  <new>
   -
  </new>
  <sporty>
   yes
  </sporty>
 </clothing>
 <clothing>
  <id>
   186843233
  </id>
  <name>
   New Balance Jacket F-6104
  </name>
  <category>
   Jacket
  </category>
  <size>
   XXL
  </size>
  <color>
   Красный
  </color>
  <material>
   Вискоза
  </material>
  <price>
   103490
  </price>
  <rating>
   2.19
  </rating>
  <reviews>
   457094
  </reviews>
  <new>
   -
  </new>
  <exclusive>
   no
  </exclusive>
  <sporty>
   yes
  </sporty>
 </clothing>
</clothing-items>
