<?xml version="1.0" encoding="utf-8"?>
<clothing-items>
 <clothing>
  <id>
   140117378
  </id>
  <name>
   Fila Jeans F-1047
  </name>
  <category>
   Jeans
  </category>
  <size>
   S
  </size>
  <color>
   Желтый
  </color>
  <material>
   Шелк
  </material>
  <price>
   165655
  </price>
  <rating>
   4.9
  </rating>
  <reviews>
   952620
  </reviews>
  <new>
   +
  </new>
  <exclusive>
   no
  </exclusive>
  <sporty>
   yes
  </sporty>
 </clothing>
 <clothing>
  <id>
   860727312
  </id>
  <name>
   Brooks Umbrellas M-4763
  </name>
  <category>
   Umbrellas
  </category>
  <size>
   L
  </size>
  <color>
   Зеленый
  </color>
  <material>
   Вискоза
  </material>
  <price>
   402927
  </price>
  <rating>
   4.8
  </rating>
  <reviews>
   610782
  </reviews>
  <new>
   -
  </new>
  <exclusive>
   no
  </exclusive>
 </clothing>
 <clothing>
  <id>
   335816536
  </id>
  <name>
   Fila Pants X-4421
  </name>
  <category>
   Pants
  </category>
  <size>
   XXL
  </size>
  <color>
   Синий
  </color>
  <material>
   Шерсть
  </material>
  <price>
   505889
  </price>
  <rating>
   1.23
  </rating>
  <reviews>
   262102
  </reviews>
  <new>
   -
  </new>
  <exclusive>
   no
  </exclusive>
 </clothing>
 <clothing>
  <id>
   399652275
  </id>
  <name>
   DC T-shirt O-8537
  </name>
  <category>
   T-shirt
  </category>
  <size>
   L
  </size>
  <color>
   Синий
  </color>
  <material>
   Нейлон
  </material>
  <price>
   397569
  </price>
  <rating>
   2.79
  </rating>
  <reviews>
   987107
  </reviews>
  <new>
   -
  </new>
 </clothing>
 <clothing>
  <id>
   768541001
  </id>
  <name>
   Nike Shoes Z-4918
  </name>
  <category>
   Shoes
  </category>
  <size>
   M
  </size>
  <color>
   Оранжевый
  </color>
  <material>
   Шелк
  </material>
  <price>
   205059
  </price>
  <rating>
   3.53
  </rating>
  <reviews>
   412936
  </reviews>
  <new>
   -
  </new>
 </clothing>
 <clothing>
  <id>
   267272398
  </id>
  <name>
   Addidas Shoes O-5337
  </name>
  <category>
   Shoes
  </category>
  <size>
   XL
  </size>
  <color>
   Желтый
  </color>
  <material>
   Шелк
  </material>
  <price>
   158852
  </price>
  <rating>
   3.6
  </rating>
  <reviews>
   109072
  </reviews>
  <new>
   -
  </new>
  <exclusive>
   no
  </exclusive>
 </clothing>
 <clothing>
  <id>
   532777030
  </id>
  <name>
   Vans Gloves W-9970
  </name>
  <category>
   Gloves
  </category>
  <size>
   XL
  </size>
  <color>
   Голубой
  </color>
  <material>
   Шелк
  </material>
  <price>
   941038
  </price>
  <rating>
   3.42
  </rating>
  <reviews>
   479721
  </reviews>
  <new>
   -
  </new>
  <exclusive>
   no
  </exclusive>
  <sporty>
   yes
  </sporty>
 </clothing>
 <clothing>
  <id>
   813636046
  </id>
  <name>
   Fila Sweater L-4281
  </name>
  <category>
   Sweater
  </category>
  <size>
   L
  </size>
  <color>
   Голубой
  </color>
  <material>
   Шерсть
  </material>
  <price>
   640300
  </price>
  <rating>
   2.45
  </rating>
  <reviews>
   34568
  </reviews>
 </clothing>
 <clothing>
  <id>
   825066182
  </id>
  <name>
   Puma Shoes P-7596
  </name>
  <category>
   Shoes
  </category>
  <size>
   S
  </size>
  <color>
   Красный
  </color>
  <material>
   Кожа
  </material>
  <price>
   725217
  </price>
  <rating>
   4.81
  </rating>
  <reviews>
   949182
  </reviews>
  <sporty>
   no
  </sporty>
 </clothing>
 <clothing>
  <id>
   870130954
  </id>
  <name>
   Fila Pants L-8844
  </name>
  <category>
   Pants
  </category>
  <size>
   L
  </size>
  <color>
   Желтый
  </color>
  <material>
   Лен
  </material>
  <price>
   298452
  </price>
  <rating>
   3.39
  </rating>
  <reviews>
   945595
  </reviews>
  <new>
   -
  </new>
  <exclusive>
   no
  </exclusive>
 </clothing>
 <clothing>
  <id>
   293206384
  </id>
  <name>
   Brooks Gloves M-4946
  </name>
  <category>
   Gloves
  </category>
  <size>
   L
  </size>
  <color>
   Фиолетовый
  </color>
  <material>
   Шерсть
  </material>
  <price>
   662845
  </price>
  <rating>
   3.58
  </rating>
  <reviews>
   961633
  </reviews>
  <new>
   -
  </new>
  <exclusive>
   no
  </exclusive>
  <sporty>
   no
  </sporty>
 </clothing>
</clothing-items>
