<?xml version="1.0" encoding="utf-8"?>
<clothing-items>
 <clothing>
  <id>
   806596142
  </id>
  <name>
   Brooks Jeans U-7487
  </name>
  <category>
   Jeans
  </category>
  <size>
   XXL
  </size>
  <color>
   Желтый
  </color>
  <material>
   Лен
  </material>
  <price>
   899877
  </price>
  <rating>
   4.28
  </rating>
  <reviews>
   215926
  </reviews>
  <exclusive>
   no
  </exclusive>
  <sporty>
   yes
  </sporty>
 </clothing>
 <clothing>
  <id>
   745453380
  </id>
  <name>
   Nike Socks A-1424
  </name>
  <category>
   Socks
  </category>
  <size>
   S
  </size>
  <color>
   Голубой
  </color>
  <material>
   Кожа
  </material>
  <price>
   821500
  </price>
  <rating>
   2.73
  </rating>
  <reviews>
   753688
  </reviews>
  <exclusive>
   no
  </exclusive>
  <sporty>
   yes
  </sporty>
 </clothing>
 <clothing>
  <id>
   817549781
  </id>
  <name>
   Fila Belts E-2342
  </name>
  <category>
   Belts
  </category>
  <size>
   S
  </size>
  <color>
   Голубой
  </color>
  <material>
   Лен
  </material>
  <price>
   188408
  </price>
  <rating>
   4.87
  </rating>
  <reviews>
   614138
  </reviews>
  <new>
   -
  </new>
 </clothing>
 <clothing>
  <id>
   197927167
  </id>
  <name>
   Brooks Handbags I-9214
  </name>
  <category>
   Handbags
  </category>
  <size>
   XXL
  </size>
  <color>
   Голубой
  </color>
  <material>
   Кожа
  </material>
  <price>
   781172
  </price>
  <rating>
   2.82
  </rating>
  <reviews>
   806467
  </reviews>
 </clothing>
 <clothing>
  <id>
   525123810
  </id>
  <name>
   Asics Jacket C-9120
  </name>
  <category>
   Jacket
  </category>
  <size>
   XL
  </size>
  <color>
   Оранжевый
  </color>
  <material>
   Полиэстер
  </material>
  <price>
   311686
  </price>
  <rating>
   1.42
  </rating>
  <reviews>
   309801
  </reviews>
  <new>
   +
  </new>
  <exclusive>
   no
  </exclusive>
  <sporty>
   yes
  </sporty>
 </clothing>
 <clothing>
  <id>
   424188891
  </id>
  <name>
   Brooks Hat L-7639
  </name>
  <category>
   Hat
  </category>
  <size>
   M
  </size>
  <color>
   Оранжевый
  </color>
  <material>
   Кожа
  </material>
  <price>
   183611
  </price>
  <rating>
   1.65
  </rating>
  <reviews>
   582306
  </reviews>
  <exclusive>
   yes
  </exclusive>
  <sporty>
   yes
  </sporty>
 </clothing>
 <clothing>
  <id>
   802143648
  </id>
  <name>
   New Balance Jacket V-2617
  </name>
  <category>
   Jacket
  </category>
  <size>
   M
  </size>
  <color>
   Фиолетовый
  </color>
  <material>
   Кожа
  </material>
  <price>
   740661
  </price>
  <rating>
   1.03
  </rating>
  <reviews>
   101954
  </reviews>
  <exclusive>
   no
  </exclusive>
 </clothing>
 <clothing>
  <id>
   143109422
  </id>
  <name>
   Vans Shirt N-8427
  </name>
  <category>
   Shirt
  </category>
  <size>
   XL
  </size>
  <color>
   Синий
  </color>
  <material>
   Нейлон
  </material>
  <price>
   868431
  </price>
  <rating>
   1.19
  </rating>
  <reviews>
   992918
  </reviews>
  <new>
   -
  </new>
 </clothing>
 <clothing>
  <id>
   151323863
  </id>
  <name>
   Fila Jeans Y-6936
  </name>
  <category>
   Jeans
  </category>
  <size>
   XL
  </size>
  <color>
   Оранжевый
  </color>
  <material>
   Нейлон
  </material>
  <price>
   496358
  </price>
  <rating>
   1.57
  </rating>
  <reviews>
   296567
  </reviews>
  <new>
   -
  </new>
  <sporty>
   no
  </sporty>
 </clothing>
 <clothing>
  <id>
   868435879
  </id>
  <name>
   Ellesse Socks B-2561
  </name>
  <category>
   Socks
  </category>
  <size>
   XXL
  </size>
  <color>
   Оранжевый
  </color>
  <material>
   Полиэстер
  </material>
  <price>
   679857
  </price>
  <rating>
   2.95
  </rating>
  <reviews>
   399497
  </reviews>
  <new>
   -
  </new>
  <exclusive>
   no
  </exclusive>
  <sporty>
   no
  </sporty>
 </clothing>
 <clothing>
  <id>
   322513474
  </id>
  <name>
   Nike Jeans V-1146
  </name>
  <category>
   Jeans
  </category>
  <size>
   M
  </size>
  <color>
   Желтый
  </color>
  <material>
   Вискоза
  </material>
  <price>
   797984
  </price>
  <rating>
   3.5
  </rating>
  <reviews>
   451422
  </reviews>
  <new>
   +
  </new>
  <sporty>
   no
  </sporty>
 </clothing>
 <clothing>
  <id>
   382023027
  </id>
  <name>
   PleinSport Handbags W-7117
  </name>
  <category>
   Handbags
  </category>
  <size>
   M
  </size>
  <color>
   Зеленый
  </color>
  <material>
   Нейлон
  </material>
  <price>
   115234
  </price>
  <rating>
   3.89
  </rating>
  <reviews>
   398076
  </reviews>
  <new>
   +
  </new>
  <exclusive>
   no
  </exclusive>
  <sporty>
   yes
  </sporty>
 </clothing>
 <clothing>
  <id>
   635085341
  </id>
  <name>
   Adidas Shoes D-1400
  </name>
  <category>
   Shoes
  </category>
  <size>
   XL
  </size>
  <color>
   Зеленый
  </color>
  <material>
   Шелк
  </material>
  <price>
   503258
  </price>
  <rating>
   3.64
  </rating>
  <reviews>
   205033
  </reviews>
  <new>
   +
  </new>
 </clothing>
 <clothing>
  <id>
   313441154
  </id>
  <name>
   Addidas Shoes C-3021
  </name>
  <category>
   Shoes
  </category>
  <size>
   L
  </size>
  <color>
   Красный
  </color>
  <material>
   Кожа
  </material>
  <price>
   375741
  </price>
  <rating>
   3.02
  </rating>
  <reviews>
   300943
  </reviews>
  <exclusive>
   yes
  </exclusive>
  <sporty>
   yes
  </sporty>
 </clothing>
 <clothing>
  <id>
   475627920
  </id>
  <name>
   Brooks T-shirt I-7088
  </name>
  <category>
   T-shirt
  </category>
  <size>
   M
  </size>
  <color>
   Желтый
  </color>
  <material>
   Шелк
  </material>
  <price>
   173607
  </price>
  <rating>
   1.25
  </rating>
  <reviews>
   5818
  </reviews>
  <new>
   +
  </new>
  <exclusive>
   yes
  </exclusive>
  <sporty>
   yes
  </sporty>
 </clothing>
 <clothing>
  <id>
   400246845
  </id>
  <name>
   Under Armour Shirt M-5637
  </name>
  <category>
   Shirt
  </category>
  <size>
   L
  </size>
  <color>
   Зеленый
  </color>
  <material>
   Вискоза
  </material>
  <price>
   130877
  </price>
  <rating>
   3.35
  </rating>
  <reviews>
   180769
  </reviews>
  <exclusive>
   no
  </exclusive>
 </clothing>
 <clothing>
  <id>
   647172754
  </id>
  <name>
   Nike Skirt T-1415
  </name>
  <category>
   Skirt
  </category>
  <size>
   L
  </size>
  <color>
   Зеленый
  </color>
  <material>
   Нейлон
  </material>
  <price>
   486346
  </price>
  <rating>
   1.56
  </rating>
  <reviews>
   936450
  </reviews>
  <new>
   -
  </new>
 </clothing>
 <clothing>
  <id>
   456136260
  </id>
  <name>
   Asics Dress A-4216
  </name>
  <category>
   Dress
  </category>
  <size>
   M
  </size>
  <color>
   Голубой
  </color>
  <material>
   Полиэстер
  </material>
  <price>
   607937
  </price>
  <rating>
   1.57
  </rating>
  <reviews>
   686192
  </reviews>
  <exclusive>
   no
  </exclusive>
  <sporty>
   yes
  </sporty>
 </clothing>
 <clothing>
  <id>
   623488957
  </id>
  <name>
   PleinSport Socks O-7902
  </name>
  <category>
   Socks
  </category>
  <size>
   S
  </size>
  <color>
   Красный
  </color>
  <material>
   Лен
  </material>
  <price>
   339440
  </price>
  <rating>
   3.21
  </rating>
  <reviews>
   148112
  </reviews>
  <exclusive>
   no
  </exclusive>
  <sporty>
   no
  </sporty>
 </clothing>
 <clothing>
  <id>
   531523499
  </id>
  <name>
   Ellesse T-shirt H-8427
  </name>
  <category>
   T-shirt
  </category>
  <size>
   S
  </size>
  <color>
   Синий
  </color>
  <material>
   Полиэстер
  </material>
  <price>
   148271
  </price>
  <rating>
   2.25
  </rating>
  <reviews>
   563612
  </reviews>
 </clothing>
 <clothing>
  <id>
   367257927
  </id>
  <name>
   Puma Shoes O-6441
  </name>
  <category>
   Shoes
  </category>
  <size>
   M
  </size>
  <color>
   Оранжевый
  </color>
  <material>
   Лен
  </material>
  <price>
   151291
  </price>
  <rating>
   3.94
  </rating>
  <reviews>
   924642
  </reviews>
  <exclusive>
   yes
  </exclusive>
  <sporty>
   yes
  </sporty>
 </clothing>
 <clothing>
  <id>
   260935718
  </id>
  <name>
   Addidas Sweater A-1368
  </name>
  <category>
   Sweater
  </category>
  <size>
   M
  </size>
  <color>
   Красный
  </color>
  <material>
   Полиэстер
  </material>
  <price>
   916394
  </price>
  <rating>
   4.67
  </rating>
  <reviews>
   168444
  </reviews>
  <exclusive>
   yes
  </exclusive>
 </clothing>
 <clothing>
  <id>
   272656706
  </id>
  <name>
   Adidas Hat P-5984
  </name>
  <category>
   Hat
  </category>
  <size>
   S
  </size>
  <color>
   Голубой
  </color>
  <material>
   Кожа
  </material>
  <price>
   932308
  </price>
  <rating>
   2.56
  </rating>
  <reviews>
   216143
  </reviews>
  <new>
   -
  </new>
  <exclusive>
   yes
  </exclusive>
 </clothing>
 <clothing>
  <id>
   526801991
  </id>
  <name>
   Addidas Blouse Y-4378
  </name>
  <category>
   Blouse
  </category>
  <size>
   XXL
  </size>
  <color>
   Оранжевый
  </color>
  <material>
   Лен
  </material>
  <price>
   553249
  </price>
  <rating>
   4.85
  </rating>
  <reviews>
   163001
  </reviews>
  <new>
   +
  </new>
  <exclusive>
   yes
  </exclusive>
  <sporty>
   no
  </sporty>
 </clothing>
 <clothing>
  <id>
   282574050
  </id>
  <name>
   Fila Belts P-3028
  </name>
  <category>
   Belts
  </category>
  <size>
   XXL
  </size>
  <color>
   Фиолетовый
  </color>
  <material>
   Шерсть
  </material>
  <price>
   680553
  </price>
  <rating>
   4.68
  </rating>
  <reviews>
   792553
  </reviews>
  <new>
   +
  </new>
  <exclusive>
   yes
  </exclusive>
 </clothing>
</clothing-items>
