<?xml version="1.0" encoding="utf-8"?>
<clothing-items>
 <clothing>
  <id>
   622257852
  </id>
  <name>
   Vans Hat W-8937
  </name>
  <category>
   Hat
  </category>
  <size>
   S
  </size>
  <color>
   Желтый
  </color>
  <material>
   Хлопок
  </material>
  <price>
   977530
  </price>
  <rating>
   4.58
  </rating>
  <reviews>
   996955
  </reviews>
  <new>
   +
  </new>
  <exclusive>
   yes
  </exclusive>
  <sporty>
   no
  </sporty>
 </clothing>
 <clothing>
  <id>
   466810647
  </id>
  <name>
   Vans Shirt F-6457
  </name>
  <category>
   Shirt
  </category>
  <size>
   S
  </size>
  <color>
   Зеленый
  </color>
  <material>
   Лен
  </material>
  <price>
   777560
  </price>
  <rating>
   2.43
  </rating>
  <reviews>
   158363
  </reviews>
  <new>
   -
  </new>
  <exclusive>
   no
  </exclusive>
  <sporty>
   yes
  </sporty>
 </clothing>
 <clothing>
  <id>
   511978539
  </id>
  <name>
   Reebok Belts F-7635
  </name>
  <category>
   Belts
  </category>
  <size>
   S
  </size>
  <color>
   Желтый
  </color>
  <material>
   Полиэстер
  </material>
  <price>
   867457
  </price>
  <rating>
   2.51
  </rating>
  <reviews>
   994910
  </reviews>
  <new>
   +
  </new>
  <exclusive>
   yes
  </exclusive>
  <sporty>
   no
  </sporty>
 </clothing>
 <clothing>
  <id>
   660301735
  </id>
  <name>
   Nike Sweater M-1714
  </name>
  <category>
   Sweater
  </category>
  <size>
   L
  </size>
  <color>
   Оранжевый
  </color>
  <material>
   Лен
  </material>
  <price>
   486725
  </price>
  <rating>
   3.95
  </rating>
  <reviews>
   820472
  </reviews>
  <exclusive>
   no
  </exclusive>
  <sporty>
   no
  </sporty>
 </clothing>
 <clothing>
  <id>
   202819121
  </id>
  <name>
   PleinSport Sweater X-2063
  </name>
  <category>
   Sweater
  </category>
  <size>
   XXL
  </size>
  <color>
   Голубой
  </color>
  <material>
   Шелк
  </material>
  <price>
   396602
  </price>
  <rating>
   4.43
  </rating>
  <reviews>
   97560
  </reviews>
  <new>
   -
  </new>
 </clothing>
 <clothing>
  <id>
   849370911
  </id>
  <name>
   Brooks T-shirt B-2385
  </name>
  <category>
   T-shirt
  </category>
  <size>
   M
  </size>
  <color>
   Оранжевый
  </color>
  <material>
   Хлопок
  </material>
  <price>
   746768
  </price>
  <rating>
   4.62
  </rating>
  <reviews>
   983039
  </reviews>
  <new>
   +
  </new>
  <exclusive>
   no
  </exclusive>
 </clothing>
 <clothing>
  <id>
   408622070
  </id>
  <name>
   Ellesse Handbags I-1158
  </name>
  <category>
   Handbags
  </category>
  <size>
   M
  </size>
  <color>
   Фиолетовый
  </color>
  <material>
   Шелк
  </material>
  <price>
   612708
  </price>
  <rating>
   2.24
  </rating>
  <reviews>
   654240
  </reviews>
  <sporty>
   no
  </sporty>
 </clothing>
 <clothing>
  <id>
   158154313
  </id>
  <name>
   Vans Hat W-5138
  </name>
  <category>
   Hat
  </category>
  <size>
   M
  </size>
  <color>
   Красный
  </color>
  <material>
   Шелк
  </material>
  <price>
   884328
  </price>
  <rating>
   2.61
  </rating>
  <reviews>
   323546
  </reviews>
  <sporty>
   no
  </sporty>
 </clothing>
 <clothing>
  <id>
   856248786
  </id>
  <name>
   New Balance Handbags U-6223
  </name>
  <category>
   Handbags
  </category>
  <size>
   L
  </size>
  <color>
   Голубой
  </color>
  <material>
   Нейлон
  </material>
  <price>
   830084
  </price>
  <rating>
   3.12
  </rating>
  <reviews>
   981084
  </reviews>
  <new>
   -
  </new>
  <exclusive>
   yes
  </exclusive>
 </clothing>
 <clothing>
  <id>
   221085941
  </id>
  <name>
   Ellesse Sweater G-5598
  </name>
  <category>
   Sweater
  </category>
  <size>
   S
  </size>
  <color>
   Желтый
  </color>
  <material>
   Полиэстер
  </material>
  <price>
   807418
  </price>
  <rating>
   3.49
  </rating>
  <reviews>
   619196
  </reviews>
  <new>
   +
  </new>
  <sporty>
   yes
  </sporty>
 </clothing>
 <clothing>
  <id>
   452372143
  </id>
  <name>
   Addidas T-shirt J-7310
  </name>
  <category>
   T-shirt
  </category>
  <size>
   XXL
  </size>
  <color>
   Оранжевый
  </color>
  <material>
   Полиэстер
  </material>
  <price>
   808747
  </price>
  <rating>
   4.41
  </rating>
  <reviews>
   959489
  </reviews>
  <new>
   +
  </new>
  <sporty>
   no
  </sporty>
 </clothing>
 <clothing>
  <id>
   658658406
  </id>
  <name>
   Under Armour Hat J-5804
  </name>
  <category>
   Hat
  </category>
  <size>
   L
  </size>
  <color>
   Зеленый
  </color>
  <material>
   Кожа
  </material>
  <price>
   440476
  </price>
  <rating>
   1.61
  </rating>
  <reviews>
   544240
  </reviews>
  <new>
   -
  </new>
  <exclusive>
   yes
  </exclusive>
  <sporty>
   no
  </sporty>
 </clothing>
 <clothing>
  <id>
   967192709
  </id>
  <name>
   New Balance Skirt Z-7780
  </name>
  <category>
   Skirt
  </category>
  <size>
   M
  </size>
  <color>
   Фиолетовый
  </color>
  <material>
   Шерсть
  </material>
  <price>
   234656
  </price>
  <rating>
   2.75
  </rating>
  <reviews>
   579001
  </reviews>
  <sporty>
   no
  </sporty>
 </clothing>
 <clothing>
  <id>
   592175709
  </id>
  <name>
   Brooks Pants D-7537
  </name>
  <category>
   Pants
  </category>
  <size>
   XXL
  </size>
  <color>
   Фиолетовый
  </color>
  <material>
   Вискоза
  </material>
  <price>
   287382
  </price>
  <rating>
   1.54
  </rating>
  <reviews>
   888317
  </reviews>
  <exclusive>
   yes
  </exclusive>
 </clothing>
 <clothing>
  <id>
   748944631
  </id>
  <name>
   New Balance Jeans P-5017
  </name>
  <category>
   Jeans
  </category>
  <size>
   XL
  </size>
  <color>
   Желтый
  </color>
  <material>
   Вискоза
  </material>
  <price>
   108918
  </price>
  <rating>
   4.35
  </rating>
  <reviews>
   858800
  </reviews>
  <exclusive>
   no
  </exclusive>
  <sporty>
   yes
  </sporty>
 </clothing>
 <clothing>
  <id>
   629277528
  </id>
  <name>
   Fila Shirt X-8652
  </name>
  <category>
   Shirt
  </category>
  <size>
   S
  </size>
  <color>
   Оранжевый
  </color>
  <material>
   Полиэстер
  </material>
  <price>
   490410
  </price>
  <rating>
   4.45
  </rating>
  <reviews>
   404851
  </reviews>
  <new>
   -
  </new>
  <exclusive>
   no
  </exclusive>
  <sporty>
   yes
  </sporty>
 </clothing>
 <clothing>
  <id>
   306760988
  </id>
  <name>
   Ellesse Socks F-3035
  </name>
  <category>
   Socks
  </category>
  <size>
   S
  </size>
  <color>
   Желтый
  </color>
  <material>
   Вискоза
  </material>
  <price>
   973880
  </price>
  <rating>
   2.38
  </rating>
  <reviews>
   929061
  </reviews>
  <exclusive>
   yes
  </exclusive>
 </clothing>
</clothing-items>
