<?xml version="1.0" encoding="utf-8"?>
<clothing-items>
 <clothing>
  <id>
   587760447
  </id>
  <name>
   Ellesse Blouse X-1462
  </name>
  <category>
   Blouse
  </category>
  <size>
   S
  </size>
  <color>
   Синий
  </color>
  <material>
   Шерсть
  </material>
  <price>
   857018
  </price>
  <rating>
   4.85
  </rating>
  <reviews>
   190313
  </reviews>
  <exclusive>
   no
  </exclusive>
  <sporty>
   no
  </sporty>
 </clothing>
 <clothing>
  <id>
   648308140
  </id>
  <name>
   DC Gloves R-9490
  </name>
  <category>
   Gloves
  </category>
  <size>
   XXL
  </size>
  <color>
   Синий
  </color>
  <material>
   Хлопок
  </material>
  <price>
   139621
  </price>
  <rating>
   1.52
  </rating>
  <reviews>
   219668
  </reviews>
  <exclusive>
   no
  </exclusive>
 </clothing>
 <clothing>
  <id>
   420240394
  </id>
  <name>
   Nike Belts W-1040
  </name>
  <category>
   Belts
  </category>
  <size>
   M
  </size>
  <color>
   Желтый
  </color>
  <material>
   Кожа
  </material>
  <price>
   625445
  </price>
  <rating>
   4.83
  </rating>
  <reviews>
   252756
  </reviews>
  <new>
   +
  </new>
  <exclusive>
   yes
  </exclusive>
 </clothing>
 <clothing>
  <id>
   150879612
  </id>
  <name>
   Brooks Hat C-9474
  </name>
  <category>
   Hat
  </category>
  <size>
   S
  </size>
  <color>
   Оранжевый
  </color>
  <material>
   Шелк
  </material>
  <price>
   788608
  </price>
  <rating>
   2.49
  </rating>
  <reviews>
   952554
  </reviews>
  <sporty>
   yes
  </sporty>
 </clothing>
 <clothing>
  <id>
   179599143
  </id>
  <name>
   Vans T-shirt M-2256
  </name>
  <category>
   T-shirt
  </category>
  <size>
   M
  </size>
  <color>
   Желтый
  </color>
  <material>
   Кожа
  </material>
  <price>
   120218
  </price>
  <rating>
   2.21
  </rating>
  <reviews>
   23198
  </reviews>
  <exclusive>
   yes
  </exclusive>
 </clothing>
 <clothing>
  <id>
   468611421
  </id>
  <name>
   Vans Jeans I-5107
  </name>
  <category>
   Jeans
  </category>
  <size>
   XXL
  </size>
  <color>
   Желтый
  </color>
  <material>
   Хлопок
  </material>
  <price>
   172616
  </price>
  <rating>
   2.31
  </rating>
  <reviews>
   155915
  </reviews>
 </clothing>
 <clothing>
  <id>
   821811716
  </id>
  <name>
   Ellesse Jeans A-9396
  </name>
  <category>
   Jeans
  </category>
  <size>
   XXL
  </size>
  <color>
   Красный
  </color>
  <material>
   Хлопок
  </material>
  <price>
   114470
  </price>
  <rating>
   3.91
  </rating>
  <reviews>
   906493
  </reviews>
  <new>
   +
  </new>
  <exclusive>
   yes
  </exclusive>
  <sporty>
   yes
  </sporty>
 </clothing>
 <clothing>
  <id>
   506144343
  </id>
  <name>
   Under Armour Umbrellas C-9097
  </name>
  <category>
   Umbrellas
  </category>
  <size>
   L
  </size>
  <color>
   Оранжевый
  </color>
  <material>
   Лен
  </material>
  <price>
   130591
  </price>
  <rating>
   3.83
  </rating>
  <reviews>
   55858
  </reviews>
  <new>
   -
  </new>
 </clothing>
 <clothing>
  <id>
   206260801
  </id>
  <name>
   DC Jeans V-1410
  </name>
  <category>
   Jeans
  </category>
  <size>
   XXL
  </size>
  <color>
   Оранжевый
  </color>
  <material>
   Хлопок
  </material>
  <price>
   526837
  </price>
  <rating>
   3.54
  </rating>
  <reviews>
   509196
  </reviews>
  <exclusive>
   yes
  </exclusive>
  <sporty>
   no
  </sporty>
 </clothing>
 <clothing>
  <id>
   458991502
  </id>
  <name>
   Puma Blouse F-5315
  </name>
  <category>
   Blouse
  </category>
  <size>
   XL
  </size>
  <color>
   Голубой
  </color>
  <material>
   Шелк
  </material>
  <price>
   507108
  </price>
  <rating>
   3.15
  </rating>
  <reviews>
   807597
  </reviews>
  <exclusive>
   no
  </exclusive>
  <sporty>
   no
  </sporty>
 </clothing>
 <clothing>
  <id>
   938344362
  </id>
  <name>
   Brooks Belts N-5010
  </name>
  <category>
   Belts
  </category>
  <size>
   XL
  </size>
  <color>
   Синий
  </color>
  <material>
   Вискоза
  </material>
  <price>
   636481
  </price>
  <rating>
   3.23
  </rating>
  <reviews>
   282961
  </reviews>
  <new>
   +
  </new>
  <exclusive>
   yes
  </exclusive>
  <sporty>
   yes
  </sporty>
 </clothing>
 <clothing>
  <id>
   577919324
  </id>
  <name>
   Fila Socks F-6250
  </name>
  <category>
   Socks
  </category>
  <size>
   L
  </size>
  <color>
   Оранжевый
  </color>
  <material>
   Нейлон
  </material>
  <price>
   786649
  </price>
  <rating>
   4.39
  </rating>
  <reviews>
   435249
  </reviews>
  <sporty>
   yes
  </sporty>
 </clothing>
 <clothing>
  <id>
   552755058
  </id>
  <name>
   DC Jacket Y-1227
  </name>
  <category>
   Jacket
  </category>
  <size>
   XXL
  </size>
  <color>
   Желтый
  </color>
  <material>
   Вискоза
  </material>
  <price>
   735800
  </price>
  <rating>
   1.97
  </rating>
  <reviews>
   279114
  </reviews>
  <new>
   +
  </new>
 </clothing>
 <clothing>
  <id>
   428065663
  </id>
  <name>
   Puma Handbags U-4829
  </name>
  <category>
   Handbags
  </category>
  <size>
   S
  </size>
  <color>
   Зеленый
  </color>
  <material>
   Хлопок
  </material>
  <price>
   973699
  </price>
  <rating>
   2.88
  </rating>
  <reviews>
   323617
  </reviews>
 </clothing>
 <clothing>
  <id>
   962894722
  </id>
  <name>
   New Balance Sweater N-4985
  </name>
  <category>
   Sweater
  </category>
  <size>
   L
  </size>
  <color>
   Голубой
  </color>
  <material>
   Полиэстер
  </material>
  <price>
   551021
  </price>
  <rating>
   1.27
  </rating>
  <reviews>
   527801
  </reviews>
  <new>
   -
  </new>
  <exclusive>
   no
  </exclusive>
  <sporty>
   yes
  </sporty>
 </clothing>
 <clothing>
  <id>
   428710102
  </id>
  <name>
   Asics Hat A-2994
  </name>
  <category>
   Hat
  </category>
  <size>
   M
  </size>
  <color>
   Красный
  </color>
  <material>
   Нейлон
  </material>
  <price>
   396720
  </price>
  <rating>
   2.74
  </rating>
  <reviews>
   278268
  </reviews>
  <new>
   -
  </new>
  <exclusive>
   yes
  </exclusive>
  <sporty>
   no
  </sporty>
 </clothing>
 <clothing>
  <id>
   108807625
  </id>
  <name>
   Nike Handbags D-3007
  </name>
  <category>
   Handbags
  </category>
  <size>
   S
  </size>
  <color>
   Красный
  </color>
  <material>
   Полиэстер
  </material>
  <price>
   171232
  </price>
  <rating>
   1.86
  </rating>
  <reviews>
   413280
  </reviews>
  <exclusive>
   no
  </exclusive>
 </clothing>
 <clothing>
  <id>
   637543942
  </id>
  <name>
   Puma Jacket K-9516
  </name>
  <category>
   Jacket
  </category>
  <size>
   L
  </size>
  <color>
   Голубой
  </color>
  <material>
   Кожа
  </material>
  <price>
   178208
  </price>
  <rating>
   2.79
  </rating>
  <reviews>
   57450
  </reviews>
  <sporty>
   no
  </sporty>
 </clothing>
 <clothing>
  <id>
   218560454
  </id>
  <name>
   Addidas T-shirt I-7852
  </name>
  <category>
   T-shirt
  </category>
  <size>
   L
  </size>
  <color>
   Голубой
  </color>
  <material>
   Кожа
  </material>
  <price>
   524047
  </price>
  <rating>
   2.91
  </rating>
  <reviews>
   740157
  </reviews>
  <new>
   -
  </new>
  <exclusive>
   yes
  </exclusive>
 </clothing>
 <clothing>
  <id>
   330856364
  </id>
  <name>
   Brooks Umbrellas O-4411
  </name>
  <category>
   Umbrellas
  </category>
  <size>
   L
  </size>
  <color>
   Синий
  </color>
  <material>
   Полиэстер
  </material>
  <price>
   299715
  </price>
  <rating>
   2.75
  </rating>
  <reviews>
   920392
  </reviews>
  <new>
   -
  </new>
  <exclusive>
   no
  </exclusive>
 </clothing>
 <clothing>
  <id>
   568083370
  </id>
  <name>
   DC Gloves Z-3739
  </name>
  <category>
   Gloves
  </category>
  <size>
   M
  </size>
  <color>
   Оранжевый
  </color>
  <material>
   Вискоза
  </material>
  <price>
   785052
  </price>
  <rating>
   2.04
  </rating>
  <reviews>
   91810
  </reviews>
  <exclusive>
   yes
  </exclusive>
  <sporty>
   yes
  </sporty>
 </clothing>
 <clothing>
  <id>
   958235929
  </id>
  <name>
   Vans Umbrellas G-1752
  </name>
  <category>
   Umbrellas
  </category>
  <size>
   S
  </size>
  <color>
   Голубой
  </color>
  <material>
   Кожа
  </material>
  <price>
   900512
  </price>
  <rating>
   3.6
  </rating>
  <reviews>
   749191
  </reviews>
  <new>
   -
  </new>
  <sporty>
   yes
  </sporty>
 </clothing>
 <clothing>
  <id>
   186187334
  </id>
  <name>
   DC Jacket F-2841
  </name>
  <category>
   Jacket
  </category>
  <size>
   XL
  </size>
  <color>
   Фиолетовый
  </color>
  <material>
   Полиэстер
  </material>
  <price>
   180874
  </price>
  <rating>
   1.55
  </rating>
  <reviews>
   685625
  </reviews>
  <sporty>
   no
  </sporty>
 </clothing>
 <clothing>
  <id>
   445191911
  </id>
  <name>
   Puma Jeans I-6152
  </name>
  <category>
   Jeans
  </category>
  <size>
   M
  </size>
  <color>
   Зеленый
  </color>
  <material>
   Полиэстер
  </material>
  <price>
   158886
  </price>
  <rating>
   2.68
  </rating>
  <reviews>
   725847
  </reviews>
  <new>
   -
  </new>
  <sporty>
   no
  </sporty>
 </clothing>
 <clothing>
  <id>
   241848832
  </id>
  <name>
   Ellesse Handbags Y-7405
  </name>
  <category>
   Handbags
  </category>
  <size>
   L
  </size>
  <color>
   Голубой
  </color>
  <material>
   Шерсть
  </material>
  <price>
   232860
  </price>
  <rating>
   1.5
  </rating>
  <reviews>
   821656
  </reviews>
  <new>
   -
  </new>
  <sporty>
   no
  </sporty>
 </clothing>
 <clothing>
  <id>
   297118931
  </id>
  <name>
   Nike Shoes J-9559
  </name>
  <category>
   Shoes
  </category>
  <size>
   S
  </size>
  <color>
   Красный
  </color>
  <material>
   Лен
  </material>
  <price>
   743319
  </price>
  <rating>
   3.27
  </rating>
  <reviews>
   342196
  </reviews>
  <exclusive>
   no
  </exclusive>
 </clothing>
 <clothing>
  <id>
   700572901
  </id>
  <name>
   New Balance Hat G-3562
  </name>
  <category>
   Hat
  </category>
  <size>
   XXL
  </size>
  <color>
   Фиолетовый
  </color>
  <material>
   Лен
  </material>
  <price>
   275908
  </price>
  <rating>
   2.66
  </rating>
  <reviews>
   700894
  </reviews>
  <new>
   -
  </new>
  <sporty>
   no
  </sporty>
 </clothing>
 <clothing>
  <id>
   241289106
  </id>
  <name>
   Ellesse Umbrellas V-9593
  </name>
  <category>
   Umbrellas
  </category>
  <size>
   M
  </size>
  <color>
   Оранжевый
  </color>
  <material>
   Кожа
  </material>
  <price>
   111775
  </price>
  <rating>
   3.64
  </rating>
  <reviews>
   900549
  </reviews>
  <new>
   -
  </new>
  <exclusive>
   yes
  </exclusive>
  <sporty>
   no
  </sporty>
 </clothing>
 <clothing>
  <id>
   274258601
  </id>
  <name>
   Fila Hat F-9878
  </name>
  <category>
   Hat
  </category>
  <size>
   M
  </size>
  <color>
   Синий
  </color>
  <material>
   Кожа
  </material>
  <price>
   701139
  </price>
  <rating>
   2.18
  </rating>
  <reviews>
   529743
  </reviews>
  <exclusive>
   no
  </exclusive>
 </clothing>
 <clothing>
  <id>
   803864243
  </id>
  <name>
   Ellesse Sweater X-1502
  </name>
  <category>
   Sweater
  </category>
  <size>
   L
  </size>
  <color>
   Оранжевый
  </color>
  <material>
   Шелк
  </material>
  <price>
   580278
  </price>
  <rating>
   2.12
  </rating>
  <reviews>
   970384
  </reviews>
  <new>
   -
  </new>
  <exclusive>
   no
  </exclusive>
  <sporty>
   yes
  </sporty>
 </clothing>
 <clothing>
  <id>
   577049126
  </id>
  <name>
   Ellesse Dress K-1708
  </name>
  <category>
   Dress
  </category>
  <size>
   XL
  </size>
  <color>
   Оранжевый
  </color>
  <material>
   Лен
  </material>
  <price>
   163122
  </price>
  <rating>
   2.14
  </rating>
  <reviews>
   457261
  </reviews>
  <exclusive>
   no
  </exclusive>
  <sporty>
   yes
  </sporty>
 </clothing>
 <clothing>
  <id>
   710038222
  </id>
  <name>
   Nike Hat W-2010
  </name>
  <category>
   Hat
  </category>
  <size>
   M
  </size>
  <color>
   Зеленый
  </color>
  <material>
   Полиэстер
  </material>
  <price>
   111304
  </price>
  <rating>
   2.41
  </rating>
  <reviews>
   208892
  </reviews>
  <sporty>
   no
  </sporty>
 </clothing>
 <clothing>
  <id>
   714224585
  </id>
  <name>
   PleinSport Blouse Q-9572
  </name>
  <category>
   Blouse
  </category>
  <size>
   S
  </size>
  <color>
   Голубой
  </color>
  <material>
   Кожа
  </material>
  <price>
   219342
  </price>
  <rating>
   4.08
  </rating>
  <reviews>
   827618
  </reviews>
  <exclusive>
   yes
  </exclusive>
 </clothing>
</clothing-items>
