<?xml version="1.0" encoding="utf-8"?>
<clothing-items>
 <clothing>
  <id>
   704568121
  </id>
  <name>
   DC Pants W-2854
  </name>
  <category>
   Pants
  </category>
  <size>
   M
  </size>
  <color>
   Голубой
  </color>
  <material>
   Шерсть
  </material>
  <price>
   708928
  </price>
  <rating>
   1.18
  </rating>
  <reviews>
   479805
  </reviews>
  <exclusive>
   yes
  </exclusive>
  <sporty>
   no
  </sporty>
 </clothing>
 <clothing>
  <id>
   734546212
  </id>
  <name>
   Vans Belts I-4173
  </name>
  <category>
   Belts
  </category>
  <size>
   S
  </size>
  <color>
   Фиолетовый
  </color>
  <material>
   Вискоза
  </material>
  <price>
   356428
  </price>
  <rating>
   2.84
  </rating>
  <reviews>
   994989
  </reviews>
  <new>
   -
  </new>
  <exclusive>
   no
  </exclusive>
  <sporty>
   yes
  </sporty>
 </clothing>
 <clothing>
  <id>
   624732408
  </id>
  <name>
   Asics Shirt X-9448
  </name>
  <category>
   Shirt
  </category>
  <size>
   M
  </size>
  <color>
   Голубой
  </color>
  <material>
   Лен
  </material>
  <price>
   264602
  </price>
  <rating>
   1.37
  </rating>
  <reviews>
   824570
  </reviews>
  <new>
   -
  </new>
  <exclusive>
   yes
  </exclusive>
  <sporty>
   no
  </sporty>
 </clothing>
 <clothing>
  <id>
   919510110
  </id>
  <name>
   Puma Hat X-8856
  </name>
  <category>
   Hat
  </category>
  <size>
   XXL
  </size>
  <color>
   Зеленый
  </color>
  <material>
   Шерсть
  </material>
  <price>
   183386
  </price>
  <rating>
   2.66
  </rating>
  <reviews>
   323828
  </reviews>
  <new>
   -
  </new>
  <exclusive>
   yes
  </exclusive>
  <sporty>
   no
  </sporty>
 </clothing>
 <clothing>
  <id>
   853559548
  </id>
  <name>
   Converse Sweater G-1822
  </name>
  <category>
   Sweater
  </category>
  <size>
   XL
  </size>
  <color>
   Красный
  </color>
  <material>
   Вискоза
  </material>
  <price>
   485302
  </price>
  <rating>
   1.81
  </rating>
  <reviews>
   701569
  </reviews>
  <exclusive>
   no
  </exclusive>
  <sporty>
   yes
  </sporty>
 </clothing>
 <clothing>
  <id>
   595446605
  </id>
  <name>
   Addidas Umbrellas G-5829
  </name>
  <category>
   Umbrellas
  </category>
  <size>
   XXL
  </size>
  <color>
   Оранжевый
  </color>
  <material>
   Шерсть
  </material>
  <price>
   741154
  </price>
  <rating>
   1.79
  </rating>
  <reviews>
   854589
  </reviews>
 </clothing>
 <clothing>
  <id>
   249367355
  </id>
  <name>
   Brooks Umbrellas I-9324
  </name>
  <category>
   Umbrellas
  </category>
  <size>
   L
  </size>
  <color>
   Синий
  </color>
  <material>
   Хлопок
  </material>
  <price>
   755113
  </price>
  <rating>
   3.79
  </rating>
  <reviews>
   295400
  </reviews>
  <sporty>
   no
  </sporty>
 </clothing>
 <clothing>
  <id>
   195505997
  </id>
  <name>
   Puma Skirt H-2675
  </name>
  <category>
   Skirt
  </category>
  <size>
   XXL
  </size>
  <color>
   Желтый
  </color>
  <material>
   Кожа
  </material>
  <price>
   848129
  </price>
  <rating>
   4.79
  </rating>
  <reviews>
   854827
  </reviews>
  <new>
   -
  </new>
  <exclusive>
   no
  </exclusive>
 </clothing>
 <clothing>
  <id>
   345794123
  </id>
  <name>
   Vans Jacket G-2418
  </name>
  <category>
   Jacket
  </category>
  <size>
   S
  </size>
  <color>
   Красный
  </color>
  <material>
   Лен
  </material>
  <price>
   771545
  </price>
  <rating>
   4.15
  </rating>
  <reviews>
   861150
  </reviews>
 </clothing>
 <clothing>
  <id>
   168999181
  </id>
  <name>
   Brooks Hat D-9140
  </name>
  <category>
   Hat
  </category>
  <size>
   M
  </size>
  <color>
   Зеленый
  </color>
  <material>
   Хлопок
  </material>
  <price>
   573729
  </price>
  <rating>
   2.69
  </rating>
  <reviews>
   15911
  </reviews>
  <new>
   -
  </new>
  <exclusive>
   no
  </exclusive>
  <sporty>
   yes
  </sporty>
 </clothing>
 <clothing>
  <id>
   583521499
  </id>
  <name>
   Addidas Hat T-8941
  </name>
  <category>
   Hat
  </category>
  <size>
   L
  </size>
  <color>
   Оранжевый
  </color>
  <material>
   Вискоза
  </material>
  <price>
   413438
  </price>
  <rating>
   2.06
  </rating>
  <reviews>
   677179
  </reviews>
  <new>
   -
  </new>
  <exclusive>
   yes
  </exclusive>
  <sporty>
   no
  </sporty>
 </clothing>
 <clothing>
  <id>
   739955655
  </id>
  <name>
   Nike Jacket P-6500
  </name>
  <category>
   Jacket
  </category>
  <size>
   XL
  </size>
  <color>
   Синий
  </color>
  <material>
   Шелк
  </material>
  <price>
   528040
  </price>
  <rating>
   1.85
  </rating>
  <reviews>
   73818
  </reviews>
  <new>
   -
  </new>
 </clothing>
 <clothing>
  <id>
   506147530
  </id>
  <name>
   Under Armour Belts U-2893
  </name>
  <category>
   Belts
  </category>
  <size>
   XL
  </size>
  <color>
   Синий
  </color>
  <material>
   Вискоза
  </material>
  <price>
   737414
  </price>
  <rating>
   3.0
  </rating>
  <reviews>
   937342
  </reviews>
  <new>
   +
  </new>
 </clothing>
 <clothing>
  <id>
   925454001
  </id>
  <name>
   Converse Blouse O-4537
  </name>
  <category>
   Blouse
  </category>
  <size>
   XXL
  </size>
  <color>
   Оранжевый
  </color>
  <material>
   Лен
  </material>
  <price>
   420341
  </price>
  <rating>
   3.07
  </rating>
  <reviews>
   670223
  </reviews>
  <exclusive>
   no
  </exclusive>
 </clothing>
 <clothing>
  <id>
   744524252
  </id>
  <name>
   Asics Sweater U-1492
  </name>
  <category>
   Sweater
  </category>
  <size>
   M
  </size>
  <color>
   Красный
  </color>
  <material>
   Кожа
  </material>
  <price>
   908320
  </price>
  <rating>
   2.58
  </rating>
  <reviews>
   315125
  </reviews>
  <new>
   +
  </new>
  <exclusive>
   no
  </exclusive>
 </clothing>
 <clothing>
  <id>
   166151410
  </id>
  <name>
   Ellesse Pants P-8277
  </name>
  <category>
   Pants
  </category>
  <size>
   XXL
  </size>
  <color>
   Оранжевый
  </color>
  <material>
   Шерсть
  </material>
  <price>
   310942
  </price>
  <rating>
   1.67
  </rating>
  <reviews>
   653720
  </reviews>
  <exclusive>
   yes
  </exclusive>
  <sporty>
   no
  </sporty>
 </clothing>
 <clothing>
  <id>
   391617196
  </id>
  <name>
   Fila T-shirt X-7841
  </name>
  <category>
   T-shirt
  </category>
  <size>
   M
  </size>
  <color>
   Желтый
  </color>
  <material>
   Хлопок
  </material>
  <price>
   914316
  </price>
  <rating>
   4.97
  </rating>
  <reviews>
   511152
  </reviews>
  <exclusive>
   no
  </exclusive>
 </clothing>
 <clothing>
  <id>
   476507854
  </id>
  <name>
   Addidas Jeans C-9571
  </name>
  <category>
   Jeans
  </category>
  <size>
   S
  </size>
  <color>
   Зеленый
  </color>
  <material>
   Полиэстер
  </material>
  <price>
   634083
  </price>
  <rating>
   3.53
  </rating>
  <reviews>
   326803
  </reviews>
  <sporty>
   no
  </sporty>
 </clothing>
 <clothing>
  <id>
   191802957
  </id>
  <name>
   Nike Socks S-1915
  </name>
  <category>
   Socks
  </category>
  <size>
   XL
  </size>
  <color>
   Голубой
  </color>
  <material>
   Кожа
  </material>
  <price>
   368496
  </price>
  <rating>
   2.08
  </rating>
  <reviews>
   682705
  </reviews>
  <new>
   -
  </new>
  <exclusive>
   no
  </exclusive>
 </clothing>
 <clothing>
  <id>
   653372753
  </id>
  <name>
   Fila Shoes P-5136
  </name>
  <category>
   Shoes
  </category>
  <size>
   XL
  </size>
  <color>
   Красный
  </color>
  <material>
   Шерсть
  </material>
  <price>
   555290
  </price>
  <rating>
   3.69
  </rating>
  <reviews>
   430422
  </reviews>
  <new>
   -
  </new>
  <exclusive>
   yes
  </exclusive>
  <sporty>
   yes
  </sporty>
 </clothing>
 <clothing>
  <id>
   634966142
  </id>
  <name>
   Under Armour Dress Q-5637
  </name>
  <category>
   Dress
  </category>
  <size>
   M
  </size>
  <color>
   Оранжевый
  </color>
  <material>
   Шерсть
  </material>
  <price>
   745164
  </price>
  <rating>
   1.51
  </rating>
  <reviews>
   188747
  </reviews>
  <exclusive>
   no
  </exclusive>
  <sporty>
   no
  </sporty>
 </clothing>
 <clothing>
  <id>
   788655805
  </id>
  <name>
   Reebok Gloves O-5608
  </name>
  <category>
   Gloves
  </category>
  <size>
   XL
  </size>
  <color>
   Оранжевый
  </color>
  <material>
   Лен
  </material>
  <price>
   144732
  </price>
  <rating>
   4.0
  </rating>
  <reviews>
   85889
  </reviews>
  <new>
   +
  </new>
  <exclusive>
   no
  </exclusive>
  <sporty>
   no
  </sporty>
 </clothing>
 <clothing>
  <id>
   297626363
  </id>
  <name>
   Vans Shoes M-2729
  </name>
  <category>
   Shoes
  </category>
  <size>
   XL
  </size>
  <color>
   Оранжевый
  </color>
  <material>
   Кожа
  </material>
  <price>
   682104
  </price>
  <rating>
   4.94
  </rating>
  <reviews>
   17535
  </reviews>
  <new>
   -
  </new>
 </clothing>
 <clothing>
  <id>
   859127336
  </id>
  <name>
   Brooks Socks Y-7307
  </name>
  <category>
   Socks
  </category>
  <size>
   XL
  </size>
  <color>
   Синий
  </color>
  <material>
   Кожа
  </material>
  <price>
   973694
  </price>
  <rating>
   1.74
  </rating>
  <reviews>
   673172
  </reviews>
  <exclusive>
   yes
  </exclusive>
  <sporty>
   no
  </sporty>
 </clothing>
 <clothing>
  <id>
   591180890
  </id>
  <name>
   Reebok Skirt A-8902
  </name>
  <category>
   Skirt
  </category>
  <size>
   XXL
  </size>
  <color>
   Зеленый
  </color>
  <material>
   Лен
  </material>
  <price>
   198682
  </price>
  <rating>
   3.87
  </rating>
  <reviews>
   696033
  </reviews>
  <new>
   -
  </new>
  <exclusive>
   yes
  </exclusive>
  <sporty>
   no
  </sporty>
 </clothing>
 <clothing>
  <id>
   110185628
  </id>
  <name>
   Puma Jeans B-1738
  </name>
  <category>
   Jeans
  </category>
  <size>
   M
  </size>
  <color>
   Зеленый
  </color>
  <material>
   Вискоза
  </material>
  <price>
   583617
  </price>
  <rating>
   1.37
  </rating>
  <reviews>
   401278
  </reviews>
  <new>
   +
  </new>
  <exclusive>
   yes
  </exclusive>
 </clothing>
 <clothing>
  <id>
   564218381
  </id>
  <name>
   Addidas Jeans J-3408
  </name>
  <category>
   Jeans
  </category>
  <size>
   M
  </size>
  <color>
   Оранжевый
  </color>
  <material>
   Кожа
  </material>
  <price>
   599279
  </price>
  <rating>
   3.59
  </rating>
  <reviews>
   10654
  </reviews>
  <exclusive>
   yes
  </exclusive>
  <sporty>
   no
  </sporty>
 </clothing>
 <clothing>
  <id>
   911180506
  </id>
  <name>
   Addidas Umbrellas Q-8251
  </name>
  <category>
   Umbrellas
  </category>
  <size>
   S
  </size>
  <color>
   Фиолетовый
  </color>
  <material>
   Шерсть
  </material>
  <price>
   205838
  </price>
  <rating>
   2.7
  </rating>
  <reviews>
   121312
  </reviews>
  <new>
   +
  </new>
 </clothing>
</clothing-items>
