<?xml version="1.0" encoding="utf-8"?>
<clothing-items>
 <clothing>
  <id>
   472682097
  </id>
  <name>
   Converse Pants W-6657
  </name>
  <category>
   Pants
  </category>
  <size>
   XXL
  </size>
  <color>
   Фиолетовый
  </color>
  <material>
   Шерсть
  </material>
  <price>
   429237
  </price>
  <rating>
   4.84
  </rating>
  <reviews>
   495231
  </reviews>
  <new>
   -
  </new>
  <exclusive>
   no
  </exclusive>
 </clothing>
 <clothing>
  <id>
   350928562
  </id>
  <name>
   Fila Pants A-1265
  </name>
  <category>
   Pants
  </category>
  <size>
   XXL
  </size>
  <color>
   Красный
  </color>
  <material>
   Кожа
  </material>
  <price>
   748459
  </price>
  <rating>
   2.95
  </rating>
  <reviews>
   929584
  </reviews>
  <new>
   +
  </new>
  <sporty>
   yes
  </sporty>
 </clothing>
 <clothing>
  <id>
   524614649
  </id>
  <name>
   Adidas Handbags H-7125
  </name>
  <category>
   Handbags
  </category>
  <size>
   L
  </size>
  <color>
   Синий
  </color>
  <material>
   Полиэстер
  </material>
  <price>
   270114
  </price>
  <rating>
   4.9
  </rating>
  <reviews>
   28607
  </reviews>
  <new>
   +
  </new>
  <exclusive>
   yes
  </exclusive>
  <sporty>
   yes
  </sporty>
 </clothing>
 <clothing>
  <id>
   841703949
  </id>
  <name>
   PleinSport Jeans I-3044
  </name>
  <category>
   Jeans
  </category>
  <size>
   M
  </size>
  <color>
   Синий
  </color>
  <material>
   Хлопок
  </material>
  <price>
   222986
  </price>
  <rating>
   1.27
  </rating>
  <reviews>
   900823
  </reviews>
  <exclusive>
   yes
  </exclusive>
  <sporty>
   no
  </sporty>
 </clothing>
 <clothing>
  <id>
   753021469
  </id>
  <name>
   Vans Shoes G-3881
  </name>
  <category>
   Shoes
  </category>
  <size>
   L
  </size>
  <color>
   Фиолетовый
  </color>
  <material>
   Кожа
  </material>
  <price>
   793690
  </price>
  <rating>
   2.5
  </rating>
  <reviews>
   154511
  </reviews>
  <new>
   -
  </new>
  <exclusive>
   yes
  </exclusive>
 </clothing>
 <clothing>
  <id>
   124079304
  </id>
  <name>
   Nike Handbags N-1497
  </name>
  <category>
   Handbags
  </category>
  <size>
   M
  </size>
  <color>
   Оранжевый
  </color>
  <material>
   Полиэстер
  </material>
  <price>
   615539
  </price>
  <rating>
   1.93
  </rating>
  <reviews>
   513329
  </reviews>
  <new>
   +
  </new>
  <exclusive>
   no
  </exclusive>
 </clothing>
 <clothing>
  <id>
   352344399
  </id>
  <name>
   Vans Pants P-2504
  </name>
  <category>
   Pants
  </category>
  <size>
   M
  </size>
  <color>
   Желтый
  </color>
  <material>
   Вискоза
  </material>
  <price>
   292347
  </price>
  <rating>
   3.4
  </rating>
  <reviews>
   874188
  </reviews>
  <exclusive>
   no
  </exclusive>
  <sporty>
   yes
  </sporty>
 </clothing>
 <clothing>
  <id>
   850080044
  </id>
  <name>
   PleinSport Jacket U-5255
  </name>
  <category>
   Jacket
  </category>
  <size>
   M
  </size>
  <color>
   Красный
  </color>
  <material>
   Хлопок
  </material>
  <price>
   320057
  </price>
  <rating>
   2.83
  </rating>
  <reviews>
   402954
  </reviews>
 </clothing>
 <clothing>
  <id>
   652371584
  </id>
  <name>
   Brooks Jeans Z-3537
  </name>
  <category>
   Jeans
  </category>
  <size>
   XL
  </size>
  <color>
   Оранжевый
  </color>
  <material>
   Кожа
  </material>
  <price>
   648373
  </price>
  <rating>
   1.49
  </rating>
  <reviews>
   893771
  </reviews>
  <sporty>
   no
  </sporty>
 </clothing>
 <clothing>
  <id>
   555346077
  </id>
  <name>
   Asics Gloves I-6982
  </name>
  <category>
   Gloves
  </category>
  <size>
   XL
  </size>
  <color>
   Голубой
  </color>
  <material>
   Хлопок
  </material>
  <price>
   917544
  </price>
  <rating>
   2.28
  </rating>
  <reviews>
   16337
  </reviews>
  <new>
   -
  </new>
  <sporty>
   no
  </sporty>
 </clothing>
 <clothing>
  <id>
   767918631
  </id>
  <name>
   Adidas Belts D-9316
  </name>
  <category>
   Belts
  </category>
  <size>
   XL
  </size>
  <color>
   Красный
  </color>
  <material>
   Нейлон
  </material>
  <price>
   817103
  </price>
  <rating>
   1.68
  </rating>
  <reviews>
   888243
  </reviews>
  <exclusive>
   yes
  </exclusive>
 </clothing>
 <clothing>
  <id>
   954857199
  </id>
  <name>
   Under Armour T-shirt F-6749
  </name>
  <category>
   T-shirt
  </category>
  <size>
   XXL
  </size>
  <color>
   Голубой
  </color>
  <material>
   Полиэстер
  </material>
  <price>
   541154
  </price>
  <rating>
   4.59
  </rating>
  <reviews>
   974591
  </reviews>
  <new>
   -
  </new>
  <sporty>
   no
  </sporty>
 </clothing>
 <clothing>
  <id>
   661825716
  </id>
  <name>
   Vans Shoes A-3512
  </name>
  <category>
   Shoes
  </category>
  <size>
   XL
  </size>
  <color>
   Зеленый
  </color>
  <material>
   Нейлон
  </material>
  <price>
   539949
  </price>
  <rating>
   4.98
  </rating>
  <reviews>
   324297
  </reviews>
  <exclusive>
   no
  </exclusive>
 </clothing>
 <clothing>
  <id>
   913596558
  </id>
  <name>
   Fila Socks M-2771
  </name>
  <category>
   Socks
  </category>
  <size>
   XL
  </size>
  <color>
   Желтый
  </color>
  <material>
   Полиэстер
  </material>
  <price>
   223084
  </price>
  <rating>
   1.13
  </rating>
  <reviews>
   461535
  </reviews>
  <new>
   -
  </new>
  <sporty>
   yes
  </sporty>
 </clothing>
 <clothing>
  <id>
   301459533
  </id>
  <name>
   Ellesse Gloves E-6093
  </name>
  <category>
   Gloves
  </category>
  <size>
   M
  </size>
  <color>
   Синий
  </color>
  <material>
   Хлопок
  </material>
  <price>
   687493
  </price>
  <rating>
   4.92
  </rating>
  <reviews>
   571178
  </reviews>
  <new>
   +
  </new>
  <exclusive>
   yes
  </exclusive>
  <sporty>
   no
  </sporty>
 </clothing>
</clothing-items>
