<?xml version="1.0" encoding="utf-8"?>
<clothing-items>
 <clothing>
  <id>
   655864401
  </id>
  <name>
   Reebok Gloves N-3152
  </name>
  <category>
   Gloves
  </category>
  <size>
   M
  </size>
  <color>
   Голубой
  </color>
  <material>
   Нейлон
  </material>
  <price>
   998155
  </price>
  <rating>
   3.77
  </rating>
  <reviews>
   15714
  </reviews>
  <new>
   +
  </new>
  <sporty>
   yes
  </sporty>
 </clothing>
 <clothing>
  <id>
   146774972
  </id>
  <name>
   DC Hat O-8253
  </name>
  <category>
   Hat
  </category>
  <size>
   XL
  </size>
  <color>
   Зеленый
  </color>
  <material>
   Лен
  </material>
  <price>
   187155
  </price>
  <rating>
   2.57
  </rating>
  <reviews>
   984101
  </reviews>
  <exclusive>
   no
  </exclusive>
  <sporty>
   yes
  </sporty>
 </clothing>
 <clothing>
  <id>
   443017246
  </id>
  <name>
   Adidas Umbrellas D-1948
  </name>
  <category>
   Umbrellas
  </category>
  <size>
   S
  </size>
  <color>
   Зеленый
  </color>
  <material>
   Нейлон
  </material>
  <price>
   161523
  </price>
  <rating>
   1.15
  </rating>
  <reviews>
   768854
  </reviews>
  <new>
   +
  </new>
  <exclusive>
   yes
  </exclusive>
  <sporty>
   yes
  </sporty>
 </clothing>
 <clothing>
  <id>
   885648788
  </id>
  <name>
   Ellesse T-shirt J-6838
  </name>
  <category>
   T-shirt
  </category>
  <size>
   XXL
  </size>
  <color>
   Зеленый
  </color>
  <material>
   Нейлон
  </material>
  <price>
   367710
  </price>
  <rating>
   4.8
  </rating>
  <reviews>
   119884
  </reviews>
  <new>
   +
  </new>
  <exclusive>
   no
  </exclusive>
  <sporty>
   no
  </sporty>
 </clothing>
 <clothing>
  <id>
   799199302
  </id>
  <name>
   Reebok Blouse O-2000
  </name>
  <category>
   Blouse
  </category>
  <size>
   S
  </size>
  <color>
   Синий
  </color>
  <material>
   Хлопок
  </material>
  <price>
   265715
  </price>
  <rating>
   2.81
  </rating>
  <reviews>
   380561
  </reviews>
  <new>
   -
  </new>
  <sporty>
   no
  </sporty>
 </clothing>
 <clothing>
  <id>
   956383956
  </id>
  <name>
   New Balance Jeans Y-8398
  </name>
  <category>
   Jeans
  </category>
  <size>
   S
  </size>
  <color>
   Оранжевый
  </color>
  <material>
   Нейлон
  </material>
  <price>
   108251
  </price>
  <rating>
   1.57
  </rating>
  <reviews>
   128837
  </reviews>
  <exclusive>
   yes
  </exclusive>
 </clothing>
 <clothing>
  <id>
   369601588
  </id>
  <name>
   Addidas Hat M-2209
  </name>
  <category>
   Hat
  </category>
  <size>
   S
  </size>
  <color>
   Красный
  </color>
  <material>
   Хлопок
  </material>
  <price>
   271123
  </price>
  <rating>
   2.47
  </rating>
  <reviews>
   268104
  </reviews>
  <new>
   -
  </new>
  <exclusive>
   no
  </exclusive>
  <sporty>
   yes
  </sporty>
 </clothing>
 <clothing>
  <id>
   101472709
  </id>
  <name>
   Reebok Shoes L-6317
  </name>
  <category>
   Shoes
  </category>
  <size>
   XL
  </size>
  <color>
   Голубой
  </color>
  <material>
   Нейлон
  </material>
  <price>
   172187
  </price>
  <rating>
   2.46
  </rating>
  <reviews>
   783172
  </reviews>
  <sporty>
   yes
  </sporty>
 </clothing>
 <clothing>
  <id>
   468136280
  </id>
  <name>
   Fila Shoes L-9416
  </name>
  <category>
   Shoes
  </category>
  <size>
   S
  </size>
  <color>
   Желтый
  </color>
  <material>
   Вискоза
  </material>
  <price>
   270095
  </price>
  <rating>
   1.07
  </rating>
  <reviews>
   631656
  </reviews>
  <new>
   +
  </new>
  <sporty>
   no
  </sporty>
 </clothing>
 <clothing>
  <id>
   727462164
  </id>
  <name>
   DC Jeans G-1472
  </name>
  <category>
   Jeans
  </category>
  <size>
   M
  </size>
  <color>
   Зеленый
  </color>
  <material>
   Нейлон
  </material>
  <price>
   371629
  </price>
  <rating>
   4.67
  </rating>
  <reviews>
   328586
  </reviews>
  <exclusive>
   yes
  </exclusive>
 </clothing>
 <clothing>
  <id>
   144278052
  </id>
  <name>
   Lacoste Shirt S-9525
  </name>
  <category>
   Shirt
  </category>
  <size>
   S
  </size>
  <color>
   Голубой
  </color>
  <material>
   Полиэстер
  </material>
  <price>
   624148
  </price>
  <rating>
   3.45
  </rating>
  <reviews>
   659765
  </reviews>
  <exclusive>
   no
  </exclusive>
  <sporty>
   no
  </sporty>
 </clothing>
 <clothing>
  <id>
   975110581
  </id>
  <name>
   Addidas Jeans R-9594
  </name>
  <category>
   Jeans
  </category>
  <size>
   XL
  </size>
  <color>
   Красный
  </color>
  <material>
   Шерсть
  </material>
  <price>
   186950
  </price>
  <rating>
   3.24
  </rating>
  <reviews>
   657671
  </reviews>
  <new>
   -
  </new>
  <exclusive>
   yes
  </exclusive>
 </clothing>
 <clothing>
  <id>
   865112843
  </id>
  <name>
   Addidas T-shirt B-1382
  </name>
  <category>
   T-shirt
  </category>
  <size>
   M
  </size>
  <color>
   Красный
  </color>
  <material>
   Полиэстер
  </material>
  <price>
   642974
  </price>
  <rating>
   3.4
  </rating>
  <reviews>
   648292
  </reviews>
  <exclusive>
   yes
  </exclusive>
 </clothing>
 <clothing>
  <id>
   542344330
  </id>
  <name>
   Ellesse Blouse R-2700
  </name>
  <category>
   Blouse
  </category>
  <size>
   XL
  </size>
  <color>
   Желтый
  </color>
  <material>
   Нейлон
  </material>
  <price>
   174370
  </price>
  <rating>
   2.64
  </rating>
  <reviews>
   577441
  </reviews>
  <new>
   +
  </new>
  <sporty>
   no
  </sporty>
 </clothing>
 <clothing>
  <id>
   789936530
  </id>
  <name>
   Adidas Blouse T-4256
  </name>
  <category>
   Blouse
  </category>
  <size>
   XL
  </size>
  <color>
   Зеленый
  </color>
  <material>
   Шелк
  </material>
  <price>
   572754
  </price>
  <rating>
   4.67
  </rating>
  <reviews>
   65837
  </reviews>
  <new>
   +
  </new>
  <exclusive>
   no
  </exclusive>
  <sporty>
   no
  </sporty>
 </clothing>
 <clothing>
  <id>
   469846611
  </id>
  <name>
   Under Armour Socks K-9898
  </name>
  <category>
   Socks
  </category>
  <size>
   M
  </size>
  <color>
   Синий
  </color>
  <material>
   Шелк
  </material>
  <price>
   698158
  </price>
  <rating>
   1.26
  </rating>
  <reviews>
   626431
  </reviews>
  <new>
   +
  </new>
  <exclusive>
   yes
  </exclusive>
 </clothing>
 <clothing>
  <id>
   532749793
  </id>
  <name>
   Adidas Jacket A-2710
  </name>
  <category>
   Jacket
  </category>
  <size>
   L
  </size>
  <color>
   Оранжевый
  </color>
  <material>
   Шерсть
  </material>
  <price>
   169313
  </price>
  <rating>
   1.76
  </rating>
  <reviews>
   547884
  </reviews>
  <new>
   +
  </new>
 </clothing>
 <clothing>
  <id>
   657781251
  </id>
  <name>
   Addidas Blouse T-6380
  </name>
  <category>
   Blouse
  </category>
  <size>
   XXL
  </size>
  <color>
   Красный
  </color>
  <material>
   Шерсть
  </material>
  <price>
   504614
  </price>
  <rating>
   3.73
  </rating>
  <reviews>
   395375
  </reviews>
  <new>
   -
  </new>
 </clothing>
 <clothing>
  <id>
   369460651
  </id>
  <name>
   PleinSport Handbags Q-1484
  </name>
  <category>
   Handbags
  </category>
  <size>
   XXL
  </size>
  <color>
   Желтый
  </color>
  <material>
   Лен
  </material>
  <price>
   765622
  </price>
  <rating>
   2.64
  </rating>
  <reviews>
   187988
  </reviews>
  <new>
   -
  </new>
  <sporty>
   yes
  </sporty>
 </clothing>
 <clothing>
  <id>
   195761202
  </id>
  <name>
   Under Armour Hat R-1786
  </name>
  <category>
   Hat
  </category>
  <size>
   S
  </size>
  <color>
   Голубой
  </color>
  <material>
   Вискоза
  </material>
  <price>
   356214
  </price>
  <rating>
   2.67
  </rating>
  <reviews>
   943318
  </reviews>
  <exclusive>
   yes
  </exclusive>
  <sporty>
   no
  </sporty>
 </clothing>
 <clothing>
  <id>
   389403392
  </id>
  <name>
   PleinSport Belts E-4323
  </name>
  <category>
   Belts
  </category>
  <size>
   S
  </size>
  <color>
   Голубой
  </color>
  <material>
   Шелк
  </material>
  <price>
   848227
  </price>
  <rating>
   4.64
  </rating>
  <reviews>
   106126
  </reviews>
  <new>
   +
  </new>
  <sporty>
   yes
  </sporty>
 </clothing>
 <clothing>
  <id>
   753339460
  </id>
  <name>
   Vans Umbrellas Y-7112
  </name>
  <category>
   Umbrellas
  </category>
  <size>
   XL
  </size>
  <color>
   Оранжевый
  </color>
  <material>
   Шерсть
  </material>
  <price>
   578031
  </price>
  <rating>
   1.37
  </rating>
  <reviews>
   536785
  </reviews>
  <exclusive>
   yes
  </exclusive>
  <sporty>
   no
  </sporty>
 </clothing>
 <clothing>
  <id>
   276743517
  </id>
  <name>
   Nike Sweater T-4616
  </name>
  <category>
   Sweater
  </category>
  <size>
   L
  </size>
  <color>
   Желтый
  </color>
  <material>
   Шелк
  </material>
  <price>
   754902
  </price>
  <rating>
   1.62
  </rating>
  <reviews>
   81073
  </reviews>
  <exclusive>
   no
  </exclusive>
  <sporty>
   no
  </sporty>
 </clothing>
 <clothing>
  <id>
   720148573
  </id>
  <name>
   Converse Shirt D-6889
  </name>
  <category>
   Shirt
  </category>
  <size>
   S
  </size>
  <color>
   Голубой
  </color>
  <material>
   Нейлон
  </material>
  <price>
   792051
  </price>
  <rating>
   4.06
  </rating>
  <reviews>
   643594
  </reviews>
  <new>
   -
  </new>
  <exclusive>
   no
  </exclusive>
  <sporty>
   yes
  </sporty>
 </clothing>
 <clothing>
  <id>
   997303700
  </id>
  <name>
   Addidas Dress N-8926
  </name>
  <category>
   Dress
  </category>
  <size>
   XXL
  </size>
  <color>
   Голубой
  </color>
  <material>
   Лен
  </material>
  <price>
   720665
  </price>
  <rating>
   4.23
  </rating>
  <reviews>
   450597
  </reviews>
  <exclusive>
   yes
  </exclusive>
  <sporty>
   yes
  </sporty>
 </clothing>
 <clothing>
  <id>
   692650448
  </id>
  <name>
   Lacoste Shoes Y-9690
  </name>
  <category>
   Shoes
  </category>
  <size>
   M
  </size>
  <color>
   Голубой
  </color>
  <material>
   Шелк
  </material>
  <price>
   983241
  </price>
  <rating>
   3.57
  </rating>
  <reviews>
   967384
  </reviews>
  <new>
   +
  </new>
  <sporty>
   no
  </sporty>
 </clothing>
</clothing-items>
