<?xml version="1.0" encoding="utf-8"?>
<clothing-items>
 <clothing>
  <id>
   432786252
  </id>
  <name>
   Converse Skirt P-2597
  </name>
  <category>
   Skirt
  </category>
  <size>
   S
  </size>
  <color>
   Оранжевый
  </color>
  <material>
   Вискоза
  </material>
  <price>
   719717
  </price>
  <rating>
   1.31
  </rating>
  <reviews>
   509339
  </reviews>
  <new>
   -
  </new>
  <exclusive>
   no
  </exclusive>
  <sporty>
   no
  </sporty>
 </clothing>
 <clothing>
  <id>
   309194542
  </id>
  <name>
   Under Armour Hat K-2866
  </name>
  <category>
   Hat
  </category>
  <size>
   L
  </size>
  <color>
   Синий
  </color>
  <material>
   Шелк
  </material>
  <price>
   400481
  </price>
  <rating>
   1.32
  </rating>
  <reviews>
   655883
  </reviews>
  <exclusive>
   yes
  </exclusive>
  <sporty>
   yes
  </sporty>
 </clothing>
 <clothing>
  <id>
   136590995
  </id>
  <name>
   Lacoste Umbrellas A-8943
  </name>
  <category>
   Umbrellas
  </category>
  <size>
   L
  </size>
  <color>
   Зеленый
  </color>
  <material>
   Нейлон
  </material>
  <price>
   684979
  </price>
  <rating>
   3.02
  </rating>
  <reviews>
   661904
  </reviews>
 </clothing>
 <clothing>
  <id>
   774760290
  </id>
  <name>
   Fila Shirt X-2572
  </name>
  <category>
   Shirt
  </category>
  <size>
   L
  </size>
  <color>
   Зеленый
  </color>
  <material>
   Нейлон
  </material>
  <price>
   692720
  </price>
  <rating>
   2.37
  </rating>
  <reviews>
   143413
  </reviews>
  <exclusive>
   no
  </exclusive>
  <sporty>
   no
  </sporty>
 </clothing>
 <clothing>
  <id>
   197919799
  </id>
  <name>
   DC Hat C-2351
  </name>
  <category>
   Hat
  </category>
  <size>
   M
  </size>
  <color>
   Желтый
  </color>
  <material>
   Лен
  </material>
  <price>
   794571
  </price>
  <rating>
   4.44
  </rating>
  <reviews>
   222339
  </reviews>
  <new>
   -
  </new>
  <exclusive>
   yes
  </exclusive>
 </clothing>
 <clothing>
  <id>
   877580209
  </id>
  <name>
   Addidas Sweater A-7675
  </name>
  <category>
   Sweater
  </category>
  <size>
   XL
  </size>
  <color>
   Красный
  </color>
  <material>
   Нейлон
  </material>
  <price>
   813715
  </price>
  <rating>
   3.21
  </rating>
  <reviews>
   249795
  </reviews>
  <new>
   -
  </new>
 </clothing>
 <clothing>
  <id>
   950045554
  </id>
  <name>
   Vans Jeans U-7162
  </name>
  <category>
   Jeans
  </category>
  <size>
   M
  </size>
  <color>
   Зеленый
  </color>
  <material>
   Вискоза
  </material>
  <price>
   769757
  </price>
  <rating>
   4.05
  </rating>
  <reviews>
   306284
  </reviews>
  <exclusive>
   no
  </exclusive>
 </clothing>
 <clothing>
  <id>
   704508230
  </id>
  <name>
   Brooks Socks Y-9852
  </name>
  <category>
   Socks
  </category>
  <size>
   XL
  </size>
  <color>
   Зеленый
  </color>
  <material>
   Шерсть
  </material>
  <price>
   338750
  </price>
  <rating>
   2.5
  </rating>
  <reviews>
   779211
  </reviews>
 </clothing>
 <clothing>
  <id>
   683987454
  </id>
  <name>
   Nike Hat X-4001
  </name>
  <category>
   Hat
  </category>
  <size>
   XL
  </size>
  <color>
   Синий
  </color>
  <material>
   Кожа
  </material>
  <price>
   525196
  </price>
  <rating>
   1.65
  </rating>
  <reviews>
   540057
  </reviews>
  <new>
   +
  </new>
  <sporty>
   no
  </sporty>
 </clothing>
 <clothing>
  <id>
   404955938
  </id>
  <name>
   DC Blouse Z-1563
  </name>
  <category>
   Blouse
  </category>
  <size>
   XL
  </size>
  <color>
   Красный
  </color>
  <material>
   Кожа
  </material>
  <price>
   839054
  </price>
  <rating>
   2.99
  </rating>
  <reviews>
   360300
  </reviews>
  <new>
   -
  </new>
  <exclusive>
   yes
  </exclusive>
 </clothing>
 <clothing>
  <id>
   176630648
  </id>
  <name>
   DC Pants G-7295
  </name>
  <category>
   Pants
  </category>
  <size>
   XXL
  </size>
  <color>
   Голубой
  </color>
  <material>
   Нейлон
  </material>
  <price>
   859688
  </price>
  <rating>
   2.89
  </rating>
  <reviews>
   407731
  </reviews>
  <exclusive>
   no
  </exclusive>
 </clothing>
 <clothing>
  <id>
   363992945
  </id>
  <name>
   Puma Belts Y-5656
  </name>
  <category>
   Belts
  </category>
  <size>
   XXL
  </size>
  <color>
   Синий
  </color>
  <material>
   Хлопок
  </material>
  <price>
   611714
  </price>
  <rating>
   4.57
  </rating>
  <reviews>
   407744
  </reviews>
  <new>
   -
  </new>
  <exclusive>
   yes
  </exclusive>
 </clothing>
 <clothing>
  <id>
   771221954
  </id>
  <name>
   Reebok Socks L-5315
  </name>
  <category>
   Socks
  </category>
  <size>
   M
  </size>
  <color>
   Голубой
  </color>
  <material>
   Лен
  </material>
  <price>
   372098
  </price>
  <rating>
   2.53
  </rating>
  <reviews>
   115872
  </reviews>
  <exclusive>
   no
  </exclusive>
  <sporty>
   no
  </sporty>
 </clothing>
 <clothing>
  <id>
   603758484
  </id>
  <name>
   Asics Hat N-1667
  </name>
  <category>
   Hat
  </category>
  <size>
   XXL
  </size>
  <color>
   Оранжевый
  </color>
  <material>
   Лен
  </material>
  <price>
   138479
  </price>
  <rating>
   1.35
  </rating>
  <reviews>
   212837
  </reviews>
  <new>
   -
  </new>
 </clothing>
 <clothing>
  <id>
   921999800
  </id>
  <name>
   Under Armour Belts S-7068
  </name>
  <category>
   Belts
  </category>
  <size>
   XXL
  </size>
  <color>
   Желтый
  </color>
  <material>
   Шелк
  </material>
  <price>
   292698
  </price>
  <rating>
   4.82
  </rating>
  <reviews>
   407242
  </reviews>
  <new>
   -
  </new>
  <exclusive>
   no
  </exclusive>
  <sporty>
   no
  </sporty>
 </clothing>
 <clothing>
  <id>
   279583085
  </id>
  <name>
   Puma Blouse O-4501
  </name>
  <category>
   Blouse
  </category>
  <size>
   XL
  </size>
  <color>
   Зеленый
  </color>
  <material>
   Шерсть
  </material>
  <price>
   754015
  </price>
  <rating>
   2.22
  </rating>
  <reviews>
   891070
  </reviews>
  <new>
   -
  </new>
  <sporty>
   no
  </sporty>
 </clothing>
 <clothing>
  <id>
   269418153
  </id>
  <name>
   Addidas Jacket N-4434
  </name>
  <category>
   Jacket
  </category>
  <size>
   L
  </size>
  <color>
   Красный
  </color>
  <material>
   Нейлон
  </material>
  <price>
   626735
  </price>
  <rating>
   2.46
  </rating>
  <reviews>
   804544
  </reviews>
  <exclusive>
   no
  </exclusive>
  <sporty>
   no
  </sporty>
 </clothing>
 <clothing>
  <id>
   724039131
  </id>
  <name>
   Ellesse Umbrellas M-8576
  </name>
  <category>
   Umbrellas
  </category>
  <size>
   M
  </size>
  <color>
   Зеленый
  </color>
  <material>
   Полиэстер
  </material>
  <price>
   423366
  </price>
  <rating>
   2.44
  </rating>
  <reviews>
   341929
  </reviews>
  <sporty>
   no
  </sporty>
 </clothing>
 <clothing>
  <id>
   509599391
  </id>
  <name>
   Brooks Shoes W-3566
  </name>
  <category>
   Shoes
  </category>
  <size>
   XL
  </size>
  <color>
   Оранжевый
  </color>
  <material>
   Шелк
  </material>
  <price>
   790453
  </price>
  <rating>
   2.41
  </rating>
  <reviews>
   621098
  </reviews>
  <exclusive>
   yes
  </exclusive>
  <sporty>
   no
  </sporty>
 </clothing>
 <clothing>
  <id>
   414314029
  </id>
  <name>
   Vans Socks G-4112
  </name>
  <category>
   Socks
  </category>
  <size>
   XL
  </size>
  <color>
   Фиолетовый
  </color>
  <material>
   Лен
  </material>
  <price>
   311241
  </price>
  <rating>
   1.34
  </rating>
  <reviews>
   131895
  </reviews>
  <exclusive>
   yes
  </exclusive>
  <sporty>
   yes
  </sporty>
 </clothing>
 <clothing>
  <id>
   387182587
  </id>
  <name>
   Reebok Blouse O-6963
  </name>
  <category>
   Blouse
  </category>
  <size>
   S
  </size>
  <color>
   Фиолетовый
  </color>
  <material>
   Лен
  </material>
  <price>
   350658
  </price>
  <rating>
   4.0
  </rating>
  <reviews>
   548287
  </reviews>
  <new>
   -
  </new>
  <exclusive>
   no
  </exclusive>
 </clothing>
 <clothing>
  <id>
   733286122
  </id>
  <name>
   DC Umbrellas U-5918
  </name>
  <category>
   Umbrellas
  </category>
  <size>
   L
  </size>
  <color>
   Оранжевый
  </color>
  <material>
   Нейлон
  </material>
  <price>
   910855
  </price>
  <rating>
   4.7
  </rating>
  <reviews>
   914381
  </reviews>
  <exclusive>
   yes
  </exclusive>
 </clothing>
 <clothing>
  <id>
   675825086
  </id>
  <name>
   DC Sweater S-9472
  </name>
  <category>
   Sweater
  </category>
  <size>
   L
  </size>
  <color>
   Синий
  </color>
  <material>
   Хлопок
  </material>
  <price>
   822679
  </price>
  <rating>
   3.11
  </rating>
  <reviews>
   13981
  </reviews>
  <new>
   -
  </new>
  <exclusive>
   no
  </exclusive>
  <sporty>
   yes
  </sporty>
 </clothing>
 <clothing>
  <id>
   970066144
  </id>
  <name>
   Lacoste Pants T-1944
  </name>
  <category>
   Pants
  </category>
  <size>
   M
  </size>
  <color>
   Оранжевый
  </color>
  <material>
   Кожа
  </material>
  <price>
   300143
  </price>
  <rating>
   1.03
  </rating>
  <reviews>
   148222
  </reviews>
  <new>
   +
  </new>
  <exclusive>
   yes
  </exclusive>
 </clothing>
</clothing-items>
