<?xml version="1.0" encoding="utf-8"?>
<clothing-items>
 <clothing>
  <id>
   719813684
  </id>
  <name>
   Fila T-shirt H-5445
  </name>
  <category>
   T-shirt
  </category>
  <size>
   XL
  </size>
  <color>
   Синий
  </color>
  <material>
   Нейлон
  </material>
  <price>
   188087
  </price>
  <rating>
   5.0
  </rating>
  <reviews>
   680199
  </reviews>
  <exclusive>
   no
  </exclusive>
  <sporty>
   no
  </sporty>
 </clothing>
 <clothing>
  <id>
   882521213
  </id>
  <name>
   Converse Shirt Z-3919
  </name>
  <category>
   Shirt
  </category>
  <size>
   XL
  </size>
  <color>
   Зеленый
  </color>
  <material>
   Лен
  </material>
  <price>
   950300
  </price>
  <rating>
   3.24
  </rating>
  <reviews>
   196423
  </reviews>
  <new>
   +
  </new>
  <exclusive>
   no
  </exclusive>
  <sporty>
   no
  </sporty>
 </clothing>
 <clothing>
  <id>
   417684892
  </id>
  <name>
   Brooks Handbags R-8874
  </name>
  <category>
   Handbags
  </category>
  <size>
   L
  </size>
  <color>
   Желтый
  </color>
  <material>
   Шерсть
  </material>
  <price>
   940039
  </price>
  <rating>
   2.03
  </rating>
  <reviews>
   953550
  </reviews>
  <sporty>
   yes
  </sporty>
 </clothing>
 <clothing>
  <id>
   721413036
  </id>
  <name>
   Nike Jeans N-4558
  </name>
  <category>
   Jeans
  </category>
  <size>
   XL
  </size>
  <color>
   Красный
  </color>
  <material>
   Вискоза
  </material>
  <price>
   786541
  </price>
  <rating>
   4.75
  </rating>
  <reviews>
   616329
  </reviews>
  <new>
   -
  </new>
 </clothing>
 <clothing>
  <id>
   360521612
  </id>
  <name>
   Vans Skirt E-7891
  </name>
  <category>
   Skirt
  </category>
  <size>
   S
  </size>
  <color>
   Голубой
  </color>
  <material>
   Нейлон
  </material>
  <price>
   961213
  </price>
  <rating>
   3.04
  </rating>
  <reviews>
   862932
  </reviews>
  <new>
   +
  </new>
  <exclusive>
   no
  </exclusive>
  <sporty>
   no
  </sporty>
 </clothing>
 <clothing>
  <id>
   183632525
  </id>
  <name>
   Reebok Hat O-2678
  </name>
  <category>
   Hat
  </category>
  <size>
   XXL
  </size>
  <color>
   Красный
  </color>
  <material>
   Лен
  </material>
  <price>
   226766
  </price>
  <rating>
   3.67
  </rating>
  <reviews>
   522267
  </reviews>
  <exclusive>
   yes
  </exclusive>
  <sporty>
   no
  </sporty>
 </clothing>
 <clothing>
  <id>
   589095918
  </id>
  <name>
   Reebok Socks T-6925
  </name>
  <category>
   Socks
  </category>
  <size>
   L
  </size>
  <color>
   Зеленый
  </color>
  <material>
   Полиэстер
  </material>
  <price>
   975903
  </price>
  <rating>
   1.25
  </rating>
  <reviews>
   454658
  </reviews>
  <new>
   -
  </new>
  <exclusive>
   no
  </exclusive>
 </clothing>
 <clothing>
  <id>
   235323693
  </id>
  <name>
   Ellesse Umbrellas P-2681
  </name>
  <category>
   Umbrellas
  </category>
  <size>
   M
  </size>
  <color>
   Оранжевый
  </color>
  <material>
   Полиэстер
  </material>
  <price>
   815304
  </price>
  <rating>
   2.65
  </rating>
  <reviews>
   554206
  </reviews>
  <exclusive>
   yes
  </exclusive>
 </clothing>
 <clothing>
  <id>
   615561281
  </id>
  <name>
   Vans Gloves S-1883
  </name>
  <category>
   Gloves
  </category>
  <size>
   XL
  </size>
  <color>
   Красный
  </color>
  <material>
   Лен
  </material>
  <price>
   677424
  </price>
  <rating>
   2.34
  </rating>
  <reviews>
   898460
  </reviews>
  <new>
   +
  </new>
 </clothing>
 <clothing>
  <id>
   939677041
  </id>
  <name>
   Fila Dress D-4690
  </name>
  <category>
   Dress
  </category>
  <size>
   L
  </size>
  <color>
   Синий
  </color>
  <material>
   Нейлон
  </material>
  <price>
   832513
  </price>
  <rating>
   3.32
  </rating>
  <reviews>
   137710
  </reviews>
  <exclusive>
   yes
  </exclusive>
 </clothing>
 <clothing>
  <id>
   345947619
  </id>
  <name>
   Adidas Handbags T-2517
  </name>
  <category>
   Handbags
  </category>
  <size>
   XL
  </size>
  <color>
   Желтый
  </color>
  <material>
   Вискоза
  </material>
  <price>
   209173
  </price>
  <rating>
   3.54
  </rating>
  <reviews>
   992918
  </reviews>
  <new>
   -
  </new>
  <exclusive>
   no
  </exclusive>
 </clothing>
 <clothing>
  <id>
   495397547
  </id>
  <name>
   Under Armour Dress N-9720
  </name>
  <category>
   Dress
  </category>
  <size>
   S
  </size>
  <color>
   Оранжевый
  </color>
  <material>
   Кожа
  </material>
  <price>
   267548
  </price>
  <rating>
   4.8
  </rating>
  <reviews>
   443175
  </reviews>
  <new>
   -
  </new>
  <exclusive>
   no
  </exclusive>
  <sporty>
   no
  </sporty>
 </clothing>
 <clothing>
  <id>
   592503524
  </id>
  <name>
   Brooks Jeans M-1558
  </name>
  <category>
   Jeans
  </category>
  <size>
   M
  </size>
  <color>
   Зеленый
  </color>
  <material>
   Вискоза
  </material>
  <price>
   137448
  </price>
  <rating>
   1.33
  </rating>
  <reviews>
   605485
  </reviews>
  <exclusive>
   no
  </exclusive>
  <sporty>
   no
  </sporty>
 </clothing>
</clothing-items>
