<?xml version="1.0" encoding="utf-8"?>
<clothing-items>
 <clothing>
  <id>
   457843972
  </id>
  <name>
   Ellesse Pants R-7428
  </name>
  <category>
   Pants
  </category>
  <size>
   S
  </size>
  <color>
   Зеленый
  </color>
  <material>
   Шелк
  </material>
  <price>
   773142
  </price>
  <rating>
   2.93
  </rating>
  <reviews>
   451680
  </reviews>
  <exclusive>
   no
  </exclusive>
  <sporty>
   no
  </sporty>
 </clothing>
 <clothing>
  <id>
   143055788
  </id>
  <name>
   Asics Umbrellas L-2744
  </name>
  <category>
   Umbrellas
  </category>
  <size>
   S
  </size>
  <color>
   Красный
  </color>
  <material>
   Полиэстер
  </material>
  <price>
   390808
  </price>
  <rating>
   3.81
  </rating>
  <reviews>
   800334
  </reviews>
  <sporty>
   yes
  </sporty>
 </clothing>
 <clothing>
  <id>
   866426933
  </id>
  <name>
   Nike Shirt T-7053
  </name>
  <category>
   Shirt
  </category>
  <size>
   S
  </size>
  <color>
   Синий
  </color>
  <material>
   Шелк
  </material>
  <price>
   434742
  </price>
  <rating>
   2.88
  </rating>
  <reviews>
   937675
  </reviews>
  <new>
   +
  </new>
  <exclusive>
   yes
  </exclusive>
 </clothing>
 <clothing>
  <id>
   647528334
  </id>
  <name>
   Lacoste Jacket Z-5546
  </name>
  <category>
   Jacket
  </category>
  <size>
   S
  </size>
  <color>
   Голубой
  </color>
  <material>
   Хлопок
  </material>
  <price>
   105987
  </price>
  <rating>
   2.56
  </rating>
  <reviews>
   1454
  </reviews>
  <new>
   +
  </new>
 </clothing>
 <clothing>
  <id>
   789290877
  </id>
  <name>
   DC Pants Q-5487
  </name>
  <category>
   Pants
  </category>
  <size>
   L
  </size>
  <color>
   Желтый
  </color>
  <material>
   Лен
  </material>
  <price>
   628492
  </price>
  <rating>
   1.53
  </rating>
  <reviews>
   535520
  </reviews>
  <sporty>
   no
  </sporty>
 </clothing>
 <clothing>
  <id>
   233395818
  </id>
  <name>
   DC Dress H-9019
  </name>
  <category>
   Dress
  </category>
  <size>
   M
  </size>
  <color>
   Голубой
  </color>
  <material>
   Шелк
  </material>
  <price>
   467618
  </price>
  <rating>
   2.0
  </rating>
  <reviews>
   365335
  </reviews>
  <sporty>
   no
  </sporty>
 </clothing>
 <clothing>
  <id>
   951872083
  </id>
  <name>
   Converse Umbrellas A-7639
  </name>
  <category>
   Umbrellas
  </category>
  <size>
   XL
  </size>
  <color>
   Желтый
  </color>
  <material>
   Шерсть
  </material>
  <price>
   511611
  </price>
  <rating>
   1.02
  </rating>
  <reviews>
   283234
  </reviews>
  <exclusive>
   yes
  </exclusive>
 </clothing>
 <clothing>
  <id>
   738625440
  </id>
  <name>
   Ellesse Handbags E-6264
  </name>
  <category>
   Handbags
  </category>
  <size>
   XXL
  </size>
  <color>
   Фиолетовый
  </color>
  <material>
   Кожа
  </material>
  <price>
   889750
  </price>
  <rating>
   1.51
  </rating>
  <reviews>
   662687
  </reviews>
  <new>
   +
  </new>
  <exclusive>
   no
  </exclusive>
  <sporty>
   no
  </sporty>
 </clothing>
 <clothing>
  <id>
   291348849
  </id>
  <name>
   Ellesse Gloves G-9128
  </name>
  <category>
   Gloves
  </category>
  <size>
   XXL
  </size>
  <color>
   Фиолетовый
  </color>
  <material>
   Нейлон
  </material>
  <price>
   988731
  </price>
  <rating>
   4.18
  </rating>
  <reviews>
   929800
  </reviews>
  <new>
   -
  </new>
 </clothing>
 <clothing>
  <id>
   151711822
  </id>
  <name>
   Under Armour Jacket C-3620
  </name>
  <category>
   Jacket
  </category>
  <size>
   XXL
  </size>
  <color>
   Синий
  </color>
  <material>
   Вискоза
  </material>
  <price>
   534828
  </price>
  <rating>
   4.47
  </rating>
  <reviews>
   264097
  </reviews>
  <new>
   +
  </new>
  <sporty>
   no
  </sporty>
 </clothing>
</clothing-items>
