<?xml version="1.0" encoding="utf-8"?>
<clothing-items>
 <clothing>
  <id>
   686922382
  </id>
  <name>
   Under Armour T-shirt F-7219
  </name>
  <category>
   T-shirt
  </category>
  <size>
   L
  </size>
  <color>
   Голубой
  </color>
  <material>
   Вискоза
  </material>
  <price>
   362401
  </price>
  <rating>
   4.87
  </rating>
  <reviews>
   459960
  </reviews>
  <new>
   -
  </new>
  <sporty>
   yes
  </sporty>
 </clothing>
 <clothing>
  <id>
   199726132
  </id>
  <name>
   New Balance Pants W-2157
  </name>
  <category>
   Pants
  </category>
  <size>
   M
  </size>
  <color>
   Желтый
  </color>
  <material>
   Полиэстер
  </material>
  <price>
   732147
  </price>
  <rating>
   3.46
  </rating>
  <reviews>
   373381
  </reviews>
  <new>
   +
  </new>
  <exclusive>
   no
  </exclusive>
  <sporty>
   no
  </sporty>
 </clothing>
 <clothing>
  <id>
   438614359
  </id>
  <name>
   Lacoste Handbags T-5486
  </name>
  <category>
   Handbags
  </category>
  <size>
   M
  </size>
  <color>
   Синий
  </color>
  <material>
   Нейлон
  </material>
  <price>
   539706
  </price>
  <rating>
   2.4
  </rating>
  <reviews>
   169843
  </reviews>
  <new>
   +
  </new>
 </clothing>
 <clothing>
  <id>
   824903877
  </id>
  <name>
   Adidas Umbrellas L-2180
  </name>
  <category>
   Umbrellas
  </category>
  <size>
   XXL
  </size>
  <color>
   Красный
  </color>
  <material>
   Хлопок
  </material>
  <price>
   278636
  </price>
  <rating>
   4.61
  </rating>
  <reviews>
   144098
  </reviews>
  <new>
   +
  </new>
  <exclusive>
   no
  </exclusive>
 </clothing>
 <clothing>
  <id>
   999181281
  </id>
  <name>
   Puma Gloves Z-2211
  </name>
  <category>
   Gloves
  </category>
  <size>
   XXL
  </size>
  <color>
   Красный
  </color>
  <material>
   Шерсть
  </material>
  <price>
   762747
  </price>
  <rating>
   3.63
  </rating>
  <reviews>
   2432
  </reviews>
  <exclusive>
   no
  </exclusive>
  <sporty>
   yes
  </sporty>
 </clothing>
 <clothing>
  <id>
   875015931
  </id>
  <name>
   DC Belts X-3152
  </name>
  <category>
   Belts
  </category>
  <size>
   XL
  </size>
  <color>
   Фиолетовый
  </color>
  <material>
   Шелк
  </material>
  <price>
   148535
  </price>
  <rating>
   1.36
  </rating>
  <reviews>
   73079
  </reviews>
  <new>
   -
  </new>
  <exclusive>
   no
  </exclusive>
  <sporty>
   no
  </sporty>
 </clothing>
 <clothing>
  <id>
   223847320
  </id>
  <name>
   Puma Skirt C-1106
  </name>
  <category>
   Skirt
  </category>
  <size>
   XL
  </size>
  <color>
   Красный
  </color>
  <material>
   Вискоза
  </material>
  <price>
   530702
  </price>
  <rating>
   1.3
  </rating>
  <reviews>
   567526
  </reviews>
  <exclusive>
   no
  </exclusive>
  <sporty>
   yes
  </sporty>
 </clothing>
 <clothing>
  <id>
   115961346
  </id>
  <name>
   Addidas Skirt Z-2447
  </name>
  <category>
   Skirt
  </category>
  <size>
   XL
  </size>
  <color>
   Синий
  </color>
  <material>
   Полиэстер
  </material>
  <price>
   738917
  </price>
  <rating>
   2.38
  </rating>
  <reviews>
   189092
  </reviews>
  <exclusive>
   no
  </exclusive>
 </clothing>
 <clothing>
  <id>
   462788977
  </id>
  <name>
   Ellesse Belts F-6926
  </name>
  <category>
   Belts
  </category>
  <size>
   M
  </size>
  <color>
   Зеленый
  </color>
  <material>
   Лен
  </material>
  <price>
   139011
  </price>
  <rating>
   4.18
  </rating>
  <reviews>
   899879
  </reviews>
  <exclusive>
   yes
  </exclusive>
  <sporty>
   no
  </sporty>
 </clothing>
 <clothing>
  <id>
   364262826
  </id>
  <name>
   PleinSport Skirt H-4657
  </name>
  <category>
   Skirt
  </category>
  <size>
   S
  </size>
  <color>
   Зеленый
  </color>
  <material>
   Лен
  </material>
  <price>
   521504
  </price>
  <rating>
   2.83
  </rating>
  <reviews>
   194497
  </reviews>
  <new>
   -
  </new>
 </clothing>
 <clothing>
  <id>
   220303545
  </id>
  <name>
   Fila Dress G-2048
  </name>
  <category>
   Dress
  </category>
  <size>
   L
  </size>
  <color>
   Оранжевый
  </color>
  <material>
   Шерсть
  </material>
  <price>
   526900
  </price>
  <rating>
   1.85
  </rating>
  <reviews>
   187231
  </reviews>
  <new>
   -
  </new>
  <sporty>
   no
  </sporty>
 </clothing>
 <clothing>
  <id>
   332011936
  </id>
  <name>
   Reebok Pants A-7453
  </name>
  <category>
   Pants
  </category>
  <size>
   L
  </size>
  <color>
   Красный
  </color>
  <material>
   Шерсть
  </material>
  <price>
   183890
  </price>
  <rating>
   1.29
  </rating>
  <reviews>
   150854
  </reviews>
  <exclusive>
   no
  </exclusive>
  <sporty>
   yes
  </sporty>
 </clothing>
 <clothing>
  <id>
   603976408
  </id>
  <name>
   Adidas Sweater Z-7782
  </name>
  <category>
   Sweater
  </category>
  <size>
   L
  </size>
  <color>
   Оранжевый
  </color>
  <material>
   Полиэстер
  </material>
  <price>
   410121
  </price>
  <rating>
   1.89
  </rating>
  <reviews>
   277413
  </reviews>
  <new>
   -
  </new>
  <exclusive>
   no
  </exclusive>
  <sporty>
   no
  </sporty>
 </clothing>
 <clothing>
  <id>
   814978247
  </id>
  <name>
   New Balance Pants K-4352
  </name>
  <category>
   Pants
  </category>
  <size>
   XXL
  </size>
  <color>
   Зеленый
  </color>
  <material>
   Шелк
  </material>
  <price>
   547652
  </price>
  <rating>
   3.49
  </rating>
  <reviews>
   825949
  </reviews>
  <exclusive>
   no
  </exclusive>
  <sporty>
   yes
  </sporty>
 </clothing>
 <clothing>
  <id>
   299221310
  </id>
  <name>
   Converse Belts N-7093
  </name>
  <category>
   Belts
  </category>
  <size>
   S
  </size>
  <color>
   Синий
  </color>
  <material>
   Лен
  </material>
  <price>
   386059
  </price>
  <rating>
   4.14
  </rating>
  <reviews>
   547016
  </reviews>
  <new>
   -
  </new>
  <sporty>
   yes
  </sporty>
 </clothing>
 <clothing>
  <id>
   636144722
  </id>
  <name>
   Fila Umbrellas U-8895
  </name>
  <category>
   Umbrellas
  </category>
  <size>
   S
  </size>
  <color>
   Голубой
  </color>
  <material>
   Кожа
  </material>
  <price>
   700547
  </price>
  <rating>
   3.91
  </rating>
  <reviews>
   15722
  </reviews>
  <sporty>
   yes
  </sporty>
 </clothing>
 <clothing>
  <id>
   322275525
  </id>
  <name>
   Adidas Blouse R-2109
  </name>
  <category>
   Blouse
  </category>
  <size>
   XXL
  </size>
  <color>
   Синий
  </color>
  <material>
   Шелк
  </material>
  <price>
   886289
  </price>
  <rating>
   2.9
  </rating>
  <reviews>
   449307
  </reviews>
  <new>
   -
  </new>
  <exclusive>
   no
  </exclusive>
  <sporty>
   no
  </sporty>
 </clothing>
 <clothing>
  <id>
   587406250
  </id>
  <name>
   Ellesse Jacket B-3159
  </name>
  <category>
   Jacket
  </category>
  <size>
   XXL
  </size>
  <color>
   Зеленый
  </color>
  <material>
   Полиэстер
  </material>
  <price>
   246196
  </price>
  <rating>
   1.34
  </rating>
  <reviews>
   601926
  </reviews>
  <new>
   -
  </new>
  <sporty>
   yes
  </sporty>
 </clothing>
 <clothing>
  <id>
   154108735
  </id>
  <name>
   Brooks Gloves E-1281
  </name>
  <category>
   Gloves
  </category>
  <size>
   XXL
  </size>
  <color>
   Фиолетовый
  </color>
  <material>
   Шерсть
  </material>
  <price>
   479584
  </price>
  <rating>
   4.28
  </rating>
  <reviews>
   59170
  </reviews>
 </clothing>
 <clothing>
  <id>
   270077207
  </id>
  <name>
   Puma Jeans O-3671
  </name>
  <category>
   Jeans
  </category>
  <size>
   L
  </size>
  <color>
   Синий
  </color>
  <material>
   Нейлон
  </material>
  <price>
   322482
  </price>
  <rating>
   4.38
  </rating>
  <reviews>
   263998
  </reviews>
  <exclusive>
   yes
  </exclusive>
 </clothing>
 <clothing>
  <id>
   574813831
  </id>
  <name>
   Converse Jacket D-9170
  </name>
  <category>
   Jacket
  </category>
  <size>
   XL
  </size>
  <color>
   Красный
  </color>
  <material>
   Полиэстер
  </material>
  <price>
   467135
  </price>
  <rating>
   3.51
  </rating>
  <reviews>
   912317
  </reviews>
  <new>
   +
  </new>
  <exclusive>
   no
  </exclusive>
  <sporty>
   no
  </sporty>
 </clothing>
 <clothing>
  <id>
   546413798
  </id>
  <name>
   Vans Umbrellas S-6964
  </name>
  <category>
   Umbrellas
  </category>
  <size>
   S
  </size>
  <color>
   Фиолетовый
  </color>
  <material>
   Хлопок
  </material>
  <price>
   393000
  </price>
  <rating>
   1.83
  </rating>
  <reviews>
   506612
  </reviews>
  <sporty>
   yes
  </sporty>
 </clothing>
 <clothing>
  <id>
   553661416
  </id>
  <name>
   Lacoste Blouse Z-3728
  </name>
  <category>
   Blouse
  </category>
  <size>
   L
  </size>
  <color>
   Красный
  </color>
  <material>
   Лен
  </material>
  <price>
   588724
  </price>
  <rating>
   3.1
  </rating>
  <reviews>
   397702
  </reviews>
  <exclusive>
   yes
  </exclusive>
 </clothing>
</clothing-items>
