<?xml version="1.0" encoding="utf-8"?>
<clothing-items>
 <clothing>
  <id>
   851221222
  </id>
  <name>
   Converse Sweater S-3659
  </name>
  <category>
   Sweater
  </category>
  <size>
   S
  </size>
  <color>
   Красный
  </color>
  <material>
   Вискоза
  </material>
  <price>
   107399
  </price>
  <rating>
   1.64
  </rating>
  <reviews>
   385217
  </reviews>
  <new>
   -
  </new>
  <sporty>
   no
  </sporty>
 </clothing>
 <clothing>
  <id>
   662705915
  </id>
  <name>
   Nike Pants G-3092
  </name>
  <category>
   Pants
  </category>
  <size>
   S
  </size>
  <color>
   Голубой
  </color>
  <material>
   Лен
  </material>
  <price>
   841525
  </price>
  <rating>
   2.2
  </rating>
  <reviews>
   666363
  </reviews>
  <exclusive>
   no
  </exclusive>
 </clothing>
 <clothing>
  <id>
   604202108
  </id>
  <name>
   Adidas Hat E-4672
  </name>
  <category>
   Hat
  </category>
  <size>
   M
  </size>
  <color>
   Зеленый
  </color>
  <material>
   Лен
  </material>
  <price>
   961075
  </price>
  <rating>
   5.0
  </rating>
  <reviews>
   767468
  </reviews>
  <new>
   -
  </new>
  <exclusive>
   yes
  </exclusive>
 </clothing>
 <clothing>
  <id>
   729797378
  </id>
  <name>
   Nike T-shirt K-4165
  </name>
  <category>
   T-shirt
  </category>
  <size>
   L
  </size>
  <color>
   Фиолетовый
  </color>
  <material>
   Полиэстер
  </material>
  <price>
   605367
  </price>
  <rating>
   1.37
  </rating>
  <reviews>
   815622
  </reviews>
  <exclusive>
   no
  </exclusive>
  <sporty>
   no
  </sporty>
 </clothing>
 <clothing>
  <id>
   638398340
  </id>
  <name>
   New Balance Pants G-8762
  </name>
  <category>
   Pants
  </category>
  <size>
   XL
  </size>
  <color>
   Оранжевый
  </color>
  <material>
   Нейлон
  </material>
  <price>
   485816
  </price>
  <rating>
   3.77
  </rating>
  <reviews>
   207920
  </reviews>
  <new>
   +
  </new>
  <exclusive>
   no
  </exclusive>
  <sporty>
   no
  </sporty>
 </clothing>
 <clothing>
  <id>
   592839651
  </id>
  <name>
   Fila Dress M-5205
  </name>
  <category>
   Dress
  </category>
  <size>
   M
  </size>
  <color>
   Фиолетовый
  </color>
  <material>
   Кожа
  </material>
  <price>
   392958
  </price>
  <rating>
   3.14
  </rating>
  <reviews>
   953629
  </reviews>
  <new>
   +
  </new>
  <exclusive>
   yes
  </exclusive>
 </clothing>
 <clothing>
  <id>
   222048184
  </id>
  <name>
   Brooks Belts H-3257
  </name>
  <category>
   Belts
  </category>
  <size>
   L
  </size>
  <color>
   Зеленый
  </color>
  <material>
   Кожа
  </material>
  <price>
   250484
  </price>
  <rating>
   3.95
  </rating>
  <reviews>
   384752
  </reviews>
  <exclusive>
   yes
  </exclusive>
  <sporty>
   no
  </sporty>
 </clothing>
 <clothing>
  <id>
   318778704
  </id>
  <name>
   New Balance Gloves N-8675
  </name>
  <category>
   Gloves
  </category>
  <size>
   XL
  </size>
  <color>
   Оранжевый
  </color>
  <material>
   Шелк
  </material>
  <price>
   743705
  </price>
  <rating>
   3.57
  </rating>
  <reviews>
   929659
  </reviews>
  <exclusive>
   yes
  </exclusive>
  <sporty>
   yes
  </sporty>
 </clothing>
 <clothing>
  <id>
   459409921
  </id>
  <name>
   Under Armour Shirt O-5715
  </name>
  <category>
   Shirt
  </category>
  <size>
   M
  </size>
  <color>
   Желтый
  </color>
  <material>
   Вискоза
  </material>
  <price>
   286728
  </price>
  <rating>
   4.88
  </rating>
  <reviews>
   385137
  </reviews>
  <exclusive>
   yes
  </exclusive>
  <sporty>
   no
  </sporty>
 </clothing>
 <clothing>
  <id>
   425900457
  </id>
  <name>
   Addidas Sweater J-3994
  </name>
  <category>
   Sweater
  </category>
  <size>
   L
  </size>
  <color>
   Зеленый
  </color>
  <material>
   Хлопок
  </material>
  <price>
   977762
  </price>
  <rating>
   2.3
  </rating>
  <reviews>
   773670
  </reviews>
  <exclusive>
   no
  </exclusive>
 </clothing>
 <clothing>
  <id>
   994226693
  </id>
  <name>
   Addidas Umbrellas Q-9445
  </name>
  <category>
   Umbrellas
  </category>
  <size>
   S
  </size>
  <color>
   Голубой
  </color>
  <material>
   Лен
  </material>
  <price>
   128777
  </price>
  <rating>
   3.86
  </rating>
  <reviews>
   425692
  </reviews>
  <exclusive>
   no
  </exclusive>
  <sporty>
   yes
  </sporty>
 </clothing>
 <clothing>
  <id>
   990013923
  </id>
  <name>
   Addidas Belts Y-2354
  </name>
  <category>
   Belts
  </category>
  <size>
   L
  </size>
  <color>
   Синий
  </color>
  <material>
   Хлопок
  </material>
  <price>
   133306
  </price>
  <rating>
   2.09
  </rating>
  <reviews>
   178932
  </reviews>
  <new>
   +
  </new>
  <exclusive>
   yes
  </exclusive>
  <sporty>
   no
  </sporty>
 </clothing>
 <clothing>
  <id>
   821783007
  </id>
  <name>
   Ellesse Pants O-1115
  </name>
  <category>
   Pants
  </category>
  <size>
   L
  </size>
  <color>
   Синий
  </color>
  <material>
   Вискоза
  </material>
  <price>
   355100
  </price>
  <rating>
   3.09
  </rating>
  <reviews>
   66686
  </reviews>
 </clothing>
 <clothing>
  <id>
   962445400
  </id>
  <name>
   Vans Gloves U-2484
  </name>
  <category>
   Gloves
  </category>
  <size>
   S
  </size>
  <color>
   Красный
  </color>
  <material>
   Шелк
  </material>
  <price>
   536785
  </price>
  <rating>
   4.44
  </rating>
  <reviews>
   765455
  </reviews>
  <sporty>
   yes
  </sporty>
 </clothing>
 <clothing>
  <id>
   218776212
  </id>
  <name>
   Ellesse Dress H-4653
  </name>
  <category>
   Dress
  </category>
  <size>
   XXL
  </size>
  <color>
   Зеленый
  </color>
  <material>
   Шелк
  </material>
  <price>
   441343
  </price>
  <rating>
   1.14
  </rating>
  <reviews>
   140266
  </reviews>
  <new>
   -
  </new>
  <exclusive>
   no
  </exclusive>
 </clothing>
 <clothing>
  <id>
   870223967
  </id>
  <name>
   Reebok Socks L-9840
  </name>
  <category>
   Socks
  </category>
  <size>
   XL
  </size>
  <color>
   Синий
  </color>
  <material>
   Хлопок
  </material>
  <price>
   151026
  </price>
  <rating>
   2.99
  </rating>
  <reviews>
   949047
  </reviews>
  <sporty>
   yes
  </sporty>
 </clothing>
 <clothing>
  <id>
   807196711
  </id>
  <name>
   Addidas Skirt X-8199
  </name>
  <category>
   Skirt
  </category>
  <size>
   L
  </size>
  <color>
   Красный
  </color>
  <material>
   Вискоза
  </material>
  <price>
   175786
  </price>
  <rating>
   1.19
  </rating>
  <reviews>
   774898
  </reviews>
  <exclusive>
   no
  </exclusive>
  <sporty>
   no
  </sporty>
 </clothing>
 <clothing>
  <id>
   213513319
  </id>
  <name>
   Puma T-shirt B-2329
  </name>
  <category>
   T-shirt
  </category>
  <size>
   XL
  </size>
  <color>
   Фиолетовый
  </color>
  <material>
   Нейлон
  </material>
  <price>
   941375
  </price>
  <rating>
   2.19
  </rating>
  <reviews>
   252078
  </reviews>
  <new>
   -
  </new>
  <exclusive>
   no
  </exclusive>
  <sporty>
   yes
  </sporty>
 </clothing>
 <clothing>
  <id>
   499091261
  </id>
  <name>
   Brooks Handbags Z-5196
  </name>
  <category>
   Handbags
  </category>
  <size>
   XXL
  </size>
  <color>
   Фиолетовый
  </color>
  <material>
   Нейлон
  </material>
  <price>
   193487
  </price>
  <rating>
   2.97
  </rating>
  <reviews>
   551234
  </reviews>
  <exclusive>
   yes
  </exclusive>
 </clothing>
 <clothing>
  <id>
   685400200
  </id>
  <name>
   Ellesse Skirt F-9968
  </name>
  <category>
   Skirt
  </category>
  <size>
   XXL
  </size>
  <color>
   Голубой
  </color>
  <material>
   Полиэстер
  </material>
  <price>
   169658
  </price>
  <rating>
   3.37
  </rating>
  <reviews>
   351559
  </reviews>
  <new>
   +
  </new>
  <exclusive>
   no
  </exclusive>
  <sporty>
   no
  </sporty>
 </clothing>
 <clothing>
  <id>
   441453403
  </id>
  <name>
   Nike Pants P-1650
  </name>
  <category>
   Pants
  </category>
  <size>
   XL
  </size>
  <color>
   Зеленый
  </color>
  <material>
   Вискоза
  </material>
  <price>
   427606
  </price>
  <rating>
   4.13
  </rating>
  <reviews>
   99275
  </reviews>
  <new>
   -
  </new>
 </clothing>
 <clothing>
  <id>
   694090184
  </id>
  <name>
   Asics Blouse S-3846
  </name>
  <category>
   Blouse
  </category>
  <size>
   XXL
  </size>
  <color>
   Голубой
  </color>
  <material>
   Шерсть
  </material>
  <price>
   661704
  </price>
  <rating>
   1.49
  </rating>
  <reviews>
   386626
  </reviews>
  <exclusive>
   no
  </exclusive>
  <sporty>
   no
  </sporty>
 </clothing>
 <clothing>
  <id>
   421987834
  </id>
  <name>
   Puma Shirt X-3973
  </name>
  <category>
   Shirt
  </category>
  <size>
   XL
  </size>
  <color>
   Красный
  </color>
  <material>
   Вискоза
  </material>
  <price>
   672696
  </price>
  <rating>
   3.32
  </rating>
  <reviews>
   8414
  </reviews>
  <new>
   -
  </new>
 </clothing>
 <clothing>
  <id>
   396230247
  </id>
  <name>
   Puma Skirt F-9686
  </name>
  <category>
   Skirt
  </category>
  <size>
   L
  </size>
  <color>
   Голубой
  </color>
  <material>
   Нейлон
  </material>
  <price>
   960541
  </price>
  <rating>
   1.25
  </rating>
  <reviews>
   537259
  </reviews>
  <new>
   +
  </new>
  <exclusive>
   yes
  </exclusive>
  <sporty>
   no
  </sporty>
 </clothing>
 <clothing>
  <id>
   269714405
  </id>
  <name>
   Converse Blouse B-4230
  </name>
  <category>
   Blouse
  </category>
  <size>
   S
  </size>
  <color>
   Синий
  </color>
  <material>
   Лен
  </material>
  <price>
   490796
  </price>
  <rating>
   2.65
  </rating>
  <reviews>
   682462
  </reviews>
  <new>
   +
  </new>
  <exclusive>
   yes
  </exclusive>
 </clothing>
 <clothing>
  <id>
   709166147
  </id>
  <name>
   Under Armour T-shirt C-8426
  </name>
  <category>
   T-shirt
  </category>
  <size>
   S
  </size>
  <color>
   Желтый
  </color>
  <material>
   Вискоза
  </material>
  <price>
   816620
  </price>
  <rating>
   4.83
  </rating>
  <reviews>
   467106
  </reviews>
 </clothing>
 <clothing>
  <id>
   461239410
  </id>
  <name>
   Asics Blouse E-4198
  </name>
  <category>
   Blouse
  </category>
  <size>
   M
  </size>
  <color>
   Фиолетовый
  </color>
  <material>
   Хлопок
  </material>
  <price>
   286099
  </price>
  <rating>
   2.73
  </rating>
  <reviews>
   390903
  </reviews>
  <exclusive>
   no
  </exclusive>
  <sporty>
   no
  </sporty>
 </clothing>
</clothing-items>
