<?xml version="1.0" encoding="utf-8"?>
<clothing-items>
 <clothing>
  <id>
   579257815
  </id>
  <name>
   Lacoste Jeans P-9069
  </name>
  <category>
   Jeans
  </category>
  <size>
   S
  </size>
  <color>
   Оранжевый
  </color>
  <material>
   Нейлон
  </material>
  <price>
   785890
  </price>
  <rating>
   2.22
  </rating>
  <reviews>
   259888
  </reviews>
  <new>
   -
  </new>
  <exclusive>
   no
  </exclusive>
 </clothing>
 <clothing>
  <id>
   174233748
  </id>
  <name>
   Puma Shirt P-5969
  </name>
  <category>
   Shirt
  </category>
  <size>
   S
  </size>
  <color>
   Зеленый
  </color>
  <material>
   Вискоза
  </material>
  <price>
   619951
  </price>
  <rating>
   2.62
  </rating>
  <reviews>
   349162
  </reviews>
  <new>
   -
  </new>
  <exclusive>
   no
  </exclusive>
  <sporty>
   no
  </sporty>
 </clothing>
 <clothing>
  <id>
   318364737
  </id>
  <name>
   New Balance Jacket Z-5575
  </name>
  <category>
   Jacket
  </category>
  <size>
   XXL
  </size>
  <color>
   Желтый
  </color>
  <material>
   Шерсть
  </material>
  <price>
   217645
  </price>
  <rating>
   2.2
  </rating>
  <reviews>
   442766
  </reviews>
  <new>
   +
  </new>
  <exclusive>
   no
  </exclusive>
 </clothing>
 <clothing>
  <id>
   614644675
  </id>
  <name>
   PleinSport Umbrellas K-1251
  </name>
  <category>
   Umbrellas
  </category>
  <size>
   M
  </size>
  <color>
   Фиолетовый
  </color>
  <material>
   Полиэстер
  </material>
  <price>
   721227
  </price>
  <rating>
   3.05
  </rating>
  <reviews>
   542378
  </reviews>
  <new>
   -
  </new>
  <sporty>
   no
  </sporty>
 </clothing>
 <clothing>
  <id>
   947318541
  </id>
  <name>
   Vans Umbrellas S-3554
  </name>
  <category>
   Umbrellas
  </category>
  <size>
   L
  </size>
  <color>
   Фиолетовый
  </color>
  <material>
   Лен
  </material>
  <price>
   363804
  </price>
  <rating>
   1.32
  </rating>
  <reviews>
   979988
  </reviews>
  <new>
   -
  </new>
  <exclusive>
   no
  </exclusive>
  <sporty>
   yes
  </sporty>
 </clothing>
 <clothing>
  <id>
   787716668
  </id>
  <name>
   Converse Belts T-4410
  </name>
  <category>
   Belts
  </category>
  <size>
   S
  </size>
  <color>
   Фиолетовый
  </color>
  <material>
   Шерсть
  </material>
  <price>
   820988
  </price>
  <rating>
   2.2
  </rating>
  <reviews>
   376038
  </reviews>
  <new>
   -
  </new>
  <exclusive>
   yes
  </exclusive>
  <sporty>
   no
  </sporty>
 </clothing>
 <clothing>
  <id>
   273008910
  </id>
  <name>
   Under Armour Pants F-4997
  </name>
  <category>
   Pants
  </category>
  <size>
   L
  </size>
  <color>
   Фиолетовый
  </color>
  <material>
   Вискоза
  </material>
  <price>
   312285
  </price>
  <rating>
   4.65
  </rating>
  <reviews>
   152059
  </reviews>
  <new>
   +
  </new>
  <sporty>
   yes
  </sporty>
 </clothing>
 <clothing>
  <id>
   666714025
  </id>
  <name>
   Vans Pants K-6142
  </name>
  <category>
   Pants
  </category>
  <size>
   XXL
  </size>
  <color>
   Фиолетовый
  </color>
  <material>
   Шерсть
  </material>
  <price>
   941108
  </price>
  <rating>
   3.33
  </rating>
  <reviews>
   244479
  </reviews>
  <new>
   -
  </new>
  <exclusive>
   no
  </exclusive>
 </clothing>
 <clothing>
  <id>
   413789526
  </id>
  <name>
   Addidas Handbags S-3671
  </name>
  <category>
   Handbags
  </category>
  <size>
   L
  </size>
  <color>
   Синий
  </color>
  <material>
   Кожа
  </material>
  <price>
   792916
  </price>
  <rating>
   1.93
  </rating>
  <reviews>
   594822
  </reviews>
  <exclusive>
   yes
  </exclusive>
  <sporty>
   yes
  </sporty>
 </clothing>
 <clothing>
  <id>
   290468841
  </id>
  <name>
   Under Armour Dress H-1274
  </name>
  <category>
   Dress
  </category>
  <size>
   M
  </size>
  <color>
   Голубой
  </color>
  <material>
   Шелк
  </material>
  <price>
   251997
  </price>
  <rating>
   3.31
  </rating>
  <reviews>
   151699
  </reviews>
  <new>
   +
  </new>
  <sporty>
   yes
  </sporty>
 </clothing>
 <clothing>
  <id>
   956394091
  </id>
  <name>
   Brooks Pants K-8440
  </name>
  <category>
   Pants
  </category>
  <size>
   XXL
  </size>
  <color>
   Желтый
  </color>
  <material>
   Нейлон
  </material>
  <price>
   710966
  </price>
  <rating>
   4.02
  </rating>
  <reviews>
   112832
  </reviews>
  <new>
   -
  </new>
  <sporty>
   yes
  </sporty>
 </clothing>
 <clothing>
  <id>
   856749132
  </id>
  <name>
   Asics Socks J-3845
  </name>
  <category>
   Socks
  </category>
  <size>
   S
  </size>
  <color>
   Голубой
  </color>
  <material>
   Полиэстер
  </material>
  <price>
   642821
  </price>
  <rating>
   4.29
  </rating>
  <reviews>
   584930
  </reviews>
  <new>
   -
  </new>
  <sporty>
   yes
  </sporty>
 </clothing>
 <clothing>
  <id>
   507464278
  </id>
  <name>
   PleinSport Jeans B-8021
  </name>
  <category>
   Jeans
  </category>
  <size>
   XL
  </size>
  <color>
   Синий
  </color>
  <material>
   Нейлон
  </material>
  <price>
   601417
  </price>
  <rating>
   3.8
  </rating>
  <reviews>
   736392
  </reviews>
  <sporty>
   no
  </sporty>
 </clothing>
 <clothing>
  <id>
   686979893
  </id>
  <name>
   Adidas Pants W-5942
  </name>
  <category>
   Pants
  </category>
  <size>
   S
  </size>
  <color>
   Желтый
  </color>
  <material>
   Шелк
  </material>
  <price>
   382259
  </price>
  <rating>
   1.58
  </rating>
  <reviews>
   649784
  </reviews>
  <new>
   -
  </new>
  <sporty>
   no
  </sporty>
 </clothing>
 <clothing>
  <id>
   752509455
  </id>
  <name>
   Nike Shirt C-5612
  </name>
  <category>
   Shirt
  </category>
  <size>
   XL
  </size>
  <color>
   Зеленый
  </color>
  <material>
   Хлопок
  </material>
  <price>
   636178
  </price>
  <rating>
   2.83
  </rating>
  <reviews>
   661572
  </reviews>
  <new>
   +
  </new>
  <exclusive>
   yes
  </exclusive>
  <sporty>
   yes
  </sporty>
 </clothing>
 <clothing>
  <id>
   747083467
  </id>
  <name>
   Ellesse Hat A-3451
  </name>
  <category>
   Hat
  </category>
  <size>
   XXL
  </size>
  <color>
   Голубой
  </color>
  <material>
   Лен
  </material>
  <price>
   459449
  </price>
  <rating>
   3.84
  </rating>
  <reviews>
   856515
  </reviews>
  <new>
   +
  </new>
  <sporty>
   yes
  </sporty>
 </clothing>
 <clothing>
  <id>
   924556589
  </id>
  <name>
   Brooks Belts D-5789
  </name>
  <category>
   Belts
  </category>
  <size>
   XL
  </size>
  <color>
   Желтый
  </color>
  <material>
   Шелк
  </material>
  <price>
   147280
  </price>
  <rating>
   3.22
  </rating>
  <reviews>
   143169
  </reviews>
 </clothing>
 <clothing>
  <id>
   482220063
  </id>
  <name>
   Fila Handbags O-2639
  </name>
  <category>
   Handbags
  </category>
  <size>
   XL
  </size>
  <color>
   Синий
  </color>
  <material>
   Шелк
  </material>
  <price>
   367791
  </price>
  <rating>
   4.4
  </rating>
  <reviews>
   61867
  </reviews>
  <sporty>
   no
  </sporty>
 </clothing>
 <clothing>
  <id>
   416612258
  </id>
  <name>
   Fila Jacket Z-1827
  </name>
  <category>
   Jacket
  </category>
  <size>
   XL
  </size>
  <color>
   Красный
  </color>
  <material>
   Хлопок
  </material>
  <price>
   560007
  </price>
  <rating>
   3.58
  </rating>
  <reviews>
   987539
  </reviews>
  <exclusive>
   no
  </exclusive>
  <sporty>
   no
  </sporty>
 </clothing>
 <clothing>
  <id>
   413924576
  </id>
  <name>
   Lacoste Handbags V-1319
  </name>
  <category>
   Handbags
  </category>
  <size>
   S
  </size>
  <color>
   Желтый
  </color>
  <material>
   Лен
  </material>
  <price>
   244972
  </price>
  <rating>
   4.26
  </rating>
  <reviews>
   99183
  </reviews>
  <new>
   -
  </new>
  <exclusive>
   yes
  </exclusive>
 </clothing>
 <clothing>
  <id>
   916077540
  </id>
  <name>
   DC Shoes T-8691
  </name>
  <category>
   Shoes
  </category>
  <size>
   M
  </size>
  <color>
   Оранжевый
  </color>
  <material>
   Шелк
  </material>
  <price>
   932066
  </price>
  <rating>
   3.28
  </rating>
  <reviews>
   687268
  </reviews>
  <exclusive>
   yes
  </exclusive>
  <sporty>
   no
  </sporty>
 </clothing>
 <clothing>
  <id>
   617382556
  </id>
  <name>
   Asics Socks A-7971
  </name>
  <category>
   Socks
  </category>
  <size>
   XL
  </size>
  <color>
   Фиолетовый
  </color>
  <material>
   Вискоза
  </material>
  <price>
   865571
  </price>
  <rating>
   1.83
  </rating>
  <reviews>
   196886
  </reviews>
  <new>
   +
  </new>
  <sporty>
   no
  </sporty>
 </clothing>
 <clothing>
  <id>
   216847257
  </id>
  <name>
   Nike Socks V-9255
  </name>
  <category>
   Socks
  </category>
  <size>
   XL
  </size>
  <color>
   Желтый
  </color>
  <material>
   Кожа
  </material>
  <price>
   163414
  </price>
  <rating>
   3.01
  </rating>
  <reviews>
   398851
  </reviews>
  <new>
   +
  </new>
  <sporty>
   no
  </sporty>
 </clothing>
 <clothing>
  <id>
   634811149
  </id>
  <name>
   Fila Shirt F-5948
  </name>
  <category>
   Shirt
  </category>
  <size>
   XL
  </size>
  <color>
   Голубой
  </color>
  <material>
   Шелк
  </material>
  <price>
   283338
  </price>
  <rating>
   1.14
  </rating>
  <reviews>
   947799
  </reviews>
  <new>
   +
  </new>
  <exclusive>
   no
  </exclusive>
  <sporty>
   yes
  </sporty>
 </clothing>
 <clothing>
  <id>
   477485663
  </id>
  <name>
   DC Gloves Z-1727
  </name>
  <category>
   Gloves
  </category>
  <size>
   XXL
  </size>
  <color>
   Красный
  </color>
  <material>
   Нейлон
  </material>
  <price>
   165245
  </price>
  <rating>
   2.13
  </rating>
  <reviews>
   159738
  </reviews>
  <exclusive>
   no
  </exclusive>
  <sporty>
   no
  </sporty>
 </clothing>
 <clothing>
  <id>
   571406049
  </id>
  <name>
   DC Shoes E-7478
  </name>
  <category>
   Shoes
  </category>
  <size>
   XXL
  </size>
  <color>
   Красный
  </color>
  <material>
   Шелк
  </material>
  <price>
   591557
  </price>
  <rating>
   4.27
  </rating>
  <reviews>
   844556
  </reviews>
  <new>
   +
  </new>
  <sporty>
   no
  </sporty>
 </clothing>
 <clothing>
  <id>
   102155463
  </id>
  <name>
   Reebok Pants M-7403
  </name>
  <category>
   Pants
  </category>
  <size>
   L
  </size>
  <color>
   Оранжевый
  </color>
  <material>
   Шерсть
  </material>
  <price>
   430078
  </price>
  <rating>
   1.4
  </rating>
  <reviews>
   236294
  </reviews>
  <new>
   -
  </new>
  <exclusive>
   yes
  </exclusive>
  <sporty>
   no
  </sporty>
 </clothing>
 <clothing>
  <id>
   387347672
  </id>
  <name>
   Lacoste Pants K-7043
  </name>
  <category>
   Pants
  </category>
  <size>
   L
  </size>
  <color>
   Красный
  </color>
  <material>
   Полиэстер
  </material>
  <price>
   696506
  </price>
  <rating>
   3.14
  </rating>
  <reviews>
   346070
  </reviews>
  <new>
   +
  </new>
  <sporty>
   no
  </sporty>
 </clothing>
 <clothing>
  <id>
   705747639
  </id>
  <name>
   PleinSport Belts O-6352
  </name>
  <category>
   Belts
  </category>
  <size>
   S
  </size>
  <color>
   Зеленый
  </color>
  <material>
   Нейлон
  </material>
  <price>
   472622
  </price>
  <rating>
   3.13
  </rating>
  <reviews>
   740581
  </reviews>
  <exclusive>
   no
  </exclusive>
  <sporty>
   no
  </sporty>
 </clothing>
 <clothing>
  <id>
   570018730
  </id>
  <name>
   Reebok Hat J-6679
  </name>
  <category>
   Hat
  </category>
  <size>
   XL
  </size>
  <color>
   Оранжевый
  </color>
  <material>
   Шерсть
  </material>
  <price>
   907466
  </price>
  <rating>
   2.21
  </rating>
  <reviews>
   988938
  </reviews>
  <exclusive>
   yes
  </exclusive>
  <sporty>
   no
  </sporty>
 </clothing>
 <clothing>
  <id>
   217787448
  </id>
  <name>
   Nike Skirt S-4669
  </name>
  <category>
   Skirt
  </category>
  <size>
   L
  </size>
  <color>
   Синий
  </color>
  <material>
   Кожа
  </material>
  <price>
   871100
  </price>
  <rating>
   1.32
  </rating>
  <reviews>
   967150
  </reviews>
  <new>
   -
  </new>
  <exclusive>
   yes
  </exclusive>
 </clothing>
 <clothing>
  <id>
   287189391
  </id>
  <name>
   Under Armour Jacket Q-9913
  </name>
  <category>
   Jacket
  </category>
  <size>
   XL
  </size>
  <color>
   Желтый
  </color>
  <material>
   Шелк
  </material>
  <price>
   148575
  </price>
  <rating>
   1.46
  </rating>
  <reviews>
   326673
  </reviews>
  <new>
   -
  </new>
  <exclusive>
   no
  </exclusive>
 </clothing>
 <clothing>
  <id>
   481256687
  </id>
  <name>
   Puma Dress L-7494
  </name>
  <category>
   Dress
  </category>
  <size>
   M
  </size>
  <color>
   Фиолетовый
  </color>
  <material>
   Шерсть
  </material>
  <price>
   806852
  </price>
  <rating>
   2.36
  </rating>
  <reviews>
   163303
  </reviews>
  <new>
   +
  </new>
 </clothing>
 <clothing>
  <id>
   947020826
  </id>
  <name>
   Converse Handbags G-5023
  </name>
  <category>
   Handbags
  </category>
  <size>
   S
  </size>
  <color>
   Синий
  </color>
  <material>
   Нейлон
  </material>
  <price>
   963058
  </price>
  <rating>
   3.43
  </rating>
  <reviews>
   781292
  </reviews>
  <exclusive>
   no
  </exclusive>
  <sporty>
   no
  </sporty>
 </clothing>
 <clothing>
  <id>
   200668667
  </id>
  <name>
   Under Armour Shirt Q-6970
  </name>
  <category>
   Shirt
  </category>
  <size>
   XL
  </size>
  <color>
   Красный
  </color>
  <material>
   Кожа
  </material>
  <price>
   166018
  </price>
  <rating>
   1.44
  </rating>
  <reviews>
   97773
  </reviews>
  <new>
   -
  </new>
  <sporty>
   no
  </sporty>
 </clothing>
</clothing-items>
