<?xml version="1.0" encoding="utf-8"?>
<clothing-items>
 <clothing>
  <id>
   643787657
  </id>
  <name>
   DC Umbrellas X-6432
  </name>
  <category>
   Umbrellas
  </category>
  <size>
   M
  </size>
  <color>
   Фиолетовый
  </color>
  <material>
   Лен
  </material>
  <price>
   483536
  </price>
  <rating>
   2.38
  </rating>
  <reviews>
   148813
  </reviews>
  <new>
   +
  </new>
 </clothing>
 <clothing>
  <id>
   124330136
  </id>
  <name>
   Fila Sweater P-2197
  </name>
  <category>
   Sweater
  </category>
  <size>
   S
  </size>
  <color>
   Оранжевый
  </color>
  <material>
   Лен
  </material>
  <price>
   123165
  </price>
  <rating>
   2.95
  </rating>
  <reviews>
   90226
  </reviews>
  <new>
   -
  </new>
  <exclusive>
   yes
  </exclusive>
 </clothing>
 <clothing>
  <id>
   270338676
  </id>
  <name>
   Converse Belts S-2405
  </name>
  <category>
   Belts
  </category>
  <size>
   XXL
  </size>
  <color>
   Зеленый
  </color>
  <material>
   Кожа
  </material>
  <price>
   379837
  </price>
  <rating>
   4.99
  </rating>
  <reviews>
   75269
  </reviews>
  <new>
   -
  </new>
  <exclusive>
   no
  </exclusive>
  <sporty>
   no
  </sporty>
 </clothing>
 <clothing>
  <id>
   284937883
  </id>
  <name>
   Lacoste Pants D-8467
  </name>
  <category>
   Pants
  </category>
  <size>
   L
  </size>
  <color>
   Синий
  </color>
  <material>
   Шерсть
  </material>
  <price>
   485132
  </price>
  <rating>
   4.21
  </rating>
  <reviews>
   495166
  </reviews>
  <exclusive>
   no
  </exclusive>
  <sporty>
   no
  </sporty>
 </clothing>
 <clothing>
  <id>
   863438690
  </id>
  <name>
   Adidas Umbrellas Q-6645
  </name>
  <category>
   Umbrellas
  </category>
  <size>
   S
  </size>
  <color>
   Голубой
  </color>
  <material>
   Полиэстер
  </material>
  <price>
   643397
  </price>
  <rating>
   1.95
  </rating>
  <reviews>
   721752
  </reviews>
  <new>
   +
  </new>
  <exclusive>
   no
  </exclusive>
  <sporty>
   yes
  </sporty>
 </clothing>
 <clothing>
  <id>
   590279490
  </id>
  <name>
   PleinSport Jacket B-1623
  </name>
  <category>
   Jacket
  </category>
  <size>
   L
  </size>
  <color>
   Оранжевый
  </color>
  <material>
   Шелк
  </material>
  <price>
   520707
  </price>
  <rating>
   2.26
  </rating>
  <reviews>
   550149
  </reviews>
  <exclusive>
   no
  </exclusive>
  <sporty>
   no
  </sporty>
 </clothing>
 <clothing>
  <id>
   507099501
  </id>
  <name>
   Puma Shoes M-9787
  </name>
  <category>
   Shoes
  </category>
  <size>
   XL
  </size>
  <color>
   Фиолетовый
  </color>
  <material>
   Нейлон
  </material>
  <price>
   305357
  </price>
  <rating>
   1.55
  </rating>
  <reviews>
   789643
  </reviews>
  <sporty>
   yes
  </sporty>
 </clothing>
 <clothing>
  <id>
   507032612
  </id>
  <name>
   Fila Jacket O-8384
  </name>
  <category>
   Jacket
  </category>
  <size>
   XL
  </size>
  <color>
   Оранжевый
  </color>
  <material>
   Шерсть
  </material>
  <price>
   627821
  </price>
  <rating>
   1.13
  </rating>
  <reviews>
   542844
  </reviews>
  <new>
   -
  </new>
  <sporty>
   no
  </sporty>
 </clothing>
 <clothing>
  <id>
   348866539
  </id>
  <name>
   Fila Blouse R-5010
  </name>
  <category>
   Blouse
  </category>
  <size>
   M
  </size>
  <color>
   Синий
  </color>
  <material>
   Шерсть
  </material>
  <price>
   838024
  </price>
  <rating>
   1.94
  </rating>
  <reviews>
   579404
  </reviews>
  <exclusive>
   yes
  </exclusive>
 </clothing>
 <clothing>
  <id>
   330162881
  </id>
  <name>
   Converse Umbrellas O-8929
  </name>
  <category>
   Umbrellas
  </category>
  <size>
   XXL
  </size>
  <color>
   Красный
  </color>
  <material>
   Вискоза
  </material>
  <price>
   870677
  </price>
  <rating>
   1.66
  </rating>
  <reviews>
   732022
  </reviews>
  <exclusive>
   no
  </exclusive>
 </clothing>
 <clothing>
  <id>
   912250532
  </id>
  <name>
   New Balance Jacket L-8441
  </name>
  <category>
   Jacket
  </category>
  <size>
   S
  </size>
  <color>
   Фиолетовый
  </color>
  <material>
   Шерсть
  </material>
  <price>
   473849
  </price>
  <rating>
   1.48
  </rating>
  <reviews>
   719539
  </reviews>
  <new>
   +
  </new>
  <sporty>
   no
  </sporty>
 </clothing>
 <clothing>
  <id>
   241270442
  </id>
  <name>
   Ellesse Socks E-3726
  </name>
  <category>
   Socks
  </category>
  <size>
   M
  </size>
  <color>
   Оранжевый
  </color>
  <material>
   Полиэстер
  </material>
  <price>
   939333
  </price>
  <rating>
   2.35
  </rating>
  <reviews>
   268850
  </reviews>
  <new>
   -
  </new>
 </clothing>
 <clothing>
  <id>
   600397379
  </id>
  <name>
   Lacoste Jeans J-8050
  </name>
  <category>
   Jeans
  </category>
  <size>
   L
  </size>
  <color>
   Оранжевый
  </color>
  <material>
   Шерсть
  </material>
  <price>
   737925
  </price>
  <rating>
   3.83
  </rating>
  <reviews>
   709487
  </reviews>
  <new>
   -
  </new>
  <exclusive>
   yes
  </exclusive>
  <sporty>
   no
  </sporty>
 </clothing>
 <clothing>
  <id>
   770976247
  </id>
  <name>
   Addidas Sweater V-4040
  </name>
  <category>
   Sweater
  </category>
  <size>
   M
  </size>
  <color>
   Синий
  </color>
  <material>
   Кожа
  </material>
  <price>
   349631
  </price>
  <rating>
   2.99
  </rating>
  <reviews>
   358893
  </reviews>
  <new>
   -
  </new>
  <exclusive>
   no
  </exclusive>
  <sporty>
   no
  </sporty>
 </clothing>
 <clothing>
  <id>
   229719687
  </id>
  <name>
   Puma Gloves I-9465
  </name>
  <category>
   Gloves
  </category>
  <size>
   XXL
  </size>
  <color>
   Синий
  </color>
  <material>
   Полиэстер
  </material>
  <price>
   625783
  </price>
  <rating>
   3.28
  </rating>
  <reviews>
   981820
  </reviews>
  <exclusive>
   no
  </exclusive>
 </clothing>
 <clothing>
  <id>
   866008277
  </id>
  <name>
   Asics Dress J-5018
  </name>
  <category>
   Dress
  </category>
  <size>
   XXL
  </size>
  <color>
   Зеленый
  </color>
  <material>
   Хлопок
  </material>
  <price>
   438634
  </price>
  <rating>
   2.24
  </rating>
  <reviews>
   724543
  </reviews>
  <new>
   -
  </new>
  <exclusive>
   yes
  </exclusive>
  <sporty>
   yes
  </sporty>
 </clothing>
 <clothing>
  <id>
   353089388
  </id>
  <name>
   Nike T-shirt J-8781
  </name>
  <category>
   T-shirt
  </category>
  <size>
   M
  </size>
  <color>
   Оранжевый
  </color>
  <material>
   Шелк
  </material>
  <price>
   984925
  </price>
  <rating>
   3.41
  </rating>
  <reviews>
   558551
  </reviews>
  <new>
   -
  </new>
  <exclusive>
   no
  </exclusive>
  <sporty>
   yes
  </sporty>
 </clothing>
 <clothing>
  <id>
   141099855
  </id>
  <name>
   Lacoste Handbags P-9037
  </name>
  <category>
   Handbags
  </category>
  <size>
   XL
  </size>
  <color>
   Зеленый
  </color>
  <material>
   Шерсть
  </material>
  <price>
   565431
  </price>
  <rating>
   2.8
  </rating>
  <reviews>
   381824
  </reviews>
  <new>
   -
  </new>
  <exclusive>
   yes
  </exclusive>
  <sporty>
   yes
  </sporty>
 </clothing>
 <clothing>
  <id>
   284774628
  </id>
  <name>
   Vans Belts U-2529
  </name>
  <category>
   Belts
  </category>
  <size>
   XXL
  </size>
  <color>
   Фиолетовый
  </color>
  <material>
   Кожа
  </material>
  <price>
   171727
  </price>
  <rating>
   2.85
  </rating>
  <reviews>
   635175
  </reviews>
  <exclusive>
   no
  </exclusive>
  <sporty>
   no
  </sporty>
 </clothing>
 <clothing>
  <id>
   868293047
  </id>
  <name>
   Fila Umbrellas V-6942
  </name>
  <category>
   Umbrellas
  </category>
  <size>
   XXL
  </size>
  <color>
   Зеленый
  </color>
  <material>
   Кожа
  </material>
  <price>
   773225
  </price>
  <rating>
   1.86
  </rating>
  <reviews>
   470561
  </reviews>
  <new>
   +
  </new>
  <exclusive>
   no
  </exclusive>
 </clothing>
 <clothing>
  <id>
   732905748
  </id>
  <name>
   Lacoste Jacket C-8649
  </name>
  <category>
   Jacket
  </category>
  <size>
   M
  </size>
  <color>
   Желтый
  </color>
  <material>
   Нейлон
  </material>
  <price>
   120041
  </price>
  <rating>
   4.53
  </rating>
  <reviews>
   549416
  </reviews>
 </clothing>
 <clothing>
  <id>
   700327547
  </id>
  <name>
   Puma Socks X-8315
  </name>
  <category>
   Socks
  </category>
  <size>
   M
  </size>
  <color>
   Оранжевый
  </color>
  <material>
   Кожа
  </material>
  <price>
   479249
  </price>
  <rating>
   1.04
  </rating>
  <reviews>
   570145
  </reviews>
  <new>
   -
  </new>
  <sporty>
   no
  </sporty>
 </clothing>
 <clothing>
  <id>
   182708157
  </id>
  <name>
   Addidas Umbrellas I-7880
  </name>
  <category>
   Umbrellas
  </category>
  <size>
   XXL
  </size>
  <color>
   Красный
  </color>
  <material>
   Шерсть
  </material>
  <price>
   836614
  </price>
  <rating>
   3.64
  </rating>
  <reviews>
   524560
  </reviews>
  <new>
   -
  </new>
  <exclusive>
   no
  </exclusive>
  <sporty>
   no
  </sporty>
 </clothing>
 <clothing>
  <id>
   357046937
  </id>
  <name>
   Asics Handbags Y-4447
  </name>
  <category>
   Handbags
  </category>
  <size>
   S
  </size>
  <color>
   Голубой
  </color>
  <material>
   Шерсть
  </material>
  <price>
   299312
  </price>
  <rating>
   1.24
  </rating>
  <reviews>
   220633
  </reviews>
  <new>
   +
  </new>
  <exclusive>
   yes
  </exclusive>
  <sporty>
   no
  </sporty>
 </clothing>
 <clothing>
  <id>
   767429443
  </id>
  <name>
   Nike Pants A-8727
  </name>
  <category>
   Pants
  </category>
  <size>
   M
  </size>
  <color>
   Желтый
  </color>
  <material>
   Кожа
  </material>
  <price>
   959774
  </price>
  <rating>
   3.9
  </rating>
  <reviews>
   727665
  </reviews>
  <new>
   -
  </new>
 </clothing>
 <clothing>
  <id>
   494667493
  </id>
  <name>
   PleinSport Jacket X-5841
  </name>
  <category>
   Jacket
  </category>
  <size>
   XL
  </size>
  <color>
   Синий
  </color>
  <material>
   Вискоза
  </material>
  <price>
   380252
  </price>
  <rating>
   1.06
  </rating>
  <reviews>
   267278
  </reviews>
  <exclusive>
   no
  </exclusive>
 </clothing>
 <clothing>
  <id>
   426999484
  </id>
  <name>
   Vans Pants M-5885
  </name>
  <category>
   Pants
  </category>
  <size>
   L
  </size>
  <color>
   Желтый
  </color>
  <material>
   Хлопок
  </material>
  <price>
   978464
  </price>
  <rating>
   4.06
  </rating>
  <reviews>
   512404
  </reviews>
 </clothing>
 <clothing>
  <id>
   648410294
  </id>
  <name>
   Puma Sweater O-9203
  </name>
  <category>
   Sweater
  </category>
  <size>
   S
  </size>
  <color>
   Фиолетовый
  </color>
  <material>
   Шелк
  </material>
  <price>
   128586
  </price>
  <rating>
   3.21
  </rating>
  <reviews>
   259118
  </reviews>
  <exclusive>
   no
  </exclusive>
 </clothing>
 <clothing>
  <id>
   300803362
  </id>
  <name>
   Vans Gloves M-4542
  </name>
  <category>
   Gloves
  </category>
  <size>
   L
  </size>
  <color>
   Синий
  </color>
  <material>
   Шелк
  </material>
  <price>
   283979
  </price>
  <rating>
   3.29
  </rating>
  <reviews>
   217621
  </reviews>
  <new>
   -
  </new>
  <exclusive>
   yes
  </exclusive>
  <sporty>
   no
  </sporty>
 </clothing>
 <clothing>
  <id>
   254159356
  </id>
  <name>
   Vans Dress B-4253
  </name>
  <category>
   Dress
  </category>
  <size>
   XL
  </size>
  <color>
   Синий
  </color>
  <material>
   Нейлон
  </material>
  <price>
   186084
  </price>
  <rating>
   2.83
  </rating>
  <reviews>
   551469
  </reviews>
  <new>
   -
  </new>
  <sporty>
   no
  </sporty>
 </clothing>
 <clothing>
  <id>
   713545452
  </id>
  <name>
   Asics Umbrellas W-7497
  </name>
  <category>
   Umbrellas
  </category>
  <size>
   XXL
  </size>
  <color>
   Синий
  </color>
  <material>
   Шелк
  </material>
  <price>
   765458
  </price>
  <rating>
   2.5
  </rating>
  <reviews>
   782749
  </reviews>
  <exclusive>
   yes
  </exclusive>
 </clothing>
 <clothing>
  <id>
   982325438
  </id>
  <name>
   Adidas Socks Z-1170
  </name>
  <category>
   Socks
  </category>
  <size>
   M
  </size>
  <color>
   Желтый
  </color>
  <material>
   Шерсть
  </material>
  <price>
   387970
  </price>
  <rating>
   1.49
  </rating>
  <reviews>
   642417
  </reviews>
  <new>
   -
  </new>
  <sporty>
   no
  </sporty>
 </clothing>
 <clothing>
  <id>
   396580631
  </id>
  <name>
   Adidas Gloves I-9391
  </name>
  <category>
   Gloves
  </category>
  <size>
   S
  </size>
  <color>
   Оранжевый
  </color>
  <material>
   Шерсть
  </material>
  <price>
   810060
  </price>
  <rating>
   3.67
  </rating>
  <reviews>
   16578
  </reviews>
  <sporty>
   no
  </sporty>
 </clothing>
 <clothing>
  <id>
   346173453
  </id>
  <name>
   Ellesse Shirt Z-6468
  </name>
  <category>
   Shirt
  </category>
  <size>
   S
  </size>
  <color>
   Красный
  </color>
  <material>
   Шерсть
  </material>
  <price>
   276986
  </price>
  <rating>
   2.29
  </rating>
  <reviews>
   293681
  </reviews>
  <new>
   -
  </new>
  <exclusive>
   no
  </exclusive>
 </clothing>
 <clothing>
  <id>
   178999964
  </id>
  <name>
   Lacoste Socks J-7015
  </name>
  <category>
   Socks
  </category>
  <size>
   S
  </size>
  <color>
   Зеленый
  </color>
  <material>
   Нейлон
  </material>
  <price>
   353747
  </price>
  <rating>
   4.3
  </rating>
  <reviews>
   72675
  </reviews>
  <new>
   -
  </new>
  <exclusive>
   no
  </exclusive>
  <sporty>
   no
  </sporty>
 </clothing>
 <clothing>
  <id>
   242779685
  </id>
  <name>
   DC Gloves M-9703
  </name>
  <category>
   Gloves
  </category>
  <size>
   L
  </size>
  <color>
   Оранжевый
  </color>
  <material>
   Хлопок
  </material>
  <price>
   785957
  </price>
  <rating>
   3.72
  </rating>
  <reviews>
   647407
  </reviews>
  <exclusive>
   no
  </exclusive>
  <sporty>
   no
  </sporty>
 </clothing>
 <clothing>
  <id>
   174144379
  </id>
  <name>
   Addidas Gloves R-3160
  </name>
  <category>
   Gloves
  </category>
  <size>
   XXL
  </size>
  <color>
   Оранжевый
  </color>
  <material>
   Вискоза
  </material>
  <price>
   764251
  </price>
  <rating>
   3.27
  </rating>
  <reviews>
   39709
  </reviews>
  <new>
   -
  </new>
  <sporty>
   yes
  </sporty>
 </clothing>
 <clothing>
  <id>
   730083609
  </id>
  <name>
   Asics Shirt F-1888
  </name>
  <category>
   Shirt
  </category>
  <size>
   S
  </size>
  <color>
   Синий
  </color>
  <material>
   Хлопок
  </material>
  <price>
   831907
  </price>
  <rating>
   2.96
  </rating>
  <reviews>
   275706
  </reviews>
 </clothing>
 <clothing>
  <id>
   258216810
  </id>
  <name>
   New Balance Umbrellas X-7942
  </name>
  <category>
   Umbrellas
  </category>
  <size>
   S
  </size>
  <color>
   Синий
  </color>
  <material>
   Вискоза
  </material>
  <price>
   581692
  </price>
  <rating>
   3.45
  </rating>
  <reviews>
   299901
  </reviews>
  <sporty>
   no
  </sporty>
 </clothing>
 <clothing>
  <id>
   779465711
  </id>
  <name>
   New Balance Blouse G-3663
  </name>
  <category>
   Blouse
  </category>
  <size>
   M
  </size>
  <color>
   Оранжевый
  </color>
  <material>
   Вискоза
  </material>
  <price>
   181126
  </price>
  <rating>
   1.69
  </rating>
  <reviews>
   827555
  </reviews>
  <exclusive>
   no
  </exclusive>
  <sporty>
   no
  </sporty>
 </clothing>
 <clothing>
  <id>
   596329439
  </id>
  <name>
   Converse Shirt U-1470
  </name>
  <category>
   Shirt
  </category>
  <size>
   M
  </size>
  <color>
   Синий
  </color>
  <material>
   Вискоза
  </material>
  <price>
   305586
  </price>
  <rating>
   3.85
  </rating>
  <reviews>
   652101
  </reviews>
  <new>
   +
  </new>
 </clothing>
 <clothing>
  <id>
   863614777
  </id>
  <name>
   Converse Handbags F-6865
  </name>
  <category>
   Handbags
  </category>
  <size>
   S
  </size>
  <color>
   Голубой
  </color>
  <material>
   Полиэстер
  </material>
  <price>
   935716
  </price>
  <rating>
   1.61
  </rating>
  <reviews>
   758722
  </reviews>
  <new>
   -
  </new>
  <exclusive>
   no
  </exclusive>
 </clothing>
 <clothing>
  <id>
   519978849
  </id>
  <name>
   Nike T-shirt Y-7439
  </name>
  <category>
   T-shirt
  </category>
  <size>
   XL
  </size>
  <color>
   Зеленый
  </color>
  <material>
   Шелк
  </material>
  <price>
   420804
  </price>
  <rating>
   4.21
  </rating>
  <reviews>
   991350
  </reviews>
  <new>
   -
  </new>
  <sporty>
   no
  </sporty>
 </clothing>
 <clothing>
  <id>
   355709672
  </id>
  <name>
   Puma Dress Y-3231
  </name>
  <category>
   Dress
  </category>
  <size>
   XXL
  </size>
  <color>
   Фиолетовый
  </color>
  <material>
   Нейлон
  </material>
  <price>
   324188
  </price>
  <rating>
   3.83
  </rating>
  <reviews>
   721829
  </reviews>
  <exclusive>
   no
  </exclusive>
  <sporty>
   no
  </sporty>
 </clothing>
 <clothing>
  <id>
   718923382
  </id>
  <name>
   Under Armour Jeans W-5461
  </name>
  <category>
   Jeans
  </category>
  <size>
   M
  </size>
  <color>
   Голубой
  </color>
  <material>
   Лен
  </material>
  <price>
   556727
  </price>
  <rating>
   4.68
  </rating>
  <reviews>
   676630
  </reviews>
  <exclusive>
   no
  </exclusive>
  <sporty>
   no
  </sporty>
 </clothing>
 <clothing>
  <id>
   837531405
  </id>
  <name>
   Lacoste Handbags R-7286
  </name>
  <category>
   Handbags
  </category>
  <size>
   L
  </size>
  <color>
   Голубой
  </color>
  <material>
   Шелк
  </material>
  <price>
   876276
  </price>
  <rating>
   2.92
  </rating>
  <reviews>
   748705
  </reviews>
  <new>
   -
  </new>
  <exclusive>
   no
  </exclusive>
  <sporty>
   yes
  </sporty>
 </clothing>
 <clothing>
  <id>
   816546323
  </id>
  <name>
   Adidas Shoes X-8855
  </name>
  <category>
   Shoes
  </category>
  <size>
   XXL
  </size>
  <color>
   Оранжевый
  </color>
  <material>
   Вискоза
  </material>
  <price>
   369007
  </price>
  <rating>
   3.42
  </rating>
  <reviews>
   29949
  </reviews>
  <new>
   +
  </new>
  <exclusive>
   no
  </exclusive>
 </clothing>
</clothing-items>
