<?xml version="1.0" encoding="utf-8"?>
<clothing-items>
 <clothing>
  <id>
   722025732
  </id>
  <name>
   Addidas Shoes A-4312
  </name>
  <category>
   Shoes
  </category>
  <size>
   S
  </size>
  <color>
   Синий
  </color>
  <material>
   Шерсть
  </material>
  <price>
   868253
  </price>
  <rating>
   1.64
  </rating>
  <reviews>
   303048
  </reviews>
  <sporty>
   yes
  </sporty>
 </clothing>
 <clothing>
  <id>
   433154565
  </id>
  <name>
   Puma Umbrellas S-2900
  </name>
  <category>
   Umbrellas
  </category>
  <size>
   M
  </size>
  <color>
   Зеленый
  </color>
  <material>
   Полиэстер
  </material>
  <price>
   646565
  </price>
  <rating>
   4.66
  </rating>
  <reviews>
   400682
  </reviews>
  <new>
   +
  </new>
  <exclusive>
   no
  </exclusive>
 </clothing>
 <clothing>
  <id>
   354049090
  </id>
  <name>
   Brooks Blouse N-8321
  </name>
  <category>
   Blouse
  </category>
  <size>
   M
  </size>
  <color>
   Оранжевый
  </color>
  <material>
   Нейлон
  </material>
  <price>
   214414
  </price>
  <rating>
   2.67
  </rating>
  <reviews>
   531174
  </reviews>
  <exclusive>
   no
  </exclusive>
 </clothing>
 <clothing>
  <id>
   913489360
  </id>
  <name>
   PleinSport Hat Q-8169
  </name>
  <category>
   Hat
  </category>
  <size>
   S
  </size>
  <color>
   Оранжевый
  </color>
  <material>
   Лен
  </material>
  <price>
   272688
  </price>
  <rating>
   2.53
  </rating>
  <reviews>
   746177
  </reviews>
  <new>
   -
  </new>
  <exclusive>
   no
  </exclusive>
  <sporty>
   no
  </sporty>
 </clothing>
 <clothing>
  <id>
   350456680
  </id>
  <name>
   Asics Sweater W-2829
  </name>
  <category>
   Sweater
  </category>
  <size>
   XXL
  </size>
  <color>
   Зеленый
  </color>
  <material>
   Шерсть
  </material>
  <price>
   300207
  </price>
  <rating>
   3.44
  </rating>
  <reviews>
   446785
  </reviews>
  <new>
   -
  </new>
  <exclusive>
   yes
  </exclusive>
  <sporty>
   yes
  </sporty>
 </clothing>
 <clothing>
  <id>
   407107569
  </id>
  <name>
   New Balance Jeans F-3579
  </name>
  <category>
   Jeans
  </category>
  <size>
   XL
  </size>
  <color>
   Зеленый
  </color>
  <material>
   Кожа
  </material>
  <price>
   605611
  </price>
  <rating>
   2.84
  </rating>
  <reviews>
   979975
  </reviews>
  <new>
   +
  </new>
  <sporty>
   no
  </sporty>
 </clothing>
 <clothing>
  <id>
   474719522
  </id>
  <name>
   Brooks Gloves M-3307
  </name>
  <category>
   Gloves
  </category>
  <size>
   M
  </size>
  <color>
   Синий
  </color>
  <material>
   Кожа
  </material>
  <price>
   337275
  </price>
  <rating>
   1.74
  </rating>
  <reviews>
   598316
  </reviews>
  <new>
   -
  </new>
 </clothing>
 <clothing>
  <id>
   661411199
  </id>
  <name>
   Lacoste Dress U-8283
  </name>
  <category>
   Dress
  </category>
  <size>
   S
  </size>
  <color>
   Красный
  </color>
  <material>
   Нейлон
  </material>
  <price>
   503213
  </price>
  <rating>
   1.63
  </rating>
  <reviews>
   454171
  </reviews>
  <sporty>
   no
  </sporty>
 </clothing>
 <clothing>
  <id>
   271717376
  </id>
  <name>
   Adidas Handbags S-6153
  </name>
  <category>
   Handbags
  </category>
  <size>
   XL
  </size>
  <color>
   Красный
  </color>
  <material>
   Полиэстер
  </material>
  <price>
   406262
  </price>
  <rating>
   1.24
  </rating>
  <reviews>
   957960
  </reviews>
  <exclusive>
   no
  </exclusive>
  <sporty>
   yes
  </sporty>
 </clothing>
 <clothing>
  <id>
   590422248
  </id>
  <name>
   Brooks Umbrellas S-5630
  </name>
  <category>
   Umbrellas
  </category>
  <size>
   M
  </size>
  <color>
   Желтый
  </color>
  <material>
   Полиэстер
  </material>
  <price>
   565486
  </price>
  <rating>
   3.67
  </rating>
  <reviews>
   488946
  </reviews>
  <new>
   +
  </new>
  <exclusive>
   yes
  </exclusive>
  <sporty>
   no
  </sporty>
 </clothing>
 <clothing>
  <id>
   545746795
  </id>
  <name>
   Ellesse Socks A-9489
  </name>
  <category>
   Socks
  </category>
  <size>
   M
  </size>
  <color>
   Голубой
  </color>
  <material>
   Полиэстер
  </material>
  <price>
   247309
  </price>
  <rating>
   1.04
  </rating>
  <reviews>
   688836
  </reviews>
  <new>
   +
  </new>
  <sporty>
   no
  </sporty>
 </clothing>
 <clothing>
  <id>
   350087260
  </id>
  <name>
   Adidas T-shirt H-6567
  </name>
  <category>
   T-shirt
  </category>
  <size>
   S
  </size>
  <color>
   Фиолетовый
  </color>
  <material>
   Шелк
  </material>
  <price>
   535932
  </price>
  <rating>
   3.01
  </rating>
  <reviews>
   512208
  </reviews>
  <new>
   -
  </new>
  <exclusive>
   yes
  </exclusive>
 </clothing>
 <clothing>
  <id>
   388833359
  </id>
  <name>
   New Balance Socks Q-4025
  </name>
  <category>
   Socks
  </category>
  <size>
   L
  </size>
  <color>
   Голубой
  </color>
  <material>
   Нейлон
  </material>
  <price>
   330514
  </price>
  <rating>
   3.21
  </rating>
  <reviews>
   480219
  </reviews>
  <exclusive>
   no
  </exclusive>
  <sporty>
   no
  </sporty>
 </clothing>
</clothing-items>
