<?xml version="1.0" encoding="utf-8"?>
<clothing-items>
 <clothing>
  <id>
   630004374
  </id>
  <name>
   Puma Jacket O-4028
  </name>
  <category>
   Jacket
  </category>
  <size>
   S
  </size>
  <color>
   Синий
  </color>
  <material>
   Кожа
  </material>
  <price>
   156122
  </price>
  <rating>
   1.52
  </rating>
  <reviews>
   524393
  </reviews>
  <new>
   -
  </new>
  <exclusive>
   no
  </exclusive>
  <sporty>
   yes
  </sporty>
 </clothing>
 <clothing>
  <id>
   314868193
  </id>
  <name>
   Lacoste Belts B-8364
  </name>
  <category>
   Belts
  </category>
  <size>
   XXL
  </size>
  <color>
   Фиолетовый
  </color>
  <material>
   Хлопок
  </material>
  <price>
   176485
  </price>
  <rating>
   4.55
  </rating>
  <reviews>
   798535
  </reviews>
  <new>
   -
  </new>
  <exclusive>
   yes
  </exclusive>
 </clothing>
 <clothing>
  <id>
   333771617
  </id>
  <name>
   Addidas Pants F-3527
  </name>
  <category>
   Pants
  </category>
  <size>
   XL
  </size>
  <color>
   Зеленый
  </color>
  <material>
   Шерсть
  </material>
  <price>
   257111
  </price>
  <rating>
   2.87
  </rating>
  <reviews>
   423697
  </reviews>
  <new>
   -
  </new>
  <exclusive>
   no
  </exclusive>
 </clothing>
 <clothing>
  <id>
   127608785
  </id>
  <name>
   Vans Gloves X-6161
  </name>
  <category>
   Gloves
  </category>
  <size>
   M
  </size>
  <color>
   Фиолетовый
  </color>
  <material>
   Лен
  </material>
  <price>
   551223
  </price>
  <rating>
   4.13
  </rating>
  <reviews>
   311051
  </reviews>
  <new>
   +
  </new>
 </clothing>
 <clothing>
  <id>
   184863265
  </id>
  <name>
   Fila Hat I-9662
  </name>
  <category>
   Hat
  </category>
  <size>
   S
  </size>
  <color>
   Красный
  </color>
  <material>
   Хлопок
  </material>
  <price>
   714057
  </price>
  <rating>
   2.72
  </rating>
  <reviews>
   669123
  </reviews>
  <exclusive>
   no
  </exclusive>
  <sporty>
   no
  </sporty>
 </clothing>
 <clothing>
  <id>
   993141295
  </id>
  <name>
   Asics Umbrellas Z-9718
  </name>
  <category>
   Umbrellas
  </category>
  <size>
   M
  </size>
  <color>
   Желтый
  </color>
  <material>
   Хлопок
  </material>
  <price>
   721938
  </price>
  <rating>
   4.28
  </rating>
  <reviews>
   389784
  </reviews>
  <new>
   +
  </new>
  <exclusive>
   no
  </exclusive>
 </clothing>
 <clothing>
  <id>
   614867284
  </id>
  <name>
   Brooks Shoes S-9653
  </name>
  <category>
   Shoes
  </category>
  <size>
   L
  </size>
  <color>
   Желтый
  </color>
  <material>
   Хлопок
  </material>
  <price>
   666670
  </price>
  <rating>
   4.82
  </rating>
  <reviews>
   193050
  </reviews>
  <new>
   -
  </new>
  <exclusive>
   yes
  </exclusive>
  <sporty>
   yes
  </sporty>
 </clothing>
 <clothing>
  <id>
   946346270
  </id>
  <name>
   Puma Handbags K-2053
  </name>
  <category>
   Handbags
  </category>
  <size>
   M
  </size>
  <color>
   Красный
  </color>
  <material>
   Шерсть
  </material>
  <price>
   844731
  </price>
  <rating>
   3.55
  </rating>
  <reviews>
   318541
  </reviews>
  <exclusive>
   no
  </exclusive>
  <sporty>
   no
  </sporty>
 </clothing>
 <clothing>
  <id>
   557779851
  </id>
  <name>
   DC Jacket T-7270
  </name>
  <category>
   Jacket
  </category>
  <size>
   M
  </size>
  <color>
   Синий
  </color>
  <material>
   Хлопок
  </material>
  <price>
   894306
  </price>
  <rating>
   2.74
  </rating>
  <reviews>
   781308
  </reviews>
  <new>
   +
  </new>
  <exclusive>
   yes
  </exclusive>
  <sporty>
   yes
  </sporty>
 </clothing>
 <clothing>
  <id>
   477781926
  </id>
  <name>
   Ellesse Sweater I-1089
  </name>
  <category>
   Sweater
  </category>
  <size>
   XL
  </size>
  <color>
   Красный
  </color>
  <material>
   Шерсть
  </material>
  <price>
   464896
  </price>
  <rating>
   1.54
  </rating>
  <reviews>
   109677
  </reviews>
  <new>
   -
  </new>
 </clothing>
 <clothing>
  <id>
   293549739
  </id>
  <name>
   Fila T-shirt F-6760
  </name>
  <category>
   T-shirt
  </category>
  <size>
   XXL
  </size>
  <color>
   Зеленый
  </color>
  <material>
   Вискоза
  </material>
  <price>
   336722
  </price>
  <rating>
   4.94
  </rating>
  <reviews>
   156922
  </reviews>
  <exclusive>
   no
  </exclusive>
 </clothing>
 <clothing>
  <id>
   107979975
  </id>
  <name>
   Ellesse Belts A-4941
  </name>
  <category>
   Belts
  </category>
  <size>
   S
  </size>
  <color>
   Красный
  </color>
  <material>
   Шелк
  </material>
  <price>
   614184
  </price>
  <rating>
   2.67
  </rating>
  <reviews>
   783802
  </reviews>
  <exclusive>
   no
  </exclusive>
 </clothing>
 <clothing>
  <id>
   308335550
  </id>
  <name>
   Reebok Skirt I-7519
  </name>
  <category>
   Skirt
  </category>
  <size>
   XL
  </size>
  <color>
   Оранжевый
  </color>
  <material>
   Шелк
  </material>
  <price>
   724323
  </price>
  <rating>
   4.98
  </rating>
  <reviews>
   383160
  </reviews>
  <new>
   -
  </new>
  <exclusive>
   yes
  </exclusive>
 </clothing>
 <clothing>
  <id>
   448369216
  </id>
  <name>
   Puma Skirt V-4718
  </name>
  <category>
   Skirt
  </category>
  <size>
   XL
  </size>
  <color>
   Зеленый
  </color>
  <material>
   Лен
  </material>
  <price>
   987957
  </price>
  <rating>
   1.8
  </rating>
  <reviews>
   920703
  </reviews>
  <exclusive>
   no
  </exclusive>
  <sporty>
   yes
  </sporty>
 </clothing>
 <clothing>
  <id>
   327966440
  </id>
  <name>
   Asics Pants Q-5664
  </name>
  <category>
   Pants
  </category>
  <size>
   M
  </size>
  <color>
   Зеленый
  </color>
  <material>
   Нейлон
  </material>
  <price>
   156105
  </price>
  <rating>
   2.94
  </rating>
  <reviews>
   138346
  </reviews>
  <new>
   -
  </new>
  <exclusive>
   yes
  </exclusive>
  <sporty>
   no
  </sporty>
 </clothing>
 <clothing>
  <id>
   949612255
  </id>
  <name>
   Reebok Blouse U-2431
  </name>
  <category>
   Blouse
  </category>
  <size>
   S
  </size>
  <color>
   Зеленый
  </color>
  <material>
   Вискоза
  </material>
  <price>
   142070
  </price>
  <rating>
   1.76
  </rating>
  <reviews>
   240309
  </reviews>
  <new>
   -
  </new>
  <sporty>
   no
  </sporty>
 </clothing>
 <clothing>
  <id>
   480253995
  </id>
  <name>
   New Balance Hat V-3991
  </name>
  <category>
   Hat
  </category>
  <size>
   S
  </size>
  <color>
   Зеленый
  </color>
  <material>
   Хлопок
  </material>
  <price>
   639248
  </price>
  <rating>
   1.75
  </rating>
  <reviews>
   421462
  </reviews>
  <new>
   +
  </new>
  <exclusive>
   no
  </exclusive>
  <sporty>
   no
  </sporty>
 </clothing>
 <clothing>
  <id>
   713537189
  </id>
  <name>
   Brooks Belts M-7758
  </name>
  <category>
   Belts
  </category>
  <size>
   XL
  </size>
  <color>
   Синий
  </color>
  <material>
   Нейлон
  </material>
  <price>
   696894
  </price>
  <rating>
   2.69
  </rating>
  <reviews>
   186026
  </reviews>
  <new>
   +
  </new>
  <sporty>
   no
  </sporty>
 </clothing>
 <clothing>
  <id>
   630559138
  </id>
  <name>
   Brooks T-shirt U-7881
  </name>
  <category>
   T-shirt
  </category>
  <size>
   L
  </size>
  <color>
   Голубой
  </color>
  <material>
   Кожа
  </material>
  <price>
   685957
  </price>
  <rating>
   2.14
  </rating>
  <reviews>
   299247
  </reviews>
  <exclusive>
   no
  </exclusive>
  <sporty>
   no
  </sporty>
 </clothing>
 <clothing>
  <id>
   116343055
  </id>
  <name>
   Puma Socks T-4477
  </name>
  <category>
   Socks
  </category>
  <size>
   S
  </size>
  <color>
   Голубой
  </color>
  <material>
   Шерсть
  </material>
  <price>
   149867
  </price>
  <rating>
   4.95
  </rating>
  <reviews>
   873357
  </reviews>
  <new>
   +
  </new>
  <sporty>
   no
  </sporty>
 </clothing>
 <clothing>
  <id>
   350327249
  </id>
  <name>
   DC Umbrellas O-7830
  </name>
  <category>
   Umbrellas
  </category>
  <size>
   M
  </size>
  <color>
   Синий
  </color>
  <material>
   Хлопок
  </material>
  <price>
   448831
  </price>
  <rating>
   1.76
  </rating>
  <reviews>
   168664
  </reviews>
  <new>
   -
  </new>
  <exclusive>
   no
  </exclusive>
  <sporty>
   yes
  </sporty>
 </clothing>
 <clothing>
  <id>
   361872497
  </id>
  <name>
   New Balance Umbrellas U-6674
  </name>
  <category>
   Umbrellas
  </category>
  <size>
   S
  </size>
  <color>
   Красный
  </color>
  <material>
   Шерсть
  </material>
  <price>
   860693
  </price>
  <rating>
   2.43
  </rating>
  <reviews>
   402004
  </reviews>
  <new>
   +
  </new>
 </clothing>
 <clothing>
  <id>
   235255046
  </id>
  <name>
   Adidas Skirt V-4350
  </name>
  <category>
   Skirt
  </category>
  <size>
   S
  </size>
  <color>
   Синий
  </color>
  <material>
   Полиэстер
  </material>
  <price>
   985292
  </price>
  <rating>
   1.68
  </rating>
  <reviews>
   477227
  </reviews>
  <new>
   -
  </new>
  <exclusive>
   yes
  </exclusive>
 </clothing>
 <clothing>
  <id>
   665373643
  </id>
  <name>
   New Balance Handbags H-3241
  </name>
  <category>
   Handbags
  </category>
  <size>
   XL
  </size>
  <color>
   Фиолетовый
  </color>
  <material>
   Хлопок
  </material>
  <price>
   549137
  </price>
  <rating>
   1.77
  </rating>
  <reviews>
   945290
  </reviews>
  <new>
   -
  </new>
  <exclusive>
   no
  </exclusive>
 </clothing>
 <clothing>
  <id>
   512272573
  </id>
  <name>
   New Balance Shoes P-7313
  </name>
  <category>
   Shoes
  </category>
  <size>
   XXL
  </size>
  <color>
   Фиолетовый
  </color>
  <material>
   Полиэстер
  </material>
  <price>
   479459
  </price>
  <rating>
   1.95
  </rating>
  <reviews>
   911060
  </reviews>
  <new>
   -
  </new>
  <sporty>
   no
  </sporty>
 </clothing>
 <clothing>
  <id>
   892778704
  </id>
  <name>
   Asics Sweater K-3638
  </name>
  <category>
   Sweater
  </category>
  <size>
   L
  </size>
  <color>
   Оранжевый
  </color>
  <material>
   Лен
  </material>
  <price>
   953211
  </price>
  <rating>
   2.2
  </rating>
  <reviews>
   726913
  </reviews>
  <new>
   -
  </new>
  <exclusive>
   yes
  </exclusive>
 </clothing>
 <clothing>
  <id>
   693709712
  </id>
  <name>
   New Balance Socks R-6871
  </name>
  <category>
   Socks
  </category>
  <size>
   S
  </size>
  <color>
   Зеленый
  </color>
  <material>
   Нейлон
  </material>
  <price>
   637817
  </price>
  <rating>
   4.8
  </rating>
  <reviews>
   969578
  </reviews>
  <new>
   -
  </new>
  <exclusive>
   no
  </exclusive>
 </clothing>
 <clothing>
  <id>
   150760034
  </id>
  <name>
   Nike Pants V-1830
  </name>
  <category>
   Pants
  </category>
  <size>
   S
  </size>
  <color>
   Оранжевый
  </color>
  <material>
   Вискоза
  </material>
  <price>
   507371
  </price>
  <rating>
   4.47
  </rating>
  <reviews>
   603663
  </reviews>
  <new>
   +
  </new>
 </clothing>
 <clothing>
  <id>
   110044068
  </id>
  <name>
   Puma Shirt O-5146
  </name>
  <category>
   Shirt
  </category>
  <size>
   XL
  </size>
  <color>
   Желтый
  </color>
  <material>
   Кожа
  </material>
  <price>
   658662
  </price>
  <rating>
   1.52
  </rating>
  <reviews>
   974586
  </reviews>
  <new>
   +
  </new>
 </clothing>
 <clothing>
  <id>
   795294304
  </id>
  <name>
   New Balance Shoes Y-8187
  </name>
  <category>
   Shoes
  </category>
  <size>
   XL
  </size>
  <color>
   Синий
  </color>
  <material>
   Хлопок
  </material>
  <price>
   447996
  </price>
  <rating>
   4.78
  </rating>
  <reviews>
   356701
  </reviews>
  <new>
   -
  </new>
  <exclusive>
   no
  </exclusive>
  <sporty>
   no
  </sporty>
 </clothing>
 <clothing>
  <id>
   895550839
  </id>
  <name>
   Addidas Blouse Z-6442
  </name>
  <category>
   Blouse
  </category>
  <size>
   L
  </size>
  <color>
   Желтый
  </color>
  <material>
   Вискоза
  </material>
  <price>
   198206
  </price>
  <rating>
   4.94
  </rating>
  <reviews>
   418984
  </reviews>
  <new>
   +
  </new>
  <exclusive>
   yes
  </exclusive>
 </clothing>
 <clothing>
  <id>
   362000315
  </id>
  <name>
   Puma T-shirt Y-9457
  </name>
  <category>
   T-shirt
  </category>
  <size>
   XL
  </size>
  <color>
   Оранжевый
  </color>
  <material>
   Шелк
  </material>
  <price>
   183659
  </price>
  <rating>
   2.49
  </rating>
  <reviews>
   42329
  </reviews>
  <new>
   +
  </new>
  <exclusive>
   no
  </exclusive>
  <sporty>
   no
  </sporty>
 </clothing>
 <clothing>
  <id>
   882241669
  </id>
  <name>
   PleinSport Sweater J-5239
  </name>
  <category>
   Sweater
  </category>
  <size>
   L
  </size>
  <color>
   Оранжевый
  </color>
  <material>
   Полиэстер
  </material>
  <price>
   475422
  </price>
  <rating>
   3.23
  </rating>
  <reviews>
   321695
  </reviews>
  <new>
   +
  </new>
  <exclusive>
   no
  </exclusive>
 </clothing>
 <clothing>
  <id>
   372032656
  </id>
  <name>
   Vans Shoes Y-2463
  </name>
  <category>
   Shoes
  </category>
  <size>
   L
  </size>
  <color>
   Голубой
  </color>
  <material>
   Шелк
  </material>
  <price>
   566816
  </price>
  <rating>
   4.58
  </rating>
  <reviews>
   897690
  </reviews>
  <exclusive>
   no
  </exclusive>
 </clothing>
 <clothing>
  <id>
   981336910
  </id>
  <name>
   Under Armour Skirt E-9306
  </name>
  <category>
   Skirt
  </category>
  <size>
   XL
  </size>
  <color>
   Оранжевый
  </color>
  <material>
   Нейлон
  </material>
  <price>
   650698
  </price>
  <rating>
   4.33
  </rating>
  <reviews>
   408066
  </reviews>
 </clothing>
 <clothing>
  <id>
   393478138
  </id>
  <name>
   Reebok Skirt Y-6555
  </name>
  <category>
   Skirt
  </category>
  <size>
   XL
  </size>
  <color>
   Красный
  </color>
  <material>
   Шерсть
  </material>
  <price>
   524669
  </price>
  <rating>
   2.54
  </rating>
  <reviews>
   222347
  </reviews>
  <sporty>
   yes
  </sporty>
 </clothing>
 <clothing>
  <id>
   410533069
  </id>
  <name>
   Under Armour Handbags B-1762
  </name>
  <category>
   Handbags
  </category>
  <size>
   XL
  </size>
  <color>
   Зеленый
  </color>
  <material>
   Хлопок
  </material>
  <price>
   597046
  </price>
  <rating>
   1.05
  </rating>
  <reviews>
   235714
  </reviews>
  <new>
   +
  </new>
  <sporty>
   yes
  </sporty>
 </clothing>
 <clothing>
  <id>
   827753684
  </id>
  <name>
   Puma Dress K-9493
  </name>
  <category>
   Dress
  </category>
  <size>
   XL
  </size>
  <color>
   Желтый
  </color>
  <material>
   Вискоза
  </material>
  <price>
   446512
  </price>
  <rating>
   1.92
  </rating>
  <reviews>
   539909
  </reviews>
  <exclusive>
   no
  </exclusive>
 </clothing>
 <clothing>
  <id>
   316577138
  </id>
  <name>
   Ellesse Belts B-6542
  </name>
  <category>
   Belts
  </category>
  <size>
   L
  </size>
  <color>
   Зеленый
  </color>
  <material>
   Кожа
  </material>
  <price>
   469425
  </price>
  <rating>
   4.04
  </rating>
  <reviews>
   319324
  </reviews>
  <new>
   -
  </new>
  <exclusive>
   yes
  </exclusive>
  <sporty>
   yes
  </sporty>
 </clothing>
 <clothing>
  <id>
   343939126
  </id>
  <name>
   Adidas Pants A-3702
  </name>
  <category>
   Pants
  </category>
  <size>
   S
  </size>
  <color>
   Желтый
  </color>
  <material>
   Полиэстер
  </material>
  <price>
   128907
  </price>
  <rating>
   4.72
  </rating>
  <reviews>
   466397
  </reviews>
  <sporty>
   yes
  </sporty>
 </clothing>
 <clothing>
  <id>
   734430200
  </id>
  <name>
   Ellesse Skirt R-6206
  </name>
  <category>
   Skirt
  </category>
  <size>
   M
  </size>
  <color>
   Оранжевый
  </color>
  <material>
   Нейлон
  </material>
  <price>
   837558
  </price>
  <rating>
   1.32
  </rating>
  <reviews>
   52436
  </reviews>
  <new>
   +
  </new>
  <exclusive>
   yes
  </exclusive>
 </clothing>
 <clothing>
  <id>
   661316514
  </id>
  <name>
   New Balance Pants U-8216
  </name>
  <category>
   Pants
  </category>
  <size>
   M
  </size>
  <color>
   Фиолетовый
  </color>
  <material>
   Вискоза
  </material>
  <price>
   844230
  </price>
  <rating>
   3.11
  </rating>
  <reviews>
   985713
  </reviews>
  <new>
   +
  </new>
  <sporty>
   no
  </sporty>
 </clothing>
 <clothing>
  <id>
   930378228
  </id>
  <name>
   Addidas Sweater J-3292
  </name>
  <category>
   Sweater
  </category>
  <size>
   XL
  </size>
  <color>
   Фиолетовый
  </color>
  <material>
   Полиэстер
  </material>
  <price>
   727681
  </price>
  <rating>
   1.39
  </rating>
  <reviews>
   848249
  </reviews>
  <new>
   -
  </new>
  <exclusive>
   no
  </exclusive>
  <sporty>
   yes
  </sporty>
 </clothing>
 <clothing>
  <id>
   726844217
  </id>
  <name>
   Converse Skirt Q-4097
  </name>
  <category>
   Skirt
  </category>
  <size>
   XL
  </size>
  <color>
   Оранжевый
  </color>
  <material>
   Полиэстер
  </material>
  <price>
   170744
  </price>
  <rating>
   1.46
  </rating>
  <reviews>
   524702
  </reviews>
  <sporty>
   no
  </sporty>
 </clothing>
</clothing-items>
