<?xml version="1.0" encoding="utf-8"?>
<clothing-items>
 <clothing>
  <id>
   774494250
  </id>
  <name>
   New Balance Belts J-4974
  </name>
  <category>
   Belts
  </category>
  <size>
   XXL
  </size>
  <color>
   Фиолетовый
  </color>
  <material>
   Хлопок
  </material>
  <price>
   144631
  </price>
  <rating>
   2.17
  </rating>
  <reviews>
   505544
  </reviews>
  <new>
   -
  </new>
  <exclusive>
   no
  </exclusive>
  <sporty>
   yes
  </sporty>
 </clothing>
 <clothing>
  <id>
   631512871
  </id>
  <name>
   Converse Pants D-2777
  </name>
  <category>
   Pants
  </category>
  <size>
   L
  </size>
  <color>
   Синий
  </color>
  <material>
   Хлопок
  </material>
  <price>
   558730
  </price>
  <rating>
   4.84
  </rating>
  <reviews>
   859926
  </reviews>
  <new>
   -
  </new>
  <exclusive>
   no
  </exclusive>
  <sporty>
   no
  </sporty>
 </clothing>
 <clothing>
  <id>
   952070416
  </id>
  <name>
   Brooks Skirt Q-3486
  </name>
  <category>
   Skirt
  </category>
  <size>
   XL
  </size>
  <color>
   Синий
  </color>
  <material>
   Лен
  </material>
  <price>
   422062
  </price>
  <rating>
   3.37
  </rating>
  <reviews>
   922370
  </reviews>
  <new>
   +
  </new>
 </clothing>
 <clothing>
  <id>
   463884673
  </id>
  <name>
   Puma Handbags Y-6203
  </name>
  <category>
   Handbags
  </category>
  <size>
   M
  </size>
  <color>
   Желтый
  </color>
  <material>
   Кожа
  </material>
  <price>
   126244
  </price>
  <rating>
   1.97
  </rating>
  <reviews>
   709755
  </reviews>
  <new>
   -
  </new>
 </clothing>
 <clothing>
  <id>
   123454583
  </id>
  <name>
   Ellesse Shoes W-8933
  </name>
  <category>
   Shoes
  </category>
  <size>
   S
  </size>
  <color>
   Желтый
  </color>
  <material>
   Нейлон
  </material>
  <price>
   785457
  </price>
  <rating>
   1.34
  </rating>
  <reviews>
   804358
  </reviews>
  <new>
   +
  </new>
  <sporty>
   yes
  </sporty>
 </clothing>
 <clothing>
  <id>
   319324509
  </id>
  <name>
   Under Armour Jacket J-2011
  </name>
  <category>
   Jacket
  </category>
  <size>
   M
  </size>
  <color>
   Желтый
  </color>
  <material>
   Хлопок
  </material>
  <price>
   360500
  </price>
  <rating>
   1.66
  </rating>
  <reviews>
   35432
  </reviews>
  <new>
   -
  </new>
  <exclusive>
   no
  </exclusive>
 </clothing>
 <clothing>
  <id>
   318167806
  </id>
  <name>
   New Balance T-shirt W-9391
  </name>
  <category>
   T-shirt
  </category>
  <size>
   L
  </size>
  <color>
   Красный
  </color>
  <material>
   Лен
  </material>
  <price>
   335607
  </price>
  <rating>
   1.25
  </rating>
  <reviews>
   447142
  </reviews>
  <new>
   +
  </new>
  <exclusive>
   no
  </exclusive>
  <sporty>
   no
  </sporty>
 </clothing>
 <clothing>
  <id>
   419440825
  </id>
  <name>
   Lacoste Shirt A-7465
  </name>
  <category>
   Shirt
  </category>
  <size>
   XL
  </size>
  <color>
   Зеленый
  </color>
  <material>
   Лен
  </material>
  <price>
   202473
  </price>
  <rating>
   3.26
  </rating>
  <reviews>
   555444
  </reviews>
  <new>
   +
  </new>
  <sporty>
   no
  </sporty>
 </clothing>
 <clothing>
  <id>
   137225631
  </id>
  <name>
   Ellesse Dress Y-5263
  </name>
  <category>
   Dress
  </category>
  <size>
   S
  </size>
  <color>
   Красный
  </color>
  <material>
   Полиэстер
  </material>
  <price>
   644661
  </price>
  <rating>
   2.56
  </rating>
  <reviews>
   257482
  </reviews>
  <exclusive>
   no
  </exclusive>
  <sporty>
   yes
  </sporty>
 </clothing>
 <clothing>
  <id>
   629488790
  </id>
  <name>
   New Balance Skirt P-3869
  </name>
  <category>
   Skirt
  </category>
  <size>
   M
  </size>
  <color>
   Желтый
  </color>
  <material>
   Кожа
  </material>
  <price>
   876679
  </price>
  <rating>
   3.8
  </rating>
  <reviews>
   492444
  </reviews>
  <new>
   +
  </new>
  <exclusive>
   yes
  </exclusive>
  <sporty>
   no
  </sporty>
 </clothing>
 <clothing>
  <id>
   740807523
  </id>
  <name>
   DC Dress K-5273
  </name>
  <category>
   Dress
  </category>
  <size>
   S
  </size>
  <color>
   Голубой
  </color>
  <material>
   Кожа
  </material>
  <price>
   176884
  </price>
  <rating>
   3.32
  </rating>
  <reviews>
   58931
  </reviews>
  <new>
   -
  </new>
  <exclusive>
   yes
  </exclusive>
 </clothing>
 <clothing>
  <id>
   280050666
  </id>
  <name>
   New Balance Skirt V-3626
  </name>
  <category>
   Skirt
  </category>
  <size>
   XL
  </size>
  <color>
   Оранжевый
  </color>
  <material>
   Нейлон
  </material>
  <price>
   311916
  </price>
  <rating>
   4.84
  </rating>
  <reviews>
   472351
  </reviews>
  <new>
   -
  </new>
  <exclusive>
   no
  </exclusive>
 </clothing>
 <clothing>
  <id>
   424861165
  </id>
  <name>
   Reebok Sweater V-2968
  </name>
  <category>
   Sweater
  </category>
  <size>
   XXL
  </size>
  <color>
   Голубой
  </color>
  <material>
   Лен
  </material>
  <price>
   699807
  </price>
  <rating>
   4.49
  </rating>
  <reviews>
   80213
  </reviews>
 </clothing>
 <clothing>
  <id>
   200384102
  </id>
  <name>
   Lacoste Skirt F-1169
  </name>
  <category>
   Skirt
  </category>
  <size>
   S
  </size>
  <color>
   Оранжевый
  </color>
  <material>
   Лен
  </material>
  <price>
   573713
  </price>
  <rating>
   4.46
  </rating>
  <reviews>
   136471
  </reviews>
  <sporty>
   no
  </sporty>
 </clothing>
 <clothing>
  <id>
   211065239
  </id>
  <name>
   DC Dress S-2789
  </name>
  <category>
   Dress
  </category>
  <size>
   XXL
  </size>
  <color>
   Желтый
  </color>
  <material>
   Шерсть
  </material>
  <price>
   455956
  </price>
  <rating>
   4.95
  </rating>
  <reviews>
   600102
  </reviews>
  <new>
   -
  </new>
  <exclusive>
   yes
  </exclusive>
  <sporty>
   yes
  </sporty>
 </clothing>
 <clothing>
  <id>
   332415841
  </id>
  <name>
   Ellesse Umbrellas H-2816
  </name>
  <category>
   Umbrellas
  </category>
  <size>
   S
  </size>
  <color>
   Синий
  </color>
  <material>
   Шелк
  </material>
  <price>
   902365
  </price>
  <rating>
   4.52
  </rating>
  <reviews>
   642655
  </reviews>
 </clothing>
 <clothing>
  <id>
   775138787
  </id>
  <name>
   Adidas Belts I-5354
  </name>
  <category>
   Belts
  </category>
  <size>
   XXL
  </size>
  <color>
   Синий
  </color>
  <material>
   Нейлон
  </material>
  <price>
   110832
  </price>
  <rating>
   1.76
  </rating>
  <reviews>
   444725
  </reviews>
  <sporty>
   yes
  </sporty>
 </clothing>
 <clothing>
  <id>
   861405030
  </id>
  <name>
   Nike Dress D-2083
  </name>
  <category>
   Dress
  </category>
  <size>
   S
  </size>
  <color>
   Оранжевый
  </color>
  <material>
   Полиэстер
  </material>
  <price>
   923252
  </price>
  <rating>
   3.21
  </rating>
  <reviews>
   47810
  </reviews>
  <new>
   -
  </new>
  <exclusive>
   no
  </exclusive>
 </clothing>
 <clothing>
  <id>
   627358121
  </id>
  <name>
   Under Armour Pants P-1476
  </name>
  <category>
   Pants
  </category>
  <size>
   S
  </size>
  <color>
   Красный
  </color>
  <material>
   Хлопок
  </material>
  <price>
   777794
  </price>
  <rating>
   2.38
  </rating>
  <reviews>
   18603
  </reviews>
  <new>
   +
  </new>
  <exclusive>
   no
  </exclusive>
  <sporty>
   no
  </sporty>
 </clothing>
 <clothing>
  <id>
   928246084
  </id>
  <name>
   Fila Gloves J-5294
  </name>
  <category>
   Gloves
  </category>
  <size>
   M
  </size>
  <color>
   Фиолетовый
  </color>
  <material>
   Нейлон
  </material>
  <price>
   529256
  </price>
  <rating>
   4.03
  </rating>
  <reviews>
   634316
  </reviews>
  <exclusive>
   no
  </exclusive>
  <sporty>
   yes
  </sporty>
 </clothing>
 <clothing>
  <id>
   239421438
  </id>
  <name>
   Fila Blouse U-5530
  </name>
  <category>
   Blouse
  </category>
  <size>
   L
  </size>
  <color>
   Голубой
  </color>
  <material>
   Шелк
  </material>
  <price>
   281028
  </price>
  <rating>
   1.7
  </rating>
  <reviews>
   393131
  </reviews>
  <new>
   -
  </new>
 </clothing>
 <clothing>
  <id>
   444491814
  </id>
  <name>
   Under Armour Shoes Y-8301
  </name>
  <category>
   Shoes
  </category>
  <size>
   M
  </size>
  <color>
   Голубой
  </color>
  <material>
   Шерсть
  </material>
  <price>
   304979
  </price>
  <rating>
   2.91
  </rating>
  <reviews>
   958147
  </reviews>
  <new>
   +
  </new>
  <exclusive>
   no
  </exclusive>
 </clothing>
 <clothing>
  <id>
   270637638
  </id>
  <name>
   Under Armour Dress J-7208
  </name>
  <category>
   Dress
  </category>
  <size>
   L
  </size>
  <color>
   Фиолетовый
  </color>
  <material>
   Хлопок
  </material>
  <price>
   129863
  </price>
  <rating>
   2.06
  </rating>
  <reviews>
   951100
  </reviews>
  <exclusive>
   yes
  </exclusive>
 </clothing>
 <clothing>
  <id>
   294226876
  </id>
  <name>
   Addidas Belts Q-5697
  </name>
  <category>
   Belts
  </category>
  <size>
   S
  </size>
  <color>
   Фиолетовый
  </color>
  <material>
   Хлопок
  </material>
  <price>
   597742
  </price>
  <rating>
   1.91
  </rating>
  <reviews>
   361866
  </reviews>
  <sporty>
   yes
  </sporty>
 </clothing>
 <clothing>
  <id>
   290753129
  </id>
  <name>
   Asics Jacket U-2165
  </name>
  <category>
   Jacket
  </category>
  <size>
   S
  </size>
  <color>
   Оранжевый
  </color>
  <material>
   Нейлон
  </material>
  <price>
   416406
  </price>
  <rating>
   3.23
  </rating>
  <reviews>
   688756
  </reviews>
  <exclusive>
   yes
  </exclusive>
  <sporty>
   yes
  </sporty>
 </clothing>
 <clothing>
  <id>
   773152346
  </id>
  <name>
   Lacoste Belts W-7548
  </name>
  <category>
   Belts
  </category>
  <size>
   XL
  </size>
  <color>
   Красный
  </color>
  <material>
   Полиэстер
  </material>
  <price>
   931709
  </price>
  <rating>
   3.97
  </rating>
  <reviews>
   29986
  </reviews>
  <sporty>
   yes
  </sporty>
 </clothing>
 <clothing>
  <id>
   693420863
  </id>
  <name>
   Adidas Jacket F-2205
  </name>
  <category>
   Jacket
  </category>
  <size>
   XL
  </size>
  <color>
   Зеленый
  </color>
  <material>
   Вискоза
  </material>
  <price>
   173949
  </price>
  <rating>
   1.49
  </rating>
  <reviews>
   104788
  </reviews>
  <exclusive>
   no
  </exclusive>
  <sporty>
   no
  </sporty>
 </clothing>
 <clothing>
  <id>
   379793727
  </id>
  <name>
   Ellesse Umbrellas S-2325
  </name>
  <category>
   Umbrellas
  </category>
  <size>
   XXL
  </size>
  <color>
   Синий
  </color>
  <material>
   Хлопок
  </material>
  <price>
   652461
  </price>
  <rating>
   1.54
  </rating>
  <reviews>
   690659
  </reviews>
  <sporty>
   no
  </sporty>
 </clothing>
 <clothing>
  <id>
   786575918
  </id>
  <name>
   Vans Handbags C-5874
  </name>
  <category>
   Handbags
  </category>
  <size>
   M
  </size>
  <color>
   Красный
  </color>
  <material>
   Кожа
  </material>
  <price>
   397870
  </price>
  <rating>
   1.12
  </rating>
  <reviews>
   890027
  </reviews>
  <new>
   -
  </new>
  <exclusive>
   no
  </exclusive>
  <sporty>
   no
  </sporty>
 </clothing>
 <clothing>
  <id>
   215311947
  </id>
  <name>
   Under Armour Belts H-8012
  </name>
  <category>
   Belts
  </category>
  <size>
   XL
  </size>
  <color>
   Зеленый
  </color>
  <material>
   Лен
  </material>
  <price>
   437060
  </price>
  <rating>
   4.53
  </rating>
  <reviews>
   538440
  </reviews>
  <new>
   -
  </new>
 </clothing>
 <clothing>
  <id>
   943218224
  </id>
  <name>
   Vans Skirt J-5255
  </name>
  <category>
   Skirt
  </category>
  <size>
   XXL
  </size>
  <color>
   Синий
  </color>
  <material>
   Хлопок
  </material>
  <price>
   778050
  </price>
  <rating>
   1.23
  </rating>
  <reviews>
   538163
  </reviews>
  <new>
   -
  </new>
 </clothing>
 <clothing>
  <id>
   559791966
  </id>
  <name>
   Brooks Belts X-3712
  </name>
  <category>
   Belts
  </category>
  <size>
   L
  </size>
  <color>
   Желтый
  </color>
  <material>
   Вискоза
  </material>
  <price>
   365992
  </price>
  <rating>
   1.11
  </rating>
  <reviews>
   246908
  </reviews>
  <exclusive>
   no
  </exclusive>
  <sporty>
   no
  </sporty>
 </clothing>
 <clothing>
  <id>
   955146847
  </id>
  <name>
   Lacoste Umbrellas B-2201
  </name>
  <category>
   Umbrellas
  </category>
  <size>
   M
  </size>
  <color>
   Фиолетовый
  </color>
  <material>
   Кожа
  </material>
  <price>
   315677
  </price>
  <rating>
   1.99
  </rating>
  <reviews>
   420588
  </reviews>
  <sporty>
   no
  </sporty>
 </clothing>
 <clothing>
  <id>
   106847572
  </id>
  <name>
   Under Armour Hat W-5331
  </name>
  <category>
   Hat
  </category>
  <size>
   XL
  </size>
  <color>
   Красный
  </color>
  <material>
   Хлопок
  </material>
  <price>
   598255
  </price>
  <rating>
   2.44
  </rating>
  <reviews>
   215030
  </reviews>
  <exclusive>
   yes
  </exclusive>
  <sporty>
   yes
  </sporty>
 </clothing>
 <clothing>
  <id>
   876316215
  </id>
  <name>
   Fila Shirt Y-5216
  </name>
  <category>
   Shirt
  </category>
  <size>
   XL
  </size>
  <color>
   Оранжевый
  </color>
  <material>
   Хлопок
  </material>
  <price>
   203621
  </price>
  <rating>
   4.98
  </rating>
  <reviews>
   805101
  </reviews>
  <new>
   -
  </new>
 </clothing>
 <clothing>
  <id>
   149092852
  </id>
  <name>
   Nike Gloves M-4413
  </name>
  <category>
   Gloves
  </category>
  <size>
   XL
  </size>
  <color>
   Фиолетовый
  </color>
  <material>
   Кожа
  </material>
  <price>
   431321
  </price>
  <rating>
   3.41
  </rating>
  <reviews>
   587876
  </reviews>
  <new>
   -
  </new>
  <exclusive>
   no
  </exclusive>
  <sporty>
   no
  </sporty>
 </clothing>
 <clothing>
  <id>
   966593497
  </id>
  <name>
   Nike Blouse Y-3543
  </name>
  <category>
   Blouse
  </category>
  <size>
   S
  </size>
  <color>
   Синий
  </color>
  <material>
   Кожа
  </material>
  <price>
   253390
  </price>
  <rating>
   1.56
  </rating>
  <reviews>
   958500
  </reviews>
  <exclusive>
   yes
  </exclusive>
  <sporty>
   no
  </sporty>
 </clothing>
 <clothing>
  <id>
   571071890
  </id>
  <name>
   Adidas Blouse Q-5552
  </name>
  <category>
   Blouse
  </category>
  <size>
   XL
  </size>
  <color>
   Фиолетовый
  </color>
  <material>
   Полиэстер
  </material>
  <price>
   176792
  </price>
  <rating>
   4.45
  </rating>
  <reviews>
   913803
  </reviews>
  <new>
   -
  </new>
 </clothing>
 <clothing>
  <id>
   705855978
  </id>
  <name>
   Fila Dress B-4301
  </name>
  <category>
   Dress
  </category>
  <size>
   M
  </size>
  <color>
   Зеленый
  </color>
  <material>
   Лен
  </material>
  <price>
   819556
  </price>
  <rating>
   2.47
  </rating>
  <reviews>
   538639
  </reviews>
  <new>
   -
  </new>
  <exclusive>
   no
  </exclusive>
  <sporty>
   yes
  </sporty>
 </clothing>
 <clothing>
  <id>
   450254790
  </id>
  <name>
   Brooks Socks B-9077
  </name>
  <category>
   Socks
  </category>
  <size>
   S
  </size>
  <color>
   Красный
  </color>
  <material>
   Лен
  </material>
  <price>
   295973
  </price>
  <rating>
   1.16
  </rating>
  <reviews>
   882563
  </reviews>
 </clothing>
 <clothing>
  <id>
   233271380
  </id>
  <name>
   Lacoste Blouse D-3976
  </name>
  <category>
   Blouse
  </category>
  <size>
   XL
  </size>
  <color>
   Оранжевый
  </color>
  <material>
   Лен
  </material>
  <price>
   900568
  </price>
  <rating>
   1.48
  </rating>
  <reviews>
   527354
  </reviews>
  <exclusive>
   no
  </exclusive>
 </clothing>
 <clothing>
  <id>
   992835775
  </id>
  <name>
   Vans Belts H-1858
  </name>
  <category>
   Belts
  </category>
  <size>
   XXL
  </size>
  <color>
   Красный
  </color>
  <material>
   Вискоза
  </material>
  <price>
   974558
  </price>
  <rating>
   4.33
  </rating>
  <reviews>
   340860
  </reviews>
  <new>
   +
  </new>
  <exclusive>
   yes
  </exclusive>
  <sporty>
   no
  </sporty>
 </clothing>
 <clothing>
  <id>
   314884994
  </id>
  <name>
   Puma T-shirt I-5683
  </name>
  <category>
   T-shirt
  </category>
  <size>
   S
  </size>
  <color>
   Желтый
  </color>
  <material>
   Кожа
  </material>
  <price>
   651134
  </price>
  <rating>
   3.29
  </rating>
  <reviews>
   589413
  </reviews>
  <exclusive>
   no
  </exclusive>
  <sporty>
   yes
  </sporty>
 </clothing>
 <clothing>
  <id>
   294277339
  </id>
  <name>
   Adidas Skirt Y-5180
  </name>
  <category>
   Skirt
  </category>
  <size>
   XXL
  </size>
  <color>
   Красный
  </color>
  <material>
   Полиэстер
  </material>
  <price>
   728811
  </price>
  <rating>
   3.23
  </rating>
  <reviews>
   729273
  </reviews>
  <sporty>
   yes
  </sporty>
 </clothing>
 <clothing>
  <id>
   717593218
  </id>
  <name>
   Addidas Hat Q-9484
  </name>
  <category>
   Hat
  </category>
  <size>
   XXL
  </size>
  <color>
   Синий
  </color>
  <material>
   Полиэстер
  </material>
  <price>
   771358
  </price>
  <rating>
   4.03
  </rating>
  <reviews>
   555609
  </reviews>
  <new>
   +
  </new>
  <sporty>
   no
  </sporty>
 </clothing>
 <clothing>
  <id>
   670927281
  </id>
  <name>
   Vans Gloves I-4227
  </name>
  <category>
   Gloves
  </category>
  <size>
   S
  </size>
  <color>
   Голубой
  </color>
  <material>
   Лен
  </material>
  <price>
   368879
  </price>
  <rating>
   2.96
  </rating>
  <reviews>
   677837
  </reviews>
  <new>
   +
  </new>
  <sporty>
   no
  </sporty>
 </clothing>
 <clothing>
  <id>
   205336197
  </id>
  <name>
   Asics Hat Y-7448
  </name>
  <category>
   Hat
  </category>
  <size>
   XL
  </size>
  <color>
   Синий
  </color>
  <material>
   Шерсть
  </material>
  <price>
   785213
  </price>
  <rating>
   2.91
  </rating>
  <reviews>
   746172
  </reviews>
  <new>
   +
  </new>
  <exclusive>
   no
  </exclusive>
 </clothing>
 <clothing>
  <id>
   963603439
  </id>
  <name>
   Converse Gloves X-5961
  </name>
  <category>
   Gloves
  </category>
  <size>
   S
  </size>
  <color>
   Желтый
  </color>
  <material>
   Вискоза
  </material>
  <price>
   522914
  </price>
  <rating>
   4.85
  </rating>
  <reviews>
   205192
  </reviews>
  <exclusive>
   yes
  </exclusive>
 </clothing>
 <clothing>
  <id>
   661235544
  </id>
  <name>
   Asics Skirt W-9436
  </name>
  <category>
   Skirt
  </category>
  <size>
   XXL
  </size>
  <color>
   Зеленый
  </color>
  <material>
   Вискоза
  </material>
  <price>
   886046
  </price>
  <rating>
   1.17
  </rating>
  <reviews>
   479804
  </reviews>
  <exclusive>
   no
  </exclusive>
  <sporty>
   no
  </sporty>
 </clothing>
 <clothing>
  <id>
   333225016
  </id>
  <name>
   Under Armour T-shirt R-1184
  </name>
  <category>
   T-shirt
  </category>
  <size>
   XXL
  </size>
  <color>
   Фиолетовый
  </color>
  <material>
   Нейлон
  </material>
  <price>
   575618
  </price>
  <rating>
   1.82
  </rating>
  <reviews>
   992471
  </reviews>
  <new>
   +
  </new>
  <exclusive>
   yes
  </exclusive>
  <sporty>
   yes
  </sporty>
 </clothing>
</clothing-items>
