<?xml version="1.0" encoding="utf-8"?>
<clothing-items>
 <clothing>
  <id>
   207515403
  </id>
  <name>
   Asics Blouse J-7541
  </name>
  <category>
   Blouse
  </category>
  <size>
   XL
  </size>
  <color>
   Красный
  </color>
  <material>
   Нейлон
  </material>
  <price>
   197326
  </price>
  <rating>
   1.31
  </rating>
  <reviews>
   754013
  </reviews>
  <new>
   +
  </new>
  <sporty>
   yes
  </sporty>
 </clothing>
 <clothing>
  <id>
   488217778
  </id>
  <name>
   Vans Hat S-5056
  </name>
  <category>
   Hat
  </category>
  <size>
   XXL
  </size>
  <color>
   Оранжевый
  </color>
  <material>
   Шелк
  </material>
  <price>
   684089
  </price>
  <rating>
   4.72
  </rating>
  <reviews>
   982248
  </reviews>
 </clothing>
 <clothing>
  <id>
   336128829
  </id>
  <name>
   Brooks Shirt U-7245
  </name>
  <category>
   Shirt
  </category>
  <size>
   M
  </size>
  <color>
   Оранжевый
  </color>
  <material>
   Нейлон
  </material>
  <price>
   738332
  </price>
  <rating>
   1.2
  </rating>
  <reviews>
   672551
  </reviews>
 </clothing>
 <clothing>
  <id>
   713448312
  </id>
  <name>
   DC Gloves W-7483
  </name>
  <category>
   Gloves
  </category>
  <size>
   XXL
  </size>
  <color>
   Красный
  </color>
  <material>
   Лен
  </material>
  <price>
   272021
  </price>
  <rating>
   3.52
  </rating>
  <reviews>
   770849
  </reviews>
  <exclusive>
   no
  </exclusive>
  <sporty>
   yes
  </sporty>
 </clothing>
 <clothing>
  <id>
   528740973
  </id>
  <name>
   Fila Gloves D-2870
  </name>
  <category>
   Gloves
  </category>
  <size>
   XL
  </size>
  <color>
   Оранжевый
  </color>
  <material>
   Лен
  </material>
  <price>
   342104
  </price>
  <rating>
   2.66
  </rating>
  <reviews>
   838653
  </reviews>
 </clothing>
 <clothing>
  <id>
   223193640
  </id>
  <name>
   PleinSport Shirt C-1246
  </name>
  <category>
   Shirt
  </category>
  <size>
   XXL
  </size>
  <color>
   Оранжевый
  </color>
  <material>
   Шелк
  </material>
  <price>
   634319
  </price>
  <rating>
   1.32
  </rating>
  <reviews>
   236802
  </reviews>
  <new>
   -
  </new>
  <exclusive>
   no
  </exclusive>
  <sporty>
   no
  </sporty>
 </clothing>
 <clothing>
  <id>
   449769269
  </id>
  <name>
   Reebok Skirt R-1601
  </name>
  <category>
   Skirt
  </category>
  <size>
   S
  </size>
  <color>
   Синий
  </color>
  <material>
   Шелк
  </material>
  <price>
   798676
  </price>
  <rating>
   2.82
  </rating>
  <reviews>
   96718
  </reviews>
  <new>
   +
  </new>
  <sporty>
   yes
  </sporty>
 </clothing>
 <clothing>
  <id>
   313401542
  </id>
  <name>
   DC Socks S-5722
  </name>
  <category>
   Socks
  </category>
  <size>
   L
  </size>
  <color>
   Оранжевый
  </color>
  <material>
   Кожа
  </material>
  <price>
   967922
  </price>
  <rating>
   3.35
  </rating>
  <reviews>
   56570
  </reviews>
  <new>
   -
  </new>
  <exclusive>
   yes
  </exclusive>
  <sporty>
   no
  </sporty>
 </clothing>
 <clothing>
  <id>
   955252760
  </id>
  <name>
   Lacoste T-shirt P-8287
  </name>
  <category>
   T-shirt
  </category>
  <size>
   S
  </size>
  <color>
   Синий
  </color>
  <material>
   Шерсть
  </material>
  <price>
   378708
  </price>
  <rating>
   1.57
  </rating>
  <reviews>
   496635
  </reviews>
  <new>
   +
  </new>
 </clothing>
 <clothing>
  <id>
   402879173
  </id>
  <name>
   New Balance Blouse I-3881
  </name>
  <category>
   Blouse
  </category>
  <size>
   XL
  </size>
  <color>
   Зеленый
  </color>
  <material>
   Нейлон
  </material>
  <price>
   344140
  </price>
  <rating>
   3.03
  </rating>
  <reviews>
   197965
  </reviews>
  <new>
   -
  </new>
  <sporty>
   yes
  </sporty>
 </clothing>
 <clothing>
  <id>
   128784288
  </id>
  <name>
   Ellesse Umbrellas O-5160
  </name>
  <category>
   Umbrellas
  </category>
  <size>
   XXL
  </size>
  <color>
   Фиолетовый
  </color>
  <material>
   Полиэстер
  </material>
  <price>
   686564
  </price>
  <rating>
   4.85
  </rating>
  <reviews>
   169954
  </reviews>
  <exclusive>
   yes
  </exclusive>
  <sporty>
   no
  </sporty>
 </clothing>
 <clothing>
  <id>
   617011447
  </id>
  <name>
   Adidas Dress C-3291
  </name>
  <category>
   Dress
  </category>
  <size>
   XXL
  </size>
  <color>
   Желтый
  </color>
  <material>
   Нейлон
  </material>
  <price>
   439163
  </price>
  <rating>
   4.14
  </rating>
  <reviews>
   759287
  </reviews>
  <new>
   -
  </new>
  <sporty>
   no
  </sporty>
 </clothing>
 <clothing>
  <id>
   510422913
  </id>
  <name>
   Nike Skirt C-1440
  </name>
  <category>
   Skirt
  </category>
  <size>
   XL
  </size>
  <color>
   Оранжевый
  </color>
  <material>
   Лен
  </material>
  <price>
   472481
  </price>
  <rating>
   2.4
  </rating>
  <reviews>
   452231
  </reviews>
  <new>
   +
  </new>
 </clothing>
 <clothing>
  <id>
   979842224
  </id>
  <name>
   Fila Umbrellas E-4376
  </name>
  <category>
   Umbrellas
  </category>
  <size>
   M
  </size>
  <color>
   Голубой
  </color>
  <material>
   Шерсть
  </material>
  <price>
   281374
  </price>
  <rating>
   1.64
  </rating>
  <reviews>
   594646
  </reviews>
 </clothing>
</clothing-items>
