<?xml version="1.0" encoding="utf-8"?>
<clothing-items>
 <clothing>
  <id>
   267638817
  </id>
  <name>
   PleinSport Hat M-6418
  </name>
  <category>
   Hat
  </category>
  <size>
   XXL
  </size>
  <color>
   Синий
  </color>
  <material>
   Вискоза
  </material>
  <price>
   327496
  </price>
  <rating>
   3.75
  </rating>
  <reviews>
   844905
  </reviews>
  <new>
   +
  </new>
  <exclusive>
   yes
  </exclusive>
  <sporty>
   yes
  </sporty>
 </clothing>
 <clothing>
  <id>
   270272950
  </id>
  <name>
   Puma T-shirt E-8025
  </name>
  <category>
   T-shirt
  </category>
  <size>
   M
  </size>
  <color>
   Синий
  </color>
  <material>
   Хлопок
  </material>
  <price>
   767131
  </price>
  <rating>
   2.2
  </rating>
  <reviews>
   936157
  </reviews>
  <exclusive>
   yes
  </exclusive>
 </clothing>
 <clothing>
  <id>
   194294657
  </id>
  <name>
   Under Armour Belts H-9104
  </name>
  <category>
   Belts
  </category>
  <size>
   M
  </size>
  <color>
   Зеленый
  </color>
  <material>
   Лен
  </material>
  <price>
   602209
  </price>
  <rating>
   4.8
  </rating>
  <reviews>
   386577
  </reviews>
  <exclusive>
   no
  </exclusive>
  <sporty>
   no
  </sporty>
 </clothing>
 <clothing>
  <id>
   237121717
  </id>
  <name>
   PleinSport Sweater A-2778
  </name>
  <category>
   Sweater
  </category>
  <size>
   L
  </size>
  <color>
   Голубой
  </color>
  <material>
   Нейлон
  </material>
  <price>
   694366
  </price>
  <rating>
   1.03
  </rating>
  <reviews>
   899147
  </reviews>
  <new>
   -
  </new>
 </clothing>
 <clothing>
  <id>
   209668049
  </id>
  <name>
   Ellesse Sweater Y-6029
  </name>
  <category>
   Sweater
  </category>
  <size>
   L
  </size>
  <color>
   Желтый
  </color>
  <material>
   Полиэстер
  </material>
  <price>
   621880
  </price>
  <rating>
   1.75
  </rating>
  <reviews>
   372323
  </reviews>
 </clothing>
 <clothing>
  <id>
   762120751
  </id>
  <name>
   Under Armour Handbags T-6294
  </name>
  <category>
   Handbags
  </category>
  <size>
   M
  </size>
  <color>
   Желтый
  </color>
  <material>
   Шерсть
  </material>
  <price>
   544135
  </price>
  <rating>
   4.05
  </rating>
  <reviews>
   925171
  </reviews>
  <new>
   +
  </new>
 </clothing>
 <clothing>
  <id>
   384362951
  </id>
  <name>
   Nike Jeans B-8507
  </name>
  <category>
   Jeans
  </category>
  <size>
   XL
  </size>
  <color>
   Фиолетовый
  </color>
  <material>
   Шелк
  </material>
  <price>
   476172
  </price>
  <rating>
   4.17
  </rating>
  <reviews>
   442282
  </reviews>
  <sporty>
   yes
  </sporty>
 </clothing>
 <clothing>
  <id>
   951765405
  </id>
  <name>
   DC Sweater W-3030
  </name>
  <category>
   Sweater
  </category>
  <size>
   S
  </size>
  <color>
   Оранжевый
  </color>
  <material>
   Полиэстер
  </material>
  <price>
   318991
  </price>
  <rating>
   1.22
  </rating>
  <reviews>
   376069
  </reviews>
  <new>
   -
  </new>
  <exclusive>
   no
  </exclusive>
  <sporty>
   no
  </sporty>
 </clothing>
 <clothing>
  <id>
   738783832
  </id>
  <name>
   PleinSport Shoes P-9709
  </name>
  <category>
   Shoes
  </category>
  <size>
   XXL
  </size>
  <color>
   Оранжевый
  </color>
  <material>
   Лен
  </material>
  <price>
   622313
  </price>
  <rating>
   3.23
  </rating>
  <reviews>
   447463
  </reviews>
  <new>
   +
  </new>
  <exclusive>
   no
  </exclusive>
  <sporty>
   no
  </sporty>
 </clothing>
 <clothing>
  <id>
   917279593
  </id>
  <name>
   Lacoste Shoes Y-9428
  </name>
  <category>
   Shoes
  </category>
  <size>
   L
  </size>
  <color>
   Зеленый
  </color>
  <material>
   Хлопок
  </material>
  <price>
   860530
  </price>
  <rating>
   4.1
  </rating>
  <reviews>
   812533
  </reviews>
  <new>
   -
  </new>
  <exclusive>
   no
  </exclusive>
  <sporty>
   yes
  </sporty>
 </clothing>
 <clothing>
  <id>
   541222817
  </id>
  <name>
   Fila Gloves O-5655
  </name>
  <category>
   Gloves
  </category>
  <size>
   S
  </size>
  <color>
   Синий
  </color>
  <material>
   Хлопок
  </material>
  <price>
   571795
  </price>
  <rating>
   2.87
  </rating>
  <reviews>
   175231
  </reviews>
  <exclusive>
   no
  </exclusive>
  <sporty>
   no
  </sporty>
 </clothing>
 <clothing>
  <id>
   174751223
  </id>
  <name>
   Converse Jacket X-6961
  </name>
  <category>
   Jacket
  </category>
  <size>
   M
  </size>
  <color>
   Оранжевый
  </color>
  <material>
   Шелк
  </material>
  <price>
   277248
  </price>
  <rating>
   3.18
  </rating>
  <reviews>
   81970
  </reviews>
  <exclusive>
   no
  </exclusive>
 </clothing>
 <clothing>
  <id>
   281673352
  </id>
  <name>
   Ellesse T-shirt S-4490
  </name>
  <category>
   T-shirt
  </category>
  <size>
   L
  </size>
  <color>
   Красный
  </color>
  <material>
   Полиэстер
  </material>
  <price>
   690101
  </price>
  <rating>
   2.11
  </rating>
  <reviews>
   412716
  </reviews>
  <new>
   +
  </new>
  <exclusive>
   yes
  </exclusive>
 </clothing>
 <clothing>
  <id>
   465460583
  </id>
  <name>
   Fila Skirt C-2759
  </name>
  <category>
   Skirt
  </category>
  <size>
   XL
  </size>
  <color>
   Красный
  </color>
  <material>
   Шерсть
  </material>
  <price>
   745954
  </price>
  <rating>
   3.85
  </rating>
  <reviews>
   967948
  </reviews>
  <sporty>
   no
  </sporty>
 </clothing>
 <clothing>
  <id>
   563738096
  </id>
  <name>
   DC Hat N-6153
  </name>
  <category>
   Hat
  </category>
  <size>
   XL
  </size>
  <color>
   Желтый
  </color>
  <material>
   Шелк
  </material>
  <price>
   670676
  </price>
  <rating>
   1.96
  </rating>
  <reviews>
   970389
  </reviews>
  <exclusive>
   no
  </exclusive>
  <sporty>
   yes
  </sporty>
 </clothing>
 <clothing>
  <id>
   153750804
  </id>
  <name>
   PleinSport Blouse S-4090
  </name>
  <category>
   Blouse
  </category>
  <size>
   XXL
  </size>
  <color>
   Оранжевый
  </color>
  <material>
   Вискоза
  </material>
  <price>
   667001
  </price>
  <rating>
   3.89
  </rating>
  <reviews>
   530962
  </reviews>
  <new>
   -
  </new>
  <sporty>
   yes
  </sporty>
 </clothing>
 <clothing>
  <id>
   895261919
  </id>
  <name>
   Lacoste Skirt E-1632
  </name>
  <category>
   Skirt
  </category>
  <size>
   L
  </size>
  <color>
   Синий
  </color>
  <material>
   Шелк
  </material>
  <price>
   672328
  </price>
  <rating>
   2.58
  </rating>
  <reviews>
   83212
  </reviews>
  <new>
   -
  </new>
  <exclusive>
   yes
  </exclusive>
  <sporty>
   no
  </sporty>
 </clothing>
 <clothing>
  <id>
   309119255
  </id>
  <name>
   Brooks Gloves A-9278
  </name>
  <category>
   Gloves
  </category>
  <size>
   XXL
  </size>
  <color>
   Зеленый
  </color>
  <material>
   Вискоза
  </material>
  <price>
   861533
  </price>
  <rating>
   1.48
  </rating>
  <reviews>
   58987
  </reviews>
  <new>
   -
  </new>
  <exclusive>
   yes
  </exclusive>
  <sporty>
   no
  </sporty>
 </clothing>
 <clothing>
  <id>
   415849194
  </id>
  <name>
   Adidas Shirt O-6882
  </name>
  <category>
   Shirt
  </category>
  <size>
   S
  </size>
  <color>
   Синий
  </color>
  <material>
   Полиэстер
  </material>
  <price>
   951838
  </price>
  <rating>
   2.46
  </rating>
  <reviews>
   75836
  </reviews>
  <exclusive>
   no
  </exclusive>
  <sporty>
   yes
  </sporty>
 </clothing>
 <clothing>
  <id>
   920898256
  </id>
  <name>
   Lacoste Belts R-8633
  </name>
  <category>
   Belts
  </category>
  <size>
   L
  </size>
  <color>
   Желтый
  </color>
  <material>
   Кожа
  </material>
  <price>
   861362
  </price>
  <rating>
   1.23
  </rating>
  <reviews>
   353473
  </reviews>
  <new>
   -
  </new>
  <sporty>
   yes
  </sporty>
 </clothing>
 <clothing>
  <id>
   688825899
  </id>
  <name>
   Adidas Skirt K-5826
  </name>
  <category>
   Skirt
  </category>
  <size>
   S
  </size>
  <color>
   Синий
  </color>
  <material>
   Лен
  </material>
  <price>
   348887
  </price>
  <rating>
   1.55
  </rating>
  <reviews>
   61333
  </reviews>
  <new>
   -
  </new>
  <exclusive>
   yes
  </exclusive>
  <sporty>
   no
  </sporty>
 </clothing>
 <clothing>
  <id>
   312183896
  </id>
  <name>
   Adidas Handbags N-6231
  </name>
  <category>
   Handbags
  </category>
  <size>
   L
  </size>
  <color>
   Синий
  </color>
  <material>
   Шерсть
  </material>
  <price>
   782608
  </price>
  <rating>
   3.78
  </rating>
  <reviews>
   999591
  </reviews>
  <new>
   -
  </new>
  <exclusive>
   no
  </exclusive>
 </clothing>
 <clothing>
  <id>
   496417666
  </id>
  <name>
   Puma Skirt F-7341
  </name>
  <category>
   Skirt
  </category>
  <size>
   M
  </size>
  <color>
   Синий
  </color>
  <material>
   Хлопок
  </material>
  <price>
   686477
  </price>
  <rating>
   3.48
  </rating>
  <reviews>
   44909
  </reviews>
  <new>
   -
  </new>
  <exclusive>
   no
  </exclusive>
  <sporty>
   no
  </sporty>
 </clothing>
 <clothing>
  <id>
   640062480
  </id>
  <name>
   Reebok Gloves W-1637
  </name>
  <category>
   Gloves
  </category>
  <size>
   XL
  </size>
  <color>
   Желтый
  </color>
  <material>
   Лен
  </material>
  <price>
   278329
  </price>
  <rating>
   2.45
  </rating>
  <reviews>
   1659
  </reviews>
  <sporty>
   no
  </sporty>
 </clothing>
 <clothing>
  <id>
   579779372
  </id>
  <name>
   Adidas Socks Q-7067
  </name>
  <category>
   Socks
  </category>
  <size>
   M
  </size>
  <color>
   Красный
  </color>
  <material>
   Шерсть
  </material>
  <price>
   217988
  </price>
  <rating>
   3.66
  </rating>
  <reviews>
   721708
  </reviews>
  <new>
   +
  </new>
 </clothing>
 <clothing>
  <id>
   427129326
  </id>
  <name>
   Adidas Jacket D-5085
  </name>
  <category>
   Jacket
  </category>
  <size>
   M
  </size>
  <color>
   Голубой
  </color>
  <material>
   Нейлон
  </material>
  <price>
   428967
  </price>
  <rating>
   4.35
  </rating>
  <reviews>
   52836
  </reviews>
  <new>
   +
  </new>
 </clothing>
 <clothing>
  <id>
   207895470
  </id>
  <name>
   Converse Skirt R-2697
  </name>
  <category>
   Skirt
  </category>
  <size>
   XL
  </size>
  <color>
   Оранжевый
  </color>
  <material>
   Лен
  </material>
  <price>
   758553
  </price>
  <rating>
   2.09
  </rating>
  <reviews>
   30190
  </reviews>
  <exclusive>
   yes
  </exclusive>
 </clothing>
 <clothing>
  <id>
   745442576
  </id>
  <name>
   Vans Jacket U-4610
  </name>
  <category>
   Jacket
  </category>
  <size>
   XXL
  </size>
  <color>
   Оранжевый
  </color>
  <material>
   Хлопок
  </material>
  <price>
   876607
  </price>
  <rating>
   4.86
  </rating>
  <reviews>
   914074
  </reviews>
  <new>
   +
  </new>
  <exclusive>
   no
  </exclusive>
  <sporty>
   no
  </sporty>
 </clothing>
 <clothing>
  <id>
   739756425
  </id>
  <name>
   PleinSport T-shirt W-5490
  </name>
  <category>
   T-shirt
  </category>
  <size>
   S
  </size>
  <color>
   Синий
  </color>
  <material>
   Шерсть
  </material>
  <price>
   560765
  </price>
  <rating>
   4.2
  </rating>
  <reviews>
   821345
  </reviews>
  <exclusive>
   yes
  </exclusive>
  <sporty>
   no
  </sporty>
 </clothing>
 <clothing>
  <id>
   772144218
  </id>
  <name>
   Brooks Pants J-8412
  </name>
  <category>
   Pants
  </category>
  <size>
   XL
  </size>
  <color>
   Зеленый
  </color>
  <material>
   Нейлон
  </material>
  <price>
   969739
  </price>
  <rating>
   3.76
  </rating>
  <reviews>
   632666
  </reviews>
  <new>
   +
  </new>
  <exclusive>
   yes
  </exclusive>
  <sporty>
   yes
  </sporty>
 </clothing>
</clothing-items>
