<?xml version="1.0" encoding="utf-8"?>
<clothing-items>
 <clothing>
  <id>
   477293038
  </id>
  <name>
   Asics Dress T-7321
  </name>
  <category>
   Dress
  </category>
  <size>
   XL
  </size>
  <color>
   Голубой
  </color>
  <material>
   Лен
  </material>
  <price>
   119198
  </price>
  <rating>
   4.22
  </rating>
  <reviews>
   709946
  </reviews>
  <sporty>
   yes
  </sporty>
 </clothing>
 <clothing>
  <id>
   269995509
  </id>
  <name>
   Puma Pants M-7055
  </name>
  <category>
   Pants
  </category>
  <size>
   S
  </size>
  <color>
   Оранжевый
  </color>
  <material>
   Лен
  </material>
  <price>
   723052
  </price>
  <rating>
   3.25
  </rating>
  <reviews>
   817980
  </reviews>
 </clothing>
 <clothing>
  <id>
   392806784
  </id>
  <name>
   Fila T-shirt S-5697
  </name>
  <category>
   T-shirt
  </category>
  <size>
   XL
  </size>
  <color>
   Синий
  </color>
  <material>
   Шерсть
  </material>
  <price>
   218499
  </price>
  <rating>
   1.68
  </rating>
  <reviews>
   401895
  </reviews>
 </clothing>
 <clothing>
  <id>
   720880339
  </id>
  <name>
   Adidas T-shirt Y-9225
  </name>
  <category>
   T-shirt
  </category>
  <size>
   XL
  </size>
  <color>
   Желтый
  </color>
  <material>
   Шерсть
  </material>
  <price>
   216791
  </price>
  <rating>
   4.6
  </rating>
  <reviews>
   67509
  </reviews>
  <new>
   -
  </new>
  <exclusive>
   no
  </exclusive>
  <sporty>
   yes
  </sporty>
 </clothing>
 <clothing>
  <id>
   242045751
  </id>
  <name>
   New Balance Shoes R-6731
  </name>
  <category>
   Shoes
  </category>
  <size>
   M
  </size>
  <color>
   Красный
  </color>
  <material>
   Шелк
  </material>
  <price>
   951356
  </price>
  <rating>
   2.84
  </rating>
  <reviews>
   424580
  </reviews>
  <new>
   +
  </new>
  <exclusive>
   no
  </exclusive>
  <sporty>
   no
  </sporty>
 </clothing>
 <clothing>
  <id>
   556995504
  </id>
  <name>
   Ellesse Belts L-1458
  </name>
  <category>
   Belts
  </category>
  <size>
   XXL
  </size>
  <color>
   Фиолетовый
  </color>
  <material>
   Полиэстер
  </material>
  <price>
   792698
  </price>
  <rating>
   2.98
  </rating>
  <reviews>
   455017
  </reviews>
  <new>
   -
  </new>
  <exclusive>
   yes
  </exclusive>
 </clothing>
 <clothing>
  <id>
   187596008
  </id>
  <name>
   Adidas Hat N-8942
  </name>
  <category>
   Hat
  </category>
  <size>
   XXL
  </size>
  <color>
   Оранжевый
  </color>
  <material>
   Вискоза
  </material>
  <price>
   401464
  </price>
  <rating>
   1.08
  </rating>
  <reviews>
   154071
  </reviews>
  <new>
   -
  </new>
  <sporty>
   yes
  </sporty>
 </clothing>
 <clothing>
  <id>
   147874319
  </id>
  <name>
   Brooks Shirt F-4469
  </name>
  <category>
   Shirt
  </category>
  <size>
   S
  </size>
  <color>
   Желтый
  </color>
  <material>
   Нейлон
  </material>
  <price>
   684904
  </price>
  <rating>
   4.54
  </rating>
  <reviews>
   138095
  </reviews>
  <new>
   -
  </new>
  <sporty>
   no
  </sporty>
 </clothing>
 <clothing>
  <id>
   551298713
  </id>
  <name>
   Vans Hat U-1380
  </name>
  <category>
   Hat
  </category>
  <size>
   XXL
  </size>
  <color>
   Зеленый
  </color>
  <material>
   Шелк
  </material>
  <price>
   165593
  </price>
  <rating>
   3.11
  </rating>
  <reviews>
   207028
  </reviews>
 </clothing>
 <clothing>
  <id>
   783590233
  </id>
  <name>
   Adidas Handbags W-4038
  </name>
  <category>
   Handbags
  </category>
  <size>
   S
  </size>
  <color>
   Фиолетовый
  </color>
  <material>
   Полиэстер
  </material>
  <price>
   387122
  </price>
  <rating>
   2.51
  </rating>
  <reviews>
   16242
  </reviews>
  <new>
   -
  </new>
  <exclusive>
   no
  </exclusive>
 </clothing>
 <clothing>
  <id>
   661711491
  </id>
  <name>
   Addidas Hat J-3337
  </name>
  <category>
   Hat
  </category>
  <size>
   M
  </size>
  <color>
   Фиолетовый
  </color>
  <material>
   Полиэстер
  </material>
  <price>
   144603
  </price>
  <rating>
   2.3
  </rating>
  <reviews>
   886144
  </reviews>
  <new>
   +
  </new>
  <exclusive>
   yes
  </exclusive>
  <sporty>
   no
  </sporty>
 </clothing>
 <clothing>
  <id>
   390201698
  </id>
  <name>
   Vans Blouse X-9828
  </name>
  <category>
   Blouse
  </category>
  <size>
   M
  </size>
  <color>
   Желтый
  </color>
  <material>
   Вискоза
  </material>
  <price>
   844367
  </price>
  <rating>
   4.0
  </rating>
  <reviews>
   37284
  </reviews>
  <new>
   +
  </new>
  <exclusive>
   no
  </exclusive>
  <sporty>
   yes
  </sporty>
 </clothing>
 <clothing>
  <id>
   591838166
  </id>
  <name>
   Vans Jacket Y-1026
  </name>
  <category>
   Jacket
  </category>
  <size>
   L
  </size>
  <color>
   Оранжевый
  </color>
  <material>
   Кожа
  </material>
  <price>
   584793
  </price>
  <rating>
   4.15
  </rating>
  <reviews>
   364692
  </reviews>
  <new>
   -
  </new>
  <exclusive>
   no
  </exclusive>
  <sporty>
   yes
  </sporty>
 </clothing>
 <clothing>
  <id>
   970402933
  </id>
  <name>
   Brooks T-shirt T-5925
  </name>
  <category>
   T-shirt
  </category>
  <size>
   XXL
  </size>
  <color>
   Оранжевый
  </color>
  <material>
   Вискоза
  </material>
  <price>
   363985
  </price>
  <rating>
   3.21
  </rating>
  <reviews>
   966608
  </reviews>
  <new>
   +
  </new>
  <exclusive>
   no
  </exclusive>
  <sporty>
   yes
  </sporty>
 </clothing>
 <clothing>
  <id>
   606796185
  </id>
  <name>
   Asics Jacket N-5800
  </name>
  <category>
   Jacket
  </category>
  <size>
   XL
  </size>
  <color>
   Синий
  </color>
  <material>
   Шерсть
  </material>
  <price>
   604586
  </price>
  <rating>
   4.58
  </rating>
  <reviews>
   303780
  </reviews>
 </clothing>
 <clothing>
  <id>
   899209471
  </id>
  <name>
   Vans Socks L-4942
  </name>
  <category>
   Socks
  </category>
  <size>
   XL
  </size>
  <color>
   Фиолетовый
  </color>
  <material>
   Кожа
  </material>
  <price>
   630403
  </price>
  <rating>
   3.66
  </rating>
  <reviews>
   270913
  </reviews>
  <new>
   -
  </new>
  <exclusive>
   yes
  </exclusive>
 </clothing>
 <clothing>
  <id>
   123404885
  </id>
  <name>
   Vans T-shirt T-1104
  </name>
  <category>
   T-shirt
  </category>
  <size>
   M
  </size>
  <color>
   Желтый
  </color>
  <material>
   Кожа
  </material>
  <price>
   638918
  </price>
  <rating>
   1.68
  </rating>
  <reviews>
   667962
  </reviews>
  <exclusive>
   yes
  </exclusive>
 </clothing>
 <clothing>
  <id>
   927906598
  </id>
  <name>
   Addidas Pants E-9710
  </name>
  <category>
   Pants
  </category>
  <size>
   XXL
  </size>
  <color>
   Фиолетовый
  </color>
  <material>
   Хлопок
  </material>
  <price>
   631127
  </price>
  <rating>
   3.19
  </rating>
  <reviews>
   171488
  </reviews>
  <new>
   -
  </new>
  <exclusive>
   no
  </exclusive>
 </clothing>
 <clothing>
  <id>
   295280143
  </id>
  <name>
   Converse Jeans C-9167
  </name>
  <category>
   Jeans
  </category>
  <size>
   M
  </size>
  <color>
   Синий
  </color>
  <material>
   Шерсть
  </material>
  <price>
   521228
  </price>
  <rating>
   2.59
  </rating>
  <reviews>
   377505
  </reviews>
  <new>
   -
  </new>
 </clothing>
 <clothing>
  <id>
   335890907
  </id>
  <name>
   Ellesse Belts O-3006
  </name>
  <category>
   Belts
  </category>
  <size>
   XL
  </size>
  <color>
   Голубой
  </color>
  <material>
   Вискоза
  </material>
  <price>
   281349
  </price>
  <rating>
   2.6
  </rating>
  <reviews>
   393144
  </reviews>
  <new>
   -
  </new>
  <sporty>
   no
  </sporty>
 </clothing>
 <clothing>
  <id>
   696588926
  </id>
  <name>
   Addidas Socks A-9380
  </name>
  <category>
   Socks
  </category>
  <size>
   M
  </size>
  <color>
   Фиолетовый
  </color>
  <material>
   Полиэстер
  </material>
  <price>
   833278
  </price>
  <rating>
   1.11
  </rating>
  <reviews>
   250245
  </reviews>
  <new>
   -
  </new>
  <exclusive>
   no
  </exclusive>
  <sporty>
   no
  </sporty>
 </clothing>
 <clothing>
  <id>
   403059994
  </id>
  <name>
   Addidas Shoes X-4611
  </name>
  <category>
   Shoes
  </category>
  <size>
   M
  </size>
  <color>
   Фиолетовый
  </color>
  <material>
   Шерсть
  </material>
  <price>
   553082
  </price>
  <rating>
   2.72
  </rating>
  <reviews>
   848308
  </reviews>
  <new>
   +
  </new>
  <sporty>
   yes
  </sporty>
 </clothing>
 <clothing>
  <id>
   936608470
  </id>
  <name>
   New Balance Gloves P-3022
  </name>
  <category>
   Gloves
  </category>
  <size>
   XXL
  </size>
  <color>
   Зеленый
  </color>
  <material>
   Нейлон
  </material>
  <price>
   365235
  </price>
  <rating>
   3.43
  </rating>
  <reviews>
   338732
  </reviews>
  <new>
   +
  </new>
  <exclusive>
   no
  </exclusive>
  <sporty>
   yes
  </sporty>
 </clothing>
 <clothing>
  <id>
   242513628
  </id>
  <name>
   PleinSport Umbrellas L-2548
  </name>
  <category>
   Umbrellas
  </category>
  <size>
   XXL
  </size>
  <color>
   Желтый
  </color>
  <material>
   Полиэстер
  </material>
  <price>
   187622
  </price>
  <rating>
   2.37
  </rating>
  <reviews>
   449557
  </reviews>
  <new>
   -
  </new>
  <sporty>
   no
  </sporty>
 </clothing>
 <clothing>
  <id>
   522003815
  </id>
  <name>
   Asics T-shirt C-8838
  </name>
  <category>
   T-shirt
  </category>
  <size>
   M
  </size>
  <color>
   Красный
  </color>
  <material>
   Лен
  </material>
  <price>
   483318
  </price>
  <rating>
   4.26
  </rating>
  <reviews>
   789267
  </reviews>
  <new>
   -
  </new>
  <sporty>
   yes
  </sporty>
 </clothing>
 <clothing>
  <id>
   971406173
  </id>
  <name>
   Lacoste Dress U-3786
  </name>
  <category>
   Dress
  </category>
  <size>
   M
  </size>
  <color>
   Желтый
  </color>
  <material>
   Нейлон
  </material>
  <price>
   751210
  </price>
  <rating>
   2.77
  </rating>
  <reviews>
   567265
  </reviews>
  <sporty>
   no
  </sporty>
 </clothing>
 <clothing>
  <id>
   153833881
  </id>
  <name>
   Addidas Shoes X-8142
  </name>
  <category>
   Shoes
  </category>
  <size>
   M
  </size>
  <color>
   Желтый
  </color>
  <material>
   Вискоза
  </material>
  <price>
   350690
  </price>
  <rating>
   4.12
  </rating>
  <reviews>
   908902
  </reviews>
  <exclusive>
   no
  </exclusive>
  <sporty>
   no
  </sporty>
 </clothing>
 <clothing>
  <id>
   791612017
  </id>
  <name>
   DC Gloves X-9851
  </name>
  <category>
   Gloves
  </category>
  <size>
   L
  </size>
  <color>
   Оранжевый
  </color>
  <material>
   Шелк
  </material>
  <price>
   173846
  </price>
  <rating>
   3.87
  </rating>
  <reviews>
   802527
  </reviews>
  <new>
   +
  </new>
  <exclusive>
   no
  </exclusive>
  <sporty>
   no
  </sporty>
 </clothing>
</clothing-items>
