<?xml version="1.0" encoding="utf-8"?>
<clothing-items>
 <clothing>
  <id>
   235472735
  </id>
  <name>
   Under Armour Dress I-1801
  </name>
  <category>
   Dress
  </category>
  <size>
   L
  </size>
  <color>
   Оранжевый
  </color>
  <material>
   Шерсть
  </material>
  <price>
   968844
  </price>
  <rating>
   4.94
  </rating>
  <reviews>
   636071
  </reviews>
  <new>
   -
  </new>
  <sporty>
   no
  </sporty>
 </clothing>
 <clothing>
  <id>
   502239780
  </id>
  <name>
   Lacoste Handbags Y-4801
  </name>
  <category>
   Handbags
  </category>
  <size>
   S
  </size>
  <color>
   Зеленый
  </color>
  <material>
   Кожа
  </material>
  <price>
   746872
  </price>
  <rating>
   3.34
  </rating>
  <reviews>
   806187
  </reviews>
  <exclusive>
   yes
  </exclusive>
  <sporty>
   yes
  </sporty>
 </clothing>
 <clothing>
  <id>
   587914301
  </id>
  <name>
   Asics Socks B-1570
  </name>
  <category>
   Socks
  </category>
  <size>
   L
  </size>
  <color>
   Голубой
  </color>
  <material>
   Кожа
  </material>
  <price>
   303811
  </price>
  <rating>
   1.96
  </rating>
  <reviews>
   749474
  </reviews>
  <exclusive>
   no
  </exclusive>
 </clothing>
 <clothing>
  <id>
   650479154
  </id>
  <name>
   Asics Dress C-7326
  </name>
  <category>
   Dress
  </category>
  <size>
   XL
  </size>
  <color>
   Синий
  </color>
  <material>
   Лен
  </material>
  <price>
   237886
  </price>
  <rating>
   3.36
  </rating>
  <reviews>
   879919
  </reviews>
  <new>
   -
  </new>
 </clothing>
 <clothing>
  <id>
   856632083
  </id>
  <name>
   New Balance Pants I-3950
  </name>
  <category>
   Pants
  </category>
  <size>
   L
  </size>
  <color>
   Желтый
  </color>
  <material>
   Вискоза
  </material>
  <price>
   354654
  </price>
  <rating>
   2.45
  </rating>
  <reviews>
   519112
  </reviews>
  <exclusive>
   no
  </exclusive>
 </clothing>
 <clothing>
  <id>
   811946884
  </id>
  <name>
   DC Blouse P-9725
  </name>
  <category>
   Blouse
  </category>
  <size>
   XL
  </size>
  <color>
   Зеленый
  </color>
  <material>
   Шелк
  </material>
  <price>
   588668
  </price>
  <rating>
   4.7
  </rating>
  <reviews>
   105113
  </reviews>
  <new>
   +
  </new>
 </clothing>
 <clothing>
  <id>
   645434373
  </id>
  <name>
   Ellesse Dress C-1050
  </name>
  <category>
   Dress
  </category>
  <size>
   L
  </size>
  <color>
   Желтый
  </color>
  <material>
   Шелк
  </material>
  <price>
   170227
  </price>
  <rating>
   1.78
  </rating>
  <reviews>
   647596
  </reviews>
  <new>
   -
  </new>
  <sporty>
   no
  </sporty>
 </clothing>
 <clothing>
  <id>
   792301779
  </id>
  <name>
   Brooks Skirt N-4761
  </name>
  <category>
   Skirt
  </category>
  <size>
   XL
  </size>
  <color>
   Фиолетовый
  </color>
  <material>
   Вискоза
  </material>
  <price>
   222716
  </price>
  <rating>
   1.03
  </rating>
  <reviews>
   515330
  </reviews>
  <new>
   -
  </new>
  <exclusive>
   no
  </exclusive>
 </clothing>
 <clothing>
  <id>
   346030121
  </id>
  <name>
   Puma Belts C-5975
  </name>
  <category>
   Belts
  </category>
  <size>
   XXL
  </size>
  <color>
   Красный
  </color>
  <material>
   Полиэстер
  </material>
  <price>
   261145
  </price>
  <rating>
   4.17
  </rating>
  <reviews>
   399491
  </reviews>
  <exclusive>
   yes
  </exclusive>
 </clothing>
 <clothing>
  <id>
   961839589
  </id>
  <name>
   Puma Gloves U-1338
  </name>
  <category>
   Gloves
  </category>
  <size>
   XL
  </size>
  <color>
   Красный
  </color>
  <material>
   Вискоза
  </material>
  <price>
   676548
  </price>
  <rating>
   3.41
  </rating>
  <reviews>
   525334
  </reviews>
  <new>
   +
  </new>
 </clothing>
 <clothing>
  <id>
   473266927
  </id>
  <name>
   PleinSport Socks G-2517
  </name>
  <category>
   Socks
  </category>
  <size>
   XXL
  </size>
  <color>
   Голубой
  </color>
  <material>
   Шелк
  </material>
  <price>
   878782
  </price>
  <rating>
   2.76
  </rating>
  <reviews>
   12014
  </reviews>
  <new>
   +
  </new>
  <sporty>
   no
  </sporty>
 </clothing>
 <clothing>
  <id>
   308349855
  </id>
  <name>
   Vans Sweater W-2545
  </name>
  <category>
   Sweater
  </category>
  <size>
   S
  </size>
  <color>
   Красный
  </color>
  <material>
   Кожа
  </material>
  <price>
   680585
  </price>
  <rating>
   1.64
  </rating>
  <reviews>
   287990
  </reviews>
  <exclusive>
   no
  </exclusive>
 </clothing>
 <clothing>
  <id>
   347861006
  </id>
  <name>
   Addidas Socks O-8422
  </name>
  <category>
   Socks
  </category>
  <size>
   S
  </size>
  <color>
   Зеленый
  </color>
  <material>
   Хлопок
  </material>
  <price>
   824218
  </price>
  <rating>
   1.94
  </rating>
  <reviews>
   120567
  </reviews>
  <sporty>
   yes
  </sporty>
 </clothing>
 <clothing>
  <id>
   474794632
  </id>
  <name>
   Ellesse Umbrellas G-9516
  </name>
  <category>
   Umbrellas
  </category>
  <size>
   XXL
  </size>
  <color>
   Желтый
  </color>
  <material>
   Хлопок
  </material>
  <price>
   375572
  </price>
  <rating>
   2.2
  </rating>
  <reviews>
   659993
  </reviews>
  <new>
   -
  </new>
  <exclusive>
   yes
  </exclusive>
  <sporty>
   no
  </sporty>
 </clothing>
 <clothing>
  <id>
   261106882
  </id>
  <name>
   New Balance Skirt P-1412
  </name>
  <category>
   Skirt
  </category>
  <size>
   XXL
  </size>
  <color>
   Красный
  </color>
  <material>
   Кожа
  </material>
  <price>
   584518
  </price>
  <rating>
   2.87
  </rating>
  <reviews>
   505456
  </reviews>
  <exclusive>
   no
  </exclusive>
  <sporty>
   yes
  </sporty>
 </clothing>
 <clothing>
  <id>
   686548615
  </id>
  <name>
   Asics Belts F-4260
  </name>
  <category>
   Belts
  </category>
  <size>
   M
  </size>
  <color>
   Голубой
  </color>
  <material>
   Полиэстер
  </material>
  <price>
   124141
  </price>
  <rating>
   4.16
  </rating>
  <reviews>
   102212
  </reviews>
  <new>
   -
  </new>
  <exclusive>
   yes
  </exclusive>
 </clothing>
 <clothing>
  <id>
   203434348
  </id>
  <name>
   Puma Belts G-6752
  </name>
  <category>
   Belts
  </category>
  <size>
   XL
  </size>
  <color>
   Красный
  </color>
  <material>
   Хлопок
  </material>
  <price>
   582655
  </price>
  <rating>
   1.01
  </rating>
  <reviews>
   201927
  </reviews>
  <exclusive>
   no
  </exclusive>
 </clothing>
 <clothing>
  <id>
   648930793
  </id>
  <name>
   Ellesse Hat M-2810
  </name>
  <category>
   Hat
  </category>
  <size>
   S
  </size>
  <color>
   Желтый
  </color>
  <material>
   Лен
  </material>
  <price>
   825060
  </price>
  <rating>
   4.18
  </rating>
  <reviews>
   846622
  </reviews>
  <new>
   -
  </new>
 </clothing>
 <clothing>
  <id>
   254222657
  </id>
  <name>
   Lacoste Hat T-4249
  </name>
  <category>
   Hat
  </category>
  <size>
   XL
  </size>
  <color>
   Зеленый
  </color>
  <material>
   Вискоза
  </material>
  <price>
   977097
  </price>
  <rating>
   3.64
  </rating>
  <reviews>
   363391
  </reviews>
  <new>
   -
  </new>
 </clothing>
 <clothing>
  <id>
   195771891
  </id>
  <name>
   New Balance Pants X-9095
  </name>
  <category>
   Pants
  </category>
  <size>
   XXL
  </size>
  <color>
   Фиолетовый
  </color>
  <material>
   Полиэстер
  </material>
  <price>
   153296
  </price>
  <rating>
   2.24
  </rating>
  <reviews>
   679837
  </reviews>
  <new>
   -
  </new>
  <sporty>
   yes
  </sporty>
 </clothing>
 <clothing>
  <id>
   549404000
  </id>
  <name>
   Adidas Gloves D-6012
  </name>
  <category>
   Gloves
  </category>
  <size>
   XXL
  </size>
  <color>
   Голубой
  </color>
  <material>
   Кожа
  </material>
  <price>
   522947
  </price>
  <rating>
   3.61
  </rating>
  <reviews>
   914508
  </reviews>
  <sporty>
   yes
  </sporty>
 </clothing>
 <clothing>
  <id>
   536185929
  </id>
  <name>
   Converse Jacket E-3931
  </name>
  <category>
   Jacket
  </category>
  <size>
   L
  </size>
  <color>
   Красный
  </color>
  <material>
   Вискоза
  </material>
  <price>
   461437
  </price>
  <rating>
   2.06
  </rating>
  <reviews>
   739535
  </reviews>
  <new>
   -
  </new>
  <exclusive>
   no
  </exclusive>
 </clothing>
 <clothing>
  <id>
   487547257
  </id>
  <name>
   Nike Belts O-6347
  </name>
  <category>
   Belts
  </category>
  <size>
   XL
  </size>
  <color>
   Зеленый
  </color>
  <material>
   Шелк
  </material>
  <price>
   619543
  </price>
  <rating>
   2.49
  </rating>
  <reviews>
   774728
  </reviews>
 </clothing>
 <clothing>
  <id>
   185072180
  </id>
  <name>
   PleinSport Skirt D-2993
  </name>
  <category>
   Skirt
  </category>
  <size>
   M
  </size>
  <color>
   Желтый
  </color>
  <material>
   Полиэстер
  </material>
  <price>
   396781
  </price>
  <rating>
   1.93
  </rating>
  <reviews>
   203556
  </reviews>
  <exclusive>
   yes
  </exclusive>
  <sporty>
   no
  </sporty>
 </clothing>
 <clothing>
  <id>
   763496408
  </id>
  <name>
   Asics Belts Q-6964
  </name>
  <category>
   Belts
  </category>
  <size>
   M
  </size>
  <color>
   Желтый
  </color>
  <material>
   Шерсть
  </material>
  <price>
   117454
  </price>
  <rating>
   3.41
  </rating>
  <reviews>
   453081
  </reviews>
  <new>
   -
  </new>
  <exclusive>
   no
  </exclusive>
 </clothing>
 <clothing>
  <id>
   203513660
  </id>
  <name>
   Asics T-shirt Q-9198
  </name>
  <category>
   T-shirt
  </category>
  <size>
   S
  </size>
  <color>
   Оранжевый
  </color>
  <material>
   Полиэстер
  </material>
  <price>
   660692
  </price>
  <rating>
   2.43
  </rating>
  <reviews>
   262257
  </reviews>
  <new>
   +
  </new>
  <exclusive>
   no
  </exclusive>
  <sporty>
   yes
  </sporty>
 </clothing>
 <clothing>
  <id>
   527372613
  </id>
  <name>
   Vans Blouse S-1336
  </name>
  <category>
   Blouse
  </category>
  <size>
   L
  </size>
  <color>
   Желтый
  </color>
  <material>
   Нейлон
  </material>
  <price>
   118809
  </price>
  <rating>
   4.75
  </rating>
  <reviews>
   414004
  </reviews>
  <new>
   -
  </new>
  <exclusive>
   no
  </exclusive>
  <sporty>
   yes
  </sporty>
 </clothing>
 <clothing>
  <id>
   114950933
  </id>
  <name>
   Ellesse Gloves F-6722
  </name>
  <category>
   Gloves
  </category>
  <size>
   S
  </size>
  <color>
   Оранжевый
  </color>
  <material>
   Шелк
  </material>
  <price>
   803974
  </price>
  <rating>
   3.49
  </rating>
  <reviews>
   763696
  </reviews>
  <exclusive>
   no
  </exclusive>
  <sporty>
   no
  </sporty>
 </clothing>
</clothing-items>
