<?xml version="1.0" encoding="utf-8"?>
<clothing-items>
 <clothing>
  <id>
   457947492
  </id>
  <name>
   Asics T-shirt L-2360
  </name>
  <category>
   T-shirt
  </category>
  <size>
   S
  </size>
  <color>
   Фиолетовый
  </color>
  <material>
   Хлопок
  </material>
  <price>
   642173
  </price>
  <rating>
   2.42
  </rating>
  <reviews>
   439655
  </reviews>
 </clothing>
 <clothing>
  <id>
   380005308
  </id>
  <name>
   Nike Shoes C-8946
  </name>
  <category>
   Shoes
  </category>
  <size>
   XL
  </size>
  <color>
   Синий
  </color>
  <material>
   Полиэстер
  </material>
  <price>
   201960
  </price>
  <rating>
   3.91
  </rating>
  <reviews>
   551275
  </reviews>
  <exclusive>
   no
  </exclusive>
  <sporty>
   no
  </sporty>
 </clothing>
 <clothing>
  <id>
   276352334
  </id>
  <name>
   Brooks Umbrellas M-5761
  </name>
  <category>
   Umbrellas
  </category>
  <size>
   XL
  </size>
  <color>
   Голубой
  </color>
  <material>
   Вискоза
  </material>
  <price>
   801525
  </price>
  <rating>
   2.9
  </rating>
  <reviews>
   498351
  </reviews>
  <sporty>
   yes
  </sporty>
 </clothing>
 <clothing>
  <id>
   363420317
  </id>
  <name>
   Adidas Hat P-1683
  </name>
  <category>
   Hat
  </category>
  <size>
   S
  </size>
  <color>
   Желтый
  </color>
  <material>
   Шелк
  </material>
  <price>
   326714
  </price>
  <rating>
   2.42
  </rating>
  <reviews>
   369745
  </reviews>
  <new>
   +
  </new>
  <exclusive>
   no
  </exclusive>
 </clothing>
 <clothing>
  <id>
   799379462
  </id>
  <name>
   Adidas Blouse S-2874
  </name>
  <category>
   Blouse
  </category>
  <size>
   XL
  </size>
  <color>
   Зеленый
  </color>
  <material>
   Лен
  </material>
  <price>
   107539
  </price>
  <rating>
   4.45
  </rating>
  <reviews>
   287141
  </reviews>
  <new>
   -
  </new>
  <sporty>
   no
  </sporty>
 </clothing>
 <clothing>
  <id>
   758554338
  </id>
  <name>
   Under Armour Umbrellas A-9393
  </name>
  <category>
   Umbrellas
  </category>
  <size>
   L
  </size>
  <color>
   Фиолетовый
  </color>
  <material>
   Хлопок
  </material>
  <price>
   829328
  </price>
  <rating>
   3.99
  </rating>
  <reviews>
   538646
  </reviews>
  <new>
   -
  </new>
 </clothing>
 <clothing>
  <id>
   898313386
  </id>
  <name>
   Converse Gloves W-6182
  </name>
  <category>
   Gloves
  </category>
  <size>
   M
  </size>
  <color>
   Фиолетовый
  </color>
  <material>
   Кожа
  </material>
  <price>
   463152
  </price>
  <rating>
   2.39
  </rating>
  <reviews>
   280587
  </reviews>
  <new>
   +
  </new>
  <exclusive>
   no
  </exclusive>
  <sporty>
   no
  </sporty>
 </clothing>
 <clothing>
  <id>
   561356489
  </id>
  <name>
   Nike Jacket C-4087
  </name>
  <category>
   Jacket
  </category>
  <size>
   XXL
  </size>
  <color>
   Оранжевый
  </color>
  <material>
   Хлопок
  </material>
  <price>
   255214
  </price>
  <rating>
   1.43
  </rating>
  <reviews>
   323503
  </reviews>
  <new>
   -
  </new>
  <exclusive>
   no
  </exclusive>
 </clothing>
 <clothing>
  <id>
   404363526
  </id>
  <name>
   Nike Umbrellas J-5985
  </name>
  <category>
   Umbrellas
  </category>
  <size>
   M
  </size>
  <color>
   Зеленый
  </color>
  <material>
   Шерсть
  </material>
  <price>
   450929
  </price>
  <rating>
   1.27
  </rating>
  <reviews>
   35391
  </reviews>
  <exclusive>
   no
  </exclusive>
 </clothing>
 <clothing>
  <id>
   455686482
  </id>
  <name>
   Converse Pants E-3525
  </name>
  <category>
   Pants
  </category>
  <size>
   XXL
  </size>
  <color>
   Синий
  </color>
  <material>
   Полиэстер
  </material>
  <price>
   337338
  </price>
  <rating>
   4.18
  </rating>
  <reviews>
   172142
  </reviews>
  <new>
   -
  </new>
 </clothing>
 <clothing>
  <id>
   900115500
  </id>
  <name>
   PleinSport Shoes R-2102
  </name>
  <category>
   Shoes
  </category>
  <size>
   XL
  </size>
  <color>
   Красный
  </color>
  <material>
   Полиэстер
  </material>
  <price>
   859662
  </price>
  <rating>
   2.35
  </rating>
  <reviews>
   316378
  </reviews>
  <new>
   -
  </new>
  <exclusive>
   no
  </exclusive>
 </clothing>
</clothing-items>
