<?xml version="1.0" encoding="utf-8"?>
<clothing-items>
 <clothing>
  <id>
   326602673
  </id>
  <name>
   DC Shoes D-5361
  </name>
  <category>
   Shoes
  </category>
  <size>
   M
  </size>
  <color>
   Красный
  </color>
  <material>
   Нейлон
  </material>
  <price>
   663072
  </price>
  <rating>
   2.7
  </rating>
  <reviews>
   461480
  </reviews>
  <new>
   -
  </new>
  <exclusive>
   no
  </exclusive>
  <sporty>
   no
  </sporty>
 </clothing>
 <clothing>
  <id>
   349018094
  </id>
  <name>
   PleinSport Dress H-4758
  </name>
  <category>
   Dress
  </category>
  <size>
   L
  </size>
  <color>
   Красный
  </color>
  <material>
   Кожа
  </material>
  <price>
   887286
  </price>
  <rating>
   3.31
  </rating>
  <reviews>
   316664
  </reviews>
  <new>
   -
  </new>
  <sporty>
   no
  </sporty>
 </clothing>
 <clothing>
  <id>
   623834064
  </id>
  <name>
   Reebok Shirt P-3176
  </name>
  <category>
   Shirt
  </category>
  <size>
   S
  </size>
  <color>
   Красный
  </color>
  <material>
   Кожа
  </material>
  <price>
   523812
  </price>
  <rating>
   3.13
  </rating>
  <reviews>
   778691
  </reviews>
  <sporty>
   yes
  </sporty>
 </clothing>
 <clothing>
  <id>
   646648281
  </id>
  <name>
   Asics Pants T-7024
  </name>
  <category>
   Pants
  </category>
  <size>
   XL
  </size>
  <color>
   Зеленый
  </color>
  <material>
   Нейлон
  </material>
  <price>
   707143
  </price>
  <rating>
   3.22
  </rating>
  <reviews>
   449964
  </reviews>
  <new>
   -
  </new>
  <exclusive>
   no
  </exclusive>
  <sporty>
   yes
  </sporty>
 </clothing>
 <clothing>
  <id>
   889072307
  </id>
  <name>
   Puma Shirt K-7874
  </name>
  <category>
   Shirt
  </category>
  <size>
   XXL
  </size>
  <color>
   Фиолетовый
  </color>
  <material>
   Полиэстер
  </material>
  <price>
   536968
  </price>
  <rating>
   2.64
  </rating>
  <reviews>
   668790
  </reviews>
  <sporty>
   yes
  </sporty>
 </clothing>
 <clothing>
  <id>
   741372278
  </id>
  <name>
   PleinSport Blouse U-1506
  </name>
  <category>
   Blouse
  </category>
  <size>
   L
  </size>
  <color>
   Фиолетовый
  </color>
  <material>
   Хлопок
  </material>
  <price>
   771473
  </price>
  <rating>
   1.66
  </rating>
  <reviews>
   596261
  </reviews>
  <sporty>
   no
  </sporty>
 </clothing>
 <clothing>
  <id>
   531301575
  </id>
  <name>
   Puma T-shirt Z-5290
  </name>
  <category>
   T-shirt
  </category>
  <size>
   XXL
  </size>
  <color>
   Красный
  </color>
  <material>
   Нейлон
  </material>
  <price>
   712997
  </price>
  <rating>
   4.92
  </rating>
  <reviews>
   490534
  </reviews>
 </clothing>
 <clothing>
  <id>
   500647334
  </id>
  <name>
   Puma Pants G-1093
  </name>
  <category>
   Pants
  </category>
  <size>
   L
  </size>
  <color>
   Синий
  </color>
  <material>
   Шерсть
  </material>
  <price>
   696035
  </price>
  <rating>
   1.48
  </rating>
  <reviews>
   562281
  </reviews>
  <new>
   -
  </new>
  <sporty>
   yes
  </sporty>
 </clothing>
 <clothing>
  <id>
   149976510
  </id>
  <name>
   Under Armour Handbags F-5049
  </name>
  <category>
   Handbags
  </category>
  <size>
   XL
  </size>
  <color>
   Зеленый
  </color>
  <material>
   Хлопок
  </material>
  <price>
   863361
  </price>
  <rating>
   3.25
  </rating>
  <reviews>
   189968
  </reviews>
  <exclusive>
   no
  </exclusive>
  <sporty>
   yes
  </sporty>
 </clothing>
 <clothing>
  <id>
   188452206
  </id>
  <name>
   PleinSport Skirt U-3359
  </name>
  <category>
   Skirt
  </category>
  <size>
   XXL
  </size>
  <color>
   Красный
  </color>
  <material>
   Шелк
  </material>
  <price>
   615097
  </price>
  <rating>
   3.71
  </rating>
  <reviews>
   109400
  </reviews>
  <new>
   +
  </new>
  <exclusive>
   yes
  </exclusive>
  <sporty>
   no
  </sporty>
 </clothing>
 <clothing>
  <id>
   215733366
  </id>
  <name>
   Fila Belts U-6964
  </name>
  <category>
   Belts
  </category>
  <size>
   M
  </size>
  <color>
   Фиолетовый
  </color>
  <material>
   Нейлон
  </material>
  <price>
   240569
  </price>
  <rating>
   2.78
  </rating>
  <reviews>
   830595
  </reviews>
  <new>
   -
  </new>
  <exclusive>
   no
  </exclusive>
 </clothing>
 <clothing>
  <id>
   695530914
  </id>
  <name>
   Brooks Sweater C-9920
  </name>
  <category>
   Sweater
  </category>
  <size>
   XXL
  </size>
  <color>
   Зеленый
  </color>
  <material>
   Шерсть
  </material>
  <price>
   493314
  </price>
  <rating>
   3.51
  </rating>
  <reviews>
   257502
  </reviews>
  <new>
   -
  </new>
  <sporty>
   no
  </sporty>
 </clothing>
 <clothing>
  <id>
   734310838
  </id>
  <name>
   Nike Jeans S-6955
  </name>
  <category>
   Jeans
  </category>
  <size>
   L
  </size>
  <color>
   Желтый
  </color>
  <material>
   Кожа
  </material>
  <price>
   920218
  </price>
  <rating>
   2.65
  </rating>
  <reviews>
   755651
  </reviews>
  <exclusive>
   yes
  </exclusive>
 </clothing>
 <clothing>
  <id>
   114215222
  </id>
  <name>
   Under Armour Sweater X-9882
  </name>
  <category>
   Sweater
  </category>
  <size>
   XL
  </size>
  <color>
   Голубой
  </color>
  <material>
   Полиэстер
  </material>
  <price>
   134588
  </price>
  <rating>
   2.22
  </rating>
  <reviews>
   623524
  </reviews>
  <new>
   +
  </new>
  <exclusive>
   no
  </exclusive>
 </clothing>
 <clothing>
  <id>
   346166448
  </id>
  <name>
   Fila Pants I-8529
  </name>
  <category>
   Pants
  </category>
  <size>
   XL
  </size>
  <color>
   Желтый
  </color>
  <material>
   Лен
  </material>
  <price>
   652724
  </price>
  <rating>
   1.23
  </rating>
  <reviews>
   523714
  </reviews>
  <new>
   +
  </new>
  <exclusive>
   no
  </exclusive>
 </clothing>
 <clothing>
  <id>
   262654276
  </id>
  <name>
   Addidas Handbags O-2785
  </name>
  <category>
   Handbags
  </category>
  <size>
   S
  </size>
  <color>
   Фиолетовый
  </color>
  <material>
   Хлопок
  </material>
  <price>
   597490
  </price>
  <rating>
   1.33
  </rating>
  <reviews>
   825594
  </reviews>
  <new>
   -
  </new>
  <exclusive>
   no
  </exclusive>
 </clothing>
 <clothing>
  <id>
   381303812
  </id>
  <name>
   Adidas Umbrellas O-9903
  </name>
  <category>
   Umbrellas
  </category>
  <size>
   S
  </size>
  <color>
   Зеленый
  </color>
  <material>
   Хлопок
  </material>
  <price>
   814149
  </price>
  <rating>
   3.33
  </rating>
  <reviews>
   715546
  </reviews>
  <new>
   -
  </new>
  <sporty>
   no
  </sporty>
 </clothing>
 <clothing>
  <id>
   899049469
  </id>
  <name>
   Brooks Belts W-1504
  </name>
  <category>
   Belts
  </category>
  <size>
   M
  </size>
  <color>
   Оранжевый
  </color>
  <material>
   Полиэстер
  </material>
  <price>
   930455
  </price>
  <rating>
   3.92
  </rating>
  <reviews>
   326739
  </reviews>
  <sporty>
   yes
  </sporty>
 </clothing>
 <clothing>
  <id>
   571920240
  </id>
  <name>
   Converse Handbags W-4682
  </name>
  <category>
   Handbags
  </category>
  <size>
   XL
  </size>
  <color>
   Красный
  </color>
  <material>
   Шелк
  </material>
  <price>
   657436
  </price>
  <rating>
   4.09
  </rating>
  <reviews>
   398046
  </reviews>
  <exclusive>
   no
  </exclusive>
  <sporty>
   yes
  </sporty>
 </clothing>
 <clothing>
  <id>
   947904287
  </id>
  <name>
   PleinSport Umbrellas U-3962
  </name>
  <category>
   Umbrellas
  </category>
  <size>
   L
  </size>
  <color>
   Оранжевый
  </color>
  <material>
   Полиэстер
  </material>
  <price>
   369269
  </price>
  <rating>
   4.22
  </rating>
  <reviews>
   39250
  </reviews>
  <exclusive>
   no
  </exclusive>
  <sporty>
   yes
  </sporty>
 </clothing>
 <clothing>
  <id>
   591032718
  </id>
  <name>
   Addidas Sweater P-2920
  </name>
  <category>
   Sweater
  </category>
  <size>
   XXL
  </size>
  <color>
   Красный
  </color>
  <material>
   Шелк
  </material>
  <price>
   283768
  </price>
  <rating>
   3.74
  </rating>
  <reviews>
   796756
  </reviews>
  <new>
   -
  </new>
 </clothing>
 <clothing>
  <id>
   859215526
  </id>
  <name>
   Reebok T-shirt H-5503
  </name>
  <category>
   T-shirt
  </category>
  <size>
   XL
  </size>
  <color>
   Желтый
  </color>
  <material>
   Шелк
  </material>
  <price>
   298713
  </price>
  <rating>
   1.47
  </rating>
  <reviews>
   773429
  </reviews>
  <exclusive>
   no
  </exclusive>
  <sporty>
   yes
  </sporty>
 </clothing>
 <clothing>
  <id>
   676077299
  </id>
  <name>
   Converse Jacket L-3929
  </name>
  <category>
   Jacket
  </category>
  <size>
   S
  </size>
  <color>
   Красный
  </color>
  <material>
   Шелк
  </material>
  <price>
   846294
  </price>
  <rating>
   1.98
  </rating>
  <reviews>
   830144
  </reviews>
  <new>
   -
  </new>
  <exclusive>
   no
  </exclusive>
 </clothing>
 <clothing>
  <id>
   370356659
  </id>
  <name>
   Adidas T-shirt S-6154
  </name>
  <category>
   T-shirt
  </category>
  <size>
   XXL
  </size>
  <color>
   Красный
  </color>
  <material>
   Шелк
  </material>
  <price>
   746958
  </price>
  <rating>
   1.4
  </rating>
  <reviews>
   968185
  </reviews>
  <exclusive>
   yes
  </exclusive>
 </clothing>
 <clothing>
  <id>
   686988174
  </id>
  <name>
   Reebok Umbrellas G-5084
  </name>
  <category>
   Umbrellas
  </category>
  <size>
   M
  </size>
  <color>
   Желтый
  </color>
  <material>
   Вискоза
  </material>
  <price>
   610747
  </price>
  <rating>
   2.36
  </rating>
  <reviews>
   813297
  </reviews>
  <new>
   -
  </new>
  <exclusive>
   no
  </exclusive>
  <sporty>
   yes
  </sporty>
 </clothing>
 <clothing>
  <id>
   147180570
  </id>
  <name>
   Reebok Umbrellas T-9610
  </name>
  <category>
   Umbrellas
  </category>
  <size>
   L
  </size>
  <color>
   Фиолетовый
  </color>
  <material>
   Лен
  </material>
  <price>
   559407
  </price>
  <rating>
   2.65
  </rating>
  <reviews>
   35911
  </reviews>
  <new>
   +
  </new>
 </clothing>
 <clothing>
  <id>
   385727545
  </id>
  <name>
   DC Skirt F-6881
  </name>
  <category>
   Skirt
  </category>
  <size>
   S
  </size>
  <color>
   Красный
  </color>
  <material>
   Кожа
  </material>
  <price>
   365736
  </price>
  <rating>
   4.56
  </rating>
  <reviews>
   508609
  </reviews>
  <new>
   -
  </new>
  <exclusive>
   yes
  </exclusive>
  <sporty>
   no
  </sporty>
 </clothing>
 <clothing>
  <id>
   752459805
  </id>
  <name>
   Converse Jeans J-3364
  </name>
  <category>
   Jeans
  </category>
  <size>
   M
  </size>
  <color>
   Фиолетовый
  </color>
  <material>
   Кожа
  </material>
  <price>
   207006
  </price>
  <rating>
   4.84
  </rating>
  <reviews>
   955687
  </reviews>
  <new>
   +
  </new>
  <exclusive>
   yes
  </exclusive>
  <sporty>
   yes
  </sporty>
 </clothing>
 <clothing>
  <id>
   274703744
  </id>
  <name>
   Reebok Socks O-1929
  </name>
  <category>
   Socks
  </category>
  <size>
   L
  </size>
  <color>
   Зеленый
  </color>
  <material>
   Шелк
  </material>
  <price>
   711570
  </price>
  <rating>
   4.87
  </rating>
  <reviews>
   275748
  </reviews>
  <exclusive>
   yes
  </exclusive>
 </clothing>
 <clothing>
  <id>
   145269856
  </id>
  <name>
   Puma Handbags H-6463
  </name>
  <category>
   Handbags
  </category>
  <size>
   L
  </size>
  <color>
   Зеленый
  </color>
  <material>
   Шелк
  </material>
  <price>
   627649
  </price>
  <rating>
   4.27
  </rating>
  <reviews>
   623106
  </reviews>
  <exclusive>
   no
  </exclusive>
 </clothing>
</clothing-items>
