<?xml version="1.0" encoding="utf-8"?>
<clothing-items>
 <clothing>
  <id>
   246416874
  </id>
  <name>
   Asics Gloves R-2542
  </name>
  <category>
   Gloves
  </category>
  <size>
   XL
  </size>
  <color>
   Красный
  </color>
  <material>
   Вискоза
  </material>
  <price>
   149047
  </price>
  <rating>
   1.74
  </rating>
  <reviews>
   229489
  </reviews>
  <new>
   -
  </new>
  <exclusive>
   yes
  </exclusive>
 </clothing>
 <clothing>
  <id>
   850005162
  </id>
  <name>
   Ellesse Belts V-3812
  </name>
  <category>
   Belts
  </category>
  <size>
   S
  </size>
  <color>
   Синий
  </color>
  <material>
   Полиэстер
  </material>
  <price>
   146463
  </price>
  <rating>
   3.06
  </rating>
  <reviews>
   47987
  </reviews>
  <exclusive>
   no
  </exclusive>
  <sporty>
   yes
  </sporty>
 </clothing>
 <clothing>
  <id>
   816184388
  </id>
  <name>
   Lacoste Dress C-4274
  </name>
  <category>
   Dress
  </category>
  <size>
   M
  </size>
  <color>
   Оранжевый
  </color>
  <material>
   Вискоза
  </material>
  <price>
   498852
  </price>
  <rating>
   1.1
  </rating>
  <reviews>
   214455
  </reviews>
  <exclusive>
   yes
  </exclusive>
  <sporty>
   no
  </sporty>
 </clothing>
 <clothing>
  <id>
   873938544
  </id>
  <name>
   Adidas Umbrellas A-4126
  </name>
  <category>
   Umbrellas
  </category>
  <size>
   L
  </size>
  <color>
   Зеленый
  </color>
  <material>
   Кожа
  </material>
  <price>
   964895
  </price>
  <rating>
   2.45
  </rating>
  <reviews>
   777726
  </reviews>
 </clothing>
 <clothing>
  <id>
   711952196
  </id>
  <name>
   Nike Socks S-7278
  </name>
  <category>
   Socks
  </category>
  <size>
   M
  </size>
  <color>
   Желтый
  </color>
  <material>
   Шелк
  </material>
  <price>
   420943
  </price>
  <rating>
   4.39
  </rating>
  <reviews>
   104328
  </reviews>
  <new>
   +
  </new>
  <exclusive>
   yes
  </exclusive>
 </clothing>
 <clothing>
  <id>
   650989175
  </id>
  <name>
   Addidas Dress N-6039
  </name>
  <category>
   Dress
  </category>
  <size>
   M
  </size>
  <color>
   Фиолетовый
  </color>
  <material>
   Хлопок
  </material>
  <price>
   658410
  </price>
  <rating>
   4.21
  </rating>
  <reviews>
   601311
  </reviews>
  <new>
   -
  </new>
  <sporty>
   no
  </sporty>
 </clothing>
 <clothing>
  <id>
   731453720
  </id>
  <name>
   Nike Handbags O-7961
  </name>
  <category>
   Handbags
  </category>
  <size>
   XXL
  </size>
  <color>
   Голубой
  </color>
  <material>
   Шерсть
  </material>
  <price>
   419827
  </price>
  <rating>
   3.49
  </rating>
  <reviews>
   216819
  </reviews>
  <exclusive>
   yes
  </exclusive>
 </clothing>
 <clothing>
  <id>
   842172508
  </id>
  <name>
   Converse Dress T-2056
  </name>
  <category>
   Dress
  </category>
  <size>
   S
  </size>
  <color>
   Красный
  </color>
  <material>
   Шерсть
  </material>
  <price>
   359729
  </price>
  <rating>
   4.94
  </rating>
  <reviews>
   169951
  </reviews>
  <new>
   +
  </new>
  <exclusive>
   yes
  </exclusive>
  <sporty>
   no
  </sporty>
 </clothing>
 <clothing>
  <id>
   635547163
  </id>
  <name>
   Lacoste Jeans Z-7133
  </name>
  <category>
   Jeans
  </category>
  <size>
   L
  </size>
  <color>
   Оранжевый
  </color>
  <material>
   Нейлон
  </material>
  <price>
   768831
  </price>
  <rating>
   1.75
  </rating>
  <reviews>
   435042
  </reviews>
  <new>
   -
  </new>
 </clothing>
 <clothing>
  <id>
   342071968
  </id>
  <name>
   Reebok Umbrellas N-4969
  </name>
  <category>
   Umbrellas
  </category>
  <size>
   S
  </size>
  <color>
   Красный
  </color>
  <material>
   Лен
  </material>
  <price>
   741830
  </price>
  <rating>
   4.92
  </rating>
  <reviews>
   432618
  </reviews>
  <exclusive>
   no
  </exclusive>
  <sporty>
   yes
  </sporty>
 </clothing>
 <clothing>
  <id>
   368619140
  </id>
  <name>
   Ellesse Blouse A-5042
  </name>
  <category>
   Blouse
  </category>
  <size>
   L
  </size>
  <color>
   Голубой
  </color>
  <material>
   Полиэстер
  </material>
  <price>
   304446
  </price>
  <rating>
   4.82
  </rating>
  <reviews>
   960433
  </reviews>
  <new>
   -
  </new>
  <exclusive>
   no
  </exclusive>
 </clothing>
 <clothing>
  <id>
   347469931
  </id>
  <name>
   Puma Jacket X-7484
  </name>
  <category>
   Jacket
  </category>
  <size>
   L
  </size>
  <color>
   Голубой
  </color>
  <material>
   Лен
  </material>
  <price>
   841114
  </price>
  <rating>
   4.92
  </rating>
  <reviews>
   87630
  </reviews>
  <new>
   +
  </new>
  <exclusive>
   no
  </exclusive>
 </clothing>
 <clothing>
  <id>
   468018037
  </id>
  <name>
   Puma Handbags Q-9704
  </name>
  <category>
   Handbags
  </category>
  <size>
   L
  </size>
  <color>
   Голубой
  </color>
  <material>
   Лен
  </material>
  <price>
   948636
  </price>
  <rating>
   4.43
  </rating>
  <reviews>
   157232
  </reviews>
 </clothing>
 <clothing>
  <id>
   107628426
  </id>
  <name>
   Lacoste Socks D-4835
  </name>
  <category>
   Socks
  </category>
  <size>
   M
  </size>
  <color>
   Фиолетовый
  </color>
  <material>
   Нейлон
  </material>
  <price>
   504322
  </price>
  <rating>
   4.66
  </rating>
  <reviews>
   255007
  </reviews>
  <new>
   +
  </new>
 </clothing>
 <clothing>
  <id>
   517624460
  </id>
  <name>
   Addidas Handbags N-8944
  </name>
  <category>
   Handbags
  </category>
  <size>
   XXL
  </size>
  <color>
   Фиолетовый
  </color>
  <material>
   Полиэстер
  </material>
  <price>
   874399
  </price>
  <rating>
   2.02
  </rating>
  <reviews>
   623400
  </reviews>
  <sporty>
   no
  </sporty>
 </clothing>
 <clothing>
  <id>
   729102524
  </id>
  <name>
   Converse Jeans C-4301
  </name>
  <category>
   Jeans
  </category>
  <size>
   XL
  </size>
  <color>
   Синий
  </color>
  <material>
   Хлопок
  </material>
  <price>
   637552
  </price>
  <rating>
   2.83
  </rating>
  <reviews>
   743772
  </reviews>
  <new>
   -
  </new>
  <exclusive>
   yes
  </exclusive>
  <sporty>
   yes
  </sporty>
 </clothing>
 <clothing>
  <id>
   622092074
  </id>
  <name>
   Adidas Hat O-7817
  </name>
  <category>
   Hat
  </category>
  <size>
   M
  </size>
  <color>
   Синий
  </color>
  <material>
   Полиэстер
  </material>
  <price>
   652416
  </price>
  <rating>
   2.77
  </rating>
  <reviews>
   393980
  </reviews>
  <new>
   +
  </new>
  <exclusive>
   no
  </exclusive>
  <sporty>
   no
  </sporty>
 </clothing>
 <clothing>
  <id>
   500498527
  </id>
  <name>
   Ellesse Jacket C-8418
  </name>
  <category>
   Jacket
  </category>
  <size>
   XXL
  </size>
  <color>
   Оранжевый
  </color>
  <material>
   Кожа
  </material>
  <price>
   656251
  </price>
  <rating>
   3.51
  </rating>
  <reviews>
   40856
  </reviews>
  <sporty>
   no
  </sporty>
 </clothing>
 <clothing>
  <id>
   423953433
  </id>
  <name>
   Lacoste Blouse M-7993
  </name>
  <category>
   Blouse
  </category>
  <size>
   XXL
  </size>
  <color>
   Синий
  </color>
  <material>
   Вискоза
  </material>
  <price>
   491894
  </price>
  <rating>
   4.15
  </rating>
  <reviews>
   500498
  </reviews>
  <new>
   -
  </new>
  <exclusive>
   no
  </exclusive>
  <sporty>
   no
  </sporty>
 </clothing>
 <clothing>
  <id>
   385027459
  </id>
  <name>
   Under Armour Skirt T-2160
  </name>
  <category>
   Skirt
  </category>
  <size>
   XL
  </size>
  <color>
   Фиолетовый
  </color>
  <material>
   Хлопок
  </material>
  <price>
   431726
  </price>
  <rating>
   4.2
  </rating>
  <reviews>
   449598
  </reviews>
  <exclusive>
   no
  </exclusive>
 </clothing>
 <clothing>
  <id>
   751941681
  </id>
  <name>
   Puma Umbrellas B-1342
  </name>
  <category>
   Umbrellas
  </category>
  <size>
   XL
  </size>
  <color>
   Оранжевый
  </color>
  <material>
   Кожа
  </material>
  <price>
   748512
  </price>
  <rating>
   1.65
  </rating>
  <reviews>
   848861
  </reviews>
  <exclusive>
   no
  </exclusive>
  <sporty>
   yes
  </sporty>
 </clothing>
 <clothing>
  <id>
   910232510
  </id>
  <name>
   Lacoste Skirt Z-5287
  </name>
  <category>
   Skirt
  </category>
  <size>
   S
  </size>
  <color>
   Голубой
  </color>
  <material>
   Кожа
  </material>
  <price>
   993850
  </price>
  <rating>
   2.67
  </rating>
  <reviews>
   601803
  </reviews>
  <new>
   -
  </new>
  <sporty>
   yes
  </sporty>
 </clothing>
 <clothing>
  <id>
   399975509
  </id>
  <name>
   Vans Shoes P-1499
  </name>
  <category>
   Shoes
  </category>
  <size>
   M
  </size>
  <color>
   Зеленый
  </color>
  <material>
   Полиэстер
  </material>
  <price>
   845647
  </price>
  <rating>
   2.35
  </rating>
  <reviews>
   148795
  </reviews>
  <new>
   -
  </new>
  <exclusive>
   no
  </exclusive>
  <sporty>
   no
  </sporty>
 </clothing>
 <clothing>
  <id>
   253512696
  </id>
  <name>
   Addidas Jacket J-7629
  </name>
  <category>
   Jacket
  </category>
  <size>
   S
  </size>
  <color>
   Голубой
  </color>
  <material>
   Шелк
  </material>
  <price>
   320908
  </price>
  <rating>
   2.64
  </rating>
  <reviews>
   157010
  </reviews>
  <new>
   -
  </new>
  <sporty>
   yes
  </sporty>
 </clothing>
 <clothing>
  <id>
   625011083
  </id>
  <name>
   Reebok Socks D-8991
  </name>
  <category>
   Socks
  </category>
  <size>
   XXL
  </size>
  <color>
   Оранжевый
  </color>
  <material>
   Полиэстер
  </material>
  <price>
   367990
  </price>
  <rating>
   1.26
  </rating>
  <reviews>
   369857
  </reviews>
  <sporty>
   no
  </sporty>
 </clothing>
 <clothing>
  <id>
   751723735
  </id>
  <name>
   Converse Shirt E-9353
  </name>
  <category>
   Shirt
  </category>
  <size>
   L
  </size>
  <color>
   Зеленый
  </color>
  <material>
   Шелк
  </material>
  <price>
   546952
  </price>
  <rating>
   4.09
  </rating>
  <reviews>
   721482
  </reviews>
 </clothing>
 <clothing>
  <id>
   408087581
  </id>
  <name>
   Reebok T-shirt Y-1619
  </name>
  <category>
   T-shirt
  </category>
  <size>
   XXL
  </size>
  <color>
   Желтый
  </color>
  <material>
   Шелк
  </material>
  <price>
   212855
  </price>
  <rating>
   1.37
  </rating>
  <reviews>
   804712
  </reviews>
  <sporty>
   yes
  </sporty>
 </clothing>
 <clothing>
  <id>
   417058502
  </id>
  <name>
   New Balance T-shirt U-9054
  </name>
  <category>
   T-shirt
  </category>
  <size>
   XXL
  </size>
  <color>
   Желтый
  </color>
  <material>
   Шерсть
  </material>
  <price>
   422948
  </price>
  <rating>
   3.32
  </rating>
  <reviews>
   467353
  </reviews>
  <new>
   +
  </new>
  <exclusive>
   no
  </exclusive>
  <sporty>
   yes
  </sporty>
 </clothing>
 <clothing>
  <id>
   584200133
  </id>
  <name>
   Under Armour Jacket C-4641
  </name>
  <category>
   Jacket
  </category>
  <size>
   XL
  </size>
  <color>
   Красный
  </color>
  <material>
   Лен
  </material>
  <price>
   828794
  </price>
  <rating>
   4.09
  </rating>
  <reviews>
   787090
  </reviews>
 </clothing>
 <clothing>
  <id>
   854998284
  </id>
  <name>
   Nike Dress V-5206
  </name>
  <category>
   Dress
  </category>
  <size>
   L
  </size>
  <color>
   Синий
  </color>
  <material>
   Кожа
  </material>
  <price>
   782062
  </price>
  <rating>
   2.28
  </rating>
  <reviews>
   383210
  </reviews>
  <new>
   -
  </new>
  <sporty>
   no
  </sporty>
 </clothing>
 <clothing>
  <id>
   475435682
  </id>
  <name>
   Ellesse Pants W-9913
  </name>
  <category>
   Pants
  </category>
  <size>
   L
  </size>
  <color>
   Голубой
  </color>
  <material>
   Шелк
  </material>
  <price>
   519445
  </price>
  <rating>
   2.27
  </rating>
  <reviews>
   595488
  </reviews>
 </clothing>
 <clothing>
  <id>
   463867167
  </id>
  <name>
   Nike Hat E-6414
  </name>
  <category>
   Hat
  </category>
  <size>
   XXL
  </size>
  <color>
   Голубой
  </color>
  <material>
   Шелк
  </material>
  <price>
   200269
  </price>
  <rating>
   3.37
  </rating>
  <reviews>
   110528
  </reviews>
  <exclusive>
   yes
  </exclusive>
  <sporty>
   no
  </sporty>
 </clothing>
</clothing-items>
