<?xml version="1.0" encoding="utf-8"?>
<clothing-items>
 <clothing>
  <id>
   446949369
  </id>
  <name>
   Fila Shirt W-2141
  </name>
  <category>
   Shirt
  </category>
  <size>
   XXL
  </size>
  <color>
   Синий
  </color>
  <material>
   Кожа
  </material>
  <price>
   169575
  </price>
  <rating>
   3.51
  </rating>
  <reviews>
   526924
  </reviews>
  <new>
   +
  </new>
  <exclusive>
   no
  </exclusive>
 </clothing>
 <clothing>
  <id>
   128438831
  </id>
  <name>
   Converse Socks B-6873
  </name>
  <category>
   Socks
  </category>
  <size>
   L
  </size>
  <color>
   Красный
  </color>
  <material>
   Шелк
  </material>
  <price>
   449741
  </price>
  <rating>
   4.41
  </rating>
  <reviews>
   670521
  </reviews>
  <new>
   -
  </new>
  <sporty>
   no
  </sporty>
 </clothing>
 <clothing>
  <id>
   161799215
  </id>
  <name>
   Vans Dress B-7721
  </name>
  <category>
   Dress
  </category>
  <size>
   L
  </size>
  <color>
   Оранжевый
  </color>
  <material>
   Кожа
  </material>
  <price>
   212578
  </price>
  <rating>
   1.68
  </rating>
  <reviews>
   731104
  </reviews>
  <exclusive>
   no
  </exclusive>
  <sporty>
   no
  </sporty>
 </clothing>
 <clothing>
  <id>
   859557837
  </id>
  <name>
   Under Armour Skirt V-2552
  </name>
  <category>
   Skirt
  </category>
  <size>
   XXL
  </size>
  <color>
   Желтый
  </color>
  <material>
   Лен
  </material>
  <price>
   414165
  </price>
  <rating>
   4.28
  </rating>
  <reviews>
   567092
  </reviews>
  <new>
   +
  </new>
  <exclusive>
   no
  </exclusive>
 </clothing>
 <clothing>
  <id>
   246154899
  </id>
  <name>
   Ellesse Blouse Z-3616
  </name>
  <category>
   Blouse
  </category>
  <size>
   XXL
  </size>
  <color>
   Синий
  </color>
  <material>
   Шелк
  </material>
  <price>
   134070
  </price>
  <rating>
   1.35
  </rating>
  <reviews>
   767294
  </reviews>
  <sporty>
   yes
  </sporty>
 </clothing>
 <clothing>
  <id>
   454134641
  </id>
  <name>
   Lacoste Shirt S-8467
  </name>
  <category>
   Shirt
  </category>
  <size>
   L
  </size>
  <color>
   Зеленый
  </color>
  <material>
   Хлопок
  </material>
  <price>
   563704
  </price>
  <rating>
   4.98
  </rating>
  <reviews>
   992972
  </reviews>
  <new>
   -
  </new>
  <exclusive>
   no
  </exclusive>
  <sporty>
   no
  </sporty>
 </clothing>
 <clothing>
  <id>
   553493327
  </id>
  <name>
   Under Armour Sweater U-3473
  </name>
  <category>
   Sweater
  </category>
  <size>
   S
  </size>
  <color>
   Оранжевый
  </color>
  <material>
   Кожа
  </material>
  <price>
   493167
  </price>
  <rating>
   1.31
  </rating>
  <reviews>
   553985
  </reviews>
  <exclusive>
   no
  </exclusive>
 </clothing>
 <clothing>
  <id>
   668259113
  </id>
  <name>
   New Balance Hat E-9031
  </name>
  <category>
   Hat
  </category>
  <size>
   XXL
  </size>
  <color>
   Фиолетовый
  </color>
  <material>
   Вискоза
  </material>
  <price>
   122900
  </price>
  <rating>
   1.26
  </rating>
  <reviews>
   241497
  </reviews>
  <new>
   +
  </new>
 </clothing>
 <clothing>
  <id>
   682786189
  </id>
  <name>
   Reebok Socks M-5885
  </name>
  <category>
   Socks
  </category>
  <size>
   XXL
  </size>
  <color>
   Желтый
  </color>
  <material>
   Шелк
  </material>
  <price>
   522315
  </price>
  <rating>
   1.84
  </rating>
  <reviews>
   981471
  </reviews>
  <sporty>
   no
  </sporty>
 </clothing>
 <clothing>
  <id>
   165336366
  </id>
  <name>
   New Balance T-shirt T-4067
  </name>
  <category>
   T-shirt
  </category>
  <size>
   XL
  </size>
  <color>
   Желтый
  </color>
  <material>
   Вискоза
  </material>
  <price>
   138492
  </price>
  <rating>
   3.19
  </rating>
  <reviews>
   813751
  </reviews>
  <exclusive>
   yes
  </exclusive>
 </clothing>
 <clothing>
  <id>
   506986693
  </id>
  <name>
   Under Armour Shirt G-9925
  </name>
  <category>
   Shirt
  </category>
  <size>
   XL
  </size>
  <color>
   Зеленый
  </color>
  <material>
   Лен
  </material>
  <price>
   253457
  </price>
  <rating>
   2.61
  </rating>
  <reviews>
   460195
  </reviews>
  <new>
   +
  </new>
  <exclusive>
   no
  </exclusive>
  <sporty>
   yes
  </sporty>
 </clothing>
</clothing-items>
