<?xml version="1.0" encoding="utf-8"?>
<clothing-items>
 <clothing>
  <id>
   938398126
  </id>
  <name>
   PleinSport Socks K-6424
  </name>
  <category>
   Socks
  </category>
  <size>
   M
  </size>
  <color>
   Красный
  </color>
  <material>
   Хлопок
  </material>
  <price>
   851282
  </price>
  <rating>
   1.7
  </rating>
  <reviews>
   719459
  </reviews>
  <new>
   +
  </new>
  <exclusive>
   no
  </exclusive>
 </clothing>
 <clothing>
  <id>
   393789346
  </id>
  <name>
   Puma Dress V-8654
  </name>
  <category>
   Dress
  </category>
  <size>
   XL
  </size>
  <color>
   Голубой
  </color>
  <material>
   Вискоза
  </material>
  <price>
   332682
  </price>
  <rating>
   1.05
  </rating>
  <reviews>
   872939
  </reviews>
  <sporty>
   yes
  </sporty>
 </clothing>
 <clothing>
  <id>
   386101514
  </id>
  <name>
   PleinSport Skirt Y-6228
  </name>
  <category>
   Skirt
  </category>
  <size>
   XL
  </size>
  <color>
   Желтый
  </color>
  <material>
   Кожа
  </material>
  <price>
   537718
  </price>
  <rating>
   1.49
  </rating>
  <reviews>
   608744
  </reviews>
  <new>
   -
  </new>
  <exclusive>
   yes
  </exclusive>
 </clothing>
 <clothing>
  <id>
   232875207
  </id>
  <name>
   Brooks Pants D-9667
  </name>
  <category>
   Pants
  </category>
  <size>
   XL
  </size>
  <color>
   Красный
  </color>
  <material>
   Полиэстер
  </material>
  <price>
   625174
  </price>
  <rating>
   1.4
  </rating>
  <reviews>
   759682
  </reviews>
  <exclusive>
   no
  </exclusive>
  <sporty>
   no
  </sporty>
 </clothing>
 <clothing>
  <id>
   787816275
  </id>
  <name>
   Fila Umbrellas L-1103
  </name>
  <category>
   Umbrellas
  </category>
  <size>
   M
  </size>
  <color>
   Голубой
  </color>
  <material>
   Нейлон
  </material>
  <price>
   106680
  </price>
  <rating>
   4.41
  </rating>
  <reviews>
   509568
  </reviews>
  <exclusive>
   no
  </exclusive>
 </clothing>
 <clothing>
  <id>
   487973567
  </id>
  <name>
   New Balance T-shirt S-9478
  </name>
  <category>
   T-shirt
  </category>
  <size>
   L
  </size>
  <color>
   Желтый
  </color>
  <material>
   Полиэстер
  </material>
  <price>
   357892
  </price>
  <rating>
   3.04
  </rating>
  <reviews>
   588202
  </reviews>
  <exclusive>
   yes
  </exclusive>
 </clothing>
 <clothing>
  <id>
   415390439
  </id>
  <name>
   Puma Hat J-5109
  </name>
  <category>
   Hat
  </category>
  <size>
   XXL
  </size>
  <color>
   Зеленый
  </color>
  <material>
   Кожа
  </material>
  <price>
   719665
  </price>
  <rating>
   1.17
  </rating>
  <reviews>
   169218
  </reviews>
  <new>
   -
  </new>
  <sporty>
   yes
  </sporty>
 </clothing>
 <clothing>
  <id>
   618267507
  </id>
  <name>
   Adidas Skirt Q-9698
  </name>
  <category>
   Skirt
  </category>
  <size>
   S
  </size>
  <color>
   Красный
  </color>
  <material>
   Полиэстер
  </material>
  <price>
   928803
  </price>
  <rating>
   1.13
  </rating>
  <reviews>
   567357
  </reviews>
  <new>
   -
  </new>
  <exclusive>
   yes
  </exclusive>
 </clothing>
 <clothing>
  <id>
   955386546
  </id>
  <name>
   Reebok Sweater K-4866
  </name>
  <category>
   Sweater
  </category>
  <size>
   S
  </size>
  <color>
   Синий
  </color>
  <material>
   Хлопок
  </material>
  <price>
   301459
  </price>
  <rating>
   3.9
  </rating>
  <reviews>
   92161
  </reviews>
  <new>
   -
  </new>
  <exclusive>
   no
  </exclusive>
 </clothing>
 <clothing>
  <id>
   477545167
  </id>
  <name>
   New Balance Socks J-3725
  </name>
  <category>
   Socks
  </category>
  <size>
   L
  </size>
  <color>
   Желтый
  </color>
  <material>
   Нейлон
  </material>
  <price>
   405901
  </price>
  <rating>
   1.05
  </rating>
  <reviews>
   424806
  </reviews>
  <new>
   +
  </new>
  <exclusive>
   no
  </exclusive>
 </clothing>
 <clothing>
  <id>
   391917549
  </id>
  <name>
   Ellesse Skirt A-7504
  </name>
  <category>
   Skirt
  </category>
  <size>
   L
  </size>
  <color>
   Голубой
  </color>
  <material>
   Кожа
  </material>
  <price>
   965963
  </price>
  <rating>
   3.78
  </rating>
  <reviews>
   235384
  </reviews>
  <new>
   -
  </new>
  <exclusive>
   no
  </exclusive>
  <sporty>
   yes
  </sporty>
 </clothing>
 <clothing>
  <id>
   494490540
  </id>
  <name>
   Nike Blouse H-8652
  </name>
  <category>
   Blouse
  </category>
  <size>
   S
  </size>
  <color>
   Зеленый
  </color>
  <material>
   Шерсть
  </material>
  <price>
   231615
  </price>
  <rating>
   3.09
  </rating>
  <reviews>
   907181
  </reviews>
  <new>
   -
  </new>
  <exclusive>
   yes
  </exclusive>
  <sporty>
   yes
  </sporty>
 </clothing>
 <clothing>
  <id>
   583788526
  </id>
  <name>
   Adidas T-shirt D-5158
  </name>
  <category>
   T-shirt
  </category>
  <size>
   XXL
  </size>
  <color>
   Зеленый
  </color>
  <material>
   Шелк
  </material>
  <price>
   783235
  </price>
  <rating>
   1.95
  </rating>
  <reviews>
   502203
  </reviews>
  <new>
   +
  </new>
 </clothing>
 <clothing>
  <id>
   579710767
  </id>
  <name>
   Lacoste Socks I-8800
  </name>
  <category>
   Socks
  </category>
  <size>
   XXL
  </size>
  <color>
   Красный
  </color>
  <material>
   Вискоза
  </material>
  <price>
   457123
  </price>
  <rating>
   3.65
  </rating>
  <reviews>
   206136
  </reviews>
  <exclusive>
   yes
  </exclusive>
  <sporty>
   no
  </sporty>
 </clothing>
 <clothing>
  <id>
   249791441
  </id>
  <name>
   Reebok Jeans T-4105
  </name>
  <category>
   Jeans
  </category>
  <size>
   XXL
  </size>
  <color>
   Голубой
  </color>
  <material>
   Кожа
  </material>
  <price>
   497373
  </price>
  <rating>
   3.0
  </rating>
  <reviews>
   82665
  </reviews>
  <exclusive>
   yes
  </exclusive>
 </clothing>
 <clothing>
  <id>
   313374521
  </id>
  <name>
   Addidas Blouse R-1721
  </name>
  <category>
   Blouse
  </category>
  <size>
   L
  </size>
  <color>
   Фиолетовый
  </color>
  <material>
   Шерсть
  </material>
  <price>
   223784
  </price>
  <rating>
   1.24
  </rating>
  <reviews>
   258443
  </reviews>
  <new>
   +
  </new>
 </clothing>
 <clothing>
  <id>
   146571689
  </id>
  <name>
   DC Skirt O-3833
  </name>
  <category>
   Skirt
  </category>
  <size>
   XXL
  </size>
  <color>
   Красный
  </color>
  <material>
   Лен
  </material>
  <price>
   882985
  </price>
  <rating>
   4.12
  </rating>
  <reviews>
   513318
  </reviews>
  <new>
   -
  </new>
  <sporty>
   no
  </sporty>
 </clothing>
 <clothing>
  <id>
   223715519
  </id>
  <name>
   Ellesse Gloves W-5178
  </name>
  <category>
   Gloves
  </category>
  <size>
   XXL
  </size>
  <color>
   Фиолетовый
  </color>
  <material>
   Кожа
  </material>
  <price>
   753424
  </price>
  <rating>
   2.31
  </rating>
  <reviews>
   648324
  </reviews>
  <new>
   -
  </new>
  <exclusive>
   no
  </exclusive>
  <sporty>
   no
  </sporty>
 </clothing>
 <clothing>
  <id>
   426150893
  </id>
  <name>
   Puma Belts K-8077
  </name>
  <category>
   Belts
  </category>
  <size>
   XL
  </size>
  <color>
   Красный
  </color>
  <material>
   Нейлон
  </material>
  <price>
   564608
  </price>
  <rating>
   2.72
  </rating>
  <reviews>
   15174
  </reviews>
  <new>
   +
  </new>
  <sporty>
   no
  </sporty>
 </clothing>
 <clothing>
  <id>
   319212812
  </id>
  <name>
   New Balance Hat T-5669
  </name>
  <category>
   Hat
  </category>
  <size>
   XL
  </size>
  <color>
   Оранжевый
  </color>
  <material>
   Кожа
  </material>
  <price>
   999195
  </price>
  <rating>
   3.09
  </rating>
  <reviews>
   939710
  </reviews>
  <new>
   -
  </new>
 </clothing>
 <clothing>
  <id>
   256767933
  </id>
  <name>
   Adidas Handbags J-1409
  </name>
  <category>
   Handbags
  </category>
  <size>
   XXL
  </size>
  <color>
   Голубой
  </color>
  <material>
   Хлопок
  </material>
  <price>
   844841
  </price>
  <rating>
   2.14
  </rating>
  <reviews>
   311226
  </reviews>
  <new>
   +
  </new>
  <exclusive>
   no
  </exclusive>
 </clothing>
 <clothing>
  <id>
   869792712
  </id>
  <name>
   Vans Handbags X-6586
  </name>
  <category>
   Handbags
  </category>
  <size>
   M
  </size>
  <color>
   Голубой
  </color>
  <material>
   Нейлон
  </material>
  <price>
   889277
  </price>
  <rating>
   3.12
  </rating>
  <reviews>
   666044
  </reviews>
  <exclusive>
   no
  </exclusive>
 </clothing>
 <clothing>
  <id>
   248503524
  </id>
  <name>
   Puma Handbags R-8635
  </name>
  <category>
   Handbags
  </category>
  <size>
   XL
  </size>
  <color>
   Синий
  </color>
  <material>
   Лен
  </material>
  <price>
   984159
  </price>
  <rating>
   1.67
  </rating>
  <reviews>
   504540
  </reviews>
  <new>
   +
  </new>
  <sporty>
   no
  </sporty>
 </clothing>
 <clothing>
  <id>
   893715746
  </id>
  <name>
   Vans Handbags Y-8872
  </name>
  <category>
   Handbags
  </category>
  <size>
   M
  </size>
  <color>
   Желтый
  </color>
  <material>
   Шелк
  </material>
  <price>
   313821
  </price>
  <rating>
   4.78
  </rating>
  <reviews>
   681418
  </reviews>
  <new>
   -
  </new>
  <sporty>
   no
  </sporty>
 </clothing>
 <clothing>
  <id>
   316407488
  </id>
  <name>
   Ellesse Blouse O-6716
  </name>
  <category>
   Blouse
  </category>
  <size>
   L
  </size>
  <color>
   Голубой
  </color>
  <material>
   Нейлон
  </material>
  <price>
   647985
  </price>
  <rating>
   3.81
  </rating>
  <reviews>
   566324
  </reviews>
  <exclusive>
   no
  </exclusive>
  <sporty>
   yes
  </sporty>
 </clothing>
 <clothing>
  <id>
   249011278
  </id>
  <name>
   Fila Pants T-9186
  </name>
  <category>
   Pants
  </category>
  <size>
   S
  </size>
  <color>
   Зеленый
  </color>
  <material>
   Шелк
  </material>
  <price>
   991553
  </price>
  <rating>
   1.78
  </rating>
  <reviews>
   797926
  </reviews>
  <new>
   -
  </new>
  <exclusive>
   yes
  </exclusive>
 </clothing>
 <clothing>
  <id>
   990051828
  </id>
  <name>
   Reebok Shirt N-1331
  </name>
  <category>
   Shirt
  </category>
  <size>
   XXL
  </size>
  <color>
   Зеленый
  </color>
  <material>
   Хлопок
  </material>
  <price>
   819519
  </price>
  <rating>
   4.84
  </rating>
  <reviews>
   594607
  </reviews>
  <exclusive>
   no
  </exclusive>
  <sporty>
   no
  </sporty>
 </clothing>
 <clothing>
  <id>
   662521513
  </id>
  <name>
   Asics Socks F-6420
  </name>
  <category>
   Socks
  </category>
  <size>
   L
  </size>
  <color>
   Зеленый
  </color>
  <material>
   Вискоза
  </material>
  <price>
   223048
  </price>
  <rating>
   1.64
  </rating>
  <reviews>
   854880
  </reviews>
 </clothing>
</clothing-items>
