<?xml version="1.0" encoding="utf-8"?>
<clothing-items>
 <clothing>
  <id>
   176450141
  </id>
  <name>
   DC Sweater B-6338
  </name>
  <category>
   Sweater
  </category>
  <size>
   M
  </size>
  <color>
   Оранжевый
  </color>
  <material>
   Полиэстер
  </material>
  <price>
   315594
  </price>
  <rating>
   2.37
  </rating>
  <reviews>
   903869
  </reviews>
  <new>
   +
  </new>
  <sporty>
   no
  </sporty>
 </clothing>
 <clothing>
  <id>
   133083089
  </id>
  <name>
   Adidas Belts R-7716
  </name>
  <category>
   Belts
  </category>
  <size>
   XXL
  </size>
  <color>
   Оранжевый
  </color>
  <material>
   Лен
  </material>
  <price>
   257820
  </price>
  <rating>
   3.37
  </rating>
  <reviews>
   542452
  </reviews>
  <new>
   -
  </new>
  <sporty>
   yes
  </sporty>
 </clothing>
 <clothing>
  <id>
   900664771
  </id>
  <name>
   New Balance Blouse X-3373
  </name>
  <category>
   Blouse
  </category>
  <size>
   XL
  </size>
  <color>
   Синий
  </color>
  <material>
   Нейлон
  </material>
  <price>
   320801
  </price>
  <rating>
   2.76
  </rating>
  <reviews>
   192919
  </reviews>
  <new>
   -
  </new>
  <sporty>
   no
  </sporty>
 </clothing>
 <clothing>
  <id>
   777081984
  </id>
  <name>
   Vans Skirt M-3369
  </name>
  <category>
   Skirt
  </category>
  <size>
   M
  </size>
  <color>
   Фиолетовый
  </color>
  <material>
   Шерсть
  </material>
  <price>
   390257
  </price>
  <rating>
   5.0
  </rating>
  <reviews>
   292533
  </reviews>
 </clothing>
 <clothing>
  <id>
   949142268
  </id>
  <name>
   Converse Sweater B-6523
  </name>
  <category>
   Sweater
  </category>
  <size>
   M
  </size>
  <color>
   Синий
  </color>
  <material>
   Полиэстер
  </material>
  <price>
   318251
  </price>
  <rating>
   2.36
  </rating>
  <reviews>
   859420
  </reviews>
  <new>
   -
  </new>
  <exclusive>
   no
  </exclusive>
  <sporty>
   yes
  </sporty>
 </clothing>
 <clothing>
  <id>
   161614142
  </id>
  <name>
   Vans Skirt W-8976
  </name>
  <category>
   Skirt
  </category>
  <size>
   XXL
  </size>
  <color>
   Фиолетовый
  </color>
  <material>
   Вискоза
  </material>
  <price>
   739776
  </price>
  <rating>
   1.92
  </rating>
  <reviews>
   691331
  </reviews>
  <exclusive>
   yes
  </exclusive>
  <sporty>
   no
  </sporty>
 </clothing>
 <clothing>
  <id>
   843176321
  </id>
  <name>
   Brooks Hat Z-4590
  </name>
  <category>
   Hat
  </category>
  <size>
   L
  </size>
  <color>
   Оранжевый
  </color>
  <material>
   Шерсть
  </material>
  <price>
   726864
  </price>
  <rating>
   3.5
  </rating>
  <reviews>
   937882
  </reviews>
  <new>
   -
  </new>
  <sporty>
   yes
  </sporty>
 </clothing>
 <clothing>
  <id>
   392387909
  </id>
  <name>
   Ellesse Shoes Y-6573
  </name>
  <category>
   Shoes
  </category>
  <size>
   L
  </size>
  <color>
   Синий
  </color>
  <material>
   Хлопок
  </material>
  <price>
   677542
  </price>
  <rating>
   2.11
  </rating>
  <reviews>
   866790
  </reviews>
  <new>
   +
  </new>
  <sporty>
   yes
  </sporty>
 </clothing>
 <clothing>
  <id>
   220720767
  </id>
  <name>
   Nike Pants Z-9285
  </name>
  <category>
   Pants
  </category>
  <size>
   S
  </size>
  <color>
   Красный
  </color>
  <material>
   Полиэстер
  </material>
  <price>
   696753
  </price>
  <rating>
   2.49
  </rating>
  <reviews>
   737634
  </reviews>
  <exclusive>
   yes
  </exclusive>
 </clothing>
 <clothing>
  <id>
   279394245
  </id>
  <name>
   Converse Handbags E-4032
  </name>
  <category>
   Handbags
  </category>
  <size>
   XXL
  </size>
  <color>
   Синий
  </color>
  <material>
   Лен
  </material>
  <price>
   955916
  </price>
  <rating>
   4.2
  </rating>
  <reviews>
   538232
  </reviews>
  <new>
   -
  </new>
  <exclusive>
   no
  </exclusive>
 </clothing>
 <clothing>
  <id>
   307741745
  </id>
  <name>
   PleinSport Skirt M-1118
  </name>
  <category>
   Skirt
  </category>
  <size>
   S
  </size>
  <color>
   Оранжевый
  </color>
  <material>
   Шелк
  </material>
  <price>
   912246
  </price>
  <rating>
   1.85
  </rating>
  <reviews>
   59774
  </reviews>
  <exclusive>
   yes
  </exclusive>
  <sporty>
   yes
  </sporty>
 </clothing>
 <clothing>
  <id>
   389066051
  </id>
  <name>
   DC Dress K-4375
  </name>
  <category>
   Dress
  </category>
  <size>
   L
  </size>
  <color>
   Желтый
  </color>
  <material>
   Шерсть
  </material>
  <price>
   282704
  </price>
  <rating>
   2.87
  </rating>
  <reviews>
   496236
  </reviews>
  <new>
   -
  </new>
  <exclusive>
   no
  </exclusive>
 </clothing>
 <clothing>
  <id>
   299817725
  </id>
  <name>
   Puma T-shirt J-4100
  </name>
  <category>
   T-shirt
  </category>
  <size>
   L
  </size>
  <color>
   Красный
  </color>
  <material>
   Вискоза
  </material>
  <price>
   223599
  </price>
  <rating>
   2.76
  </rating>
  <reviews>
   282328
  </reviews>
 </clothing>
 <clothing>
  <id>
   713007218
  </id>
  <name>
   New Balance Blouse U-6174
  </name>
  <category>
   Blouse
  </category>
  <size>
   L
  </size>
  <color>
   Фиолетовый
  </color>
  <material>
   Лен
  </material>
  <price>
   573153
  </price>
  <rating>
   1.11
  </rating>
  <reviews>
   496448
  </reviews>
  <new>
   -
  </new>
  <exclusive>
   yes
  </exclusive>
 </clothing>
 <clothing>
  <id>
   364589412
  </id>
  <name>
   Ellesse Umbrellas J-1046
  </name>
  <category>
   Umbrellas
  </category>
  <size>
   XL
  </size>
  <color>
   Голубой
  </color>
  <material>
   Полиэстер
  </material>
  <price>
   544114
  </price>
  <rating>
   2.24
  </rating>
  <reviews>
   608149
  </reviews>
  <exclusive>
   no
  </exclusive>
 </clothing>
 <clothing>
  <id>
   190034726
  </id>
  <name>
   Nike Jeans E-6835
  </name>
  <category>
   Jeans
  </category>
  <size>
   XXL
  </size>
  <color>
   Красный
  </color>
  <material>
   Кожа
  </material>
  <price>
   759801
  </price>
  <rating>
   3.5
  </rating>
  <reviews>
   847433
  </reviews>
  <exclusive>
   no
  </exclusive>
  <sporty>
   no
  </sporty>
 </clothing>
 <clothing>
  <id>
   731605530
  </id>
  <name>
   Fila Gloves R-2147
  </name>
  <category>
   Gloves
  </category>
  <size>
   L
  </size>
  <color>
   Желтый
  </color>
  <material>
   Лен
  </material>
  <price>
   316066
  </price>
  <rating>
   1.32
  </rating>
  <reviews>
   380594
  </reviews>
  <sporty>
   no
  </sporty>
 </clothing>
 <clothing>
  <id>
   738521150
  </id>
  <name>
   Addidas Shoes D-5189
  </name>
  <category>
   Shoes
  </category>
  <size>
   L
  </size>
  <color>
   Оранжевый
  </color>
  <material>
   Полиэстер
  </material>
  <price>
   807255
  </price>
  <rating>
   2.43
  </rating>
  <reviews>
   498496
  </reviews>
  <exclusive>
   yes
  </exclusive>
  <sporty>
   no
  </sporty>
 </clothing>
 <clothing>
  <id>
   732878248
  </id>
  <name>
   PleinSport Shirt T-1284
  </name>
  <category>
   Shirt
  </category>
  <size>
   XL
  </size>
  <color>
   Фиолетовый
  </color>
  <material>
   Лен
  </material>
  <price>
   257976
  </price>
  <rating>
   2.91
  </rating>
  <reviews>
   866614
  </reviews>
  <new>
   -
  </new>
  <exclusive>
   yes
  </exclusive>
  <sporty>
   no
  </sporty>
 </clothing>
 <clothing>
  <id>
   452391883
  </id>
  <name>
   PleinSport Skirt O-9798
  </name>
  <category>
   Skirt
  </category>
  <size>
   L
  </size>
  <color>
   Желтый
  </color>
  <material>
   Кожа
  </material>
  <price>
   276794
  </price>
  <rating>
   1.49
  </rating>
  <reviews>
   9107
  </reviews>
  <new>
   -
  </new>
 </clothing>
 <clothing>
  <id>
   502867426
  </id>
  <name>
   Addidas Jacket N-1407
  </name>
  <category>
   Jacket
  </category>
  <size>
   XL
  </size>
  <color>
   Фиолетовый
  </color>
  <material>
   Шелк
  </material>
  <price>
   888476
  </price>
  <rating>
   3.13
  </rating>
  <reviews>
   933909
  </reviews>
  <new>
   +
  </new>
 </clothing>
 <clothing>
  <id>
   372952367
  </id>
  <name>
   Converse Umbrellas D-3919
  </name>
  <category>
   Umbrellas
  </category>
  <size>
   M
  </size>
  <color>
   Красный
  </color>
  <material>
   Нейлон
  </material>
  <price>
   476460
  </price>
  <rating>
   5.0
  </rating>
  <reviews>
   559453
  </reviews>
  <exclusive>
   no
  </exclusive>
  <sporty>
   no
  </sporty>
 </clothing>
 <clothing>
  <id>
   545321671
  </id>
  <name>
   Adidas Umbrellas G-8327
  </name>
  <category>
   Umbrellas
  </category>
  <size>
   XXL
  </size>
  <color>
   Зеленый
  </color>
  <material>
   Нейлон
  </material>
  <price>
   808995
  </price>
  <rating>
   3.03
  </rating>
  <reviews>
   830944
  </reviews>
  <new>
   -
  </new>
  <exclusive>
   no
  </exclusive>
 </clothing>
 <clothing>
  <id>
   774686291
  </id>
  <name>
   Reebok Sweater P-5895
  </name>
  <category>
   Sweater
  </category>
  <size>
   S
  </size>
  <color>
   Желтый
  </color>
  <material>
   Кожа
  </material>
  <price>
   937236
  </price>
  <rating>
   4.08
  </rating>
  <reviews>
   505042
  </reviews>
  <sporty>
   yes
  </sporty>
 </clothing>
 <clothing>
  <id>
   646825306
  </id>
  <name>
   Asics Jeans Z-3985
  </name>
  <category>
   Jeans
  </category>
  <size>
   S
  </size>
  <color>
   Красный
  </color>
  <material>
   Нейлон
  </material>
  <price>
   379513
  </price>
  <rating>
   3.3
  </rating>
  <reviews>
   320134
  </reviews>
  <new>
   +
  </new>
  <sporty>
   yes
  </sporty>
 </clothing>
 <clothing>
  <id>
   682619714
  </id>
  <name>
   Asics Skirt E-2604
  </name>
  <category>
   Skirt
  </category>
  <size>
   XL
  </size>
  <color>
   Фиолетовый
  </color>
  <material>
   Шелк
  </material>
  <price>
   188059
  </price>
  <rating>
   3.15
  </rating>
  <reviews>
   948103
  </reviews>
  <new>
   +
  </new>
 </clothing>
 <clothing>
  <id>
   292735045
  </id>
  <name>
   PleinSport Shoes F-3766
  </name>
  <category>
   Shoes
  </category>
  <size>
   L
  </size>
  <color>
   Красный
  </color>
  <material>
   Хлопок
  </material>
  <price>
   220194
  </price>
  <rating>
   1.27
  </rating>
  <reviews>
   515099
  </reviews>
  <new>
   -
  </new>
  <exclusive>
   no
  </exclusive>
 </clothing>
 <clothing>
  <id>
   886400755
  </id>
  <name>
   Converse Sweater F-7609
  </name>
  <category>
   Sweater
  </category>
  <size>
   XXL
  </size>
  <color>
   Синий
  </color>
  <material>
   Нейлон
  </material>
  <price>
   955888
  </price>
  <rating>
   3.74
  </rating>
  <reviews>
   16835
  </reviews>
  <new>
   +
  </new>
  <exclusive>
   no
  </exclusive>
 </clothing>
 <clothing>
  <id>
   600990430
  </id>
  <name>
   Fila Shoes K-1277
  </name>
  <category>
   Shoes
  </category>
  <size>
   XL
  </size>
  <color>
   Красный
  </color>
  <material>
   Хлопок
  </material>
  <price>
   602775
  </price>
  <rating>
   1.51
  </rating>
  <reviews>
   273157
  </reviews>
  <new>
   +
  </new>
  <sporty>
   yes
  </sporty>
 </clothing>
</clothing-items>
