<?xml version="1.0" encoding="utf-8"?>
<clothing-items>
 <clothing>
  <id>
   355714151
  </id>
  <name>
   PleinSport Dress Y-2346
  </name>
  <category>
   Dress
  </category>
  <size>
   XXL
  </size>
  <color>
   Зеленый
  </color>
  <material>
   Шерсть
  </material>
  <price>
   275335
  </price>
  <rating>
   3.58
  </rating>
  <reviews>
   368313
  </reviews>
  <new>
   -
  </new>
  <exclusive>
   no
  </exclusive>
  <sporty>
   yes
  </sporty>
 </clothing>
 <clothing>
  <id>
   732716588
  </id>
  <name>
   Addidas Jacket H-7808
  </name>
  <category>
   Jacket
  </category>
  <size>
   XL
  </size>
  <color>
   Фиолетовый
  </color>
  <material>
   Лен
  </material>
  <price>
   995679
  </price>
  <rating>
   2.47
  </rating>
  <reviews>
   87493
  </reviews>
  <new>
   -
  </new>
 </clothing>
 <clothing>
  <id>
   179747914
  </id>
  <name>
   PleinSport Umbrellas U-9002
  </name>
  <category>
   Umbrellas
  </category>
  <size>
   L
  </size>
  <color>
   Голубой
  </color>
  <material>
   Шерсть
  </material>
  <price>
   297633
  </price>
  <rating>
   1.36
  </rating>
  <reviews>
   438400
  </reviews>
  <sporty>
   no
  </sporty>
 </clothing>
 <clothing>
  <id>
   729509951
  </id>
  <name>
   Addidas Handbags V-3331
  </name>
  <category>
   Handbags
  </category>
  <size>
   XL
  </size>
  <color>
   Желтый
  </color>
  <material>
   Шерсть
  </material>
  <price>
   379922
  </price>
  <rating>
   1.12
  </rating>
  <reviews>
   262238
  </reviews>
  <new>
   +
  </new>
  <exclusive>
   no
  </exclusive>
  <sporty>
   no
  </sporty>
 </clothing>
 <clothing>
  <id>
   264337538
  </id>
  <name>
   Ellesse Blouse L-3694
  </name>
  <category>
   Blouse
  </category>
  <size>
   M
  </size>
  <color>
   Красный
  </color>
  <material>
   Лен
  </material>
  <price>
   476095
  </price>
  <rating>
   2.48
  </rating>
  <reviews>
   251126
  </reviews>
  <new>
   -
  </new>
  <exclusive>
   yes
  </exclusive>
  <sporty>
   yes
  </sporty>
 </clothing>
 <clothing>
  <id>
   813754470
  </id>
  <name>
   New Balance Umbrellas M-7613
  </name>
  <category>
   Umbrellas
  </category>
  <size>
   L
  </size>
  <color>
   Зеленый
  </color>
  <material>
   Шерсть
  </material>
  <price>
   943681
  </price>
  <rating>
   1.9
  </rating>
  <reviews>
   909829
  </reviews>
  <new>
   -
  </new>
 </clothing>
 <clothing>
  <id>
   883280996
  </id>
  <name>
   PleinSport Umbrellas S-4701
  </name>
  <category>
   Umbrellas
  </category>
  <size>
   M
  </size>
  <color>
   Желтый
  </color>
  <material>
   Полиэстер
  </material>
  <price>
   451912
  </price>
  <rating>
   2.26
  </rating>
  <reviews>
   889315
  </reviews>
 </clothing>
 <clothing>
  <id>
   976423588
  </id>
  <name>
   PleinSport Belts X-8670
  </name>
  <category>
   Belts
  </category>
  <size>
   L
  </size>
  <color>
   Синий
  </color>
  <material>
   Вискоза
  </material>
  <price>
   704590
  </price>
  <rating>
   2.67
  </rating>
  <reviews>
   484080
  </reviews>
 </clothing>
 <clothing>
  <id>
   738171566
  </id>
  <name>
   PleinSport T-shirt N-2478
  </name>
  <category>
   T-shirt
  </category>
  <size>
   S
  </size>
  <color>
   Голубой
  </color>
  <material>
   Полиэстер
  </material>
  <price>
   176014
  </price>
  <rating>
   1.29
  </rating>
  <reviews>
   666021
  </reviews>
  <new>
   -
  </new>
 </clothing>
 <clothing>
  <id>
   759431366
  </id>
  <name>
   Adidas Skirt A-9457
  </name>
  <category>
   Skirt
  </category>
  <size>
   L
  </size>
  <color>
   Желтый
  </color>
  <material>
   Кожа
  </material>
  <price>
   543191
  </price>
  <rating>
   4.43
  </rating>
  <reviews>
   940910
  </reviews>
  <new>
   +
  </new>
  <exclusive>
   yes
  </exclusive>
 </clothing>
 <clothing>
  <id>
   478771100
  </id>
  <name>
   Puma Jeans R-6893
  </name>
  <category>
   Jeans
  </category>
  <size>
   XXL
  </size>
  <color>
   Зеленый
  </color>
  <material>
   Вискоза
  </material>
  <price>
   415505
  </price>
  <rating>
   4.26
  </rating>
  <reviews>
   123937
  </reviews>
  <new>
   -
  </new>
  <exclusive>
   yes
  </exclusive>
 </clothing>
 <clothing>
  <id>
   240158102
  </id>
  <name>
   Puma Pants V-6305
  </name>
  <category>
   Pants
  </category>
  <size>
   XXL
  </size>
  <color>
   Фиолетовый
  </color>
  <material>
   Кожа
  </material>
  <price>
   787746
  </price>
  <rating>
   2.5
  </rating>
  <reviews>
   913589
  </reviews>
  <new>
   -
  </new>
 </clothing>
 <clothing>
  <id>
   612711890
  </id>
  <name>
   DC Sweater I-2758
  </name>
  <category>
   Sweater
  </category>
  <size>
   S
  </size>
  <color>
   Оранжевый
  </color>
  <material>
   Кожа
  </material>
  <price>
   946678
  </price>
  <rating>
   4.13
  </rating>
  <reviews>
   960463
  </reviews>
  <new>
   +
  </new>
  <exclusive>
   no
  </exclusive>
 </clothing>
 <clothing>
  <id>
   282762633
  </id>
  <name>
   Puma Pants J-7197
  </name>
  <category>
   Pants
  </category>
  <size>
   XL
  </size>
  <color>
   Красный
  </color>
  <material>
   Хлопок
  </material>
  <price>
   426953
  </price>
  <rating>
   4.03
  </rating>
  <reviews>
   816906
  </reviews>
  <new>
   -
  </new>
  <sporty>
   no
  </sporty>
 </clothing>
 <clothing>
  <id>
   778203823
  </id>
  <name>
   Ellesse Belts V-4829
  </name>
  <category>
   Belts
  </category>
  <size>
   S
  </size>
  <color>
   Зеленый
  </color>
  <material>
   Вискоза
  </material>
  <price>
   812857
  </price>
  <rating>
   1.4
  </rating>
  <reviews>
   857180
  </reviews>
  <new>
   -
  </new>
  <exclusive>
   no
  </exclusive>
  <sporty>
   no
  </sporty>
 </clothing>
 <clothing>
  <id>
   510557626
  </id>
  <name>
   Brooks Socks R-6981
  </name>
  <category>
   Socks
  </category>
  <size>
   M
  </size>
  <color>
   Зеленый
  </color>
  <material>
   Шерсть
  </material>
  <price>
   206738
  </price>
  <rating>
   2.71
  </rating>
  <reviews>
   14873
  </reviews>
  <exclusive>
   no
  </exclusive>
  <sporty>
   yes
  </sporty>
 </clothing>
 <clothing>
  <id>
   439283486
  </id>
  <name>
   New Balance Shoes R-6382
  </name>
  <category>
   Shoes
  </category>
  <size>
   L
  </size>
  <color>
   Синий
  </color>
  <material>
   Нейлон
  </material>
  <price>
   488568
  </price>
  <rating>
   1.03
  </rating>
  <reviews>
   591786
  </reviews>
  <exclusive>
   no
  </exclusive>
  <sporty>
   no
  </sporty>
 </clothing>
 <clothing>
  <id>
   884670955
  </id>
  <name>
   Brooks Pants Y-5076
  </name>
  <category>
   Pants
  </category>
  <size>
   XXL
  </size>
  <color>
   Фиолетовый
  </color>
  <material>
   Вискоза
  </material>
  <price>
   425093
  </price>
  <rating>
   3.06
  </rating>
  <reviews>
   11565
  </reviews>
  <sporty>
   no
  </sporty>
 </clothing>
 <clothing>
  <id>
   895956035
  </id>
  <name>
   Puma Blouse X-7635
  </name>
  <category>
   Blouse
  </category>
  <size>
   S
  </size>
  <color>
   Синий
  </color>
  <material>
   Шерсть
  </material>
  <price>
   618215
  </price>
  <rating>
   2.57
  </rating>
  <reviews>
   531585
  </reviews>
  <exclusive>
   no
  </exclusive>
 </clothing>
 <clothing>
  <id>
   951922517
  </id>
  <name>
   Adidas Skirt Q-5171
  </name>
  <category>
   Skirt
  </category>
  <size>
   XL
  </size>
  <color>
   Красный
  </color>
  <material>
   Кожа
  </material>
  <price>
   518584
  </price>
  <rating>
   1.3
  </rating>
  <reviews>
   488321
  </reviews>
  <exclusive>
   yes
  </exclusive>
 </clothing>
 <clothing>
  <id>
   917491556
  </id>
  <name>
   Addidas Sweater O-3340
  </name>
  <category>
   Sweater
  </category>
  <size>
   M
  </size>
  <color>
   Голубой
  </color>
  <material>
   Лен
  </material>
  <price>
   196718
  </price>
  <rating>
   2.67
  </rating>
  <reviews>
   955610
  </reviews>
  <exclusive>
   no
  </exclusive>
  <sporty>
   no
  </sporty>
 </clothing>
 <clothing>
  <id>
   680932008
  </id>
  <name>
   Fila Hat K-4936
  </name>
  <category>
   Hat
  </category>
  <size>
   XL
  </size>
  <color>
   Желтый
  </color>
  <material>
   Нейлон
  </material>
  <price>
   886387
  </price>
  <rating>
   3.18
  </rating>
  <reviews>
   670018
  </reviews>
  <exclusive>
   no
  </exclusive>
  <sporty>
   yes
  </sporty>
 </clothing>
 <clothing>
  <id>
   906785043
  </id>
  <name>
   Lacoste Gloves B-2316
  </name>
  <category>
   Gloves
  </category>
  <size>
   S
  </size>
  <color>
   Зеленый
  </color>
  <material>
   Шерсть
  </material>
  <price>
   425822
  </price>
  <rating>
   4.76
  </rating>
  <reviews>
   918582
  </reviews>
  <new>
   -
  </new>
  <exclusive>
   yes
  </exclusive>
  <sporty>
   no
  </sporty>
 </clothing>
 <clothing>
  <id>
   312864113
  </id>
  <name>
   New Balance Shoes E-8255
  </name>
  <category>
   Shoes
  </category>
  <size>
   L
  </size>
  <color>
   Оранжевый
  </color>
  <material>
   Вискоза
  </material>
  <price>
   232772
  </price>
  <rating>
   4.05
  </rating>
  <reviews>
   671629
  </reviews>
  <new>
   +
  </new>
  <exclusive>
   no
  </exclusive>
  <sporty>
   no
  </sporty>
 </clothing>
 <clothing>
  <id>
   865115481
  </id>
  <name>
   New Balance Jacket L-2682
  </name>
  <category>
   Jacket
  </category>
  <size>
   S
  </size>
  <color>
   Голубой
  </color>
  <material>
   Шелк
  </material>
  <price>
   749765
  </price>
  <rating>
   4.06
  </rating>
  <reviews>
   960210
  </reviews>
  <new>
   -
  </new>
  <exclusive>
   no
  </exclusive>
  <sporty>
   no
  </sporty>
 </clothing>
 <clothing>
  <id>
   995202097
  </id>
  <name>
   Brooks Belts E-9380
  </name>
  <category>
   Belts
  </category>
  <size>
   M
  </size>
  <color>
   Желтый
  </color>
  <material>
   Шерсть
  </material>
  <price>
   453729
  </price>
  <rating>
   4.99
  </rating>
  <reviews>
   706241
  </reviews>
  <exclusive>
   yes
  </exclusive>
 </clothing>
 <clothing>
  <id>
   401434475
  </id>
  <name>
   Converse Hat U-6285
  </name>
  <category>
   Hat
  </category>
  <size>
   M
  </size>
  <color>
   Оранжевый
  </color>
  <material>
   Хлопок
  </material>
  <price>
   354523
  </price>
  <rating>
   2.01
  </rating>
  <reviews>
   477059
  </reviews>
  <new>
   -
  </new>
  <exclusive>
   no
  </exclusive>
  <sporty>
   no
  </sporty>
 </clothing>
 <clothing>
  <id>
   123056890
  </id>
  <name>
   Lacoste Dress B-2234
  </name>
  <category>
   Dress
  </category>
  <size>
   L
  </size>
  <color>
   Оранжевый
  </color>
  <material>
   Шелк
  </material>
  <price>
   748426
  </price>
  <rating>
   2.91
  </rating>
  <reviews>
   305710
  </reviews>
  <new>
   -
  </new>
  <exclusive>
   yes
  </exclusive>
 </clothing>
 <clothing>
  <id>
   597981312
  </id>
  <name>
   Adidas Sweater C-8819
  </name>
  <category>
   Sweater
  </category>
  <size>
   XXL
  </size>
  <color>
   Зеленый
  </color>
  <material>
   Шерсть
  </material>
  <price>
   908588
  </price>
  <rating>
   4.6
  </rating>
  <reviews>
   443279
  </reviews>
  <new>
   -
  </new>
  <sporty>
   yes
  </sporty>
 </clothing>
 <clothing>
  <id>
   511723096
  </id>
  <name>
   Nike Handbags D-1491
  </name>
  <category>
   Handbags
  </category>
  <size>
   XL
  </size>
  <color>
   Красный
  </color>
  <material>
   Лен
  </material>
  <price>
   767858
  </price>
  <rating>
   2.04
  </rating>
  <reviews>
   239522
  </reviews>
  <new>
   -
  </new>
  <exclusive>
   no
  </exclusive>
  <sporty>
   no
  </sporty>
 </clothing>
 <clothing>
  <id>
   262828062
  </id>
  <name>
   Fila Belts F-4357
  </name>
  <category>
   Belts
  </category>
  <size>
   S
  </size>
  <color>
   Желтый
  </color>
  <material>
   Вискоза
  </material>
  <price>
   854658
  </price>
  <rating>
   3.94
  </rating>
  <reviews>
   912573
  </reviews>
  <new>
   -
  </new>
 </clothing>
 <clothing>
  <id>
   425273174
  </id>
  <name>
   Lacoste Shoes L-4567
  </name>
  <category>
   Shoes
  </category>
  <size>
   XXL
  </size>
  <color>
   Зеленый
  </color>
  <material>
   Шерсть
  </material>
  <price>
   734008
  </price>
  <rating>
   2.5
  </rating>
  <reviews>
   745211
  </reviews>
  <new>
   -
  </new>
  <sporty>
   no
  </sporty>
 </clothing>
 <clothing>
  <id>
   409699215
  </id>
  <name>
   Nike Hat G-1738
  </name>
  <category>
   Hat
  </category>
  <size>
   L
  </size>
  <color>
   Желтый
  </color>
  <material>
   Шелк
  </material>
  <price>
   551066
  </price>
  <rating>
   3.02
  </rating>
  <reviews>
   296598
  </reviews>
  <exclusive>
   no
  </exclusive>
 </clothing>
 <clothing>
  <id>
   704516271
  </id>
  <name>
   Nike Belts P-7085
  </name>
  <category>
   Belts
  </category>
  <size>
   L
  </size>
  <color>
   Голубой
  </color>
  <material>
   Хлопок
  </material>
  <price>
   949195
  </price>
  <rating>
   2.01
  </rating>
  <reviews>
   639611
  </reviews>
  <new>
   -
  </new>
  <exclusive>
   no
  </exclusive>
  <sporty>
   yes
  </sporty>
 </clothing>
 <clothing>
  <id>
   790461856
  </id>
  <name>
   PleinSport Blouse T-6703
  </name>
  <category>
   Blouse
  </category>
  <size>
   M
  </size>
  <color>
   Голубой
  </color>
  <material>
   Лен
  </material>
  <price>
   588889
  </price>
  <rating>
   4.33
  </rating>
  <reviews>
   193753
  </reviews>
  <new>
   -
  </new>
  <exclusive>
   no
  </exclusive>
 </clothing>
 <clothing>
  <id>
   502037184
  </id>
  <name>
   New Balance Hat U-8743
  </name>
  <category>
   Hat
  </category>
  <size>
   XXL
  </size>
  <color>
   Голубой
  </color>
  <material>
   Вискоза
  </material>
  <price>
   406228
  </price>
  <rating>
   3.96
  </rating>
  <reviews>
   432149
  </reviews>
  <new>
   -
  </new>
  <exclusive>
   yes
  </exclusive>
  <sporty>
   no
  </sporty>
 </clothing>
 <clothing>
  <id>
   742840671
  </id>
  <name>
   Brooks Blouse N-6327
  </name>
  <category>
   Blouse
  </category>
  <size>
   L
  </size>
  <color>
   Зеленый
  </color>
  <material>
   Вискоза
  </material>
  <price>
   390378
  </price>
  <rating>
   2.5
  </rating>
  <reviews>
   525802
  </reviews>
  <sporty>
   yes
  </sporty>
 </clothing>
 <clothing>
  <id>
   115980924
  </id>
  <name>
   Lacoste Handbags D-4385
  </name>
  <category>
   Handbags
  </category>
  <size>
   XL
  </size>
  <color>
   Оранжевый
  </color>
  <material>
   Нейлон
  </material>
  <price>
   899497
  </price>
  <rating>
   4.91
  </rating>
  <reviews>
   322292
  </reviews>
  <exclusive>
   no
  </exclusive>
 </clothing>
 <clothing>
  <id>
   458153058
  </id>
  <name>
   Converse Belts N-5404
  </name>
  <category>
   Belts
  </category>
  <size>
   XL
  </size>
  <color>
   Зеленый
  </color>
  <material>
   Нейлон
  </material>
  <price>
   761233
  </price>
  <rating>
   2.32
  </rating>
  <reviews>
   820860
  </reviews>
  <new>
   -
  </new>
  <exclusive>
   no
  </exclusive>
  <sporty>
   yes
  </sporty>
 </clothing>
 <clothing>
  <id>
   395642643
  </id>
  <name>
   DC Shoes U-1879
  </name>
  <category>
   Shoes
  </category>
  <size>
   XXL
  </size>
  <color>
   Оранжевый
  </color>
  <material>
   Полиэстер
  </material>
  <price>
   617780
  </price>
  <rating>
   4.41
  </rating>
  <reviews>
   779732
  </reviews>
  <new>
   -
  </new>
  <exclusive>
   no
  </exclusive>
  <sporty>
   yes
  </sporty>
 </clothing>
 <clothing>
  <id>
   319105124
  </id>
  <name>
   Asics Gloves Y-8452
  </name>
  <category>
   Gloves
  </category>
  <size>
   L
  </size>
  <color>
   Фиолетовый
  </color>
  <material>
   Нейлон
  </material>
  <price>
   760664
  </price>
  <rating>
   3.76
  </rating>
  <reviews>
   485140
  </reviews>
  <new>
   +
  </new>
  <exclusive>
   yes
  </exclusive>
 </clothing>
 <clothing>
  <id>
   834549579
  </id>
  <name>
   Asics Socks I-1566
  </name>
  <category>
   Socks
  </category>
  <size>
   XXL
  </size>
  <color>
   Голубой
  </color>
  <material>
   Полиэстер
  </material>
  <price>
   989511
  </price>
  <rating>
   3.97
  </rating>
  <reviews>
   289095
  </reviews>
  <new>
   +
  </new>
  <exclusive>
   yes
  </exclusive>
 </clothing>
</clothing-items>
