<?xml version="1.0" encoding="utf-8"?>
<clothing-items>
 <clothing>
  <id>
   862564422
  </id>
  <name>
   Addidas Belts F-4231
  </name>
  <category>
   Belts
  </category>
  <size>
   S
  </size>
  <color>
   Фиолетовый
  </color>
  <material>
   Лен
  </material>
  <price>
   463691
  </price>
  <rating>
   4.93
  </rating>
  <reviews>
   710485
  </reviews>
  <new>
   +
  </new>
 </clothing>
 <clothing>
  <id>
   384737081
  </id>
  <name>
   Under Armour Shoes X-9639
  </name>
  <category>
   Shoes
  </category>
  <size>
   M
  </size>
  <color>
   Оранжевый
  </color>
  <material>
   Лен
  </material>
  <price>
   464260
  </price>
  <rating>
   1.77
  </rating>
  <reviews>
   512133
  </reviews>
  <new>
   -
  </new>
 </clothing>
 <clothing>
  <id>
   270670543
  </id>
  <name>
   Addidas T-shirt J-2680
  </name>
  <category>
   T-shirt
  </category>
  <size>
   XXL
  </size>
  <color>
   Зеленый
  </color>
  <material>
   Нейлон
  </material>
  <price>
   408465
  </price>
  <rating>
   1.62
  </rating>
  <reviews>
   508985
  </reviews>
  <new>
   -
  </new>
  <exclusive>
   no
  </exclusive>
 </clothing>
 <clothing>
  <id>
   193187998
  </id>
  <name>
   Addidas Handbags Z-9291
  </name>
  <category>
   Handbags
  </category>
  <size>
   M
  </size>
  <color>
   Оранжевый
  </color>
  <material>
   Хлопок
  </material>
  <price>
   948592
  </price>
  <rating>
   3.05
  </rating>
  <reviews>
   445567
  </reviews>
  <new>
   -
  </new>
  <sporty>
   yes
  </sporty>
 </clothing>
 <clothing>
  <id>
   741327997
  </id>
  <name>
   Fila Umbrellas O-3681
  </name>
  <category>
   Umbrellas
  </category>
  <size>
   XXL
  </size>
  <color>
   Красный
  </color>
  <material>
   Нейлон
  </material>
  <price>
   440475
  </price>
  <rating>
   2.57
  </rating>
  <reviews>
   434288
  </reviews>
  <new>
   -
  </new>
  <exclusive>
   yes
  </exclusive>
 </clothing>
 <clothing>
  <id>
   244769643
  </id>
  <name>
   Puma Sweater M-4782
  </name>
  <category>
   Sweater
  </category>
  <size>
   L
  </size>
  <color>
   Оранжевый
  </color>
  <material>
   Полиэстер
  </material>
  <price>
   951116
  </price>
  <rating>
   2.46
  </rating>
  <reviews>
   469474
  </reviews>
  <new>
   -
  </new>
  <sporty>
   no
  </sporty>
 </clothing>
 <clothing>
  <id>
   660810179
  </id>
  <name>
   Addidas Gloves H-5559
  </name>
  <category>
   Gloves
  </category>
  <size>
   XXL
  </size>
  <color>
   Красный
  </color>
  <material>
   Полиэстер
  </material>
  <price>
   639253
  </price>
  <rating>
   3.59
  </rating>
  <reviews>
   660021
  </reviews>
  <exclusive>
   no
  </exclusive>
  <sporty>
   no
  </sporty>
 </clothing>
 <clothing>
  <id>
   702273265
  </id>
  <name>
   Brooks Belts P-4365
  </name>
  <category>
   Belts
  </category>
  <size>
   XXL
  </size>
  <color>
   Голубой
  </color>
  <material>
   Нейлон
  </material>
  <price>
   215465
  </price>
  <rating>
   4.22
  </rating>
  <reviews>
   686024
  </reviews>
  <new>
   -
  </new>
 </clothing>
 <clothing>
  <id>
   980450945
  </id>
  <name>
   New Balance Dress X-5255
  </name>
  <category>
   Dress
  </category>
  <size>
   L
  </size>
  <color>
   Зеленый
  </color>
  <material>
   Хлопок
  </material>
  <price>
   222433
  </price>
  <rating>
   1.27
  </rating>
  <reviews>
   122759
  </reviews>
  <new>
   -
  </new>
  <sporty>
   yes
  </sporty>
 </clothing>
 <clothing>
  <id>
   259829782
  </id>
  <name>
   Brooks Shoes U-6670
  </name>
  <category>
   Shoes
  </category>
  <size>
   L
  </size>
  <color>
   Зеленый
  </color>
  <material>
   Лен
  </material>
  <price>
   764687
  </price>
  <rating>
   4.29
  </rating>
  <reviews>
   907849
  </reviews>
  <new>
   -
  </new>
 </clothing>
 <clothing>
  <id>
   310143105
  </id>
  <name>
   Nike Hat U-1271
  </name>
  <category>
   Hat
  </category>
  <size>
   L
  </size>
  <color>
   Красный
  </color>
  <material>
   Нейлон
  </material>
  <price>
   595586
  </price>
  <rating>
   4.75
  </rating>
  <reviews>
   390297
  </reviews>
  <exclusive>
   yes
  </exclusive>
  <sporty>
   no
  </sporty>
 </clothing>
 <clothing>
  <id>
   452077382
  </id>
  <name>
   Puma Socks X-5294
  </name>
  <category>
   Socks
  </category>
  <size>
   XXL
  </size>
  <color>
   Красный
  </color>
  <material>
   Шерсть
  </material>
  <price>
   350647
  </price>
  <rating>
   1.1
  </rating>
  <reviews>
   236894
  </reviews>
  <new>
   +
  </new>
  <exclusive>
   yes
  </exclusive>
  <sporty>
   no
  </sporty>
 </clothing>
 <clothing>
  <id>
   169891770
  </id>
  <name>
   DC Pants Z-4056
  </name>
  <category>
   Pants
  </category>
  <size>
   L
  </size>
  <color>
   Зеленый
  </color>
  <material>
   Хлопок
  </material>
  <price>
   600745
  </price>
  <rating>
   1.86
  </rating>
  <reviews>
   722370
  </reviews>
  <new>
   -
  </new>
  <sporty>
   yes
  </sporty>
 </clothing>
 <clothing>
  <id>
   672113918
  </id>
  <name>
   Addidas Skirt K-9028
  </name>
  <category>
   Skirt
  </category>
  <size>
   M
  </size>
  <color>
   Фиолетовый
  </color>
  <material>
   Шелк
  </material>
  <price>
   991007
  </price>
  <rating>
   4.4
  </rating>
  <reviews>
   668234
  </reviews>
  <new>
   -
  </new>
  <sporty>
   yes
  </sporty>
 </clothing>
 <clothing>
  <id>
   120026341
  </id>
  <name>
   Ellesse Skirt F-7483
  </name>
  <category>
   Skirt
  </category>
  <size>
   XL
  </size>
  <color>
   Оранжевый
  </color>
  <material>
   Кожа
  </material>
  <price>
   415297
  </price>
  <rating>
   2.97
  </rating>
  <reviews>
   5612
  </reviews>
  <exclusive>
   no
  </exclusive>
  <sporty>
   yes
  </sporty>
 </clothing>
 <clothing>
  <id>
   943929389
  </id>
  <name>
   New Balance Sweater V-9891
  </name>
  <category>
   Sweater
  </category>
  <size>
   M
  </size>
  <color>
   Голубой
  </color>
  <material>
   Полиэстер
  </material>
  <price>
   316101
  </price>
  <rating>
   2.27
  </rating>
  <reviews>
   727172
  </reviews>
  <new>
   -
  </new>
  <exclusive>
   no
  </exclusive>
  <sporty>
   yes
  </sporty>
 </clothing>
 <clothing>
  <id>
   726468438
  </id>
  <name>
   New Balance Handbags W-8261
  </name>
  <category>
   Handbags
  </category>
  <size>
   L
  </size>
  <color>
   Зеленый
  </color>
  <material>
   Хлопок
  </material>
  <price>
   393299
  </price>
  <rating>
   3.46
  </rating>
  <reviews>
   247359
  </reviews>
  <new>
   +
  </new>
  <exclusive>
   yes
  </exclusive>
 </clothing>
 <clothing>
  <id>
   501801475
  </id>
  <name>
   PleinSport Skirt C-4736
  </name>
  <category>
   Skirt
  </category>
  <size>
   M
  </size>
  <color>
   Фиолетовый
  </color>
  <material>
   Кожа
  </material>
  <price>
   261535
  </price>
  <rating>
   1.31
  </rating>
  <reviews>
   487092
  </reviews>
  <new>
   -
  </new>
  <sporty>
   no
  </sporty>
 </clothing>
 <clothing>
  <id>
   448186187
  </id>
  <name>
   Reebok Blouse J-2981
  </name>
  <category>
   Blouse
  </category>
  <size>
   XXL
  </size>
  <color>
   Голубой
  </color>
  <material>
   Вискоза
  </material>
  <price>
   347813
  </price>
  <rating>
   4.52
  </rating>
  <reviews>
   92742
  </reviews>
  <new>
   -
  </new>
  <exclusive>
   yes
  </exclusive>
 </clothing>
 <clothing>
  <id>
   766076102
  </id>
  <name>
   Reebok Socks C-6964
  </name>
  <category>
   Socks
  </category>
  <size>
   S
  </size>
  <color>
   Красный
  </color>
  <material>
   Кожа
  </material>
  <price>
   944874
  </price>
  <rating>
   2.9
  </rating>
  <reviews>
   790218
  </reviews>
  <new>
   -
  </new>
  <exclusive>
   no
  </exclusive>
  <sporty>
   no
  </sporty>
 </clothing>
 <clothing>
  <id>
   577962066
  </id>
  <name>
   Addidas Shirt F-5236
  </name>
  <category>
   Shirt
  </category>
  <size>
   XXL
  </size>
  <color>
   Желтый
  </color>
  <material>
   Нейлон
  </material>
  <price>
   871963
  </price>
  <rating>
   2.89
  </rating>
  <reviews>
   499121
  </reviews>
 </clothing>
 <clothing>
  <id>
   547195790
  </id>
  <name>
   PleinSport Hat L-6537
  </name>
  <category>
   Hat
  </category>
  <size>
   S
  </size>
  <color>
   Фиолетовый
  </color>
  <material>
   Шерсть
  </material>
  <price>
   532434
  </price>
  <rating>
   3.24
  </rating>
  <reviews>
   70753
  </reviews>
  <new>
   -
  </new>
  <exclusive>
   no
  </exclusive>
  <sporty>
   no
  </sporty>
 </clothing>
 <clothing>
  <id>
   960008720
  </id>
  <name>
   Addidas Gloves K-7141
  </name>
  <category>
   Gloves
  </category>
  <size>
   XL
  </size>
  <color>
   Зеленый
  </color>
  <material>
   Лен
  </material>
  <price>
   473199
  </price>
  <rating>
   1.37
  </rating>
  <reviews>
   772169
  </reviews>
  <exclusive>
   no
  </exclusive>
  <sporty>
   no
  </sporty>
 </clothing>
 <clothing>
  <id>
   345733967
  </id>
  <name>
   Ellesse Pants F-5770
  </name>
  <category>
   Pants
  </category>
  <size>
   L
  </size>
  <color>
   Красный
  </color>
  <material>
   Хлопок
  </material>
  <price>
   573256
  </price>
  <rating>
   4.73
  </rating>
  <reviews>
   65763
  </reviews>
  <new>
   -
  </new>
  <exclusive>
   no
  </exclusive>
  <sporty>
   yes
  </sporty>
 </clothing>
 <clothing>
  <id>
   974584869
  </id>
  <name>
   Nike Shirt O-4993
  </name>
  <category>
   Shirt
  </category>
  <size>
   L
  </size>
  <color>
   Зеленый
  </color>
  <material>
   Кожа
  </material>
  <price>
   315408
  </price>
  <rating>
   2.16
  </rating>
  <reviews>
   784513
  </reviews>
  <new>
   +
  </new>
 </clothing>
 <clothing>
  <id>
   983492435
  </id>
  <name>
   Nike Jeans Z-9818
  </name>
  <category>
   Jeans
  </category>
  <size>
   S
  </size>
  <color>
   Желтый
  </color>
  <material>
   Лен
  </material>
  <price>
   157778
  </price>
  <rating>
   1.01
  </rating>
  <reviews>
   924455
  </reviews>
  <sporty>
   yes
  </sporty>
 </clothing>
 <clothing>
  <id>
   162437126
  </id>
  <name>
   Converse Umbrellas L-4625
  </name>
  <category>
   Umbrellas
  </category>
  <size>
   XL
  </size>
  <color>
   Голубой
  </color>
  <material>
   Шелк
  </material>
  <price>
   532279
  </price>
  <rating>
   4.18
  </rating>
  <reviews>
   659700
  </reviews>
  <exclusive>
   yes
  </exclusive>
  <sporty>
   no
  </sporty>
 </clothing>
 <clothing>
  <id>
   641783570
  </id>
  <name>
   Adidas Blouse M-8261
  </name>
  <category>
   Blouse
  </category>
  <size>
   L
  </size>
  <color>
   Оранжевый
  </color>
  <material>
   Хлопок
  </material>
  <price>
   948939
  </price>
  <rating>
   3.22
  </rating>
  <reviews>
   629436
  </reviews>
  <sporty>
   no
  </sporty>
 </clothing>
 <clothing>
  <id>
   824601404
  </id>
  <name>
   Reebok Blouse I-3798
  </name>
  <category>
   Blouse
  </category>
  <size>
   XL
  </size>
  <color>
   Фиолетовый
  </color>
  <material>
   Полиэстер
  </material>
  <price>
   231667
  </price>
  <rating>
   3.66
  </rating>
  <reviews>
   721388
  </reviews>
 </clothing>
 <clothing>
  <id>
   421410250
  </id>
  <name>
   Addidas Pants W-5812
  </name>
  <category>
   Pants
  </category>
  <size>
   L
  </size>
  <color>
   Голубой
  </color>
  <material>
   Нейлон
  </material>
  <price>
   196158
  </price>
  <rating>
   4.19
  </rating>
  <reviews>
   507868
  </reviews>
  <new>
   +
  </new>
  <exclusive>
   no
  </exclusive>
  <sporty>
   no
  </sporty>
 </clothing>
 <clothing>
  <id>
   121500205
  </id>
  <name>
   Lacoste Gloves H-2620
  </name>
  <category>
   Gloves
  </category>
  <size>
   XXL
  </size>
  <color>
   Желтый
  </color>
  <material>
   Лен
  </material>
  <price>
   746085
  </price>
  <rating>
   2.18
  </rating>
  <reviews>
   501379
  </reviews>
  <new>
   -
  </new>
  <exclusive>
   no
  </exclusive>
  <sporty>
   no
  </sporty>
 </clothing>
 <clothing>
  <id>
   878689720
  </id>
  <name>
   Under Armour Skirt K-4365
  </name>
  <category>
   Skirt
  </category>
  <size>
   XXL
  </size>
  <color>
   Красный
  </color>
  <material>
   Шерсть
  </material>
  <price>
   507183
  </price>
  <rating>
   3.56
  </rating>
  <reviews>
   597493
  </reviews>
  <exclusive>
   yes
  </exclusive>
  <sporty>
   yes
  </sporty>
 </clothing>
 <clothing>
  <id>
   102056978
  </id>
  <name>
   Nike Shoes B-6251
  </name>
  <category>
   Shoes
  </category>
  <size>
   XL
  </size>
  <color>
   Желтый
  </color>
  <material>
   Лен
  </material>
  <price>
   226900
  </price>
  <rating>
   4.83
  </rating>
  <reviews>
   308927
  </reviews>
  <new>
   -
  </new>
  <exclusive>
   no
  </exclusive>
  <sporty>
   no
  </sporty>
 </clothing>
 <clothing>
  <id>
   879799648
  </id>
  <name>
   Asics Sweater Z-9217
  </name>
  <category>
   Sweater
  </category>
  <size>
   L
  </size>
  <color>
   Зеленый
  </color>
  <material>
   Шерсть
  </material>
  <price>
   708479
  </price>
  <rating>
   4.25
  </rating>
  <reviews>
   24571
  </reviews>
  <new>
   -
  </new>
  <exclusive>
   no
  </exclusive>
 </clothing>
 <clothing>
  <id>
   171124987
  </id>
  <name>
   DC T-shirt B-8122
  </name>
  <category>
   T-shirt
  </category>
  <size>
   S
  </size>
  <color>
   Желтый
  </color>
  <material>
   Вискоза
  </material>
  <price>
   226335
  </price>
  <rating>
   2.98
  </rating>
  <reviews>
   46575
  </reviews>
  <new>
   -
  </new>
  <exclusive>
   no
  </exclusive>
 </clothing>
 <clothing>
  <id>
   318532087
  </id>
  <name>
   Vans Handbags L-5107
  </name>
  <category>
   Handbags
  </category>
  <size>
   M
  </size>
  <color>
   Фиолетовый
  </color>
  <material>
   Кожа
  </material>
  <price>
   891865
  </price>
  <rating>
   3.65
  </rating>
  <reviews>
   405099
  </reviews>
  <new>
   -
  </new>
  <exclusive>
   no
  </exclusive>
 </clothing>
 <clothing>
  <id>
   160027459
  </id>
  <name>
   Fila Socks G-8040
  </name>
  <category>
   Socks
  </category>
  <size>
   S
  </size>
  <color>
   Оранжевый
  </color>
  <material>
   Шелк
  </material>
  <price>
   116978
  </price>
  <rating>
   1.36
  </rating>
  <reviews>
   307593
  </reviews>
  <exclusive>
   no
  </exclusive>
  <sporty>
   yes
  </sporty>
 </clothing>
 <clothing>
  <id>
   274929705
  </id>
  <name>
   Converse Handbags H-4370
  </name>
  <category>
   Handbags
  </category>
  <size>
   XL
  </size>
  <color>
   Красный
  </color>
  <material>
   Полиэстер
  </material>
  <price>
   834387
  </price>
  <rating>
   4.34
  </rating>
  <reviews>
   89301
  </reviews>
  <exclusive>
   yes
  </exclusive>
  <sporty>
   no
  </sporty>
 </clothing>
 <clothing>
  <id>
   486273631
  </id>
  <name>
   Adidas Sweater K-1260
  </name>
  <category>
   Sweater
  </category>
  <size>
   L
  </size>
  <color>
   Красный
  </color>
  <material>
   Лен
  </material>
  <price>
   534388
  </price>
  <rating>
   1.57
  </rating>
  <reviews>
   620237
  </reviews>
  <exclusive>
   no
  </exclusive>
 </clothing>
</clothing-items>
