<?xml version="1.0" encoding="utf-8"?>
<clothing-items>
 <clothing>
  <id>
   832371034
  </id>
  <name>
   Puma Blouse O-9079
  </name>
  <category>
   Blouse
  </category>
  <size>
   L
  </size>
  <color>
   Оранжевый
  </color>
  <material>
   Полиэстер
  </material>
  <price>
   412456
  </price>
  <rating>
   2.76
  </rating>
  <reviews>
   377123
  </reviews>
 </clothing>
 <clothing>
  <id>
   347687488
  </id>
  <name>
   Brooks Shoes Q-4030
  </name>
  <category>
   Shoes
  </category>
  <size>
   L
  </size>
  <color>
   Фиолетовый
  </color>
  <material>
   Шелк
  </material>
  <price>
   537480
  </price>
  <rating>
   1.52
  </rating>
  <reviews>
   53396
  </reviews>
  <new>
   +
  </new>
  <sporty>
   yes
  </sporty>
 </clothing>
 <clothing>
  <id>
   160645627
  </id>
  <name>
   Nike Belts K-4320
  </name>
  <category>
   Belts
  </category>
  <size>
   L
  </size>
  <color>
   Желтый
  </color>
  <material>
   Лен
  </material>
  <price>
   478709
  </price>
  <rating>
   4.67
  </rating>
  <reviews>
   705586
  </reviews>
  <new>
   +
  </new>
  <exclusive>
   yes
  </exclusive>
  <sporty>
   no
  </sporty>
 </clothing>
 <clothing>
  <id>
   978373970
  </id>
  <name>
   Ellesse Belts Z-2977
  </name>
  <category>
   Belts
  </category>
  <size>
   XL
  </size>
  <color>
   Фиолетовый
  </color>
  <material>
   Шерсть
  </material>
  <price>
   767151
  </price>
  <rating>
   3.41
  </rating>
  <reviews>
   291543
  </reviews>
  <sporty>
   no
  </sporty>
 </clothing>
 <clothing>
  <id>
   982682602
  </id>
  <name>
   New Balance Hat L-1989
  </name>
  <category>
   Hat
  </category>
  <size>
   XXL
  </size>
  <color>
   Фиолетовый
  </color>
  <material>
   Нейлон
  </material>
  <price>
   388699
  </price>
  <rating>
   2.91
  </rating>
  <reviews>
   179361
  </reviews>
  <exclusive>
   yes
  </exclusive>
  <sporty>
   yes
  </sporty>
 </clothing>
 <clothing>
  <id>
   818899122
  </id>
  <name>
   PleinSport Sweater L-3448
  </name>
  <category>
   Sweater
  </category>
  <size>
   S
  </size>
  <color>
   Фиолетовый
  </color>
  <material>
   Полиэстер
  </material>
  <price>
   634187
  </price>
  <rating>
   4.55
  </rating>
  <reviews>
   855001
  </reviews>
 </clothing>
 <clothing>
  <id>
   151481574
  </id>
  <name>
   Adidas Jacket P-1034
  </name>
  <category>
   Jacket
  </category>
  <size>
   S
  </size>
  <color>
   Желтый
  </color>
  <material>
   Полиэстер
  </material>
  <price>
   850633
  </price>
  <rating>
   4.29
  </rating>
  <reviews>
   675605
  </reviews>
  <new>
   +
  </new>
 </clothing>
 <clothing>
  <id>
   473215931
  </id>
  <name>
   Brooks Sweater G-6573
  </name>
  <category>
   Sweater
  </category>
  <size>
   L
  </size>
  <color>
   Красный
  </color>
  <material>
   Лен
  </material>
  <price>
   291506
  </price>
  <rating>
   3.93
  </rating>
  <reviews>
   664603
  </reviews>
  <new>
   +
  </new>
  <sporty>
   yes
  </sporty>
 </clothing>
 <clothing>
  <id>
   710923575
  </id>
  <name>
   Asics Sweater X-8629
  </name>
  <category>
   Sweater
  </category>
  <size>
   L
  </size>
  <color>
   Желтый
  </color>
  <material>
   Шелк
  </material>
  <price>
   997407
  </price>
  <rating>
   4.15
  </rating>
  <reviews>
   190905
  </reviews>
  <exclusive>
   no
  </exclusive>
  <sporty>
   yes
  </sporty>
 </clothing>
 <clothing>
  <id>
   908361407
  </id>
  <name>
   Converse Shoes C-1278
  </name>
  <category>
   Shoes
  </category>
  <size>
   XXL
  </size>
  <color>
   Голубой
  </color>
  <material>
   Шелк
  </material>
  <price>
   480505
  </price>
  <rating>
   3.75
  </rating>
  <reviews>
   691018
  </reviews>
  <new>
   +
  </new>
  <exclusive>
   yes
  </exclusive>
  <sporty>
   no
  </sporty>
 </clothing>
 <clothing>
  <id>
   872072085
  </id>
  <name>
   Addidas Shoes Y-9238
  </name>
  <category>
   Shoes
  </category>
  <size>
   M
  </size>
  <color>
   Голубой
  </color>
  <material>
   Хлопок
  </material>
  <price>
   334844
  </price>
  <rating>
   2.0
  </rating>
  <reviews>
   340291
  </reviews>
  <new>
   +
  </new>
  <sporty>
   no
  </sporty>
 </clothing>
 <clothing>
  <id>
   853940154
  </id>
  <name>
   Puma T-shirt S-4176
  </name>
  <category>
   T-shirt
  </category>
  <size>
   XL
  </size>
  <color>
   Синий
  </color>
  <material>
   Полиэстер
  </material>
  <price>
   880272
  </price>
  <rating>
   1.64
  </rating>
  <reviews>
   44191
  </reviews>
  <exclusive>
   no
  </exclusive>
  <sporty>
   yes
  </sporty>
 </clothing>
 <clothing>
  <id>
   511351924
  </id>
  <name>
   Addidas Jacket A-7011
  </name>
  <category>
   Jacket
  </category>
  <size>
   XL
  </size>
  <color>
   Оранжевый
  </color>
  <material>
   Шерсть
  </material>
  <price>
   742031
  </price>
  <rating>
   3.01
  </rating>
  <reviews>
   73066
  </reviews>
  <new>
   -
  </new>
  <sporty>
   no
  </sporty>
 </clothing>
 <clothing>
  <id>
   517627936
  </id>
  <name>
   Converse Pants S-5341
  </name>
  <category>
   Pants
  </category>
  <size>
   M
  </size>
  <color>
   Синий
  </color>
  <material>
   Нейлон
  </material>
  <price>
   734695
  </price>
  <rating>
   3.76
  </rating>
  <reviews>
   888411
  </reviews>
 </clothing>
 <clothing>
  <id>
   228653404
  </id>
  <name>
   Addidas Handbags W-8653
  </name>
  <category>
   Handbags
  </category>
  <size>
   S
  </size>
  <color>
   Оранжевый
  </color>
  <material>
   Шелк
  </material>
  <price>
   856778
  </price>
  <rating>
   1.7
  </rating>
  <reviews>
   462916
  </reviews>
  <exclusive>
   yes
  </exclusive>
  <sporty>
   no
  </sporty>
 </clothing>
 <clothing>
  <id>
   197959689
  </id>
  <name>
   Ellesse Sweater A-4171
  </name>
  <category>
   Sweater
  </category>
  <size>
   XXL
  </size>
  <color>
   Фиолетовый
  </color>
  <material>
   Вискоза
  </material>
  <price>
   826714
  </price>
  <rating>
   4.37
  </rating>
  <reviews>
   665251
  </reviews>
  <new>
   +
  </new>
 </clothing>
 <clothing>
  <id>
   606342540
  </id>
  <name>
   Lacoste Jacket A-9323
  </name>
  <category>
   Jacket
  </category>
  <size>
   XXL
  </size>
  <color>
   Красный
  </color>
  <material>
   Шерсть
  </material>
  <price>
   748781
  </price>
  <rating>
   1.06
  </rating>
  <reviews>
   534432
  </reviews>
  <exclusive>
   yes
  </exclusive>
  <sporty>
   yes
  </sporty>
 </clothing>
 <clothing>
  <id>
   304555085
  </id>
  <name>
   PleinSport Umbrellas I-8441
  </name>
  <category>
   Umbrellas
  </category>
  <size>
   L
  </size>
  <color>
   Оранжевый
  </color>
  <material>
   Нейлон
  </material>
  <price>
   979569
  </price>
  <rating>
   3.67
  </rating>
  <reviews>
   194984
  </reviews>
  <new>
   +
  </new>
  <sporty>
   yes
  </sporty>
 </clothing>
 <clothing>
  <id>
   472339741
  </id>
  <name>
   PleinSport Pants D-4613
  </name>
  <category>
   Pants
  </category>
  <size>
   XL
  </size>
  <color>
   Синий
  </color>
  <material>
   Шерсть
  </material>
  <price>
   763604
  </price>
  <rating>
   4.55
  </rating>
  <reviews>
   418076
  </reviews>
  <new>
   -
  </new>
  <sporty>
   yes
  </sporty>
 </clothing>
 <clothing>
  <id>
   632893323
  </id>
  <name>
   Converse Socks Q-2410
  </name>
  <category>
   Socks
  </category>
  <size>
   L
  </size>
  <color>
   Оранжевый
  </color>
  <material>
   Кожа
  </material>
  <price>
   516021
  </price>
  <rating>
   4.04
  </rating>
  <reviews>
   653621
  </reviews>
  <new>
   -
  </new>
  <sporty>
   no
  </sporty>
 </clothing>
 <clothing>
  <id>
   633818812
  </id>
  <name>
   Vans Pants O-1754
  </name>
  <category>
   Pants
  </category>
  <size>
   XXL
  </size>
  <color>
   Фиолетовый
  </color>
  <material>
   Кожа
  </material>
  <price>
   176049
  </price>
  <rating>
   4.0
  </rating>
  <reviews>
   770173
  </reviews>
  <new>
   -
  </new>
  <exclusive>
   yes
  </exclusive>
 </clothing>
 <clothing>
  <id>
   527797517
  </id>
  <name>
   Reebok Jacket I-9441
  </name>
  <category>
   Jacket
  </category>
  <size>
   M
  </size>
  <color>
   Синий
  </color>
  <material>
   Шерсть
  </material>
  <price>
   869367
  </price>
  <rating>
   2.55
  </rating>
  <reviews>
   458209
  </reviews>
  <new>
   -
  </new>
  <exclusive>
   no
  </exclusive>
 </clothing>
 <clothing>
  <id>
   133063233
  </id>
  <name>
   Addidas Jacket I-9175
  </name>
  <category>
   Jacket
  </category>
  <size>
   S
  </size>
  <color>
   Желтый
  </color>
  <material>
   Хлопок
  </material>
  <price>
   413574
  </price>
  <rating>
   4.25
  </rating>
  <reviews>
   440742
  </reviews>
  <new>
   +
  </new>
  <exclusive>
   yes
  </exclusive>
 </clothing>
 <clothing>
  <id>
   825990228
  </id>
  <name>
   Puma T-shirt O-4848
  </name>
  <category>
   T-shirt
  </category>
  <size>
   S
  </size>
  <color>
   Желтый
  </color>
  <material>
   Вискоза
  </material>
  <price>
   696332
  </price>
  <rating>
   2.96
  </rating>
  <reviews>
   244832
  </reviews>
  <new>
   -
  </new>
  <sporty>
   yes
  </sporty>
 </clothing>
 <clothing>
  <id>
   182261384
  </id>
  <name>
   Puma Shoes U-1870
  </name>
  <category>
   Shoes
  </category>
  <size>
   S
  </size>
  <color>
   Красный
  </color>
  <material>
   Кожа
  </material>
  <price>
   555494
  </price>
  <rating>
   2.04
  </rating>
  <reviews>
   577294
  </reviews>
  <sporty>
   no
  </sporty>
 </clothing>
 <clothing>
  <id>
   911729797
  </id>
  <name>
   Ellesse Pants C-1718
  </name>
  <category>
   Pants
  </category>
  <size>
   L
  </size>
  <color>
   Голубой
  </color>
  <material>
   Нейлон
  </material>
  <price>
   974937
  </price>
  <rating>
   1.89
  </rating>
  <reviews>
   716504
  </reviews>
  <exclusive>
   yes
  </exclusive>
 </clothing>
 <clothing>
  <id>
   225745309
  </id>
  <name>
   Adidas Jeans L-7429
  </name>
  <category>
   Jeans
  </category>
  <size>
   S
  </size>
  <color>
   Синий
  </color>
  <material>
   Шерсть
  </material>
  <price>
   280198
  </price>
  <rating>
   4.04
  </rating>
  <reviews>
   608852
  </reviews>
  <new>
   +
  </new>
  <exclusive>
   yes
  </exclusive>
  <sporty>
   yes
  </sporty>
 </clothing>
 <clothing>
  <id>
   802106526
  </id>
  <name>
   Ellesse Belts B-5334
  </name>
  <category>
   Belts
  </category>
  <size>
   S
  </size>
  <color>
   Фиолетовый
  </color>
  <material>
   Шерсть
  </material>
  <price>
   446718
  </price>
  <rating>
   4.66
  </rating>
  <reviews>
   457693
  </reviews>
  <new>
   +
  </new>
  <exclusive>
   no
  </exclusive>
 </clothing>
 <clothing>
  <id>
   337255067
  </id>
  <name>
   Brooks Handbags V-4397
  </name>
  <category>
   Handbags
  </category>
  <size>
   S
  </size>
  <color>
   Фиолетовый
  </color>
  <material>
   Шерсть
  </material>
  <price>
   984159
  </price>
  <rating>
   2.98
  </rating>
  <reviews>
   456640
  </reviews>
  <new>
   +
  </new>
  <exclusive>
   yes
  </exclusive>
 </clothing>
 <clothing>
  <id>
   995684304
  </id>
  <name>
   Brooks Belts Z-3282
  </name>
  <category>
   Belts
  </category>
  <size>
   XL
  </size>
  <color>
   Зеленый
  </color>
  <material>
   Нейлон
  </material>
  <price>
   881207
  </price>
  <rating>
   1.8
  </rating>
  <reviews>
   998653
  </reviews>
  <new>
   -
  </new>
 </clothing>
 <clothing>
  <id>
   201534561
  </id>
  <name>
   New Balance Shoes U-6306
  </name>
  <category>
   Shoes
  </category>
  <size>
   XXL
  </size>
  <color>
   Красный
  </color>
  <material>
   Хлопок
  </material>
  <price>
   359849
  </price>
  <rating>
   1.09
  </rating>
  <reviews>
   72523
  </reviews>
  <exclusive>
   yes
  </exclusive>
 </clothing>
 <clothing>
  <id>
   186590431
  </id>
  <name>
   Converse Pants C-1410
  </name>
  <category>
   Pants
  </category>
  <size>
   XXL
  </size>
  <color>
   Фиолетовый
  </color>
  <material>
   Лен
  </material>
  <price>
   389853
  </price>
  <rating>
   1.28
  </rating>
  <reviews>
   515725
  </reviews>
  <new>
   +
  </new>
  <sporty>
   no
  </sporty>
 </clothing>
 <clothing>
  <id>
   560543547
  </id>
  <name>
   Reebok T-shirt Q-8384
  </name>
  <category>
   T-shirt
  </category>
  <size>
   XL
  </size>
  <color>
   Оранжевый
  </color>
  <material>
   Полиэстер
  </material>
  <price>
   585433
  </price>
  <rating>
   2.09
  </rating>
  <reviews>
   228794
  </reviews>
  <new>
   -
  </new>
  <exclusive>
   yes
  </exclusive>
 </clothing>
 <clothing>
  <id>
   805375665
  </id>
  <name>
   New Balance Socks F-3114
  </name>
  <category>
   Socks
  </category>
  <size>
   L
  </size>
  <color>
   Желтый
  </color>
  <material>
   Вискоза
  </material>
  <price>
   726144
  </price>
  <rating>
   2.18
  </rating>
  <reviews>
   372448
  </reviews>
  <new>
   -
  </new>
  <exclusive>
   no
  </exclusive>
  <sporty>
   yes
  </sporty>
 </clothing>
 <clothing>
  <id>
   373629208
  </id>
  <name>
   Puma Pants H-5668
  </name>
  <category>
   Pants
  </category>
  <size>
   S
  </size>
  <color>
   Фиолетовый
  </color>
  <material>
   Кожа
  </material>
  <price>
   326326
  </price>
  <rating>
   4.43
  </rating>
  <reviews>
   82691
  </reviews>
  <new>
   +
  </new>
 </clothing>
 <clothing>
  <id>
   299780320
  </id>
  <name>
   Puma Jacket D-4828
  </name>
  <category>
   Jacket
  </category>
  <size>
   S
  </size>
  <color>
   Красный
  </color>
  <material>
   Нейлон
  </material>
  <price>
   927659
  </price>
  <rating>
   3.69
  </rating>
  <reviews>
   911863
  </reviews>
  <new>
   -
  </new>
  <exclusive>
   yes
  </exclusive>
  <sporty>
   yes
  </sporty>
 </clothing>
 <clothing>
  <id>
   684649924
  </id>
  <name>
   Addidas Umbrellas W-4339
  </name>
  <category>
   Umbrellas
  </category>
  <size>
   L
  </size>
  <color>
   Фиолетовый
  </color>
  <material>
   Полиэстер
  </material>
  <price>
   175485
  </price>
  <rating>
   2.51
  </rating>
  <reviews>
   368578
  </reviews>
  <new>
   -
  </new>
  <exclusive>
   no
  </exclusive>
 </clothing>
 <clothing>
  <id>
   901601959
  </id>
  <name>
   Addidas Jacket W-4752
  </name>
  <category>
   Jacket
  </category>
  <size>
   S
  </size>
  <color>
   Синий
  </color>
  <material>
   Хлопок
  </material>
  <price>
   902214
  </price>
  <rating>
   2.25
  </rating>
  <reviews>
   620131
  </reviews>
  <exclusive>
   no
  </exclusive>
  <sporty>
   no
  </sporty>
 </clothing>
 <clothing>
  <id>
   439324726
  </id>
  <name>
   Lacoste Socks V-6147
  </name>
  <category>
   Socks
  </category>
  <size>
   M
  </size>
  <color>
   Голубой
  </color>
  <material>
   Нейлон
  </material>
  <price>
   739767
  </price>
  <rating>
   4.16
  </rating>
  <reviews>
   280088
  </reviews>
  <new>
   -
  </new>
  <exclusive>
   yes
  </exclusive>
 </clothing>
 <clothing>
  <id>
   329422369
  </id>
  <name>
   Addidas Skirt X-9244
  </name>
  <category>
   Skirt
  </category>
  <size>
   XL
  </size>
  <color>
   Красный
  </color>
  <material>
   Шелк
  </material>
  <price>
   738822
  </price>
  <rating>
   1.97
  </rating>
  <reviews>
   69679
  </reviews>
  <new>
   +
  </new>
  <exclusive>
   no
  </exclusive>
 </clothing>
 <clothing>
  <id>
   586679849
  </id>
  <name>
   Converse Socks U-1199
  </name>
  <category>
   Socks
  </category>
  <size>
   XL
  </size>
  <color>
   Желтый
  </color>
  <material>
   Хлопок
  </material>
  <price>
   422238
  </price>
  <rating>
   2.93
  </rating>
  <reviews>
   622241
  </reviews>
  <new>
   +
  </new>
  <exclusive>
   no
  </exclusive>
 </clothing>
 <clothing>
  <id>
   825610205
  </id>
  <name>
   DC Blouse F-3013
  </name>
  <category>
   Blouse
  </category>
  <size>
   XL
  </size>
  <color>
   Зеленый
  </color>
  <material>
   Шерсть
  </material>
  <price>
   697297
  </price>
  <rating>
   4.52
  </rating>
  <reviews>
   474447
  </reviews>
  <exclusive>
   yes
  </exclusive>
  <sporty>
   no
  </sporty>
 </clothing>
</clothing-items>
