<?xml version="1.0" encoding="utf-8"?>
<clothing-items>
 <clothing>
  <id>
   936776453
  </id>
  <name>
   Lacoste Shirt F-4742
  </name>
  <category>
   Shirt
  </category>
  <size>
   XXL
  </size>
  <color>
   Голубой
  </color>
  <material>
   Вискоза
  </material>
  <price>
   415984
  </price>
  <rating>
   1.81
  </rating>
  <reviews>
   503632
  </reviews>
  <new>
   -
  </new>
 </clothing>
 <clothing>
  <id>
   666874279
  </id>
  <name>
   Puma Hat N-3017
  </name>
  <category>
   Hat
  </category>
  <size>
   XL
  </size>
  <color>
   Синий
  </color>
  <material>
   Шерсть
  </material>
  <price>
   895259
  </price>
  <rating>
   4.56
  </rating>
  <reviews>
   711463
  </reviews>
  <new>
   -
  </new>
 </clothing>
 <clothing>
  <id>
   447374164
  </id>
  <name>
   DC Shoes G-9537
  </name>
  <category>
   Shoes
  </category>
  <size>
   XL
  </size>
  <color>
   Синий
  </color>
  <material>
   Шерсть
  </material>
  <price>
   704344
  </price>
  <rating>
   3.89
  </rating>
  <reviews>
   8983
  </reviews>
  <exclusive>
   yes
  </exclusive>
  <sporty>
   no
  </sporty>
 </clothing>
 <clothing>
  <id>
   703360555
  </id>
  <name>
   Asics Pants D-6155
  </name>
  <category>
   Pants
  </category>
  <size>
   S
  </size>
  <color>
   Голубой
  </color>
  <material>
   Лен
  </material>
  <price>
   936753
  </price>
  <rating>
   3.1
  </rating>
  <reviews>
   627935
  </reviews>
  <new>
   -
  </new>
  <exclusive>
   no
  </exclusive>
 </clothing>
 <clothing>
  <id>
   310549759
  </id>
  <name>
   Nike Belts Y-1658
  </name>
  <category>
   Belts
  </category>
  <size>
   S
  </size>
  <color>
   Голубой
  </color>
  <material>
   Хлопок
  </material>
  <price>
   489660
  </price>
  <rating>
   4.18
  </rating>
  <reviews>
   812666
  </reviews>
  <new>
   +
  </new>
  <sporty>
   yes
  </sporty>
 </clothing>
 <clothing>
  <id>
   408300823
  </id>
  <name>
   Fila Socks X-6259
  </name>
  <category>
   Socks
  </category>
  <size>
   M
  </size>
  <color>
   Синий
  </color>
  <material>
   Вискоза
  </material>
  <price>
   187019
  </price>
  <rating>
   2.67
  </rating>
  <reviews>
   51652
  </reviews>
  <sporty>
   yes
  </sporty>
 </clothing>
 <clothing>
  <id>
   399406379
  </id>
  <name>
   Adidas Socks V-7989
  </name>
  <category>
   Socks
  </category>
  <size>
   S
  </size>
  <color>
   Оранжевый
  </color>
  <material>
   Полиэстер
  </material>
  <price>
   149939
  </price>
  <rating>
   3.28
  </rating>
  <reviews>
   828364
  </reviews>
  <sporty>
   no
  </sporty>
 </clothing>
 <clothing>
  <id>
   244456416
  </id>
  <name>
   PleinSport Jeans P-5846
  </name>
  <category>
   Jeans
  </category>
  <size>
   L
  </size>
  <color>
   Желтый
  </color>
  <material>
   Вискоза
  </material>
  <price>
   985527
  </price>
  <rating>
   3.52
  </rating>
  <reviews>
   957491
  </reviews>
  <exclusive>
   no
  </exclusive>
  <sporty>
   no
  </sporty>
 </clothing>
 <clothing>
  <id>
   720834903
  </id>
  <name>
   Lacoste Shirt J-3711
  </name>
  <category>
   Shirt
  </category>
  <size>
   M
  </size>
  <color>
   Оранжевый
  </color>
  <material>
   Шерсть
  </material>
  <price>
   350976
  </price>
  <rating>
   4.91
  </rating>
  <reviews>
   461982
  </reviews>
  <sporty>
   no
  </sporty>
 </clothing>
 <clothing>
  <id>
   741774790
  </id>
  <name>
   Converse Hat L-3464
  </name>
  <category>
   Hat
  </category>
  <size>
   XL
  </size>
  <color>
   Голубой
  </color>
  <material>
   Лен
  </material>
  <price>
   466016
  </price>
  <rating>
   3.59
  </rating>
  <reviews>
   922561
  </reviews>
  <sporty>
   no
  </sporty>
 </clothing>
 <clothing>
  <id>
   958592264
  </id>
  <name>
   Lacoste Socks E-8651
  </name>
  <category>
   Socks
  </category>
  <size>
   XXL
  </size>
  <color>
   Голубой
  </color>
  <material>
   Вискоза
  </material>
  <price>
   126742
  </price>
  <rating>
   3.78
  </rating>
  <reviews>
   588928
  </reviews>
  <new>
   -
  </new>
  <sporty>
   no
  </sporty>
 </clothing>
 <clothing>
  <id>
   563999338
  </id>
  <name>
   Ellesse Shirt P-6832
  </name>
  <category>
   Shirt
  </category>
  <size>
   XXL
  </size>
  <color>
   Оранжевый
  </color>
  <material>
   Шерсть
  </material>
  <price>
   861029
  </price>
  <rating>
   4.19
  </rating>
  <reviews>
   266318
  </reviews>
  <exclusive>
   no
  </exclusive>
 </clothing>
 <clothing>
  <id>
   694191720
  </id>
  <name>
   DC Shirt Z-9715
  </name>
  <category>
   Shirt
  </category>
  <size>
   M
  </size>
  <color>
   Желтый
  </color>
  <material>
   Полиэстер
  </material>
  <price>
   355637
  </price>
  <rating>
   2.96
  </rating>
  <reviews>
   914409
  </reviews>
  <new>
   +
  </new>
  <sporty>
   no
  </sporty>
 </clothing>
 <clothing>
  <id>
   823515817
  </id>
  <name>
   Puma Hat D-1972
  </name>
  <category>
   Hat
  </category>
  <size>
   XXL
  </size>
  <color>
   Зеленый
  </color>
  <material>
   Полиэстер
  </material>
  <price>
   193596
  </price>
  <rating>
   4.44
  </rating>
  <reviews>
   146527
  </reviews>
  <exclusive>
   yes
  </exclusive>
  <sporty>
   yes
  </sporty>
 </clothing>
 <clothing>
  <id>
   735505919
  </id>
  <name>
   Fila Belts C-6958
  </name>
  <category>
   Belts
  </category>
  <size>
   L
  </size>
  <color>
   Голубой
  </color>
  <material>
   Лен
  </material>
  <price>
   390141
  </price>
  <rating>
   1.57
  </rating>
  <reviews>
   468562
  </reviews>
  <exclusive>
   yes
  </exclusive>
 </clothing>
 <clothing>
  <id>
   829958117
  </id>
  <name>
   Puma Shoes S-9999
  </name>
  <category>
   Shoes
  </category>
  <size>
   S
  </size>
  <color>
   Зеленый
  </color>
  <material>
   Нейлон
  </material>
  <price>
   605401
  </price>
  <rating>
   4.83
  </rating>
  <reviews>
   770977
  </reviews>
  <new>
   -
  </new>
  <exclusive>
   yes
  </exclusive>
  <sporty>
   no
  </sporty>
 </clothing>
 <clothing>
  <id>
   898740988
  </id>
  <name>
   Lacoste Pants T-9370
  </name>
  <category>
   Pants
  </category>
  <size>
   M
  </size>
  <color>
   Красный
  </color>
  <material>
   Шелк
  </material>
  <price>
   257416
  </price>
  <rating>
   3.82
  </rating>
  <reviews>
   526385
  </reviews>
  <new>
   -
  </new>
  <exclusive>
   yes
  </exclusive>
  <sporty>
   no
  </sporty>
 </clothing>
 <clothing>
  <id>
   568046434
  </id>
  <name>
   Puma Jacket S-3954
  </name>
  <category>
   Jacket
  </category>
  <size>
   XXL
  </size>
  <color>
   Голубой
  </color>
  <material>
   Кожа
  </material>
  <price>
   811376
  </price>
  <rating>
   1.6
  </rating>
  <reviews>
   771049
  </reviews>
  <exclusive>
   no
  </exclusive>
 </clothing>
 <clothing>
  <id>
   586957736
  </id>
  <name>
   DC Pants H-5970
  </name>
  <category>
   Pants
  </category>
  <size>
   M
  </size>
  <color>
   Голубой
  </color>
  <material>
   Шелк
  </material>
  <price>
   887604
  </price>
  <rating>
   1.43
  </rating>
  <reviews>
   433597
  </reviews>
  <new>
   -
  </new>
 </clothing>
</clothing-items>
