<?xml version="1.0" encoding="utf-8"?>
<clothing-items>
 <clothing>
  <id>
   320356277
  </id>
  <name>
   Brooks Handbags Q-6655
  </name>
  <category>
   Handbags
  </category>
  <size>
   XXL
  </size>
  <color>
   Оранжевый
  </color>
  <material>
   Нейлон
  </material>
  <price>
   629398
  </price>
  <rating>
   1.63
  </rating>
  <reviews>
   196146
  </reviews>
  <exclusive>
   yes
  </exclusive>
  <sporty>
   yes
  </sporty>
 </clothing>
 <clothing>
  <id>
   907799252
  </id>
  <name>
   Addidas Sweater X-8326
  </name>
  <category>
   Sweater
  </category>
  <size>
   XL
  </size>
  <color>
   Зеленый
  </color>
  <material>
   Вискоза
  </material>
  <price>
   886689
  </price>
  <rating>
   4.32
  </rating>
  <reviews>
   308654
  </reviews>
  <exclusive>
   no
  </exclusive>
  <sporty>
   no
  </sporty>
 </clothing>
 <clothing>
  <id>
   993809552
  </id>
  <name>
   Puma Socks B-5471
  </name>
  <category>
   Socks
  </category>
  <size>
   XL
  </size>
  <color>
   Синий
  </color>
  <material>
   Вискоза
  </material>
  <price>
   379209
  </price>
  <rating>
   3.31
  </rating>
  <reviews>
   215341
  </reviews>
  <exclusive>
   yes
  </exclusive>
 </clothing>
 <clothing>
  <id>
   807371758
  </id>
  <name>
   Reebok Pants F-5928
  </name>
  <category>
   Pants
  </category>
  <size>
   XXL
  </size>
  <color>
   Голубой
  </color>
  <material>
   Нейлон
  </material>
  <price>
   849321
  </price>
  <rating>
   2.29
  </rating>
  <reviews>
   687906
  </reviews>
  <exclusive>
   no
  </exclusive>
 </clothing>
 <clothing>
  <id>
   711461963
  </id>
  <name>
   PleinSport Pants L-2547
  </name>
  <category>
   Pants
  </category>
  <size>
   M
  </size>
  <color>
   Синий
  </color>
  <material>
   Нейлон
  </material>
  <price>
   722706
  </price>
  <rating>
   3.48
  </rating>
  <reviews>
   502227
  </reviews>
  <new>
   +
  </new>
  <sporty>
   no
  </sporty>
 </clothing>
 <clothing>
  <id>
   631989742
  </id>
  <name>
   PleinSport Sweater J-5516
  </name>
  <category>
   Sweater
  </category>
  <size>
   XL
  </size>
  <color>
   Синий
  </color>
  <material>
   Кожа
  </material>
  <price>
   349108
  </price>
  <rating>
   4.57
  </rating>
  <reviews>
   257994
  </reviews>
 </clothing>
 <clothing>
  <id>
   695317842
  </id>
  <name>
   Fila Handbags Y-1996
  </name>
  <category>
   Handbags
  </category>
  <size>
   L
  </size>
  <color>
   Голубой
  </color>
  <material>
   Лен
  </material>
  <price>
   365625
  </price>
  <rating>
   1.69
  </rating>
  <reviews>
   600230
  </reviews>
  <new>
   +
  </new>
 </clothing>
 <clothing>
  <id>
   435939010
  </id>
  <name>
   Reebok Shirt R-4583
  </name>
  <category>
   Shirt
  </category>
  <size>
   M
  </size>
  <color>
   Желтый
  </color>
  <material>
   Полиэстер
  </material>
  <price>
   811766
  </price>
  <rating>
   3.04
  </rating>
  <reviews>
   436627
  </reviews>
  <new>
   +
  </new>
 </clothing>
 <clothing>
  <id>
   481659660
  </id>
  <name>
   Fila Umbrellas D-9222
  </name>
  <category>
   Umbrellas
  </category>
  <size>
   XL
  </size>
  <color>
   Красный
  </color>
  <material>
   Шерсть
  </material>
  <price>
   545253
  </price>
  <rating>
   1.77
  </rating>
  <reviews>
   336133
  </reviews>
  <new>
   -
  </new>
 </clothing>
 <clothing>
  <id>
   745303686
  </id>
  <name>
   DC Sweater Z-2023
  </name>
  <category>
   Sweater
  </category>
  <size>
   M
  </size>
  <color>
   Фиолетовый
  </color>
  <material>
   Вискоза
  </material>
  <price>
   785322
  </price>
  <rating>
   2.98
  </rating>
  <reviews>
   530422
  </reviews>
  <new>
   -
  </new>
  <exclusive>
   yes
  </exclusive>
 </clothing>
 <clothing>
  <id>
   209095679
  </id>
  <name>
   DC Socks K-6400
  </name>
  <category>
   Socks
  </category>
  <size>
   L
  </size>
  <color>
   Оранжевый
  </color>
  <material>
   Вискоза
  </material>
  <price>
   930577
  </price>
  <rating>
   3.55
  </rating>
  <reviews>
   413692
  </reviews>
  <new>
   +
  </new>
  <exclusive>
   yes
  </exclusive>
 </clothing>
 <clothing>
  <id>
   210362302
  </id>
  <name>
   New Balance Gloves G-8242
  </name>
  <category>
   Gloves
  </category>
  <size>
   L
  </size>
  <color>
   Оранжевый
  </color>
  <material>
   Вискоза
  </material>
  <price>
   683128
  </price>
  <rating>
   1.0
  </rating>
  <reviews>
   954278
  </reviews>
 </clothing>
 <clothing>
  <id>
   779676023
  </id>
  <name>
   Adidas Dress N-4636
  </name>
  <category>
   Dress
  </category>
  <size>
   XL
  </size>
  <color>
   Красный
  </color>
  <material>
   Вискоза
  </material>
  <price>
   229397
  </price>
  <rating>
   2.35
  </rating>
  <reviews>
   15598
  </reviews>
  <exclusive>
   no
  </exclusive>
  <sporty>
   no
  </sporty>
 </clothing>
 <clothing>
  <id>
   126443786
  </id>
  <name>
   Converse Jacket Z-4248
  </name>
  <category>
   Jacket
  </category>
  <size>
   S
  </size>
  <color>
   Фиолетовый
  </color>
  <material>
   Полиэстер
  </material>
  <price>
   889519
  </price>
  <rating>
   3.74
  </rating>
  <reviews>
   675576
  </reviews>
  <sporty>
   yes
  </sporty>
 </clothing>
 <clothing>
  <id>
   963777224
  </id>
  <name>
   Reebok Dress G-5752
  </name>
  <category>
   Dress
  </category>
  <size>
   L
  </size>
  <color>
   Желтый
  </color>
  <material>
   Полиэстер
  </material>
  <price>
   679504
  </price>
  <rating>
   2.96
  </rating>
  <reviews>
   356076
  </reviews>
  <new>
   +
  </new>
  <exclusive>
   no
  </exclusive>
  <sporty>
   yes
  </sporty>
 </clothing>
 <clothing>
  <id>
   428160106
  </id>
  <name>
   PleinSport Blouse Y-1261
  </name>
  <category>
   Blouse
  </category>
  <size>
   XXL
  </size>
  <color>
   Голубой
  </color>
  <material>
   Лен
  </material>
  <price>
   111154
  </price>
  <rating>
   1.21
  </rating>
  <reviews>
   782321
  </reviews>
  <new>
   +
  </new>
 </clothing>
 <clothing>
  <id>
   979664234
  </id>
  <name>
   Puma Gloves R-3016
  </name>
  <category>
   Gloves
  </category>
  <size>
   M
  </size>
  <color>
   Зеленый
  </color>
  <material>
   Вискоза
  </material>
  <price>
   303394
  </price>
  <rating>
   2.75
  </rating>
  <reviews>
   228826
  </reviews>
  <exclusive>
   yes
  </exclusive>
  <sporty>
   yes
  </sporty>
 </clothing>
 <clothing>
  <id>
   633838362
  </id>
  <name>
   New Balance Umbrellas T-6103
  </name>
  <category>
   Umbrellas
  </category>
  <size>
   XL
  </size>
  <color>
   Синий
  </color>
  <material>
   Шерсть
  </material>
  <price>
   900352
  </price>
  <rating>
   4.56
  </rating>
  <reviews>
   398336
  </reviews>
  <sporty>
   yes
  </sporty>
 </clothing>
 <clothing>
  <id>
   100858548
  </id>
  <name>
   Puma Dress T-5239
  </name>
  <category>
   Dress
  </category>
  <size>
   M
  </size>
  <color>
   Фиолетовый
  </color>
  <material>
   Вискоза
  </material>
  <price>
   649172
  </price>
  <rating>
   4.76
  </rating>
  <reviews>
   523064
  </reviews>
 </clothing>
 <clothing>
  <id>
   145081845
  </id>
  <name>
   New Balance Skirt J-8791
  </name>
  <category>
   Skirt
  </category>
  <size>
   XL
  </size>
  <color>
   Фиолетовый
  </color>
  <material>
   Полиэстер
  </material>
  <price>
   273592
  </price>
  <rating>
   2.95
  </rating>
  <reviews>
   899681
  </reviews>
  <new>
   -
  </new>
  <sporty>
   yes
  </sporty>
 </clothing>
 <clothing>
  <id>
   233465161
  </id>
  <name>
   PleinSport Blouse J-3912
  </name>
  <category>
   Blouse
  </category>
  <size>
   L
  </size>
  <color>
   Красный
  </color>
  <material>
   Кожа
  </material>
  <price>
   605654
  </price>
  <rating>
   3.01
  </rating>
  <reviews>
   747329
  </reviews>
  <new>
   +
  </new>
  <exclusive>
   yes
  </exclusive>
  <sporty>
   no
  </sporty>
 </clothing>
 <clothing>
  <id>
   841007988
  </id>
  <name>
   Addidas Socks U-6310
  </name>
  <category>
   Socks
  </category>
  <size>
   XXL
  </size>
  <color>
   Красный
  </color>
  <material>
   Нейлон
  </material>
  <price>
   710647
  </price>
  <rating>
   4.71
  </rating>
  <reviews>
   29847
  </reviews>
  <exclusive>
   no
  </exclusive>
  <sporty>
   no
  </sporty>
 </clothing>
 <clothing>
  <id>
   916891202
  </id>
  <name>
   Lacoste Socks E-2364
  </name>
  <category>
   Socks
  </category>
  <size>
   M
  </size>
  <color>
   Желтый
  </color>
  <material>
   Лен
  </material>
  <price>
   972282
  </price>
  <rating>
   1.39
  </rating>
  <reviews>
   483056
  </reviews>
  <new>
   +
  </new>
  <exclusive>
   no
  </exclusive>
 </clothing>
 <clothing>
  <id>
   768225139
  </id>
  <name>
   Adidas Jacket D-7687
  </name>
  <category>
   Jacket
  </category>
  <size>
   XL
  </size>
  <color>
   Зеленый
  </color>
  <material>
   Шелк
  </material>
  <price>
   673095
  </price>
  <rating>
   2.98
  </rating>
  <reviews>
   999852
  </reviews>
  <new>
   +
  </new>
  <exclusive>
   no
  </exclusive>
 </clothing>
 <clothing>
  <id>
   309612510
  </id>
  <name>
   New Balance Dress V-5121
  </name>
  <category>
   Dress
  </category>
  <size>
   L
  </size>
  <color>
   Зеленый
  </color>
  <material>
   Лен
  </material>
  <price>
   859308
  </price>
  <rating>
   4.24
  </rating>
  <reviews>
   357849
  </reviews>
  <sporty>
   yes
  </sporty>
 </clothing>
 <clothing>
  <id>
   837647353
  </id>
  <name>
   Vans Jeans N-1906
  </name>
  <category>
   Jeans
  </category>
  <size>
   XXL
  </size>
  <color>
   Зеленый
  </color>
  <material>
   Нейлон
  </material>
  <price>
   927287
  </price>
  <rating>
   4.69
  </rating>
  <reviews>
   517737
  </reviews>
  <new>
   -
  </new>
  <exclusive>
   no
  </exclusive>
 </clothing>
 <clothing>
  <id>
   117687855
  </id>
  <name>
   Puma Jacket Z-3798
  </name>
  <category>
   Jacket
  </category>
  <size>
   M
  </size>
  <color>
   Оранжевый
  </color>
  <material>
   Лен
  </material>
  <price>
   128543
  </price>
  <rating>
   2.5
  </rating>
  <reviews>
   729943
  </reviews>
  <new>
   +
  </new>
  <sporty>
   no
  </sporty>
 </clothing>
 <clothing>
  <id>
   528636465
  </id>
  <name>
   PleinSport Shoes I-7081
  </name>
  <category>
   Shoes
  </category>
  <size>
   M
  </size>
  <color>
   Голубой
  </color>
  <material>
   Полиэстер
  </material>
  <price>
   509313
  </price>
  <rating>
   2.21
  </rating>
  <reviews>
   572033
  </reviews>
  <new>
   -
  </new>
  <exclusive>
   yes
  </exclusive>
  <sporty>
   no
  </sporty>
 </clothing>
 <clothing>
  <id>
   801138774
  </id>
  <name>
   Adidas Jacket W-9103
  </name>
  <category>
   Jacket
  </category>
  <size>
   XL
  </size>
  <color>
   Оранжевый
  </color>
  <material>
   Кожа
  </material>
  <price>
   412457
  </price>
  <rating>
   2.8
  </rating>
  <reviews>
   170984
  </reviews>
  <exclusive>
   no
  </exclusive>
  <sporty>
   no
  </sporty>
 </clothing>
 <clothing>
  <id>
   784885317
  </id>
  <name>
   Fila Blouse W-9257
  </name>
  <category>
   Blouse
  </category>
  <size>
   L
  </size>
  <color>
   Желтый
  </color>
  <material>
   Вискоза
  </material>
  <price>
   269608
  </price>
  <rating>
   3.66
  </rating>
  <reviews>
   531950
  </reviews>
  <new>
   -
  </new>
  <exclusive>
   yes
  </exclusive>
 </clothing>
 <clothing>
  <id>
   346447089
  </id>
  <name>
   Lacoste Socks M-8930
  </name>
  <category>
   Socks
  </category>
  <size>
   XL
  </size>
  <color>
   Красный
  </color>
  <material>
   Полиэстер
  </material>
  <price>
   332423
  </price>
  <rating>
   1.52
  </rating>
  <reviews>
   662189
  </reviews>
  <new>
   -
  </new>
  <exclusive>
   yes
  </exclusive>
  <sporty>
   no
  </sporty>
 </clothing>
 <clothing>
  <id>
   608539299
  </id>
  <name>
   Under Armour Umbrellas E-5495
  </name>
  <category>
   Umbrellas
  </category>
  <size>
   XXL
  </size>
  <color>
   Желтый
  </color>
  <material>
   Кожа
  </material>
  <price>
   909420
  </price>
  <rating>
   1.52
  </rating>
  <reviews>
   431891
  </reviews>
  <new>
   -
  </new>
  <exclusive>
   no
  </exclusive>
 </clothing>
 <clothing>
  <id>
   774206164
  </id>
  <name>
   Puma Blouse J-9468
  </name>
  <category>
   Blouse
  </category>
  <size>
   XL
  </size>
  <color>
   Фиолетовый
  </color>
  <material>
   Шерсть
  </material>
  <price>
   781103
  </price>
  <rating>
   2.45
  </rating>
  <reviews>
   15768
  </reviews>
  <exclusive>
   yes
  </exclusive>
  <sporty>
   no
  </sporty>
 </clothing>
 <clothing>
  <id>
   763769236
  </id>
  <name>
   Puma Umbrellas T-2017
  </name>
  <category>
   Umbrellas
  </category>
  <size>
   L
  </size>
  <color>
   Оранжевый
  </color>
  <material>
   Шерсть
  </material>
  <price>
   394849
  </price>
  <rating>
   3.24
  </rating>
  <reviews>
   205401
  </reviews>
  <new>
   -
  </new>
  <exclusive>
   no
  </exclusive>
 </clothing>
</clothing-items>
