<?xml version="1.0" encoding="utf-8"?>
<clothing-items>
 <clothing>
  <id>
   895067823
  </id>
  <name>
   Adidas Belts F-1324
  </name>
  <category>
   Belts
  </category>
  <size>
   S
  </size>
  <color>
   Синий
  </color>
  <material>
   Кожа
  </material>
  <price>
   708273
  </price>
  <rating>
   4.73
  </rating>
  <reviews>
   484492
  </reviews>
  <exclusive>
   yes
  </exclusive>
  <sporty>
   no
  </sporty>
 </clothing>
 <clothing>
  <id>
   296671890
  </id>
  <name>
   Reebok Dress F-7562
  </name>
  <category>
   Dress
  </category>
  <size>
   S
  </size>
  <color>
   Голубой
  </color>
  <material>
   Кожа
  </material>
  <price>
   909245
  </price>
  <rating>
   1.08
  </rating>
  <reviews>
   271359
  </reviews>
  <new>
   -
  </new>
  <sporty>
   no
  </sporty>
 </clothing>
 <clothing>
  <id>
   490001808
  </id>
  <name>
   Fila Jeans V-4639
  </name>
  <category>
   Jeans
  </category>
  <size>
   S
  </size>
  <color>
   Зеленый
  </color>
  <material>
   Шелк
  </material>
  <price>
   380929
  </price>
  <rating>
   1.34
  </rating>
  <reviews>
   922334
  </reviews>
  <exclusive>
   no
  </exclusive>
  <sporty>
   yes
  </sporty>
 </clothing>
 <clothing>
  <id>
   486565599
  </id>
  <name>
   Asics Blouse T-2391
  </name>
  <category>
   Blouse
  </category>
  <size>
   M
  </size>
  <color>
   Оранжевый
  </color>
  <material>
   Кожа
  </material>
  <price>
   147628
  </price>
  <rating>
   3.18
  </rating>
  <reviews>
   861422
  </reviews>
  <new>
   -
  </new>
  <sporty>
   no
  </sporty>
 </clothing>
 <clothing>
  <id>
   948051971
  </id>
  <name>
   DC Belts Q-6153
  </name>
  <category>
   Belts
  </category>
  <size>
   L
  </size>
  <color>
   Зеленый
  </color>
  <material>
   Кожа
  </material>
  <price>
   519861
  </price>
  <rating>
   2.72
  </rating>
  <reviews>
   740757
  </reviews>
  <new>
   +
  </new>
  <exclusive>
   yes
  </exclusive>
  <sporty>
   yes
  </sporty>
 </clothing>
 <clothing>
  <id>
   154845500
  </id>
  <name>
   Addidas Socks U-5054
  </name>
  <category>
   Socks
  </category>
  <size>
   S
  </size>
  <color>
   Фиолетовый
  </color>
  <material>
   Хлопок
  </material>
  <price>
   926697
  </price>
  <rating>
   4.64
  </rating>
  <reviews>
   34472
  </reviews>
  <new>
   +
  </new>
  <exclusive>
   no
  </exclusive>
 </clothing>
 <clothing>
  <id>
   897974224
  </id>
  <name>
   Puma Blouse I-3781
  </name>
  <category>
   Blouse
  </category>
  <size>
   XL
  </size>
  <color>
   Голубой
  </color>
  <material>
   Кожа
  </material>
  <price>
   131376
  </price>
  <rating>
   4.54
  </rating>
  <reviews>
   311259
  </reviews>
  <exclusive>
   yes
  </exclusive>
  <sporty>
   yes
  </sporty>
 </clothing>
 <clothing>
  <id>
   262149675
  </id>
  <name>
   PleinSport Handbags J-4620
  </name>
  <category>
   Handbags
  </category>
  <size>
   XL
  </size>
  <color>
   Голубой
  </color>
  <material>
   Лен
  </material>
  <price>
   844626
  </price>
  <rating>
   4.14
  </rating>
  <reviews>
   699308
  </reviews>
  <exclusive>
   no
  </exclusive>
 </clothing>
 <clothing>
  <id>
   820993112
  </id>
  <name>
   Nike Shoes W-9219
  </name>
  <category>
   Shoes
  </category>
  <size>
   M
  </size>
  <color>
   Красный
  </color>
  <material>
   Хлопок
  </material>
  <price>
   727405
  </price>
  <rating>
   4.96
  </rating>
  <reviews>
   181327
  </reviews>
 </clothing>
 <clothing>
  <id>
   359071926
  </id>
  <name>
   Brooks Jacket P-4148
  </name>
  <category>
   Jacket
  </category>
  <size>
   S
  </size>
  <color>
   Оранжевый
  </color>
  <material>
   Шелк
  </material>
  <price>
   607510
  </price>
  <rating>
   4.37
  </rating>
  <reviews>
   471217
  </reviews>
  <exclusive>
   yes
  </exclusive>
  <sporty>
   no
  </sporty>
 </clothing>
 <clothing>
  <id>
   427448932
  </id>
  <name>
   Vans Skirt I-5713
  </name>
  <category>
   Skirt
  </category>
  <size>
   XXL
  </size>
  <color>
   Желтый
  </color>
  <material>
   Нейлон
  </material>
  <price>
   262232
  </price>
  <rating>
   4.24
  </rating>
  <reviews>
   727655
  </reviews>
  <new>
   -
  </new>
  <exclusive>
   no
  </exclusive>
  <sporty>
   yes
  </sporty>
 </clothing>
 <clothing>
  <id>
   928214750
  </id>
  <name>
   Converse Handbags R-9669
  </name>
  <category>
   Handbags
  </category>
  <size>
   L
  </size>
  <color>
   Красный
  </color>
  <material>
   Шерсть
  </material>
  <price>
   751862
  </price>
  <rating>
   2.32
  </rating>
  <reviews>
   239010
  </reviews>
  <sporty>
   no
  </sporty>
 </clothing>
 <clothing>
  <id>
   300156881
  </id>
  <name>
   New Balance Jeans W-4739
  </name>
  <category>
   Jeans
  </category>
  <size>
   L
  </size>
  <color>
   Желтый
  </color>
  <material>
   Вискоза
  </material>
  <price>
   410347
  </price>
  <rating>
   4.92
  </rating>
  <reviews>
   242835
  </reviews>
  <exclusive>
   no
  </exclusive>
 </clothing>
 <clothing>
  <id>
   198178286
  </id>
  <name>
   New Balance Hat B-5970
  </name>
  <category>
   Hat
  </category>
  <size>
   L
  </size>
  <color>
   Синий
  </color>
  <material>
   Лен
  </material>
  <price>
   609289
  </price>
  <rating>
   4.82
  </rating>
  <reviews>
   400541
  </reviews>
  <new>
   +
  </new>
  <exclusive>
   yes
  </exclusive>
  <sporty>
   yes
  </sporty>
 </clothing>
 <clothing>
  <id>
   507443668
  </id>
  <name>
   Under Armour T-shirt P-9458
  </name>
  <category>
   T-shirt
  </category>
  <size>
   XXL
  </size>
  <color>
   Красный
  </color>
  <material>
   Полиэстер
  </material>
  <price>
   505247
  </price>
  <rating>
   1.69
  </rating>
  <reviews>
   531825
  </reviews>
  <exclusive>
   yes
  </exclusive>
  <sporty>
   yes
  </sporty>
 </clothing>
 <clothing>
  <id>
   612033941
  </id>
  <name>
   Reebok Jeans O-3343
  </name>
  <category>
   Jeans
  </category>
  <size>
   M
  </size>
  <color>
   Зеленый
  </color>
  <material>
   Шерсть
  </material>
  <price>
   711048
  </price>
  <rating>
   1.98
  </rating>
  <reviews>
   469016
  </reviews>
  <new>
   -
  </new>
  <sporty>
   yes
  </sporty>
 </clothing>
 <clothing>
  <id>
   254318453
  </id>
  <name>
   DC Hat H-9409
  </name>
  <category>
   Hat
  </category>
  <size>
   S
  </size>
  <color>
   Фиолетовый
  </color>
  <material>
   Кожа
  </material>
  <price>
   210803
  </price>
  <rating>
   3.27
  </rating>
  <reviews>
   162845
  </reviews>
  <new>
   -
  </new>
  <exclusive>
   no
  </exclusive>
 </clothing>
 <clothing>
  <id>
   537499819
  </id>
  <name>
   Addidas Shirt I-8372
  </name>
  <category>
   Shirt
  </category>
  <size>
   M
  </size>
  <color>
   Голубой
  </color>
  <material>
   Хлопок
  </material>
  <price>
   505722
  </price>
  <rating>
   3.16
  </rating>
  <reviews>
   823759
  </reviews>
  <new>
   -
  </new>
  <sporty>
   no
  </sporty>
 </clothing>
 <clothing>
  <id>
   184153063
  </id>
  <name>
   Under Armour Shirt R-3586
  </name>
  <category>
   Shirt
  </category>
  <size>
   M
  </size>
  <color>
   Красный
  </color>
  <material>
   Вискоза
  </material>
  <price>
   387025
  </price>
  <rating>
   4.53
  </rating>
  <reviews>
   967596
  </reviews>
  <new>
   -
  </new>
  <sporty>
   no
  </sporty>
 </clothing>
 <clothing>
  <id>
   135543564
  </id>
  <name>
   Fila Blouse U-5248
  </name>
  <category>
   Blouse
  </category>
  <size>
   XL
  </size>
  <color>
   Голубой
  </color>
  <material>
   Хлопок
  </material>
  <price>
   208250
  </price>
  <rating>
   3.13
  </rating>
  <reviews>
   120730
  </reviews>
  <exclusive>
   yes
  </exclusive>
  <sporty>
   yes
  </sporty>
 </clothing>
 <clothing>
  <id>
   205460660
  </id>
  <name>
   Adidas Hat N-5537
  </name>
  <category>
   Hat
  </category>
  <size>
   L
  </size>
  <color>
   Оранжевый
  </color>
  <material>
   Кожа
  </material>
  <price>
   514937
  </price>
  <rating>
   1.39
  </rating>
  <reviews>
   934390
  </reviews>
  <exclusive>
   no
  </exclusive>
  <sporty>
   yes
  </sporty>
 </clothing>
 <clothing>
  <id>
   947626291
  </id>
  <name>
   Ellesse Handbags C-3185
  </name>
  <category>
   Handbags
  </category>
  <size>
   M
  </size>
  <color>
   Голубой
  </color>
  <material>
   Вискоза
  </material>
  <price>
   201776
  </price>
  <rating>
   4.64
  </rating>
  <reviews>
   637638
  </reviews>
  <new>
   -
  </new>
  <exclusive>
   no
  </exclusive>
  <sporty>
   no
  </sporty>
 </clothing>
 <clothing>
  <id>
   668879146
  </id>
  <name>
   Converse Jacket M-1001
  </name>
  <category>
   Jacket
  </category>
  <size>
   L
  </size>
  <color>
   Фиолетовый
  </color>
  <material>
   Нейлон
  </material>
  <price>
   927319
  </price>
  <rating>
   1.16
  </rating>
  <reviews>
   310911
  </reviews>
  <new>
   +
  </new>
  <exclusive>
   yes
  </exclusive>
 </clothing>
 <clothing>
  <id>
   773621728
  </id>
  <name>
   Under Armour Skirt A-3735
  </name>
  <category>
   Skirt
  </category>
  <size>
   M
  </size>
  <color>
   Красный
  </color>
  <material>
   Шерсть
  </material>
  <price>
   927870
  </price>
  <rating>
   3.56
  </rating>
  <reviews>
   711467
  </reviews>
  <new>
   +
  </new>
  <exclusive>
   no
  </exclusive>
  <sporty>
   no
  </sporty>
 </clothing>
 <clothing>
  <id>
   530368960
  </id>
  <name>
   Under Armour Gloves D-4722
  </name>
  <category>
   Gloves
  </category>
  <size>
   XL
  </size>
  <color>
   Красный
  </color>
  <material>
   Кожа
  </material>
  <price>
   209969
  </price>
  <rating>
   2.7
  </rating>
  <reviews>
   256064
  </reviews>
  <sporty>
   yes
  </sporty>
 </clothing>
 <clothing>
  <id>
   464641382
  </id>
  <name>
   Ellesse Jacket S-5069
  </name>
  <category>
   Jacket
  </category>
  <size>
   M
  </size>
  <color>
   Красный
  </color>
  <material>
   Полиэстер
  </material>
  <price>
   769133
  </price>
  <rating>
   4.81
  </rating>
  <reviews>
   32833
  </reviews>
  <new>
   +
  </new>
 </clothing>
 <clothing>
  <id>
   845390843
  </id>
  <name>
   DC Blouse F-2208
  </name>
  <category>
   Blouse
  </category>
  <size>
   S
  </size>
  <color>
   Голубой
  </color>
  <material>
   Шелк
  </material>
  <price>
   863826
  </price>
  <rating>
   3.31
  </rating>
  <reviews>
   718639
  </reviews>
  <new>
   +
  </new>
  <exclusive>
   yes
  </exclusive>
  <sporty>
   no
  </sporty>
 </clothing>
 <clothing>
  <id>
   875373789
  </id>
  <name>
   Ellesse Jeans I-8618
  </name>
  <category>
   Jeans
  </category>
  <size>
   XL
  </size>
  <color>
   Красный
  </color>
  <material>
   Шерсть
  </material>
  <price>
   570260
  </price>
  <rating>
   3.48
  </rating>
  <reviews>
   138120
  </reviews>
  <exclusive>
   yes
  </exclusive>
  <sporty>
   no
  </sporty>
 </clothing>
 <clothing>
  <id>
   649188979
  </id>
  <name>
   Nike Sweater N-4388
  </name>
  <category>
   Sweater
  </category>
  <size>
   M
  </size>
  <color>
   Синий
  </color>
  <material>
   Лен
  </material>
  <price>
   413621
  </price>
  <rating>
   4.04
  </rating>
  <reviews>
   746478
  </reviews>
  <exclusive>
   no
  </exclusive>
  <sporty>
   no
  </sporty>
 </clothing>
 <clothing>
  <id>
   249869689
  </id>
  <name>
   PleinSport Shirt I-6000
  </name>
  <category>
   Shirt
  </category>
  <size>
   S
  </size>
  <color>
   Голубой
  </color>
  <material>
   Лен
  </material>
  <price>
   563778
  </price>
  <rating>
   1.18
  </rating>
  <reviews>
   9392
  </reviews>
  <exclusive>
   no
  </exclusive>
 </clothing>
 <clothing>
  <id>
   885003983
  </id>
  <name>
   Ellesse Shirt T-6193
  </name>
  <category>
   Shirt
  </category>
  <size>
   L
  </size>
  <color>
   Красный
  </color>
  <material>
   Нейлон
  </material>
  <price>
   183331
  </price>
  <rating>
   2.13
  </rating>
  <reviews>
   246845
  </reviews>
  <exclusive>
   no
  </exclusive>
  <sporty>
   yes
  </sporty>
 </clothing>
</clothing-items>
