<?xml version="1.0" encoding="utf-8"?>
<clothing-items>
 <clothing>
  <id>
   276394836
  </id>
  <name>
   Fila Hat T-6920
  </name>
  <category>
   Hat
  </category>
  <size>
   L
  </size>
  <color>
   Синий
  </color>
  <material>
   Вискоза
  </material>
  <price>
   230158
  </price>
  <rating>
   1.88
  </rating>
  <reviews>
   592380
  </reviews>
  <new>
   +
  </new>
  <exclusive>
   no
  </exclusive>
 </clothing>
 <clothing>
  <id>
   895884163
  </id>
  <name>
   Brooks Umbrellas O-8948
  </name>
  <category>
   Umbrellas
  </category>
  <size>
   XL
  </size>
  <color>
   Зеленый
  </color>
  <material>
   Лен
  </material>
  <price>
   198862
  </price>
  <rating>
   2.82
  </rating>
  <reviews>
   316309
  </reviews>
  <exclusive>
   no
  </exclusive>
 </clothing>
 <clothing>
  <id>
   153893240
  </id>
  <name>
   Asics Hat E-6248
  </name>
  <category>
   Hat
  </category>
  <size>
   XXL
  </size>
  <color>
   Зеленый
  </color>
  <material>
   Нейлон
  </material>
  <price>
   601719
  </price>
  <rating>
   3.49
  </rating>
  <reviews>
   94180
  </reviews>
  <new>
   -
  </new>
  <sporty>
   no
  </sporty>
 </clothing>
 <clothing>
  <id>
   188000654
  </id>
  <name>
   Reebok Sweater D-7227
  </name>
  <category>
   Sweater
  </category>
  <size>
   L
  </size>
  <color>
   Фиолетовый
  </color>
  <material>
   Кожа
  </material>
  <price>
   151206
  </price>
  <rating>
   2.21
  </rating>
  <reviews>
   496276
  </reviews>
  <new>
   -
  </new>
  <exclusive>
   no
  </exclusive>
  <sporty>
   no
  </sporty>
 </clothing>
 <clothing>
  <id>
   837913715
  </id>
  <name>
   Under Armour Blouse U-3452
  </name>
  <category>
   Blouse
  </category>
  <size>
   S
  </size>
  <color>
   Голубой
  </color>
  <material>
   Лен
  </material>
  <price>
   789137
  </price>
  <rating>
   2.76
  </rating>
  <reviews>
   488701
  </reviews>
  <new>
   -
  </new>
  <sporty>
   yes
  </sporty>
 </clothing>
 <clothing>
  <id>
   474302606
  </id>
  <name>
   Adidas Sweater P-7310
  </name>
  <category>
   Sweater
  </category>
  <size>
   M
  </size>
  <color>
   Желтый
  </color>
  <material>
   Вискоза
  </material>
  <price>
   628581
  </price>
  <rating>
   1.67
  </rating>
  <reviews>
   655180
  </reviews>
  <exclusive>
   no
  </exclusive>
  <sporty>
   no
  </sporty>
 </clothing>
 <clothing>
  <id>
   670881988
  </id>
  <name>
   Lacoste Pants H-3978
  </name>
  <category>
   Pants
  </category>
  <size>
   S
  </size>
  <color>
   Оранжевый
  </color>
  <material>
   Полиэстер
  </material>
  <price>
   180931
  </price>
  <rating>
   1.54
  </rating>
  <reviews>
   767809
  </reviews>
  <exclusive>
   yes
  </exclusive>
  <sporty>
   yes
  </sporty>
 </clothing>
 <clothing>
  <id>
   564791537
  </id>
  <name>
   Adidas Blouse W-7524
  </name>
  <category>
   Blouse
  </category>
  <size>
   XL
  </size>
  <color>
   Желтый
  </color>
  <material>
   Полиэстер
  </material>
  <price>
   236571
  </price>
  <rating>
   2.71
  </rating>
  <reviews>
   627905
  </reviews>
  <new>
   +
  </new>
  <sporty>
   yes
  </sporty>
 </clothing>
 <clothing>
  <id>
   822148562
  </id>
  <name>
   Brooks Sweater U-2289
  </name>
  <category>
   Sweater
  </category>
  <size>
   XXL
  </size>
  <color>
   Фиолетовый
  </color>
  <material>
   Лен
  </material>
  <price>
   645121
  </price>
  <rating>
   3.98
  </rating>
  <reviews>
   620227
  </reviews>
  <new>
   +
  </new>
  <exclusive>
   yes
  </exclusive>
 </clothing>
 <clothing>
  <id>
   103448418
  </id>
  <name>
   Brooks Handbags X-4305
  </name>
  <category>
   Handbags
  </category>
  <size>
   M
  </size>
  <color>
   Оранжевый
  </color>
  <material>
   Хлопок
  </material>
  <price>
   322650
  </price>
  <rating>
   1.21
  </rating>
  <reviews>
   875234
  </reviews>
  <sporty>
   yes
  </sporty>
 </clothing>
 <clothing>
  <id>
   213517366
  </id>
  <name>
   Reebok Hat Q-2133
  </name>
  <category>
   Hat
  </category>
  <size>
   S
  </size>
  <color>
   Зеленый
  </color>
  <material>
   Нейлон
  </material>
  <price>
   763916
  </price>
  <rating>
   1.39
  </rating>
  <reviews>
   830341
  </reviews>
  <exclusive>
   yes
  </exclusive>
  <sporty>
   no
  </sporty>
 </clothing>
 <clothing>
  <id>
   179063557
  </id>
  <name>
   Converse Pants U-5696
  </name>
  <category>
   Pants
  </category>
  <size>
   L
  </size>
  <color>
   Синий
  </color>
  <material>
   Вискоза
  </material>
  <price>
   434858
  </price>
  <rating>
   1.85
  </rating>
  <reviews>
   17337
  </reviews>
  <new>
   -
  </new>
 </clothing>
 <clothing>
  <id>
   594703485
  </id>
  <name>
   Ellesse T-shirt W-6086
  </name>
  <category>
   T-shirt
  </category>
  <size>
   XL
  </size>
  <color>
   Синий
  </color>
  <material>
   Лен
  </material>
  <price>
   452354
  </price>
  <rating>
   1.08
  </rating>
  <reviews>
   580718
  </reviews>
  <new>
   -
  </new>
 </clothing>
 <clothing>
  <id>
   550991663
  </id>
  <name>
   Addidas Hat B-3454
  </name>
  <category>
   Hat
  </category>
  <size>
   M
  </size>
  <color>
   Желтый
  </color>
  <material>
   Лен
  </material>
  <price>
   527145
  </price>
  <rating>
   4.48
  </rating>
  <reviews>
   233309
  </reviews>
  <new>
   +
  </new>
  <exclusive>
   no
  </exclusive>
  <sporty>
   no
  </sporty>
 </clothing>
 <clothing>
  <id>
   677391998
  </id>
  <name>
   Addidas Gloves F-2887
  </name>
  <category>
   Gloves
  </category>
  <size>
   M
  </size>
  <color>
   Оранжевый
  </color>
  <material>
   Шелк
  </material>
  <price>
   937359
  </price>
  <rating>
   3.52
  </rating>
  <reviews>
   713672
  </reviews>
  <sporty>
   no
  </sporty>
 </clothing>
 <clothing>
  <id>
   614918406
  </id>
  <name>
   Fila Shoes F-3968
  </name>
  <category>
   Shoes
  </category>
  <size>
   S
  </size>
  <color>
   Зеленый
  </color>
  <material>
   Шелк
  </material>
  <price>
   368777
  </price>
  <rating>
   4.04
  </rating>
  <reviews>
   749844
  </reviews>
  <new>
   +
  </new>
  <exclusive>
   yes
  </exclusive>
  <sporty>
   yes
  </sporty>
 </clothing>
 <clothing>
  <id>
   411732675
  </id>
  <name>
   Under Armour Hat B-8796
  </name>
  <category>
   Hat
  </category>
  <size>
   L
  </size>
  <color>
   Желтый
  </color>
  <material>
   Хлопок
  </material>
  <price>
   358999
  </price>
  <rating>
   3.25
  </rating>
  <reviews>
   941928
  </reviews>
  <sporty>
   no
  </sporty>
 </clothing>
 <clothing>
  <id>
   522732357
  </id>
  <name>
   DC Hat N-3527
  </name>
  <category>
   Hat
  </category>
  <size>
   L
  </size>
  <color>
   Голубой
  </color>
  <material>
   Шерсть
  </material>
  <price>
   178584
  </price>
  <rating>
   1.27
  </rating>
  <reviews>
   538368
  </reviews>
  <sporty>
   yes
  </sporty>
 </clothing>
 <clothing>
  <id>
   563774005
  </id>
  <name>
   Brooks Hat Z-3739
  </name>
  <category>
   Hat
  </category>
  <size>
   M
  </size>
  <color>
   Фиолетовый
  </color>
  <material>
   Хлопок
  </material>
  <price>
   331658
  </price>
  <rating>
   4.89
  </rating>
  <reviews>
   506625
  </reviews>
  <sporty>
   no
  </sporty>
 </clothing>
 <clothing>
  <id>
   917298840
  </id>
  <name>
   Lacoste Shoes J-5363
  </name>
  <category>
   Shoes
  </category>
  <size>
   XL
  </size>
  <color>
   Зеленый
  </color>
  <material>
   Хлопок
  </material>
  <price>
   211301
  </price>
  <rating>
   1.34
  </rating>
  <reviews>
   725174
  </reviews>
  <exclusive>
   no
  </exclusive>
  <sporty>
   no
  </sporty>
 </clothing>
 <clothing>
  <id>
   805772106
  </id>
  <name>
   Reebok Hat S-3681
  </name>
  <category>
   Hat
  </category>
  <size>
   XL
  </size>
  <color>
   Оранжевый
  </color>
  <material>
   Лен
  </material>
  <price>
   246013
  </price>
  <rating>
   1.66
  </rating>
  <reviews>
   897686
  </reviews>
  <new>
   +
  </new>
 </clothing>
 <clothing>
  <id>
   855573109
  </id>
  <name>
   Fila Shirt A-5182
  </name>
  <category>
   Shirt
  </category>
  <size>
   XXL
  </size>
  <color>
   Фиолетовый
  </color>
  <material>
   Вискоза
  </material>
  <price>
   324150
  </price>
  <rating>
   3.53
  </rating>
  <reviews>
   778212
  </reviews>
  <exclusive>
   yes
  </exclusive>
  <sporty>
   yes
  </sporty>
 </clothing>
 <clothing>
  <id>
   243136710
  </id>
  <name>
   Ellesse Jacket W-9836
  </name>
  <category>
   Jacket
  </category>
  <size>
   L
  </size>
  <color>
   Голубой
  </color>
  <material>
   Нейлон
  </material>
  <price>
   400405
  </price>
  <rating>
   4.06
  </rating>
  <reviews>
   989173
  </reviews>
  <exclusive>
   no
  </exclusive>
 </clothing>
 <clothing>
  <id>
   440774574
  </id>
  <name>
   Puma Sweater N-9493
  </name>
  <category>
   Sweater
  </category>
  <size>
   XL
  </size>
  <color>
   Красный
  </color>
  <material>
   Вискоза
  </material>
  <price>
   502206
  </price>
  <rating>
   4.58
  </rating>
  <reviews>
   578963
  </reviews>
  <sporty>
   no
  </sporty>
 </clothing>
 <clothing>
  <id>
   759550823
  </id>
  <name>
   Addidas Shoes F-6620
  </name>
  <category>
   Shoes
  </category>
  <size>
   S
  </size>
  <color>
   Синий
  </color>
  <material>
   Шерсть
  </material>
  <price>
   504851
  </price>
  <rating>
   3.52
  </rating>
  <reviews>
   890646
  </reviews>
  <exclusive>
   no
  </exclusive>
  <sporty>
   no
  </sporty>
 </clothing>
 <clothing>
  <id>
   764102626
  </id>
  <name>
   PleinSport Jeans K-6545
  </name>
  <category>
   Jeans
  </category>
  <size>
   XL
  </size>
  <color>
   Желтый
  </color>
  <material>
   Полиэстер
  </material>
  <price>
   210209
  </price>
  <rating>
   3.72
  </rating>
  <reviews>
   772603
  </reviews>
  <sporty>
   yes
  </sporty>
 </clothing>
 <clothing>
  <id>
   753732014
  </id>
  <name>
   DC Handbags V-5546
  </name>
  <category>
   Handbags
  </category>
  <size>
   XXL
  </size>
  <color>
   Зеленый
  </color>
  <material>
   Полиэстер
  </material>
  <price>
   106800
  </price>
  <rating>
   2.51
  </rating>
  <reviews>
   56327
  </reviews>
  <exclusive>
   yes
  </exclusive>
 </clothing>
 <clothing>
  <id>
   530706187
  </id>
  <name>
   Ellesse Shoes Z-2302
  </name>
  <category>
   Shoes
  </category>
  <size>
   XXL
  </size>
  <color>
   Зеленый
  </color>
  <material>
   Шерсть
  </material>
  <price>
   785197
  </price>
  <rating>
   1.36
  </rating>
  <reviews>
   172650
  </reviews>
  <new>
   -
  </new>
  <sporty>
   no
  </sporty>
 </clothing>
 <clothing>
  <id>
   422963054
  </id>
  <name>
   Under Armour Blouse K-2976
  </name>
  <category>
   Blouse
  </category>
  <size>
   S
  </size>
  <color>
   Синий
  </color>
  <material>
   Шелк
  </material>
  <price>
   709053
  </price>
  <rating>
   4.38
  </rating>
  <reviews>
   564732
  </reviews>
  <sporty>
   no
  </sporty>
 </clothing>
 <clothing>
  <id>
   778396836
  </id>
  <name>
   Lacoste Socks Y-6250
  </name>
  <category>
   Socks
  </category>
  <size>
   XL
  </size>
  <color>
   Красный
  </color>
  <material>
   Шерсть
  </material>
  <price>
   504022
  </price>
  <rating>
   4.13
  </rating>
  <reviews>
   657804
  </reviews>
  <exclusive>
   no
  </exclusive>
  <sporty>
   yes
  </sporty>
 </clothing>
 <clothing>
  <id>
   408622915
  </id>
  <name>
   Vans T-shirt Z-3812
  </name>
  <category>
   T-shirt
  </category>
  <size>
   XL
  </size>
  <color>
   Фиолетовый
  </color>
  <material>
   Хлопок
  </material>
  <price>
   743445
  </price>
  <rating>
   4.48
  </rating>
  <reviews>
   136759
  </reviews>
 </clothing>
 <clothing>
  <id>
   531777961
  </id>
  <name>
   Brooks Pants K-8066
  </name>
  <category>
   Pants
  </category>
  <size>
   XL
  </size>
  <color>
   Голубой
  </color>
  <material>
   Шерсть
  </material>
  <price>
   971020
  </price>
  <rating>
   1.16
  </rating>
  <reviews>
   734482
  </reviews>
  <exclusive>
   yes
  </exclusive>
  <sporty>
   yes
  </sporty>
 </clothing>
 <clothing>
  <id>
   840247774
  </id>
  <name>
   DC Gloves V-3344
  </name>
  <category>
   Gloves
  </category>
  <size>
   S
  </size>
  <color>
   Голубой
  </color>
  <material>
   Кожа
  </material>
  <price>
   583137
  </price>
  <rating>
   1.61
  </rating>
  <reviews>
   537659
  </reviews>
  <new>
   -
  </new>
  <sporty>
   yes
  </sporty>
 </clothing>
</clothing-items>
