<?xml version="1.0" encoding="utf-8"?>
<clothing-items>
 <clothing>
  <id>
   718397101
  </id>
  <name>
   Nike Gloves H-2841
  </name>
  <category>
   Gloves
  </category>
  <size>
   S
  </size>
  <color>
   Голубой
  </color>
  <material>
   Нейлон
  </material>
  <price>
   220161
  </price>
  <rating>
   1.91
  </rating>
  <reviews>
   746442
  </reviews>
  <sporty>
   yes
  </sporty>
 </clothing>
 <clothing>
  <id>
   925242652
  </id>
  <name>
   Nike Sweater S-5908
  </name>
  <category>
   Sweater
  </category>
  <size>
   M
  </size>
  <color>
   Зеленый
  </color>
  <material>
   Вискоза
  </material>
  <price>
   126538
  </price>
  <rating>
   4.67
  </rating>
  <reviews>
   715949
  </reviews>
  <new>
   -
  </new>
  <exclusive>
   yes
  </exclusive>
  <sporty>
   yes
  </sporty>
 </clothing>
 <clothing>
  <id>
   849054452
  </id>
  <name>
   Lacoste Socks D-5031
  </name>
  <category>
   Socks
  </category>
  <size>
   L
  </size>
  <color>
   Голубой
  </color>
  <material>
   Полиэстер
  </material>
  <price>
   900399
  </price>
  <rating>
   4.82
  </rating>
  <reviews>
   757217
  </reviews>
  <new>
   -
  </new>
  <exclusive>
   yes
  </exclusive>
  <sporty>
   no
  </sporty>
 </clothing>
 <clothing>
  <id>
   681910307
  </id>
  <name>
   Fila Skirt I-7243
  </name>
  <category>
   Skirt
  </category>
  <size>
   XXL
  </size>
  <color>
   Зеленый
  </color>
  <material>
   Нейлон
  </material>
  <price>
   275002
  </price>
  <rating>
   1.55
  </rating>
  <reviews>
   554404
  </reviews>
  <exclusive>
   no
  </exclusive>
  <sporty>
   no
  </sporty>
 </clothing>
 <clothing>
  <id>
   123128771
  </id>
  <name>
   Reebok Handbags F-4531
  </name>
  <category>
   Handbags
  </category>
  <size>
   L
  </size>
  <color>
   Красный
  </color>
  <material>
   Кожа
  </material>
  <price>
   607413
  </price>
  <rating>
   4.64
  </rating>
  <reviews>
   635203
  </reviews>
  <exclusive>
   yes
  </exclusive>
  <sporty>
   no
  </sporty>
 </clothing>
 <clothing>
  <id>
   179377551
  </id>
  <name>
   Puma Umbrellas P-3800
  </name>
  <category>
   Umbrellas
  </category>
  <size>
   XL
  </size>
  <color>
   Голубой
  </color>
  <material>
   Лен
  </material>
  <price>
   337506
  </price>
  <rating>
   3.76
  </rating>
  <reviews>
   843583
  </reviews>
  <new>
   -
  </new>
 </clothing>
 <clothing>
  <id>
   174457686
  </id>
  <name>
   Fila Sweater K-2207
  </name>
  <category>
   Sweater
  </category>
  <size>
   S
  </size>
  <color>
   Оранжевый
  </color>
  <material>
   Хлопок
  </material>
  <price>
   724173
  </price>
  <rating>
   1.68
  </rating>
  <reviews>
   977095
  </reviews>
  <new>
   -
  </new>
  <exclusive>
   yes
  </exclusive>
  <sporty>
   yes
  </sporty>
 </clothing>
 <clothing>
  <id>
   437664328
  </id>
  <name>
   Addidas Hat Y-2012
  </name>
  <category>
   Hat
  </category>
  <size>
   S
  </size>
  <color>
   Зеленый
  </color>
  <material>
   Вискоза
  </material>
  <price>
   690535
  </price>
  <rating>
   1.15
  </rating>
  <reviews>
   574996
  </reviews>
  <new>
   -
  </new>
  <sporty>
   no
  </sporty>
 </clothing>
 <clothing>
  <id>
   925210047
  </id>
  <name>
   Vans Belts J-4946
  </name>
  <category>
   Belts
  </category>
  <size>
   XL
  </size>
  <color>
   Фиолетовый
  </color>
  <material>
   Лен
  </material>
  <price>
   390387
  </price>
  <rating>
   4.98
  </rating>
  <reviews>
   441799
  </reviews>
  <exclusive>
   no
  </exclusive>
  <sporty>
   yes
  </sporty>
 </clothing>
 <clothing>
  <id>
   561517381
  </id>
  <name>
   Ellesse Skirt B-3003
  </name>
  <category>
   Skirt
  </category>
  <size>
   M
  </size>
  <color>
   Фиолетовый
  </color>
  <material>
   Лен
  </material>
  <price>
   371669
  </price>
  <rating>
   2.65
  </rating>
  <reviews>
   250966
  </reviews>
  <exclusive>
   no
  </exclusive>
 </clothing>
 <clothing>
  <id>
   720051899
  </id>
  <name>
   Lacoste Pants G-8672
  </name>
  <category>
   Pants
  </category>
  <size>
   M
  </size>
  <color>
   Голубой
  </color>
  <material>
   Шерсть
  </material>
  <price>
   629335
  </price>
  <rating>
   4.6
  </rating>
  <reviews>
   906926
  </reviews>
 </clothing>
 <clothing>
  <id>
   661782554
  </id>
  <name>
   Asics Blouse Q-3370
  </name>
  <category>
   Blouse
  </category>
  <size>
   XXL
  </size>
  <color>
   Синий
  </color>
  <material>
   Шелк
  </material>
  <price>
   742815
  </price>
  <rating>
   4.1
  </rating>
  <reviews>
   204601
  </reviews>
  <new>
   -
  </new>
  <exclusive>
   yes
  </exclusive>
 </clothing>
 <clothing>
  <id>
   337884371
  </id>
  <name>
   New Balance Gloves F-9576
  </name>
  <category>
   Gloves
  </category>
  <size>
   XXL
  </size>
  <color>
   Фиолетовый
  </color>
  <material>
   Полиэстер
  </material>
  <price>
   607204
  </price>
  <rating>
   2.82
  </rating>
  <reviews>
   769023
  </reviews>
  <exclusive>
   yes
  </exclusive>
  <sporty>
   yes
  </sporty>
 </clothing>
 <clothing>
  <id>
   167279720
  </id>
  <name>
   Puma Umbrellas D-3080
  </name>
  <category>
   Umbrellas
  </category>
  <size>
   M
  </size>
  <color>
   Фиолетовый
  </color>
  <material>
   Шерсть
  </material>
  <price>
   331204
  </price>
  <rating>
   2.95
  </rating>
  <reviews>
   490331
  </reviews>
  <new>
   -
  </new>
  <sporty>
   no
  </sporty>
 </clothing>
 <clothing>
  <id>
   598728829
  </id>
  <name>
   New Balance Hat W-9534
  </name>
  <category>
   Hat
  </category>
  <size>
   XL
  </size>
  <color>
   Красный
  </color>
  <material>
   Кожа
  </material>
  <price>
   100815
  </price>
  <rating>
   2.85
  </rating>
  <reviews>
   67436
  </reviews>
  <new>
   -
  </new>
 </clothing>
 <clothing>
  <id>
   734480328
  </id>
  <name>
   Fila Dress R-9706
  </name>
  <category>
   Dress
  </category>
  <size>
   M
  </size>
  <color>
   Синий
  </color>
  <material>
   Шерсть
  </material>
  <price>
   937358
  </price>
  <rating>
   1.62
  </rating>
  <reviews>
   561955
  </reviews>
  <new>
   -
  </new>
  <exclusive>
   yes
  </exclusive>
 </clothing>
 <clothing>
  <id>
   492143744
  </id>
  <name>
   PleinSport Socks D-5710
  </name>
  <category>
   Socks
  </category>
  <size>
   XXL
  </size>
  <color>
   Голубой
  </color>
  <material>
   Шелк
  </material>
  <price>
   802281
  </price>
  <rating>
   2.87
  </rating>
  <reviews>
   335591
  </reviews>
  <new>
   +
  </new>
  <sporty>
   no
  </sporty>
 </clothing>
 <clothing>
  <id>
   270530225
  </id>
  <name>
   PleinSport T-shirt G-2449
  </name>
  <category>
   T-shirt
  </category>
  <size>
   XL
  </size>
  <color>
   Синий
  </color>
  <material>
   Лен
  </material>
  <price>
   139970
  </price>
  <rating>
   3.11
  </rating>
  <reviews>
   414932
  </reviews>
  <new>
   -
  </new>
  <exclusive>
   yes
  </exclusive>
 </clothing>
 <clothing>
  <id>
   632558733
  </id>
  <name>
   Addidas Dress H-2293
  </name>
  <category>
   Dress
  </category>
  <size>
   L
  </size>
  <color>
   Желтый
  </color>
  <material>
   Нейлон
  </material>
  <price>
   848082
  </price>
  <rating>
   4.76
  </rating>
  <reviews>
   230713
  </reviews>
  <new>
   +
  </new>
  <exclusive>
   no
  </exclusive>
  <sporty>
   yes
  </sporty>
 </clothing>
 <clothing>
  <id>
   913425419
  </id>
  <name>
   Puma Dress O-2730
  </name>
  <category>
   Dress
  </category>
  <size>
   XXL
  </size>
  <color>
   Голубой
  </color>
  <material>
   Вискоза
  </material>
  <price>
   754628
  </price>
  <rating>
   1.07
  </rating>
  <reviews>
   238907
  </reviews>
  <new>
   -
  </new>
  <exclusive>
   no
  </exclusive>
  <sporty>
   no
  </sporty>
 </clothing>
 <clothing>
  <id>
   234106359
  </id>
  <name>
   Brooks Shirt K-6498
  </name>
  <category>
   Shirt
  </category>
  <size>
   M
  </size>
  <color>
   Синий
  </color>
  <material>
   Вискоза
  </material>
  <price>
   217239
  </price>
  <rating>
   2.47
  </rating>
  <reviews>
   260539
  </reviews>
  <new>
   +
  </new>
  <sporty>
   no
  </sporty>
 </clothing>
 <clothing>
  <id>
   304850648
  </id>
  <name>
   New Balance T-shirt L-9237
  </name>
  <category>
   T-shirt
  </category>
  <size>
   XL
  </size>
  <color>
   Фиолетовый
  </color>
  <material>
   Вискоза
  </material>
  <price>
   943475
  </price>
  <rating>
   3.78
  </rating>
  <reviews>
   1010
  </reviews>
  <exclusive>
   yes
  </exclusive>
  <sporty>
   no
  </sporty>
 </clothing>
 <clothing>
  <id>
   325707956
  </id>
  <name>
   New Balance Handbags L-8534
  </name>
  <category>
   Handbags
  </category>
  <size>
   S
  </size>
  <color>
   Фиолетовый
  </color>
  <material>
   Нейлон
  </material>
  <price>
   101528
  </price>
  <rating>
   2.6
  </rating>
  <reviews>
   14295
  </reviews>
  <new>
   -
  </new>
  <exclusive>
   no
  </exclusive>
 </clothing>
 <clothing>
  <id>
   374096089
  </id>
  <name>
   Ellesse Belts L-7164
  </name>
  <category>
   Belts
  </category>
  <size>
   L
  </size>
  <color>
   Синий
  </color>
  <material>
   Хлопок
  </material>
  <price>
   925611
  </price>
  <rating>
   3.38
  </rating>
  <reviews>
   863057
  </reviews>
  <exclusive>
   yes
  </exclusive>
  <sporty>
   yes
  </sporty>
 </clothing>
 <clothing>
  <id>
   966798583
  </id>
  <name>
   Addidas Sweater A-2840
  </name>
  <category>
   Sweater
  </category>
  <size>
   L
  </size>
  <color>
   Красный
  </color>
  <material>
   Вискоза
  </material>
  <price>
   125877
  </price>
  <rating>
   4.19
  </rating>
  <reviews>
   635378
  </reviews>
  <exclusive>
   yes
  </exclusive>
  <sporty>
   yes
  </sporty>
 </clothing>
 <clothing>
  <id>
   695784754
  </id>
  <name>
   Adidas Socks U-4136
  </name>
  <category>
   Socks
  </category>
  <size>
   S
  </size>
  <color>
   Голубой
  </color>
  <material>
   Вискоза
  </material>
  <price>
   422528
  </price>
  <rating>
   1.83
  </rating>
  <reviews>
   745104
  </reviews>
  <new>
   -
  </new>
  <sporty>
   no
  </sporty>
 </clothing>
 <clothing>
  <id>
   138025482
  </id>
  <name>
   Nike Hat R-3861
  </name>
  <category>
   Hat
  </category>
  <size>
   M
  </size>
  <color>
   Голубой
  </color>
  <material>
   Полиэстер
  </material>
  <price>
   852225
  </price>
  <rating>
   1.98
  </rating>
  <reviews>
   602628
  </reviews>
  <new>
   -
  </new>
  <exclusive>
   yes
  </exclusive>
  <sporty>
   yes
  </sporty>
 </clothing>
 <clothing>
  <id>
   716934150
  </id>
  <name>
   PleinSport Socks R-8899
  </name>
  <category>
   Socks
  </category>
  <size>
   L
  </size>
  <color>
   Голубой
  </color>
  <material>
   Шерсть
  </material>
  <price>
   106440
  </price>
  <rating>
   2.06
  </rating>
  <reviews>
   389759
  </reviews>
  <new>
   -
  </new>
  <sporty>
   yes
  </sporty>
 </clothing>
 <clothing>
  <id>
   250575088
  </id>
  <name>
   Asics Belts R-3621
  </name>
  <category>
   Belts
  </category>
  <size>
   XL
  </size>
  <color>
   Желтый
  </color>
  <material>
   Шерсть
  </material>
  <price>
   122873
  </price>
  <rating>
   1.05
  </rating>
  <reviews>
   442904
  </reviews>
 </clothing>
 <clothing>
  <id>
   582777236
  </id>
  <name>
   Adidas Dress I-9894
  </name>
  <category>
   Dress
  </category>
  <size>
   L
  </size>
  <color>
   Фиолетовый
  </color>
  <material>
   Лен
  </material>
  <price>
   219538
  </price>
  <rating>
   4.77
  </rating>
  <reviews>
   381309
  </reviews>
  <new>
   -
  </new>
  <sporty>
   yes
  </sporty>
 </clothing>
 <clothing>
  <id>
   964493843
  </id>
  <name>
   Asics Belts V-3404
  </name>
  <category>
   Belts
  </category>
  <size>
   L
  </size>
  <color>
   Желтый
  </color>
  <material>
   Вискоза
  </material>
  <price>
   179803
  </price>
  <rating>
   3.61
  </rating>
  <reviews>
   410502
  </reviews>
  <new>
   -
  </new>
  <sporty>
   yes
  </sporty>
 </clothing>
 <clothing>
  <id>
   750315774
  </id>
  <name>
   PleinSport Jeans K-2664
  </name>
  <category>
   Jeans
  </category>
  <size>
   XL
  </size>
  <color>
   Фиолетовый
  </color>
  <material>
   Полиэстер
  </material>
  <price>
   994560
  </price>
  <rating>
   2.88
  </rating>
  <reviews>
   589548
  </reviews>
  <new>
   +
  </new>
  <exclusive>
   yes
  </exclusive>
 </clothing>
 <clothing>
  <id>
   710261165
  </id>
  <name>
   Vans Umbrellas P-2618
  </name>
  <category>
   Umbrellas
  </category>
  <size>
   XL
  </size>
  <color>
   Синий
  </color>
  <material>
   Нейлон
  </material>
  <price>
   621225
  </price>
  <rating>
   3.95
  </rating>
  <reviews>
   389819
  </reviews>
  <new>
   -
  </new>
 </clothing>
 <clothing>
  <id>
   267497598
  </id>
  <name>
   Puma Socks Q-7275
  </name>
  <category>
   Socks
  </category>
  <size>
   XXL
  </size>
  <color>
   Красный
  </color>
  <material>
   Лен
  </material>
  <price>
   917160
  </price>
  <rating>
   1.2
  </rating>
  <reviews>
   895630
  </reviews>
  <new>
   +
  </new>
  <sporty>
   yes
  </sporty>
 </clothing>
 <clothing>
  <id>
   714937089
  </id>
  <name>
   Brooks Socks H-6557
  </name>
  <category>
   Socks
  </category>
  <size>
   S
  </size>
  <color>
   Желтый
  </color>
  <material>
   Шелк
  </material>
  <price>
   153883
  </price>
  <rating>
   4.82
  </rating>
  <reviews>
   752583
  </reviews>
  <sporty>
   yes
  </sporty>
 </clothing>
</clothing-items>
