<?xml version="1.0" encoding="utf-8"?>
<clothing-items>
 <clothing>
  <id>
   380898567
  </id>
  <name>
   Puma Dress Y-7664
  </name>
  <category>
   Dress
  </category>
  <size>
   S
  </size>
  <color>
   Синий
  </color>
  <material>
   Хлопок
  </material>
  <price>
   257347
  </price>
  <rating>
   3.41
  </rating>
  <reviews>
   27607
  </reviews>
  <new>
   -
  </new>
  <exclusive>
   yes
  </exclusive>
  <sporty>
   yes
  </sporty>
 </clothing>
 <clothing>
  <id>
   846298840
  </id>
  <name>
   Addidas Blouse J-1937
  </name>
  <category>
   Blouse
  </category>
  <size>
   XL
  </size>
  <color>
   Голубой
  </color>
  <material>
   Нейлон
  </material>
  <price>
   120883
  </price>
  <rating>
   3.68
  </rating>
  <reviews>
   454065
  </reviews>
  <new>
   -
  </new>
  <exclusive>
   no
  </exclusive>
 </clothing>
 <clothing>
  <id>
   583426282
  </id>
  <name>
   Reebok Belts E-9633
  </name>
  <category>
   Belts
  </category>
  <size>
   L
  </size>
  <color>
   Оранжевый
  </color>
  <material>
   Нейлон
  </material>
  <price>
   368541
  </price>
  <rating>
   1.88
  </rating>
  <reviews>
   907489
  </reviews>
  <new>
   +
  </new>
  <sporty>
   no
  </sporty>
 </clothing>
 <clothing>
  <id>
   497882947
  </id>
  <name>
   Nike Pants E-7541
  </name>
  <category>
   Pants
  </category>
  <size>
   L
  </size>
  <color>
   Фиолетовый
  </color>
  <material>
   Полиэстер
  </material>
  <price>
   517153
  </price>
  <rating>
   1.64
  </rating>
  <reviews>
   217755
  </reviews>
  <exclusive>
   yes
  </exclusive>
 </clothing>
 <clothing>
  <id>
   657058651
  </id>
  <name>
   PleinSport Shoes D-1815
  </name>
  <category>
   Shoes
  </category>
  <size>
   XXL
  </size>
  <color>
   Желтый
  </color>
  <material>
   Полиэстер
  </material>
  <price>
   452749
  </price>
  <rating>
   3.02
  </rating>
  <reviews>
   620451
  </reviews>
  <exclusive>
   no
  </exclusive>
  <sporty>
   no
  </sporty>
 </clothing>
 <clothing>
  <id>
   390103042
  </id>
  <name>
   Asics Blouse N-5266
  </name>
  <category>
   Blouse
  </category>
  <size>
   XL
  </size>
  <color>
   Красный
  </color>
  <material>
   Шерсть
  </material>
  <price>
   936587
  </price>
  <rating>
   1.09
  </rating>
  <reviews>
   376371
  </reviews>
  <new>
   -
  </new>
 </clothing>
 <clothing>
  <id>
   313424340
  </id>
  <name>
   Adidas Hat D-8163
  </name>
  <category>
   Hat
  </category>
  <size>
   XXL
  </size>
  <color>
   Синий
  </color>
  <material>
   Шелк
  </material>
  <price>
   888405
  </price>
  <rating>
   1.51
  </rating>
  <reviews>
   614609
  </reviews>
  <sporty>
   no
  </sporty>
 </clothing>
 <clothing>
  <id>
   603182092
  </id>
  <name>
   PleinSport Jeans C-1516
  </name>
  <category>
   Jeans
  </category>
  <size>
   M
  </size>
  <color>
   Желтый
  </color>
  <material>
   Хлопок
  </material>
  <price>
   559255
  </price>
  <rating>
   4.5
  </rating>
  <reviews>
   878640
  </reviews>
  <exclusive>
   no
  </exclusive>
  <sporty>
   no
  </sporty>
 </clothing>
 <clothing>
  <id>
   611373211
  </id>
  <name>
   Adidas Blouse U-4501
  </name>
  <category>
   Blouse
  </category>
  <size>
   S
  </size>
  <color>
   Синий
  </color>
  <material>
   Кожа
  </material>
  <price>
   272195
  </price>
  <rating>
   2.49
  </rating>
  <reviews>
   173696
  </reviews>
  <exclusive>
   no
  </exclusive>
  <sporty>
   no
  </sporty>
 </clothing>
 <clothing>
  <id>
   784171119
  </id>
  <name>
   Reebok Jeans T-1380
  </name>
  <category>
   Jeans
  </category>
  <size>
   XL
  </size>
  <color>
   Голубой
  </color>
  <material>
   Нейлон
  </material>
  <price>
   711900
  </price>
  <rating>
   3.16
  </rating>
  <reviews>
   59542
  </reviews>
  <new>
   -
  </new>
  <exclusive>
   no
  </exclusive>
  <sporty>
   no
  </sporty>
 </clothing>
 <clothing>
  <id>
   803647790
  </id>
  <name>
   Puma Handbags B-5487
  </name>
  <category>
   Handbags
  </category>
  <size>
   M
  </size>
  <color>
   Синий
  </color>
  <material>
   Вискоза
  </material>
  <price>
   825116
  </price>
  <rating>
   3.44
  </rating>
  <reviews>
   848903
  </reviews>
  <new>
   +
  </new>
  <exclusive>
   yes
  </exclusive>
  <sporty>
   no
  </sporty>
 </clothing>
 <clothing>
  <id>
   163764415
  </id>
  <name>
   New Balance Shoes A-5805
  </name>
  <category>
   Shoes
  </category>
  <size>
   S
  </size>
  <color>
   Желтый
  </color>
  <material>
   Кожа
  </material>
  <price>
   986917
  </price>
  <rating>
   2.34
  </rating>
  <reviews>
   441534
  </reviews>
 </clothing>
 <clothing>
  <id>
   268949565
  </id>
  <name>
   PleinSport Gloves B-6182
  </name>
  <category>
   Gloves
  </category>
  <size>
   XL
  </size>
  <color>
   Желтый
  </color>
  <material>
   Вискоза
  </material>
  <price>
   555978
  </price>
  <rating>
   4.24
  </rating>
  <reviews>
   254590
  </reviews>
  <new>
   +
  </new>
  <exclusive>
   no
  </exclusive>
 </clothing>
 <clothing>
  <id>
   529123274
  </id>
  <name>
   DC Belts S-1118
  </name>
  <category>
   Belts
  </category>
  <size>
   XXL
  </size>
  <color>
   Оранжевый
  </color>
  <material>
   Кожа
  </material>
  <price>
   654894
  </price>
  <rating>
   3.72
  </rating>
  <reviews>
   695413
  </reviews>
  <exclusive>
   no
  </exclusive>
  <sporty>
   no
  </sporty>
 </clothing>
 <clothing>
  <id>
   303497839
  </id>
  <name>
   Ellesse Gloves J-8672
  </name>
  <category>
   Gloves
  </category>
  <size>
   XL
  </size>
  <color>
   Фиолетовый
  </color>
  <material>
   Шелк
  </material>
  <price>
   696853
  </price>
  <rating>
   3.89
  </rating>
  <reviews>
   238177
  </reviews>
  <exclusive>
   no
  </exclusive>
  <sporty>
   yes
  </sporty>
 </clothing>
 <clothing>
  <id>
   438217606
  </id>
  <name>
   Under Armour Jacket P-8066
  </name>
  <category>
   Jacket
  </category>
  <size>
   L
  </size>
  <color>
   Голубой
  </color>
  <material>
   Кожа
  </material>
  <price>
   406602
  </price>
  <rating>
   3.04
  </rating>
  <reviews>
   167031
  </reviews>
  <new>
   -
  </new>
  <sporty>
   yes
  </sporty>
 </clothing>
 <clothing>
  <id>
   196078830
  </id>
  <name>
   Vans Shoes R-7970
  </name>
  <category>
   Shoes
  </category>
  <size>
   L
  </size>
  <color>
   Фиолетовый
  </color>
  <material>
   Хлопок
  </material>
  <price>
   786890
  </price>
  <rating>
   2.68
  </rating>
  <reviews>
   145496
  </reviews>
  <exclusive>
   no
  </exclusive>
  <sporty>
   yes
  </sporty>
 </clothing>
 <clothing>
  <id>
   797955077
  </id>
  <name>
   Reebok Hat C-5128
  </name>
  <category>
   Hat
  </category>
  <size>
   XL
  </size>
  <color>
   Голубой
  </color>
  <material>
   Шерсть
  </material>
  <price>
   420777
  </price>
  <rating>
   1.18
  </rating>
  <reviews>
   421574
  </reviews>
  <new>
   -
  </new>
  <exclusive>
   no
  </exclusive>
  <sporty>
   yes
  </sporty>
 </clothing>
 <clothing>
  <id>
   324415431
  </id>
  <name>
   DC Jacket I-6686
  </name>
  <category>
   Jacket
  </category>
  <size>
   S
  </size>
  <color>
   Красный
  </color>
  <material>
   Полиэстер
  </material>
  <price>
   169185
  </price>
  <rating>
   4.46
  </rating>
  <reviews>
   709751
  </reviews>
 </clothing>
 <clothing>
  <id>
   228667360
  </id>
  <name>
   Fila Gloves L-5562
  </name>
  <category>
   Gloves
  </category>
  <size>
   S
  </size>
  <color>
   Голубой
  </color>
  <material>
   Хлопок
  </material>
  <price>
   262336
  </price>
  <rating>
   2.78
  </rating>
  <reviews>
   395887
  </reviews>
  <new>
   -
  </new>
 </clothing>
 <clothing>
  <id>
   253687421
  </id>
  <name>
   Under Armour Hat O-6798
  </name>
  <category>
   Hat
  </category>
  <size>
   S
  </size>
  <color>
   Фиолетовый
  </color>
  <material>
   Хлопок
  </material>
  <price>
   939730
  </price>
  <rating>
   2.42
  </rating>
  <reviews>
   841917
  </reviews>
  <new>
   +
  </new>
  <exclusive>
   yes
  </exclusive>
 </clothing>
 <clothing>
  <id>
   654570008
  </id>
  <name>
   New Balance Pants Q-8722
  </name>
  <category>
   Pants
  </category>
  <size>
   XL
  </size>
  <color>
   Синий
  </color>
  <material>
   Нейлон
  </material>
  <price>
   583187
  </price>
  <rating>
   4.89
  </rating>
  <reviews>
   436411
  </reviews>
  <new>
   -
  </new>
 </clothing>
 <clothing>
  <id>
   730402114
  </id>
  <name>
   Converse Belts T-3663
  </name>
  <category>
   Belts
  </category>
  <size>
   XXL
  </size>
  <color>
   Красный
  </color>
  <material>
   Полиэстер
  </material>
  <price>
   986768
  </price>
  <rating>
   2.08
  </rating>
  <reviews>
   160891
  </reviews>
 </clothing>
 <clothing>
  <id>
   772289365
  </id>
  <name>
   Lacoste Sweater E-1453
  </name>
  <category>
   Sweater
  </category>
  <size>
   L
  </size>
  <color>
   Голубой
  </color>
  <material>
   Шелк
  </material>
  <price>
   815417
  </price>
  <rating>
   1.51
  </rating>
  <reviews>
   616628
  </reviews>
  <exclusive>
   yes
  </exclusive>
 </clothing>
 <clothing>
  <id>
   286236455
  </id>
  <name>
   Addidas T-shirt Z-5949
  </name>
  <category>
   T-shirt
  </category>
  <size>
   XXL
  </size>
  <color>
   Синий
  </color>
  <material>
   Хлопок
  </material>
  <price>
   592409
  </price>
  <rating>
   4.18
  </rating>
  <reviews>
   695997
  </reviews>
 </clothing>
 <clothing>
  <id>
   485769809
  </id>
  <name>
   Ellesse Shirt K-6576
  </name>
  <category>
   Shirt
  </category>
  <size>
   S
  </size>
  <color>
   Синий
  </color>
  <material>
   Вискоза
  </material>
  <price>
   339774
  </price>
  <rating>
   4.52
  </rating>
  <reviews>
   134071
  </reviews>
  <new>
   +
  </new>
  <exclusive>
   no
  </exclusive>
 </clothing>
</clothing-items>
