<?xml version="1.0" encoding="utf-8"?>
<clothing-items>
 <clothing>
  <id>
   811829170
  </id>
  <name>
   Under Armour Hat C-9615
  </name>
  <category>
   Hat
  </category>
  <size>
   XL
  </size>
  <color>
   Оранжевый
  </color>
  <material>
   Лен
  </material>
  <price>
   548776
  </price>
  <rating>
   2.91
  </rating>
  <reviews>
   338734
  </reviews>
  <new>
   +
  </new>
  <exclusive>
   no
  </exclusive>
  <sporty>
   no
  </sporty>
 </clothing>
 <clothing>
  <id>
   477421978
  </id>
  <name>
   Puma Jeans A-9067
  </name>
  <category>
   Jeans
  </category>
  <size>
   XL
  </size>
  <color>
   Красный
  </color>
  <material>
   Вискоза
  </material>
  <price>
   187061
  </price>
  <rating>
   4.69
  </rating>
  <reviews>
   556919
  </reviews>
  <exclusive>
   no
  </exclusive>
  <sporty>
   yes
  </sporty>
 </clothing>
 <clothing>
  <id>
   928404140
  </id>
  <name>
   Brooks Skirt R-1213
  </name>
  <category>
   Skirt
  </category>
  <size>
   M
  </size>
  <color>
   Желтый
  </color>
  <material>
   Хлопок
  </material>
  <price>
   957355
  </price>
  <rating>
   4.42
  </rating>
  <reviews>
   372962
  </reviews>
  <new>
   -
  </new>
  <exclusive>
   yes
  </exclusive>
 </clothing>
 <clothing>
  <id>
   671204131
  </id>
  <name>
   DC Skirt M-6058
  </name>
  <category>
   Skirt
  </category>
  <size>
   L
  </size>
  <color>
   Желтый
  </color>
  <material>
   Хлопок
  </material>
  <price>
   696743
  </price>
  <rating>
   2.01
  </rating>
  <reviews>
   329455
  </reviews>
  <exclusive>
   no
  </exclusive>
  <sporty>
   no
  </sporty>
 </clothing>
 <clothing>
  <id>
   208876262
  </id>
  <name>
   Asics Shoes W-2272
  </name>
  <category>
   Shoes
  </category>
  <size>
   S
  </size>
  <color>
   Фиолетовый
  </color>
  <material>
   Кожа
  </material>
  <price>
   985296
  </price>
  <rating>
   3.64
  </rating>
  <reviews>
   632231
  </reviews>
  <exclusive>
   no
  </exclusive>
  <sporty>
   no
  </sporty>
 </clothing>
 <clothing>
  <id>
   426991746
  </id>
  <name>
   Under Armour Umbrellas X-6656
  </name>
  <category>
   Umbrellas
  </category>
  <size>
   XL
  </size>
  <color>
   Зеленый
  </color>
  <material>
   Вискоза
  </material>
  <price>
   344770
  </price>
  <rating>
   1.76
  </rating>
  <reviews>
   86422
  </reviews>
  <new>
   -
  </new>
  <exclusive>
   no
  </exclusive>
  <sporty>
   no
  </sporty>
 </clothing>
 <clothing>
  <id>
   836393633
  </id>
  <name>
   Converse Socks L-9253
  </name>
  <category>
   Socks
  </category>
  <size>
   XL
  </size>
  <color>
   Фиолетовый
  </color>
  <material>
   Кожа
  </material>
  <price>
   704887
  </price>
  <rating>
   4.07
  </rating>
  <reviews>
   454484
  </reviews>
  <exclusive>
   no
  </exclusive>
 </clothing>
 <clothing>
  <id>
   617827650
  </id>
  <name>
   Addidas Belts B-4027
  </name>
  <category>
   Belts
  </category>
  <size>
   M
  </size>
  <color>
   Фиолетовый
  </color>
  <material>
   Шелк
  </material>
  <price>
   968508
  </price>
  <rating>
   1.71
  </rating>
  <reviews>
   339170
  </reviews>
  <new>
   +
  </new>
  <exclusive>
   no
  </exclusive>
  <sporty>
   no
  </sporty>
 </clothing>
 <clothing>
  <id>
   476931109
  </id>
  <name>
   Fila T-shirt I-6356
  </name>
  <category>
   T-shirt
  </category>
  <size>
   XL
  </size>
  <color>
   Красный
  </color>
  <material>
   Лен
  </material>
  <price>
   875129
  </price>
  <rating>
   2.82
  </rating>
  <reviews>
   124374
  </reviews>
  <exclusive>
   yes
  </exclusive>
 </clothing>
 <clothing>
  <id>
   726190801
  </id>
  <name>
   Ellesse Umbrellas V-2908
  </name>
  <category>
   Umbrellas
  </category>
  <size>
   XXL
  </size>
  <color>
   Оранжевый
  </color>
  <material>
   Полиэстер
  </material>
  <price>
   501903
  </price>
  <rating>
   2.49
  </rating>
  <reviews>
   462159
  </reviews>
  <exclusive>
   no
  </exclusive>
  <sporty>
   no
  </sporty>
 </clothing>
 <clothing>
  <id>
   753338570
  </id>
  <name>
   DC Belts R-9730
  </name>
  <category>
   Belts
  </category>
  <size>
   XXL
  </size>
  <color>
   Зеленый
  </color>
  <material>
   Шелк
  </material>
  <price>
   455318
  </price>
  <rating>
   2.98
  </rating>
  <reviews>
   402211
  </reviews>
  <new>
   +
  </new>
  <sporty>
   yes
  </sporty>
 </clothing>
 <clothing>
  <id>
   318471708
  </id>
  <name>
   Lacoste Skirt N-5264
  </name>
  <category>
   Skirt
  </category>
  <size>
   S
  </size>
  <color>
   Синий
  </color>
  <material>
   Кожа
  </material>
  <price>
   742677
  </price>
  <rating>
   4.03
  </rating>
  <reviews>
   550679
  </reviews>
  <sporty>
   no
  </sporty>
 </clothing>
 <clothing>
  <id>
   587485588
  </id>
  <name>
   Addidas Gloves P-5568
  </name>
  <category>
   Gloves
  </category>
  <size>
   XL
  </size>
  <color>
   Оранжевый
  </color>
  <material>
   Шелк
  </material>
  <price>
   858963
  </price>
  <rating>
   3.72
  </rating>
  <reviews>
   768518
  </reviews>
  <new>
   +
  </new>
  <exclusive>
   no
  </exclusive>
  <sporty>
   no
  </sporty>
 </clothing>
 <clothing>
  <id>
   546083036
  </id>
  <name>
   PleinSport Hat N-4158
  </name>
  <category>
   Hat
  </category>
  <size>
   L
  </size>
  <color>
   Оранжевый
  </color>
  <material>
   Шелк
  </material>
  <price>
   841395
  </price>
  <rating>
   1.37
  </rating>
  <reviews>
   540388
  </reviews>
  <exclusive>
   no
  </exclusive>
 </clothing>
 <clothing>
  <id>
   341753309
  </id>
  <name>
   Addidas Socks Y-3337
  </name>
  <category>
   Socks
  </category>
  <size>
   XXL
  </size>
  <color>
   Оранжевый
  </color>
  <material>
   Вискоза
  </material>
  <price>
   991686
  </price>
  <rating>
   1.09
  </rating>
  <reviews>
   946871
  </reviews>
  <exclusive>
   yes
  </exclusive>
 </clothing>
 <clothing>
  <id>
   721741384
  </id>
  <name>
   Brooks Gloves L-8604
  </name>
  <category>
   Gloves
  </category>
  <size>
   M
  </size>
  <color>
   Красный
  </color>
  <material>
   Хлопок
  </material>
  <price>
   614617
  </price>
  <rating>
   2.08
  </rating>
  <reviews>
   183505
  </reviews>
  <sporty>
   no
  </sporty>
 </clothing>
 <clothing>
  <id>
   934222261
  </id>
  <name>
   Reebok Jeans D-5156
  </name>
  <category>
   Jeans
  </category>
  <size>
   M
  </size>
  <color>
   Оранжевый
  </color>
  <material>
   Вискоза
  </material>
  <price>
   940708
  </price>
  <rating>
   1.29
  </rating>
  <reviews>
   884991
  </reviews>
  <new>
   +
  </new>
  <sporty>
   no
  </sporty>
 </clothing>
 <clothing>
  <id>
   220393114
  </id>
  <name>
   Puma Pants O-8306
  </name>
  <category>
   Pants
  </category>
  <size>
   M
  </size>
  <color>
   Зеленый
  </color>
  <material>
   Шерсть
  </material>
  <price>
   349665
  </price>
  <rating>
   4.98
  </rating>
  <reviews>
   304248
  </reviews>
  <new>
   -
  </new>
  <exclusive>
   no
  </exclusive>
  <sporty>
   no
  </sporty>
 </clothing>
 <clothing>
  <id>
   288796905
  </id>
  <name>
   Vans Umbrellas D-5598
  </name>
  <category>
   Umbrellas
  </category>
  <size>
   S
  </size>
  <color>
   Зеленый
  </color>
  <material>
   Полиэстер
  </material>
  <price>
   904755
  </price>
  <rating>
   4.51
  </rating>
  <reviews>
   501284
  </reviews>
  <new>
   +
  </new>
 </clothing>
 <clothing>
  <id>
   191459169
  </id>
  <name>
   Vans T-shirt G-7568
  </name>
  <category>
   T-shirt
  </category>
  <size>
   M
  </size>
  <color>
   Зеленый
  </color>
  <material>
   Лен
  </material>
  <price>
   434350
  </price>
  <rating>
   1.2
  </rating>
  <reviews>
   823656
  </reviews>
  <new>
   -
  </new>
  <exclusive>
   no
  </exclusive>
  <sporty>
   yes
  </sporty>
 </clothing>
 <clothing>
  <id>
   417803760
  </id>
  <name>
   Adidas Hat C-8022
  </name>
  <category>
   Hat
  </category>
  <size>
   XL
  </size>
  <color>
   Красный
  </color>
  <material>
   Лен
  </material>
  <price>
   976009
  </price>
  <rating>
   1.73
  </rating>
  <reviews>
   841661
  </reviews>
  <new>
   -
  </new>
 </clothing>
 <clothing>
  <id>
   577054164
  </id>
  <name>
   Converse Jacket I-4207
  </name>
  <category>
   Jacket
  </category>
  <size>
   S
  </size>
  <color>
   Оранжевый
  </color>
  <material>
   Шелк
  </material>
  <price>
   296696
  </price>
  <rating>
   1.97
  </rating>
  <reviews>
   525792
  </reviews>
  <new>
   -
  </new>
  <exclusive>
   yes
  </exclusive>
  <sporty>
   yes
  </sporty>
 </clothing>
 <clothing>
  <id>
   883077401
  </id>
  <name>
   Adidas Socks L-3330
  </name>
  <category>
   Socks
  </category>
  <size>
   XXL
  </size>
  <color>
   Синий
  </color>
  <material>
   Полиэстер
  </material>
  <price>
   609597
  </price>
  <rating>
   4.13
  </rating>
  <reviews>
   925271
  </reviews>
  <new>
   -
  </new>
  <exclusive>
   no
  </exclusive>
 </clothing>
 <clothing>
  <id>
   553574624
  </id>
  <name>
   Puma Blouse R-2655
  </name>
  <category>
   Blouse
  </category>
  <size>
   XL
  </size>
  <color>
   Фиолетовый
  </color>
  <material>
   Лен
  </material>
  <price>
   361909
  </price>
  <rating>
   4.26
  </rating>
  <reviews>
   179181
  </reviews>
  <exclusive>
   no
  </exclusive>
 </clothing>
 <clothing>
  <id>
   205948803
  </id>
  <name>
   Converse Shirt G-9417
  </name>
  <category>
   Shirt
  </category>
  <size>
   L
  </size>
  <color>
   Желтый
  </color>
  <material>
   Лен
  </material>
  <price>
   569348
  </price>
  <rating>
   3.45
  </rating>
  <reviews>
   836138
  </reviews>
  <new>
   -
  </new>
  <exclusive>
   yes
  </exclusive>
  <sporty>
   no
  </sporty>
 </clothing>
 <clothing>
  <id>
   290383927
  </id>
  <name>
   Asics Jeans K-7531
  </name>
  <category>
   Jeans
  </category>
  <size>
   M
  </size>
  <color>
   Синий
  </color>
  <material>
   Хлопок
  </material>
  <price>
   292618
  </price>
  <rating>
   3.69
  </rating>
  <reviews>
   207846
  </reviews>
  <new>
   -
  </new>
  <exclusive>
   no
  </exclusive>
  <sporty>
   yes
  </sporty>
 </clothing>
 <clothing>
  <id>
   656339628
  </id>
  <name>
   Ellesse Blouse G-3133
  </name>
  <category>
   Blouse
  </category>
  <size>
   XL
  </size>
  <color>
   Желтый
  </color>
  <material>
   Полиэстер
  </material>
  <price>
   840136
  </price>
  <rating>
   4.79
  </rating>
  <reviews>
   209503
  </reviews>
  <sporty>
   no
  </sporty>
 </clothing>
 <clothing>
  <id>
   304453948
  </id>
  <name>
   DC Shirt V-3201
  </name>
  <category>
   Shirt
  </category>
  <size>
   XL
  </size>
  <color>
   Синий
  </color>
  <material>
   Полиэстер
  </material>
  <price>
   945886
  </price>
  <rating>
   4.26
  </rating>
  <reviews>
   841708
  </reviews>
  <exclusive>
   yes
  </exclusive>
  <sporty>
   no
  </sporty>
 </clothing>
 <clothing>
  <id>
   529636394
  </id>
  <name>
   PleinSport Dress F-5240
  </name>
  <category>
   Dress
  </category>
  <size>
   M
  </size>
  <color>
   Голубой
  </color>
  <material>
   Вискоза
  </material>
  <price>
   679189
  </price>
  <rating>
   4.07
  </rating>
  <reviews>
   853947
  </reviews>
  <new>
   +
  </new>
 </clothing>
 <clothing>
  <id>
   969703530
  </id>
  <name>
   Nike Jacket I-9360
  </name>
  <category>
   Jacket
  </category>
  <size>
   L
  </size>
  <color>
   Красный
  </color>
  <material>
   Нейлон
  </material>
  <price>
   728798
  </price>
  <rating>
   4.18
  </rating>
  <reviews>
   359097
  </reviews>
  <new>
   -
  </new>
  <exclusive>
   no
  </exclusive>
 </clothing>
 <clothing>
  <id>
   632139456
  </id>
  <name>
   Adidas Socks J-4486
  </name>
  <category>
   Socks
  </category>
  <size>
   S
  </size>
  <color>
   Голубой
  </color>
  <material>
   Лен
  </material>
  <price>
   232149
  </price>
  <rating>
   1.92
  </rating>
  <reviews>
   298012
  </reviews>
  <new>
   +
  </new>
  <sporty>
   yes
  </sporty>
 </clothing>
 <clothing>
  <id>
   895697674
  </id>
  <name>
   DC T-shirt O-8252
  </name>
  <category>
   T-shirt
  </category>
  <size>
   XXL
  </size>
  <color>
   Оранжевый
  </color>
  <material>
   Нейлон
  </material>
  <price>
   487105
  </price>
  <rating>
   1.0
  </rating>
  <reviews>
   290554
  </reviews>
  <new>
   +
  </new>
  <sporty>
   no
  </sporty>
 </clothing>
 <clothing>
  <id>
   229743537
  </id>
  <name>
   Adidas Socks J-1870
  </name>
  <category>
   Socks
  </category>
  <size>
   S
  </size>
  <color>
   Красный
  </color>
  <material>
   Вискоза
  </material>
  <price>
   340416
  </price>
  <rating>
   2.15
  </rating>
  <reviews>
   14851
  </reviews>
  <new>
   +
  </new>
  <sporty>
   no
  </sporty>
 </clothing>
 <clothing>
  <id>
   733816855
  </id>
  <name>
   Nike Shoes N-4643
  </name>
  <category>
   Shoes
  </category>
  <size>
   XL
  </size>
  <color>
   Фиолетовый
  </color>
  <material>
   Хлопок
  </material>
  <price>
   916350
  </price>
  <rating>
   4.72
  </rating>
  <reviews>
   115193
  </reviews>
  <new>
   -
  </new>
  <exclusive>
   yes
  </exclusive>
  <sporty>
   no
  </sporty>
 </clothing>
 <clothing>
  <id>
   845526740
  </id>
  <name>
   Fila Dress V-8930
  </name>
  <category>
   Dress
  </category>
  <size>
   XL
  </size>
  <color>
   Голубой
  </color>
  <material>
   Кожа
  </material>
  <price>
   980527
  </price>
  <rating>
   3.78
  </rating>
  <reviews>
   806077
  </reviews>
  <new>
   +
  </new>
  <exclusive>
   no
  </exclusive>
  <sporty>
   yes
  </sporty>
 </clothing>
 <clothing>
  <id>
   371387822
  </id>
  <name>
   Brooks Belts Y-5280
  </name>
  <category>
   Belts
  </category>
  <size>
   XXL
  </size>
  <color>
   Красный
  </color>
  <material>
   Полиэстер
  </material>
  <price>
   822866
  </price>
  <rating>
   2.06
  </rating>
  <reviews>
   776117
  </reviews>
  <new>
   +
  </new>
  <exclusive>
   no
  </exclusive>
 </clothing>
 <clothing>
  <id>
   189293578
  </id>
  <name>
   DC Shoes A-2988
  </name>
  <category>
   Shoes
  </category>
  <size>
   XXL
  </size>
  <color>
   Фиолетовый
  </color>
  <material>
   Хлопок
  </material>
  <price>
   889944
  </price>
  <rating>
   3.27
  </rating>
  <reviews>
   760257
  </reviews>
  <new>
   +
  </new>
 </clothing>
</clothing-items>
