<?xml version="1.0" encoding="utf-8"?>
<clothing-items>
 <clothing>
  <id>
   491650494
  </id>
  <name>
   New Balance Blouse F-1716
  </name>
  <category>
   Blouse
  </category>
  <size>
   M
  </size>
  <color>
   Фиолетовый
  </color>
  <material>
   Шерсть
  </material>
  <price>
   984227
  </price>
  <rating>
   3.28
  </rating>
  <reviews>
   228937
  </reviews>
  <new>
   -
  </new>
  <exclusive>
   no
  </exclusive>
  <sporty>
   no
  </sporty>
 </clothing>
 <clothing>
  <id>
   391887936
  </id>
  <name>
   Addidas Dress Q-1032
  </name>
  <category>
   Dress
  </category>
  <size>
   M
  </size>
  <color>
   Красный
  </color>
  <material>
   Шерсть
  </material>
  <price>
   514525
  </price>
  <rating>
   2.26
  </rating>
  <reviews>
   30261
  </reviews>
  <new>
   -
  </new>
  <exclusive>
   no
  </exclusive>
  <sporty>
   no
  </sporty>
 </clothing>
 <clothing>
  <id>
   683138620
  </id>
  <name>
   Lacoste Jacket Y-9106
  </name>
  <category>
   Jacket
  </category>
  <size>
   S
  </size>
  <color>
   Фиолетовый
  </color>
  <material>
   Кожа
  </material>
  <price>
   255310
  </price>
  <rating>
   2.19
  </rating>
  <reviews>
   410157
  </reviews>
  <new>
   -
  </new>
  <exclusive>
   yes
  </exclusive>
 </clothing>
 <clothing>
  <id>
   208169715
  </id>
  <name>
   Under Armour Sweater S-3099
  </name>
  <category>
   Sweater
  </category>
  <size>
   XXL
  </size>
  <color>
   Оранжевый
  </color>
  <material>
   Лен
  </material>
  <price>
   400596
  </price>
  <rating>
   4.88
  </rating>
  <reviews>
   809655
  </reviews>
  <exclusive>
   yes
  </exclusive>
 </clothing>
 <clothing>
  <id>
   803828041
  </id>
  <name>
   New Balance Dress I-4064
  </name>
  <category>
   Dress
  </category>
  <size>
   S
  </size>
  <color>
   Зеленый
  </color>
  <material>
   Вискоза
  </material>
  <price>
   327955
  </price>
  <rating>
   1.46
  </rating>
  <reviews>
   484320
  </reviews>
  <sporty>
   no
  </sporty>
 </clothing>
 <clothing>
  <id>
   263739741
  </id>
  <name>
   Fila Shoes I-8751
  </name>
  <category>
   Shoes
  </category>
  <size>
   L
  </size>
  <color>
   Оранжевый
  </color>
  <material>
   Полиэстер
  </material>
  <price>
   543119
  </price>
  <rating>
   3.84
  </rating>
  <reviews>
   612623
  </reviews>
  <new>
   -
  </new>
 </clothing>
 <clothing>
  <id>
   748093101
  </id>
  <name>
   Nike Gloves Q-4383
  </name>
  <category>
   Gloves
  </category>
  <size>
   XL
  </size>
  <color>
   Фиолетовый
  </color>
  <material>
   Вискоза
  </material>
  <price>
   436576
  </price>
  <rating>
   4.26
  </rating>
  <reviews>
   252755
  </reviews>
  <new>
   -
  </new>
  <sporty>
   yes
  </sporty>
 </clothing>
 <clothing>
  <id>
   987946520
  </id>
  <name>
   Addidas Skirt K-5768
  </name>
  <category>
   Skirt
  </category>
  <size>
   L
  </size>
  <color>
   Фиолетовый
  </color>
  <material>
   Хлопок
  </material>
  <price>
   912963
  </price>
  <rating>
   1.12
  </rating>
  <reviews>
   80674
  </reviews>
  <sporty>
   yes
  </sporty>
 </clothing>
 <clothing>
  <id>
   915126963
  </id>
  <name>
   New Balance Dress K-8629
  </name>
  <category>
   Dress
  </category>
  <size>
   XXL
  </size>
  <color>
   Красный
  </color>
  <material>
   Нейлон
  </material>
  <price>
   991207
  </price>
  <rating>
   1.05
  </rating>
  <reviews>
   956336
  </reviews>
  <new>
   -
  </new>
  <exclusive>
   yes
  </exclusive>
 </clothing>
 <clothing>
  <id>
   857028717
  </id>
  <name>
   Adidas Skirt V-5007
  </name>
  <category>
   Skirt
  </category>
  <size>
   M
  </size>
  <color>
   Синий
  </color>
  <material>
   Шелк
  </material>
  <price>
   850866
  </price>
  <rating>
   1.16
  </rating>
  <reviews>
   793474
  </reviews>
  <new>
   -
  </new>
  <exclusive>
   yes
  </exclusive>
 </clothing>
 <clothing>
  <id>
   762467256
  </id>
  <name>
   Asics Handbags D-3636
  </name>
  <category>
   Handbags
  </category>
  <size>
   M
  </size>
  <color>
   Оранжевый
  </color>
  <material>
   Кожа
  </material>
  <price>
   433392
  </price>
  <rating>
   3.66
  </rating>
  <reviews>
   790735
  </reviews>
  <new>
   -
  </new>
  <exclusive>
   no
  </exclusive>
  <sporty>
   no
  </sporty>
 </clothing>
 <clothing>
  <id>
   115047563
  </id>
  <name>
   Converse Pants V-3818
  </name>
  <category>
   Pants
  </category>
  <size>
   XXL
  </size>
  <color>
   Фиолетовый
  </color>
  <material>
   Вискоза
  </material>
  <price>
   253013
  </price>
  <rating>
   1.09
  </rating>
  <reviews>
   647414
  </reviews>
 </clothing>
 <clothing>
  <id>
   221294144
  </id>
  <name>
   Under Armour Jacket A-5256
  </name>
  <category>
   Jacket
  </category>
  <size>
   XXL
  </size>
  <color>
   Фиолетовый
  </color>
  <material>
   Вискоза
  </material>
  <price>
   862462
  </price>
  <rating>
   4.58
  </rating>
  <reviews>
   93688
  </reviews>
  <new>
   +
  </new>
  <exclusive>
   no
  </exclusive>
 </clothing>
 <clothing>
  <id>
   442602731
  </id>
  <name>
   Puma Belts K-9891
  </name>
  <category>
   Belts
  </category>
  <size>
   L
  </size>
  <color>
   Синий
  </color>
  <material>
   Вискоза
  </material>
  <price>
   978467
  </price>
  <rating>
   2.45
  </rating>
  <reviews>
   662075
  </reviews>
 </clothing>
 <clothing>
  <id>
   585649142
  </id>
  <name>
   Ellesse Skirt K-4589
  </name>
  <category>
   Skirt
  </category>
  <size>
   S
  </size>
  <color>
   Зеленый
  </color>
  <material>
   Хлопок
  </material>
  <price>
   972556
  </price>
  <rating>
   2.67
  </rating>
  <reviews>
   952173
  </reviews>
 </clothing>
 <clothing>
  <id>
   480391527
  </id>
  <name>
   Converse Umbrellas H-7794
  </name>
  <category>
   Umbrellas
  </category>
  <size>
   XL
  </size>
  <color>
   Зеленый
  </color>
  <material>
   Нейлон
  </material>
  <price>
   743932
  </price>
  <rating>
   4.37
  </rating>
  <reviews>
   938847
  </reviews>
  <new>
   -
  </new>
  <exclusive>
   yes
  </exclusive>
 </clothing>
 <clothing>
  <id>
   964750013
  </id>
  <name>
   Nike Belts N-2402
  </name>
  <category>
   Belts
  </category>
  <size>
   M
  </size>
  <color>
   Синий
  </color>
  <material>
   Хлопок
  </material>
  <price>
   251473
  </price>
  <rating>
   2.47
  </rating>
  <reviews>
   176716
  </reviews>
  <exclusive>
   no
  </exclusive>
  <sporty>
   no
  </sporty>
 </clothing>
 <clothing>
  <id>
   219436646
  </id>
  <name>
   Nike Hat S-8884
  </name>
  <category>
   Hat
  </category>
  <size>
   S
  </size>
  <color>
   Фиолетовый
  </color>
  <material>
   Кожа
  </material>
  <price>
   495838
  </price>
  <rating>
   1.76
  </rating>
  <reviews>
   522398
  </reviews>
  <new>
   -
  </new>
  <exclusive>
   no
  </exclusive>
  <sporty>
   no
  </sporty>
 </clothing>
 <clothing>
  <id>
   976102362
  </id>
  <name>
   Puma Belts S-6557
  </name>
  <category>
   Belts
  </category>
  <size>
   XL
  </size>
  <color>
   Желтый
  </color>
  <material>
   Хлопок
  </material>
  <price>
   101981
  </price>
  <rating>
   4.72
  </rating>
  <reviews>
   677594
  </reviews>
  <new>
   +
  </new>
  <sporty>
   no
  </sporty>
 </clothing>
 <clothing>
  <id>
   704088150
  </id>
  <name>
   Asics Dress C-5533
  </name>
  <category>
   Dress
  </category>
  <size>
   S
  </size>
  <color>
   Оранжевый
  </color>
  <material>
   Нейлон
  </material>
  <price>
   578439
  </price>
  <rating>
   1.44
  </rating>
  <reviews>
   804967
  </reviews>
  <new>
   -
  </new>
  <sporty>
   yes
  </sporty>
 </clothing>
 <clothing>
  <id>
   243844661
  </id>
  <name>
   DC T-shirt X-4612
  </name>
  <category>
   T-shirt
  </category>
  <size>
   XXL
  </size>
  <color>
   Фиолетовый
  </color>
  <material>
   Кожа
  </material>
  <price>
   705232
  </price>
  <rating>
   2.71
  </rating>
  <reviews>
   384266
  </reviews>
  <sporty>
   yes
  </sporty>
 </clothing>
 <clothing>
  <id>
   561679745
  </id>
  <name>
   Nike Pants M-5502
  </name>
  <category>
   Pants
  </category>
  <size>
   L
  </size>
  <color>
   Красный
  </color>
  <material>
   Шелк
  </material>
  <price>
   538893
  </price>
  <rating>
   1.27
  </rating>
  <reviews>
   775329
  </reviews>
  <exclusive>
   no
  </exclusive>
  <sporty>
   no
  </sporty>
 </clothing>
 <clothing>
  <id>
   254979352
  </id>
  <name>
   Under Armour Hat H-8221
  </name>
  <category>
   Hat
  </category>
  <size>
   XL
  </size>
  <color>
   Желтый
  </color>
  <material>
   Шелк
  </material>
  <price>
   186643
  </price>
  <rating>
   3.42
  </rating>
  <reviews>
   912051
  </reviews>
  <new>
   -
  </new>
  <exclusive>
   no
  </exclusive>
  <sporty>
   yes
  </sporty>
 </clothing>
 <clothing>
  <id>
   992943152
  </id>
  <name>
   Brooks Skirt T-9299
  </name>
  <category>
   Skirt
  </category>
  <size>
   M
  </size>
  <color>
   Зеленый
  </color>
  <material>
   Вискоза
  </material>
  <price>
   678610
  </price>
  <rating>
   2.63
  </rating>
  <reviews>
   376543
  </reviews>
  <new>
   +
  </new>
  <exclusive>
   yes
  </exclusive>
 </clothing>
 <clothing>
  <id>
   866411575
  </id>
  <name>
   Reebok Gloves S-5309
  </name>
  <category>
   Gloves
  </category>
  <size>
   L
  </size>
  <color>
   Синий
  </color>
  <material>
   Кожа
  </material>
  <price>
   314461
  </price>
  <rating>
   4.6
  </rating>
  <reviews>
   274932
  </reviews>
  <new>
   +
  </new>
  <exclusive>
   no
  </exclusive>
  <sporty>
   no
  </sporty>
 </clothing>
 <clothing>
  <id>
   876147196
  </id>
  <name>
   Ellesse Pants S-8421
  </name>
  <category>
   Pants
  </category>
  <size>
   S
  </size>
  <color>
   Оранжевый
  </color>
  <material>
   Полиэстер
  </material>
  <price>
   817104
  </price>
  <rating>
   4.12
  </rating>
  <reviews>
   21191
  </reviews>
  <new>
   -
  </new>
  <exclusive>
   yes
  </exclusive>
 </clothing>
 <clothing>
  <id>
   978232584
  </id>
  <name>
   Fila Gloves T-6592
  </name>
  <category>
   Gloves
  </category>
  <size>
   M
  </size>
  <color>
   Голубой
  </color>
  <material>
   Кожа
  </material>
  <price>
   243113
  </price>
  <rating>
   4.43
  </rating>
  <reviews>
   604512
  </reviews>
  <sporty>
   yes
  </sporty>
 </clothing>
 <clothing>
  <id>
   430310013
  </id>
  <name>
   New Balance Shoes Q-6241
  </name>
  <category>
   Shoes
  </category>
  <size>
   XXL
  </size>
  <color>
   Зеленый
  </color>
  <material>
   Шелк
  </material>
  <price>
   303007
  </price>
  <rating>
   4.4
  </rating>
  <reviews>
   533824
  </reviews>
 </clothing>
 <clothing>
  <id>
   391382126
  </id>
  <name>
   Addidas Shoes R-5182
  </name>
  <category>
   Shoes
  </category>
  <size>
   M
  </size>
  <color>
   Желтый
  </color>
  <material>
   Кожа
  </material>
  <price>
   684145
  </price>
  <rating>
   2.38
  </rating>
  <reviews>
   14103
  </reviews>
 </clothing>
 <clothing>
  <id>
   241956488
  </id>
  <name>
   Ellesse Jeans Q-8257
  </name>
  <category>
   Jeans
  </category>
  <size>
   XXL
  </size>
  <color>
   Фиолетовый
  </color>
  <material>
   Кожа
  </material>
  <price>
   882649
  </price>
  <rating>
   1.99
  </rating>
  <reviews>
   817856
  </reviews>
  <new>
   -
  </new>
  <exclusive>
   no
  </exclusive>
 </clothing>
 <clothing>
  <id>
   630198876
  </id>
  <name>
   Puma T-shirt M-4725
  </name>
  <category>
   T-shirt
  </category>
  <size>
   XL
  </size>
  <color>
   Синий
  </color>
  <material>
   Полиэстер
  </material>
  <price>
   556935
  </price>
  <rating>
   3.93
  </rating>
  <reviews>
   760596
  </reviews>
  <exclusive>
   no
  </exclusive>
 </clothing>
 <clothing>
  <id>
   849825870
  </id>
  <name>
   Fila Sweater O-8062
  </name>
  <category>
   Sweater
  </category>
  <size>
   XL
  </size>
  <color>
   Синий
  </color>
  <material>
   Шелк
  </material>
  <price>
   459155
  </price>
  <rating>
   1.67
  </rating>
  <reviews>
   239430
  </reviews>
  <exclusive>
   no
  </exclusive>
  <sporty>
   no
  </sporty>
 </clothing>
 <clothing>
  <id>
   617489414
  </id>
  <name>
   Adidas Sweater T-6744
  </name>
  <category>
   Sweater
  </category>
  <size>
   L
  </size>
  <color>
   Синий
  </color>
  <material>
   Шелк
  </material>
  <price>
   464798
  </price>
  <rating>
   4.67
  </rating>
  <reviews>
   302226
  </reviews>
  <new>
   +
  </new>
  <exclusive>
   no
  </exclusive>
 </clothing>
 <clothing>
  <id>
   121268377
  </id>
  <name>
   Under Armour Umbrellas S-6695
  </name>
  <category>
   Umbrellas
  </category>
  <size>
   XL
  </size>
  <color>
   Голубой
  </color>
  <material>
   Шерсть
  </material>
  <price>
   111787
  </price>
  <rating>
   4.24
  </rating>
  <reviews>
   784670
  </reviews>
  <exclusive>
   no
  </exclusive>
  <sporty>
   yes
  </sporty>
 </clothing>
</clothing-items>
