<?xml version="1.0" encoding="utf-8"?>
<clothing-items>
 <clothing>
  <id>
   969784493
  </id>
  <name>
   Under Armour Shoes R-1913
  </name>
  <category>
   Shoes
  </category>
  <size>
   XXL
  </size>
  <color>
   Желтый
  </color>
  <material>
   Вискоза
  </material>
  <price>
   472293
  </price>
  <rating>
   4.95
  </rating>
  <reviews>
   761824
  </reviews>
  <new>
   -
  </new>
  <exclusive>
   yes
  </exclusive>
  <sporty>
   no
  </sporty>
 </clothing>
 <clothing>
  <id>
   533977870
  </id>
  <name>
   Ellesse Socks Q-3282
  </name>
  <category>
   Socks
  </category>
  <size>
   S
  </size>
  <color>
   Зеленый
  </color>
  <material>
   Шерсть
  </material>
  <price>
   321829
  </price>
  <rating>
   4.84
  </rating>
  <reviews>
   562601
  </reviews>
  <sporty>
   no
  </sporty>
 </clothing>
 <clothing>
  <id>
   167781319
  </id>
  <name>
   Addidas Shoes Q-7980
  </name>
  <category>
   Shoes
  </category>
  <size>
   L
  </size>
  <color>
   Оранжевый
  </color>
  <material>
   Вискоза
  </material>
  <price>
   972008
  </price>
  <rating>
   2.34
  </rating>
  <reviews>
   541447
  </reviews>
  <new>
   -
  </new>
  <exclusive>
   no
  </exclusive>
  <sporty>
   no
  </sporty>
 </clothing>
 <clothing>
  <id>
   492065760
  </id>
  <name>
   DC Belts J-2131
  </name>
  <category>
   Belts
  </category>
  <size>
   L
  </size>
  <color>
   Фиолетовый
  </color>
  <material>
   Полиэстер
  </material>
  <price>
   168410
  </price>
  <rating>
   2.08
  </rating>
  <reviews>
   823595
  </reviews>
  <new>
   +
  </new>
  <exclusive>
   no
  </exclusive>
 </clothing>
 <clothing>
  <id>
   609115637
  </id>
  <name>
   Lacoste Umbrellas Q-8446
  </name>
  <category>
   Umbrellas
  </category>
  <size>
   M
  </size>
  <color>
   Голубой
  </color>
  <material>
   Лен
  </material>
  <price>
   215811
  </price>
  <rating>
   3.66
  </rating>
  <reviews>
   957374
  </reviews>
  <sporty>
   no
  </sporty>
 </clothing>
 <clothing>
  <id>
   617709071
  </id>
  <name>
   Addidas Jacket T-8606
  </name>
  <category>
   Jacket
  </category>
  <size>
   XL
  </size>
  <color>
   Синий
  </color>
  <material>
   Нейлон
  </material>
  <price>
   350452
  </price>
  <rating>
   2.1
  </rating>
  <reviews>
   971402
  </reviews>
  <new>
   -
  </new>
  <exclusive>
   yes
  </exclusive>
  <sporty>
   yes
  </sporty>
 </clothing>
 <clothing>
  <id>
   853844142
  </id>
  <name>
   PleinSport Shoes S-1954
  </name>
  <category>
   Shoes
  </category>
  <size>
   L
  </size>
  <color>
   Красный
  </color>
  <material>
   Вискоза
  </material>
  <price>
   956951
  </price>
  <rating>
   2.96
  </rating>
  <reviews>
   110853
  </reviews>
  <exclusive>
   no
  </exclusive>
 </clothing>
 <clothing>
  <id>
   509593769
  </id>
  <name>
   Brooks Socks P-3422
  </name>
  <category>
   Socks
  </category>
  <size>
   L
  </size>
  <color>
   Желтый
  </color>
  <material>
   Хлопок
  </material>
  <price>
   161798
  </price>
  <rating>
   1.02
  </rating>
  <reviews>
   255054
  </reviews>
  <exclusive>
   yes
  </exclusive>
 </clothing>
 <clothing>
  <id>
   175796956
  </id>
  <name>
   Reebok Pants A-3218
  </name>
  <category>
   Pants
  </category>
  <size>
   XL
  </size>
  <color>
   Красный
  </color>
  <material>
   Лен
  </material>
  <price>
   875279
  </price>
  <rating>
   1.48
  </rating>
  <reviews>
   518313
  </reviews>
  <exclusive>
   yes
  </exclusive>
  <sporty>
   no
  </sporty>
 </clothing>
 <clothing>
  <id>
   380066182
  </id>
  <name>
   Converse Sweater E-5460
  </name>
  <category>
   Sweater
  </category>
  <size>
   L
  </size>
  <color>
   Оранжевый
  </color>
  <material>
   Лен
  </material>
  <price>
   278759
  </price>
  <rating>
   3.47
  </rating>
  <reviews>
   475188
  </reviews>
  <new>
   +
  </new>
  <sporty>
   yes
  </sporty>
 </clothing>
 <clothing>
  <id>
   799266324
  </id>
  <name>
   Fila Handbags E-7959
  </name>
  <category>
   Handbags
  </category>
  <size>
   XL
  </size>
  <color>
   Красный
  </color>
  <material>
   Шерсть
  </material>
  <price>
   336406
  </price>
  <rating>
   2.03
  </rating>
  <reviews>
   16992
  </reviews>
 </clothing>
 <clothing>
  <id>
   814163756
  </id>
  <name>
   Addidas Shirt L-1919
  </name>
  <category>
   Shirt
  </category>
  <size>
   L
  </size>
  <color>
   Синий
  </color>
  <material>
   Шелк
  </material>
  <price>
   301923
  </price>
  <rating>
   4.76
  </rating>
  <reviews>
   568911
  </reviews>
  <new>
   -
  </new>
 </clothing>
 <clothing>
  <id>
   903112714
  </id>
  <name>
   Lacoste Skirt Q-1543
  </name>
  <category>
   Skirt
  </category>
  <size>
   M
  </size>
  <color>
   Красный
  </color>
  <material>
   Шелк
  </material>
  <price>
   147955
  </price>
  <rating>
   4.26
  </rating>
  <reviews>
   102573
  </reviews>
  <exclusive>
   yes
  </exclusive>
  <sporty>
   no
  </sporty>
 </clothing>
 <clothing>
  <id>
   884583472
  </id>
  <name>
   Asics Sweater L-4774
  </name>
  <category>
   Sweater
  </category>
  <size>
   XXL
  </size>
  <color>
   Синий
  </color>
  <material>
   Вискоза
  </material>
  <price>
   805291
  </price>
  <rating>
   4.64
  </rating>
  <reviews>
   832329
  </reviews>
  <sporty>
   yes
  </sporty>
 </clothing>
 <clothing>
  <id>
   374531763
  </id>
  <name>
   PleinSport Sweater I-7556
  </name>
  <category>
   Sweater
  </category>
  <size>
   M
  </size>
  <color>
   Фиолетовый
  </color>
  <material>
   Кожа
  </material>
  <price>
   677001
  </price>
  <rating>
   3.49
  </rating>
  <reviews>
   997814
  </reviews>
 </clothing>
 <clothing>
  <id>
   451720272
  </id>
  <name>
   DC Shoes C-9309
  </name>
  <category>
   Shoes
  </category>
  <size>
   S
  </size>
  <color>
   Голубой
  </color>
  <material>
   Нейлон
  </material>
  <price>
   106689
  </price>
  <rating>
   4.13
  </rating>
  <reviews>
   84848
  </reviews>
  <new>
   +
  </new>
  <exclusive>
   yes
  </exclusive>
 </clothing>
 <clothing>
  <id>
   954193505
  </id>
  <name>
   Fila Socks H-1144
  </name>
  <category>
   Socks
  </category>
  <size>
   XXL
  </size>
  <color>
   Синий
  </color>
  <material>
   Лен
  </material>
  <price>
   503055
  </price>
  <rating>
   2.94
  </rating>
  <reviews>
   152397
  </reviews>
  <new>
   -
  </new>
  <exclusive>
   no
  </exclusive>
  <sporty>
   yes
  </sporty>
 </clothing>
 <clothing>
  <id>
   616603832
  </id>
  <name>
   Under Armour Pants R-6403
  </name>
  <category>
   Pants
  </category>
  <size>
   S
  </size>
  <color>
   Красный
  </color>
  <material>
   Кожа
  </material>
  <price>
   549287
  </price>
  <rating>
   2.35
  </rating>
  <reviews>
   503731
  </reviews>
 </clothing>
 <clothing>
  <id>
   134032944
  </id>
  <name>
   Converse Pants O-6176
  </name>
  <category>
   Pants
  </category>
  <size>
   XXL
  </size>
  <color>
   Синий
  </color>
  <material>
   Шерсть
  </material>
  <price>
   327251
  </price>
  <rating>
   3.64
  </rating>
  <reviews>
   778517
  </reviews>
  <new>
   -
  </new>
  <exclusive>
   no
  </exclusive>
  <sporty>
   no
  </sporty>
 </clothing>
</clothing-items>
