<?xml version="1.0" encoding="utf-8"?>
<clothing-items>
 <clothing>
  <id>
   688400331
  </id>
  <name>
   Puma Shirt W-7070
  </name>
  <category>
   Shirt
  </category>
  <size>
   L
  </size>
  <color>
   Фиолетовый
  </color>
  <material>
   Шелк
  </material>
  <price>
   421585
  </price>
  <rating>
   2.6
  </rating>
  <reviews>
   992902
  </reviews>
  <exclusive>
   no
  </exclusive>
  <sporty>
   no
  </sporty>
 </clothing>
 <clothing>
  <id>
   146922041
  </id>
  <name>
   Reebok Pants D-7286
  </name>
  <category>
   Pants
  </category>
  <size>
   M
  </size>
  <color>
   Желтый
  </color>
  <material>
   Шелк
  </material>
  <price>
   903569
  </price>
  <rating>
   3.25
  </rating>
  <reviews>
   470548
  </reviews>
 </clothing>
 <clothing>
  <id>
   729608137
  </id>
  <name>
   Lacoste Shoes D-8013
  </name>
  <category>
   Shoes
  </category>
  <size>
   S
  </size>
  <color>
   Фиолетовый
  </color>
  <material>
   Нейлон
  </material>
  <price>
   612698
  </price>
  <rating>
   2.15
  </rating>
  <reviews>
   618675
  </reviews>
  <exclusive>
   no
  </exclusive>
 </clothing>
 <clothing>
  <id>
   644961084
  </id>
  <name>
   Nike Jeans Q-5964
  </name>
  <category>
   Jeans
  </category>
  <size>
   S
  </size>
  <color>
   Зеленый
  </color>
  <material>
   Кожа
  </material>
  <price>
   375429
  </price>
  <rating>
   4.28
  </rating>
  <reviews>
   28996
  </reviews>
  <new>
   -
  </new>
  <exclusive>
   no
  </exclusive>
 </clothing>
 <clothing>
  <id>
   289626080
  </id>
  <name>
   PleinSport Jacket L-1017
  </name>
  <category>
   Jacket
  </category>
  <size>
   XL
  </size>
  <color>
   Красный
  </color>
  <material>
   Полиэстер
  </material>
  <price>
   858512
  </price>
  <rating>
   2.1
  </rating>
  <reviews>
   746634
  </reviews>
  <new>
   -
  </new>
  <sporty>
   yes
  </sporty>
 </clothing>
 <clothing>
  <id>
   154869209
  </id>
  <name>
   Brooks Gloves F-2323
  </name>
  <category>
   Gloves
  </category>
  <size>
   S
  </size>
  <color>
   Оранжевый
  </color>
  <material>
   Шелк
  </material>
  <price>
   910823
  </price>
  <rating>
   2.28
  </rating>
  <reviews>
   569441
  </reviews>
  <sporty>
   no
  </sporty>
 </clothing>
 <clothing>
  <id>
   908060378
  </id>
  <name>
   Ellesse Jacket U-7790
  </name>
  <category>
   Jacket
  </category>
  <size>
   S
  </size>
  <color>
   Голубой
  </color>
  <material>
   Шелк
  </material>
  <price>
   270051
  </price>
  <rating>
   2.09
  </rating>
  <reviews>
   684684
  </reviews>
  <exclusive>
   yes
  </exclusive>
 </clothing>
 <clothing>
  <id>
   383317549
  </id>
  <name>
   Addidas Hat U-4379
  </name>
  <category>
   Hat
  </category>
  <size>
   S
  </size>
  <color>
   Голубой
  </color>
  <material>
   Вискоза
  </material>
  <price>
   651404
  </price>
  <rating>
   3.87
  </rating>
  <reviews>
   449290
  </reviews>
  <new>
   +
  </new>
  <sporty>
   no
  </sporty>
 </clothing>
 <clothing>
  <id>
   773681381
  </id>
  <name>
   Adidas Jeans I-7400
  </name>
  <category>
   Jeans
  </category>
  <size>
   M
  </size>
  <color>
   Зеленый
  </color>
  <material>
   Полиэстер
  </material>
  <price>
   768910
  </price>
  <rating>
   2.67
  </rating>
  <reviews>
   325044
  </reviews>
  <new>
   +
  </new>
  <exclusive>
   no
  </exclusive>
 </clothing>
 <clothing>
  <id>
   855408873
  </id>
  <name>
   DC Shirt Y-4685
  </name>
  <category>
   Shirt
  </category>
  <size>
   XL
  </size>
  <color>
   Оранжевый
  </color>
  <material>
   Хлопок
  </material>
  <price>
   854828
  </price>
  <rating>
   4.22
  </rating>
  <reviews>
   615553
  </reviews>
  <new>
   -
  </new>
  <exclusive>
   no
  </exclusive>
  <sporty>
   no
  </sporty>
 </clothing>
 <clothing>
  <id>
   119689854
  </id>
  <name>
   PleinSport Jeans D-3577
  </name>
  <category>
   Jeans
  </category>
  <size>
   XL
  </size>
  <color>
   Зеленый
  </color>
  <material>
   Шелк
  </material>
  <price>
   438759
  </price>
  <rating>
   4.75
  </rating>
  <reviews>
   869152
  </reviews>
  <new>
   -
  </new>
  <exclusive>
   no
  </exclusive>
  <sporty>
   yes
  </sporty>
 </clothing>
 <clothing>
  <id>
   291108819
  </id>
  <name>
   DC T-shirt T-8715
  </name>
  <category>
   T-shirt
  </category>
  <size>
   L
  </size>
  <color>
   Голубой
  </color>
  <material>
   Хлопок
  </material>
  <price>
   192321
  </price>
  <rating>
   3.74
  </rating>
  <reviews>
   998460
  </reviews>
  <sporty>
   yes
  </sporty>
 </clothing>
 <clothing>
  <id>
   770805190
  </id>
  <name>
   DC T-shirt M-7242
  </name>
  <category>
   T-shirt
  </category>
  <size>
   S
  </size>
  <color>
   Желтый
  </color>
  <material>
   Шелк
  </material>
  <price>
   587706
  </price>
  <rating>
   3.28
  </rating>
  <reviews>
   686400
  </reviews>
 </clothing>
 <clothing>
  <id>
   166190061
  </id>
  <name>
   PleinSport T-shirt C-9963
  </name>
  <category>
   T-shirt
  </category>
  <size>
   S
  </size>
  <color>
   Синий
  </color>
  <material>
   Хлопок
  </material>
  <price>
   796189
  </price>
  <rating>
   2.84
  </rating>
  <reviews>
   248031
  </reviews>
  <exclusive>
   yes
  </exclusive>
 </clothing>
 <clothing>
  <id>
   409516205
  </id>
  <name>
   Reebok Jeans H-2129
  </name>
  <category>
   Jeans
  </category>
  <size>
   L
  </size>
  <color>
   Синий
  </color>
  <material>
   Полиэстер
  </material>
  <price>
   294912
  </price>
  <rating>
   2.46
  </rating>
  <reviews>
   389309
  </reviews>
  <new>
   +
  </new>
  <exclusive>
   no
  </exclusive>
  <sporty>
   no
  </sporty>
 </clothing>
 <clothing>
  <id>
   320228098
  </id>
  <name>
   Reebok Socks O-4288
  </name>
  <category>
   Socks
  </category>
  <size>
   L
  </size>
  <color>
   Красный
  </color>
  <material>
   Шелк
  </material>
  <price>
   488947
  </price>
  <rating>
   4.46
  </rating>
  <reviews>
   833202
  </reviews>
  <new>
   -
  </new>
  <exclusive>
   yes
  </exclusive>
 </clothing>
 <clothing>
  <id>
   126619576
  </id>
  <name>
   Ellesse Skirt S-4696
  </name>
  <category>
   Skirt
  </category>
  <size>
   L
  </size>
  <color>
   Зеленый
  </color>
  <material>
   Кожа
  </material>
  <price>
   875912
  </price>
  <rating>
   2.99
  </rating>
  <reviews>
   35744
  </reviews>
  <new>
   -
  </new>
  <exclusive>
   no
  </exclusive>
  <sporty>
   no
  </sporty>
 </clothing>
 <clothing>
  <id>
   989784378
  </id>
  <name>
   Under Armour Skirt F-2065
  </name>
  <category>
   Skirt
  </category>
  <size>
   S
  </size>
  <color>
   Красный
  </color>
  <material>
   Хлопок
  </material>
  <price>
   693067
  </price>
  <rating>
   2.1
  </rating>
  <reviews>
   535563
  </reviews>
  <new>
   -
  </new>
  <exclusive>
   no
  </exclusive>
 </clothing>
</clothing-items>
