<?xml version="1.0" encoding="utf-8"?>
<clothing-items>
 <clothing>
  <id>
   697698796
  </id>
  <name>
   Asics Jeans Y-2351
  </name>
  <category>
   Jeans
  </category>
  <size>
   S
  </size>
  <color>
   Желтый
  </color>
  <material>
   Кожа
  </material>
  <price>
   913511
  </price>
  <rating>
   2.16
  </rating>
  <reviews>
   642266
  </reviews>
  <new>
   -
  </new>
  <sporty>
   no
  </sporty>
 </clothing>
 <clothing>
  <id>
   173678447
  </id>
  <name>
   DC Sweater F-4216
  </name>
  <category>
   Sweater
  </category>
  <size>
   XXL
  </size>
  <color>
   Оранжевый
  </color>
  <material>
   Хлопок
  </material>
  <price>
   403970
  </price>
  <rating>
   1.36
  </rating>
  <reviews>
   650950
  </reviews>
 </clothing>
 <clothing>
  <id>
   730912357
  </id>
  <name>
   Vans Hat Q-9159
  </name>
  <category>
   Hat
  </category>
  <size>
   XXL
  </size>
  <color>
   Зеленый
  </color>
  <material>
   Вискоза
  </material>
  <price>
   965197
  </price>
  <rating>
   4.13
  </rating>
  <reviews>
   170487
  </reviews>
  <new>
   -
  </new>
 </clothing>
 <clothing>
  <id>
   412542671
  </id>
  <name>
   Nike Umbrellas F-9342
  </name>
  <category>
   Umbrellas
  </category>
  <size>
   XXL
  </size>
  <color>
   Оранжевый
  </color>
  <material>
   Нейлон
  </material>
  <price>
   137264
  </price>
  <rating>
   2.22
  </rating>
  <reviews>
   988462
  </reviews>
  <exclusive>
   no
  </exclusive>
  <sporty>
   yes
  </sporty>
 </clothing>
 <clothing>
  <id>
   239165167
  </id>
  <name>
   DC Umbrellas E-3451
  </name>
  <category>
   Umbrellas
  </category>
  <size>
   L
  </size>
  <color>
   Красный
  </color>
  <material>
   Кожа
  </material>
  <price>
   209997
  </price>
  <rating>
   3.0
  </rating>
  <reviews>
   752298
  </reviews>
  <new>
   -
  </new>
 </clothing>
 <clothing>
  <id>
   390755568
  </id>
  <name>
   Vans Sweater U-1348
  </name>
  <category>
   Sweater
  </category>
  <size>
   XXL
  </size>
  <color>
   Синий
  </color>
  <material>
   Лен
  </material>
  <price>
   241549
  </price>
  <rating>
   2.54
  </rating>
  <reviews>
   187249
  </reviews>
  <new>
   -
  </new>
  <exclusive>
   no
  </exclusive>
 </clothing>
 <clothing>
  <id>
   585112005
  </id>
  <name>
   Vans Skirt Z-2567
  </name>
  <category>
   Skirt
  </category>
  <size>
   M
  </size>
  <color>
   Зеленый
  </color>
  <material>
   Шелк
  </material>
  <price>
   746495
  </price>
  <rating>
   1.47
  </rating>
  <reviews>
   645135
  </reviews>
  <new>
   -
  </new>
  <exclusive>
   yes
  </exclusive>
 </clothing>
 <clothing>
  <id>
   478815538
  </id>
  <name>
   Reebok Pants F-2814
  </name>
  <category>
   Pants
  </category>
  <size>
   M
  </size>
  <color>
   Синий
  </color>
  <material>
   Вискоза
  </material>
  <price>
   873787
  </price>
  <rating>
   1.41
  </rating>
  <reviews>
   541428
  </reviews>
  <new>
   +
  </new>
  <exclusive>
   no
  </exclusive>
  <sporty>
   no
  </sporty>
 </clothing>
 <clothing>
  <id>
   499834683
  </id>
  <name>
   Lacoste Shoes J-3288
  </name>
  <category>
   Shoes
  </category>
  <size>
   L
  </size>
  <color>
   Зеленый
  </color>
  <material>
   Вискоза
  </material>
  <price>
   645176
  </price>
  <rating>
   2.89
  </rating>
  <reviews>
   109047
  </reviews>
  <new>
   -
  </new>
  <exclusive>
   yes
  </exclusive>
  <sporty>
   no
  </sporty>
 </clothing>
 <clothing>
  <id>
   526637483
  </id>
  <name>
   Addidas T-shirt X-2219
  </name>
  <category>
   T-shirt
  </category>
  <size>
   S
  </size>
  <color>
   Зеленый
  </color>
  <material>
   Кожа
  </material>
  <price>
   525361
  </price>
  <rating>
   4.64
  </rating>
  <reviews>
   340659
  </reviews>
  <new>
   -
  </new>
  <sporty>
   no
  </sporty>
 </clothing>
 <clothing>
  <id>
   272223084
  </id>
  <name>
   Converse Umbrellas V-7899
  </name>
  <category>
   Umbrellas
  </category>
  <size>
   XXL
  </size>
  <color>
   Голубой
  </color>
  <material>
   Нейлон
  </material>
  <price>
   510418
  </price>
  <rating>
   4.65
  </rating>
  <reviews>
   324244
  </reviews>
  <new>
   +
  </new>
  <exclusive>
   no
  </exclusive>
 </clothing>
 <clothing>
  <id>
   223417087
  </id>
  <name>
   Vans Jeans J-4757
  </name>
  <category>
   Jeans
  </category>
  <size>
   S
  </size>
  <color>
   Красный
  </color>
  <material>
   Хлопок
  </material>
  <price>
   120400
  </price>
  <rating>
   2.41
  </rating>
  <reviews>
   47981
  </reviews>
  <exclusive>
   yes
  </exclusive>
 </clothing>
 <clothing>
  <id>
   121903595
  </id>
  <name>
   Brooks Umbrellas F-3528
  </name>
  <category>
   Umbrellas
  </category>
  <size>
   L
  </size>
  <color>
   Желтый
  </color>
  <material>
   Лен
  </material>
  <price>
   895927
  </price>
  <rating>
   1.51
  </rating>
  <reviews>
   101398
  </reviews>
  <exclusive>
   no
  </exclusive>
 </clothing>
 <clothing>
  <id>
   478926243
  </id>
  <name>
   Asics Jacket J-2418
  </name>
  <category>
   Jacket
  </category>
  <size>
   M
  </size>
  <color>
   Желтый
  </color>
  <material>
   Кожа
  </material>
  <price>
   402667
  </price>
  <rating>
   2.77
  </rating>
  <reviews>
   944743
  </reviews>
 </clothing>
 <clothing>
  <id>
   900864313
  </id>
  <name>
   Puma Belts M-5046
  </name>
  <category>
   Belts
  </category>
  <size>
   S
  </size>
  <color>
   Голубой
  </color>
  <material>
   Полиэстер
  </material>
  <price>
   200455
  </price>
  <rating>
   2.32
  </rating>
  <reviews>
   401680
  </reviews>
  <new>
   -
  </new>
  <sporty>
   no
  </sporty>
 </clothing>
 <clothing>
  <id>
   911412733
  </id>
  <name>
   Vans Hat B-5058
  </name>
  <category>
   Hat
  </category>
  <size>
   XL
  </size>
  <color>
   Синий
  </color>
  <material>
   Шелк
  </material>
  <price>
   963359
  </price>
  <rating>
   2.86
  </rating>
  <reviews>
   968389
  </reviews>
  <exclusive>
   no
  </exclusive>
  <sporty>
   no
  </sporty>
 </clothing>
 <clothing>
  <id>
   928390119
  </id>
  <name>
   Reebok Dress C-1561
  </name>
  <category>
   Dress
  </category>
  <size>
   S
  </size>
  <color>
   Желтый
  </color>
  <material>
   Нейлон
  </material>
  <price>
   641230
  </price>
  <rating>
   4.02
  </rating>
  <reviews>
   441313
  </reviews>
  <new>
   -
  </new>
  <exclusive>
   yes
  </exclusive>
 </clothing>
 <clothing>
  <id>
   282482554
  </id>
  <name>
   PleinSport Socks K-5885
  </name>
  <category>
   Socks
  </category>
  <size>
   XXL
  </size>
  <color>
   Желтый
  </color>
  <material>
   Полиэстер
  </material>
  <price>
   336347
  </price>
  <rating>
   4.55
  </rating>
  <reviews>
   161940
  </reviews>
  <new>
   -
  </new>
  <exclusive>
   yes
  </exclusive>
 </clothing>
</clothing-items>
