<?xml version="1.0" encoding="utf-8"?>
<clothing-items>
 <clothing>
  <id>
   789449127
  </id>
  <name>
   Lacoste Shoes G-5915
  </name>
  <category>
   Shoes
  </category>
  <size>
   XXL
  </size>
  <color>
   Зеленый
  </color>
  <material>
   Хлопок
  </material>
  <price>
   522261
  </price>
  <rating>
   2.89
  </rating>
  <reviews>
   138065
  </reviews>
  <new>
   +
  </new>
  <exclusive>
   yes
  </exclusive>
  <sporty>
   no
  </sporty>
 </clothing>
 <clothing>
  <id>
   151029391
  </id>
  <name>
   DC T-shirt R-8858
  </name>
  <category>
   T-shirt
  </category>
  <size>
   S
  </size>
  <color>
   Голубой
  </color>
  <material>
   Шерсть
  </material>
  <price>
   608471
  </price>
  <rating>
   4.21
  </rating>
  <reviews>
   440336
  </reviews>
  <new>
   -
  </new>
  <sporty>
   yes
  </sporty>
 </clothing>
 <clothing>
  <id>
   803810448
  </id>
  <name>
   Adidas Gloves X-6955
  </name>
  <category>
   Gloves
  </category>
  <size>
   M
  </size>
  <color>
   Зеленый
  </color>
  <material>
   Хлопок
  </material>
  <price>
   501873
  </price>
  <rating>
   2.25
  </rating>
  <reviews>
   650543
  </reviews>
  <new>
   -
  </new>
 </clothing>
 <clothing>
  <id>
   746826643
  </id>
  <name>
   Asics Hat I-6779
  </name>
  <category>
   Hat
  </category>
  <size>
   S
  </size>
  <color>
   Зеленый
  </color>
  <material>
   Шелк
  </material>
  <price>
   203368
  </price>
  <rating>
   2.61
  </rating>
  <reviews>
   905828
  </reviews>
  <exclusive>
   no
  </exclusive>
  <sporty>
   no
  </sporty>
 </clothing>
 <clothing>
  <id>
   887373901
  </id>
  <name>
   Vans Belts Q-4311
  </name>
  <category>
   Belts
  </category>
  <size>
   M
  </size>
  <color>
   Голубой
  </color>
  <material>
   Нейлон
  </material>
  <price>
   418437
  </price>
  <rating>
   1.33
  </rating>
  <reviews>
   265582
  </reviews>
  <exclusive>
   no
  </exclusive>
  <sporty>
   yes
  </sporty>
 </clothing>
 <clothing>
  <id>
   429664203
  </id>
  <name>
   Puma Socks W-4962
  </name>
  <category>
   Socks
  </category>
  <size>
   M
  </size>
  <color>
   Зеленый
  </color>
  <material>
   Шелк
  </material>
  <price>
   135167
  </price>
  <rating>
   2.86
  </rating>
  <reviews>
   364738
  </reviews>
  <sporty>
   yes
  </sporty>
 </clothing>
 <clothing>
  <id>
   285325576
  </id>
  <name>
   DC Shoes A-8083
  </name>
  <category>
   Shoes
  </category>
  <size>
   XL
  </size>
  <color>
   Голубой
  </color>
  <material>
   Лен
  </material>
  <price>
   468291
  </price>
  <rating>
   4.88
  </rating>
  <reviews>
   583189
  </reviews>
  <new>
   -
  </new>
  <exclusive>
   no
  </exclusive>
  <sporty>
   no
  </sporty>
 </clothing>
 <clothing>
  <id>
   874688725
  </id>
  <name>
   Fila Shirt Q-4049
  </name>
  <category>
   Shirt
  </category>
  <size>
   M
  </size>
  <color>
   Синий
  </color>
  <material>
   Полиэстер
  </material>
  <price>
   309621
  </price>
  <rating>
   4.73
  </rating>
  <reviews>
   167463
  </reviews>
  <new>
   -
  </new>
  <sporty>
   no
  </sporty>
 </clothing>
 <clothing>
  <id>
   413828189
  </id>
  <name>
   New Balance Jacket V-8907
  </name>
  <category>
   Jacket
  </category>
  <size>
   L
  </size>
  <color>
   Желтый
  </color>
  <material>
   Вискоза
  </material>
  <price>
   854412
  </price>
  <rating>
   4.3
  </rating>
  <reviews>
   505289
  </reviews>
 </clothing>
 <clothing>
  <id>
   191874545
  </id>
  <name>
   Addidas Shoes W-3558
  </name>
  <category>
   Shoes
  </category>
  <size>
   S
  </size>
  <color>
   Фиолетовый
  </color>
  <material>
   Лен
  </material>
  <price>
   811804
  </price>
  <rating>
   1.48
  </rating>
  <reviews>
   840592
  </reviews>
  <new>
   -
  </new>
  <sporty>
   no
  </sporty>
 </clothing>
 <clothing>
  <id>
   682552661
  </id>
  <name>
   Ellesse Blouse T-9646
  </name>
  <category>
   Blouse
  </category>
  <size>
   M
  </size>
  <color>
   Зеленый
  </color>
  <material>
   Нейлон
  </material>
  <price>
   211276
  </price>
  <rating>
   3.42
  </rating>
  <reviews>
   780988
  </reviews>
  <new>
   +
  </new>
  <exclusive>
   no
  </exclusive>
  <sporty>
   no
  </sporty>
 </clothing>
 <clothing>
  <id>
   295494045
  </id>
  <name>
   Vans Umbrellas B-6627
  </name>
  <category>
   Umbrellas
  </category>
  <size>
   L
  </size>
  <color>
   Фиолетовый
  </color>
  <material>
   Вискоза
  </material>
  <price>
   363400
  </price>
  <rating>
   3.75
  </rating>
  <reviews>
   38351
  </reviews>
  <exclusive>
   yes
  </exclusive>
  <sporty>
   no
  </sporty>
 </clothing>
 <clothing>
  <id>
   611465063
  </id>
  <name>
   Adidas Pants H-9813
  </name>
  <category>
   Pants
  </category>
  <size>
   L
  </size>
  <color>
   Красный
  </color>
  <material>
   Хлопок
  </material>
  <price>
   885607
  </price>
  <rating>
   3.25
  </rating>
  <reviews>
   839854
  </reviews>
  <new>
   -
  </new>
 </clothing>
 <clothing>
  <id>
   518813534
  </id>
  <name>
   Vans Jeans M-5639
  </name>
  <category>
   Jeans
  </category>
  <size>
   L
  </size>
  <color>
   Оранжевый
  </color>
  <material>
   Нейлон
  </material>
  <price>
   750832
  </price>
  <rating>
   3.65
  </rating>
  <reviews>
   55665
  </reviews>
  <exclusive>
   no
  </exclusive>
  <sporty>
   yes
  </sporty>
 </clothing>
 <clothing>
  <id>
   807351867
  </id>
  <name>
   Puma Belts G-2204
  </name>
  <category>
   Belts
  </category>
  <size>
   M
  </size>
  <color>
   Красный
  </color>
  <material>
   Нейлон
  </material>
  <price>
   666731
  </price>
  <rating>
   3.79
  </rating>
  <reviews>
   998700
  </reviews>
  <new>
   -
  </new>
  <exclusive>
   no
  </exclusive>
 </clothing>
 <clothing>
  <id>
   549921168
  </id>
  <name>
   Lacoste Jacket N-5020
  </name>
  <category>
   Jacket
  </category>
  <size>
   L
  </size>
  <color>
   Красный
  </color>
  <material>
   Шерсть
  </material>
  <price>
   281362
  </price>
  <rating>
   4.06
  </rating>
  <reviews>
   274963
  </reviews>
  <new>
   -
  </new>
  <sporty>
   yes
  </sporty>
 </clothing>
 <clothing>
  <id>
   170774707
  </id>
  <name>
   Fila Belts U-8137
  </name>
  <category>
   Belts
  </category>
  <size>
   S
  </size>
  <color>
   Желтый
  </color>
  <material>
   Вискоза
  </material>
  <price>
   683488
  </price>
  <rating>
   2.6
  </rating>
  <reviews>
   528549
  </reviews>
  <new>
   -
  </new>
  <exclusive>
   no
  </exclusive>
 </clothing>
 <clothing>
  <id>
   507049778
  </id>
  <name>
   Addidas Dress B-9595
  </name>
  <category>
   Dress
  </category>
  <size>
   XXL
  </size>
  <color>
   Голубой
  </color>
  <material>
   Лен
  </material>
  <price>
   596631
  </price>
  <rating>
   1.87
  </rating>
  <reviews>
   906219
  </reviews>
  <new>
   +
  </new>
  <exclusive>
   no
  </exclusive>
  <sporty>
   no
  </sporty>
 </clothing>
 <clothing>
  <id>
   722647445
  </id>
  <name>
   Brooks Gloves C-6518
  </name>
  <category>
   Gloves
  </category>
  <size>
   M
  </size>
  <color>
   Оранжевый
  </color>
  <material>
   Нейлон
  </material>
  <price>
   388797
  </price>
  <rating>
   3.47
  </rating>
  <reviews>
   189683
  </reviews>
 </clothing>
 <clothing>
  <id>
   814930199
  </id>
  <name>
   Brooks Jeans J-3665
  </name>
  <category>
   Jeans
  </category>
  <size>
   S
  </size>
  <color>
   Красный
  </color>
  <material>
   Шерсть
  </material>
  <price>
   441589
  </price>
  <rating>
   1.74
  </rating>
  <reviews>
   562999
  </reviews>
  <new>
   +
  </new>
  <exclusive>
   no
  </exclusive>
 </clothing>
 <clothing>
  <id>
   714488433
  </id>
  <name>
   Brooks Sweater O-5406
  </name>
  <category>
   Sweater
  </category>
  <size>
   XL
  </size>
  <color>
   Зеленый
  </color>
  <material>
   Шерсть
  </material>
  <price>
   586757
  </price>
  <rating>
   1.56
  </rating>
  <reviews>
   261283
  </reviews>
  <new>
   +
  </new>
 </clothing>
 <clothing>
  <id>
   579865438
  </id>
  <name>
   Lacoste Hat K-6472
  </name>
  <category>
   Hat
  </category>
  <size>
   XL
  </size>
  <color>
   Фиолетовый
  </color>
  <material>
   Шерсть
  </material>
  <price>
   683908
  </price>
  <rating>
   3.83
  </rating>
  <reviews>
   214352
  </reviews>
  <new>
   +
  </new>
  <exclusive>
   no
  </exclusive>
  <sporty>
   no
  </sporty>
 </clothing>
 <clothing>
  <id>
   560789357
  </id>
  <name>
   Under Armour Handbags A-8517
  </name>
  <category>
   Handbags
  </category>
  <size>
   XL
  </size>
  <color>
   Зеленый
  </color>
  <material>
   Шелк
  </material>
  <price>
   695446
  </price>
  <rating>
   1.86
  </rating>
  <reviews>
   89846
  </reviews>
  <exclusive>
   no
  </exclusive>
  <sporty>
   no
  </sporty>
 </clothing>
 <clothing>
  <id>
   378727969
  </id>
  <name>
   Fila Pants F-7743
  </name>
  <category>
   Pants
  </category>
  <size>
   L
  </size>
  <color>
   Оранжевый
  </color>
  <material>
   Нейлон
  </material>
  <price>
   489877
  </price>
  <rating>
   2.38
  </rating>
  <reviews>
   558320
  </reviews>
 </clothing>
 <clothing>
  <id>
   961033654
  </id>
  <name>
   PleinSport Shirt Z-5660
  </name>
  <category>
   Shirt
  </category>
  <size>
   L
  </size>
  <color>
   Желтый
  </color>
  <material>
   Шерсть
  </material>
  <price>
   797850
  </price>
  <rating>
   4.81
  </rating>
  <reviews>
   175963
  </reviews>
  <new>
   -
  </new>
 </clothing>
 <clothing>
  <id>
   682317317
  </id>
  <name>
   Nike Hat M-2234
  </name>
  <category>
   Hat
  </category>
  <size>
   XXL
  </size>
  <color>
   Фиолетовый
  </color>
  <material>
   Нейлон
  </material>
  <price>
   339742
  </price>
  <rating>
   1.16
  </rating>
  <reviews>
   91437
  </reviews>
  <new>
   +
  </new>
  <exclusive>
   yes
  </exclusive>
  <sporty>
   yes
  </sporty>
 </clothing>
 <clothing>
  <id>
   325139673
  </id>
  <name>
   Under Armour Jacket Q-6749
  </name>
  <category>
   Jacket
  </category>
  <size>
   M
  </size>
  <color>
   Зеленый
  </color>
  <material>
   Шелк
  </material>
  <price>
   747952
  </price>
  <rating>
   2.13
  </rating>
  <reviews>
   85323
  </reviews>
  <new>
   -
  </new>
  <sporty>
   no
  </sporty>
 </clothing>
 <clothing>
  <id>
   559271766
  </id>
  <name>
   Adidas T-shirt W-1395
  </name>
  <category>
   T-shirt
  </category>
  <size>
   XXL
  </size>
  <color>
   Красный
  </color>
  <material>
   Шерсть
  </material>
  <price>
   869966
  </price>
  <rating>
   2.99
  </rating>
  <reviews>
   438115
  </reviews>
  <new>
   -
  </new>
  <exclusive>
   no
  </exclusive>
  <sporty>
   no
  </sporty>
 </clothing>
 <clothing>
  <id>
   365989038
  </id>
  <name>
   Nike Skirt Z-4999
  </name>
  <category>
   Skirt
  </category>
  <size>
   S
  </size>
  <color>
   Голубой
  </color>
  <material>
   Хлопок
  </material>
  <price>
   451677
  </price>
  <rating>
   2.65
  </rating>
  <reviews>
   840057
  </reviews>
  <exclusive>
   no
  </exclusive>
  <sporty>
   no
  </sporty>
 </clothing>
 <clothing>
  <id>
   637464660
  </id>
  <name>
   DC Blouse T-9959
  </name>
  <category>
   Blouse
  </category>
  <size>
   S
  </size>
  <color>
   Зеленый
  </color>
  <material>
   Нейлон
  </material>
  <price>
   855043
  </price>
  <rating>
   1.39
  </rating>
  <reviews>
   166929
  </reviews>
  <new>
   +
  </new>
  <exclusive>
   yes
  </exclusive>
  <sporty>
   no
  </sporty>
 </clothing>
 <clothing>
  <id>
   157999085
  </id>
  <name>
   Fila Belts U-7207
  </name>
  <category>
   Belts
  </category>
  <size>
   XXL
  </size>
  <color>
   Зеленый
  </color>
  <material>
   Кожа
  </material>
  <price>
   686777
  </price>
  <rating>
   4.92
  </rating>
  <reviews>
   481716
  </reviews>
  <new>
   +
  </new>
  <sporty>
   no
  </sporty>
 </clothing>
 <clothing>
  <id>
   572191180
  </id>
  <name>
   Converse Belts U-7463
  </name>
  <category>
   Belts
  </category>
  <size>
   L
  </size>
  <color>
   Оранжевый
  </color>
  <material>
   Хлопок
  </material>
  <price>
   348594
  </price>
  <rating>
   2.08
  </rating>
  <reviews>
   535852
  </reviews>
  <exclusive>
   no
  </exclusive>
 </clothing>
 <clothing>
  <id>
   768025087
  </id>
  <name>
   Vans Shirt T-5500
  </name>
  <category>
   Shirt
  </category>
  <size>
   M
  </size>
  <color>
   Голубой
  </color>
  <material>
   Лен
  </material>
  <price>
   569515
  </price>
  <rating>
   1.3
  </rating>
  <reviews>
   752266
  </reviews>
 </clothing>
 <clothing>
  <id>
   732587270
  </id>
  <name>
   Converse Handbags O-1210
  </name>
  <category>
   Handbags
  </category>
  <size>
   S
  </size>
  <color>
   Фиолетовый
  </color>
  <material>
   Хлопок
  </material>
  <price>
   939282
  </price>
  <rating>
   2.8
  </rating>
  <reviews>
   951423
  </reviews>
  <new>
   -
  </new>
  <exclusive>
   yes
  </exclusive>
  <sporty>
   no
  </sporty>
 </clothing>
 <clothing>
  <id>
   982069841
  </id>
  <name>
   Converse Gloves Z-8537
  </name>
  <category>
   Gloves
  </category>
  <size>
   XL
  </size>
  <color>
   Желтый
  </color>
  <material>
   Шерсть
  </material>
  <price>
   585908
  </price>
  <rating>
   1.47
  </rating>
  <reviews>
   658016
  </reviews>
 </clothing>
 <clothing>
  <id>
   177240222
  </id>
  <name>
   Reebok Belts Z-8199
  </name>
  <category>
   Belts
  </category>
  <size>
   XXL
  </size>
  <color>
   Голубой
  </color>
  <material>
   Хлопок
  </material>
  <price>
   418821
  </price>
  <rating>
   4.47
  </rating>
  <reviews>
   39093
  </reviews>
  <new>
   -
  </new>
 </clothing>
 <clothing>
  <id>
   215244143
  </id>
  <name>
   Fila Handbags S-5408
  </name>
  <category>
   Handbags
  </category>
  <size>
   XL
  </size>
  <color>
   Фиолетовый
  </color>
  <material>
   Шелк
  </material>
  <price>
   614851
  </price>
  <rating>
   3.93
  </rating>
  <reviews>
   401310
  </reviews>
  <exclusive>
   no
  </exclusive>
  <sporty>
   no
  </sporty>
 </clothing>
 <clothing>
  <id>
   350280555
  </id>
  <name>
   Converse Handbags C-6799
  </name>
  <category>
   Handbags
  </category>
  <size>
   S
  </size>
  <color>
   Голубой
  </color>
  <material>
   Шелк
  </material>
  <price>
   704592
  </price>
  <rating>
   1.71
  </rating>
  <reviews>
   668280
  </reviews>
  <exclusive>
   yes
  </exclusive>
 </clothing>
 <clothing>
  <id>
   475845475
  </id>
  <name>
   Converse Handbags U-1054
  </name>
  <category>
   Handbags
  </category>
  <size>
   M
  </size>
  <color>
   Красный
  </color>
  <material>
   Шерсть
  </material>
  <price>
   371113
  </price>
  <rating>
   4.87
  </rating>
  <reviews>
   744841
  </reviews>
  <new>
   -
  </new>
  <sporty>
   yes
  </sporty>
 </clothing>
 <clothing>
  <id>
   219640457
  </id>
  <name>
   Converse Belts Y-4951
  </name>
  <category>
   Belts
  </category>
  <size>
   M
  </size>
  <color>
   Оранжевый
  </color>
  <material>
   Шерсть
  </material>
  <price>
   236886
  </price>
  <rating>
   1.03
  </rating>
  <reviews>
   261772
  </reviews>
  <new>
   -
  </new>
  <sporty>
   yes
  </sporty>
 </clothing>
 <clothing>
  <id>
   145387864
  </id>
  <name>
   DC Gloves D-3488
  </name>
  <category>
   Gloves
  </category>
  <size>
   XL
  </size>
  <color>
   Красный
  </color>
  <material>
   Кожа
  </material>
  <price>
   419115
  </price>
  <rating>
   3.17
  </rating>
  <reviews>
   96731
  </reviews>
  <new>
   +
  </new>
  <exclusive>
   yes
  </exclusive>
  <sporty>
   no
  </sporty>
 </clothing>
 <clothing>
  <id>
   257975226
  </id>
  <name>
   Lacoste T-shirt U-4065
  </name>
  <category>
   T-shirt
  </category>
  <size>
   L
  </size>
  <color>
   Желтый
  </color>
  <material>
   Нейлон
  </material>
  <price>
   422270
  </price>
  <rating>
   4.04
  </rating>
  <reviews>
   951669
  </reviews>
  <new>
   -
  </new>
  <sporty>
   no
  </sporty>
 </clothing>
</clothing-items>
