<?xml version="1.0" encoding="utf-8"?>
<clothing-items>
 <clothing>
  <id>
   843067665
  </id>
  <name>
   New Balance Hat N-1206
  </name>
  <category>
   Hat
  </category>
  <size>
   S
  </size>
  <color>
   Красный
  </color>
  <material>
   Лен
  </material>
  <price>
   725279
  </price>
  <rating>
   2.99
  </rating>
  <reviews>
   375791
  </reviews>
  <exclusive>
   no
  </exclusive>
 </clothing>
 <clothing>
  <id>
   344274254
  </id>
  <name>
   New Balance Socks F-7594
  </name>
  <category>
   Socks
  </category>
  <size>
   XXL
  </size>
  <color>
   Синий
  </color>
  <material>
   Хлопок
  </material>
  <price>
   604689
  </price>
  <rating>
   1.91
  </rating>
  <reviews>
   803228
  </reviews>
  <exclusive>
   yes
  </exclusive>
  <sporty>
   yes
  </sporty>
 </clothing>
 <clothing>
  <id>
   862186193
  </id>
  <name>
   Converse Shirt I-2680
  </name>
  <category>
   Shirt
  </category>
  <size>
   XXL
  </size>
  <color>
   Красный
  </color>
  <material>
   Шерсть
  </material>
  <price>
   554267
  </price>
  <rating>
   4.77
  </rating>
  <reviews>
   297052
  </reviews>
 </clothing>
 <clothing>
  <id>
   884549081
  </id>
  <name>
   PleinSport Umbrellas O-7952
  </name>
  <category>
   Umbrellas
  </category>
  <size>
   S
  </size>
  <color>
   Фиолетовый
  </color>
  <material>
   Шерсть
  </material>
  <price>
   405038
  </price>
  <rating>
   4.25
  </rating>
  <reviews>
   664407
  </reviews>
 </clothing>
 <clothing>
  <id>
   953278273
  </id>
  <name>
   Reebok Belts P-5925
  </name>
  <category>
   Belts
  </category>
  <size>
   XXL
  </size>
  <color>
   Красный
  </color>
  <material>
   Кожа
  </material>
  <price>
   879060
  </price>
  <rating>
   1.33
  </rating>
  <reviews>
   570029
  </reviews>
  <new>
   +
  </new>
  <exclusive>
   no
  </exclusive>
 </clothing>
 <clothing>
  <id>
   491931053
  </id>
  <name>
   Lacoste Blouse A-6324
  </name>
  <category>
   Blouse
  </category>
  <size>
   S
  </size>
  <color>
   Оранжевый
  </color>
  <material>
   Лен
  </material>
  <price>
   637011
  </price>
  <rating>
   4.72
  </rating>
  <reviews>
   323937
  </reviews>
 </clothing>
 <clothing>
  <id>
   182599037
  </id>
  <name>
   Nike Jacket V-2052
  </name>
  <category>
   Jacket
  </category>
  <size>
   XL
  </size>
  <color>
   Голубой
  </color>
  <material>
   Кожа
  </material>
  <price>
   511206
  </price>
  <rating>
   2.94
  </rating>
  <reviews>
   720570
  </reviews>
  <new>
   -
  </new>
 </clothing>
 <clothing>
  <id>
   859513749
  </id>
  <name>
   Ellesse Sweater E-6482
  </name>
  <category>
   Sweater
  </category>
  <size>
   S
  </size>
  <color>
   Фиолетовый
  </color>
  <material>
   Кожа
  </material>
  <price>
   405414
  </price>
  <rating>
   2.81
  </rating>
  <reviews>
   730840
  </reviews>
  <new>
   +
  </new>
 </clothing>
 <clothing>
  <id>
   607733795
  </id>
  <name>
   Reebok Jeans W-7328
  </name>
  <category>
   Jeans
  </category>
  <size>
   L
  </size>
  <color>
   Красный
  </color>
  <material>
   Лен
  </material>
  <price>
   408999
  </price>
  <rating>
   4.15
  </rating>
  <reviews>
   499117
  </reviews>
  <new>
   -
  </new>
  <exclusive>
   yes
  </exclusive>
  <sporty>
   no
  </sporty>
 </clothing>
 <clothing>
  <id>
   293974505
  </id>
  <name>
   Asics Gloves H-2280
  </name>
  <category>
   Gloves
  </category>
  <size>
   XL
  </size>
  <color>
   Желтый
  </color>
  <material>
   Хлопок
  </material>
  <price>
   589402
  </price>
  <rating>
   4.2
  </rating>
  <reviews>
   58541
  </reviews>
  <sporty>
   yes
  </sporty>
 </clothing>
 <clothing>
  <id>
   847695020
  </id>
  <name>
   Asics Skirt J-1734
  </name>
  <category>
   Skirt
  </category>
  <size>
   M
  </size>
  <color>
   Голубой
  </color>
  <material>
   Вискоза
  </material>
  <price>
   369919
  </price>
  <rating>
   4.27
  </rating>
  <reviews>
   535072
  </reviews>
  <sporty>
   no
  </sporty>
 </clothing>
 <clothing>
  <id>
   691283349
  </id>
  <name>
   Fila Dress C-4395
  </name>
  <category>
   Dress
  </category>
  <size>
   XL
  </size>
  <color>
   Оранжевый
  </color>
  <material>
   Хлопок
  </material>
  <price>
   154763
  </price>
  <rating>
   3.56
  </rating>
  <reviews>
   845434
  </reviews>
  <new>
   -
  </new>
  <exclusive>
   yes
  </exclusive>
  <sporty>
   yes
  </sporty>
 </clothing>
 <clothing>
  <id>
   965298834
  </id>
  <name>
   Adidas Socks E-3108
  </name>
  <category>
   Socks
  </category>
  <size>
   L
  </size>
  <color>
   Красный
  </color>
  <material>
   Кожа
  </material>
  <price>
   146375
  </price>
  <rating>
   2.36
  </rating>
  <reviews>
   246984
  </reviews>
 </clothing>
 <clothing>
  <id>
   864880569
  </id>
  <name>
   Asics Jacket V-4057
  </name>
  <category>
   Jacket
  </category>
  <size>
   XXL
  </size>
  <color>
   Фиолетовый
  </color>
  <material>
   Полиэстер
  </material>
  <price>
   842515
  </price>
  <rating>
   1.38
  </rating>
  <reviews>
   920085
  </reviews>
  <sporty>
   yes
  </sporty>
 </clothing>
 <clothing>
  <id>
   173772150
  </id>
  <name>
   Reebok Jacket S-1202
  </name>
  <category>
   Jacket
  </category>
  <size>
   M
  </size>
  <color>
   Оранжевый
  </color>
  <material>
   Шерсть
  </material>
  <price>
   383503
  </price>
  <rating>
   2.38
  </rating>
  <reviews>
   901562
  </reviews>
  <new>
   -
  </new>
  <exclusive>
   no
  </exclusive>
  <sporty>
   no
  </sporty>
 </clothing>
 <clothing>
  <id>
   299896109
  </id>
  <name>
   Under Armour Sweater Z-4419
  </name>
  <category>
   Sweater
  </category>
  <size>
   L
  </size>
  <color>
   Оранжевый
  </color>
  <material>
   Шерсть
  </material>
  <price>
   549901
  </price>
  <rating>
   3.51
  </rating>
  <reviews>
   640298
  </reviews>
  <new>
   +
  </new>
 </clothing>
</clothing-items>
