<?xml version="1.0" encoding="utf-8"?>
<clothing-items>
 <clothing>
  <id>
   600010748
  </id>
  <name>
   Under Armour Hat Y-1074
  </name>
  <category>
   Hat
  </category>
  <size>
   L
  </size>
  <color>
   Синий
  </color>
  <material>
   Хлопок
  </material>
  <price>
   350931
  </price>
  <rating>
   4.41
  </rating>
  <reviews>
   350987
  </reviews>
  <exclusive>
   no
  </exclusive>
  <sporty>
   yes
  </sporty>
 </clothing>
 <clothing>
  <id>
   419719080
  </id>
  <name>
   Fila Gloves P-2231
  </name>
  <category>
   Gloves
  </category>
  <size>
   XL
  </size>
  <color>
   Желтый
  </color>
  <material>
   Шерсть
  </material>
  <price>
   256114
  </price>
  <rating>
   1.41
  </rating>
  <reviews>
   279396
  </reviews>
  <new>
   -
  </new>
  <exclusive>
   yes
  </exclusive>
 </clothing>
 <clothing>
  <id>
   943477465
  </id>
  <name>
   PleinSport Skirt Y-4638
  </name>
  <category>
   Skirt
  </category>
  <size>
   XL
  </size>
  <color>
   Синий
  </color>
  <material>
   Нейлон
  </material>
  <price>
   196871
  </price>
  <rating>
   3.24
  </rating>
  <reviews>
   979298
  </reviews>
  <exclusive>
   no
  </exclusive>
  <sporty>
   no
  </sporty>
 </clothing>
 <clothing>
  <id>
   420182315
  </id>
  <name>
   Asics Jacket R-9151
  </name>
  <category>
   Jacket
  </category>
  <size>
   XXL
  </size>
  <color>
   Зеленый
  </color>
  <material>
   Нейлон
  </material>
  <price>
   589717
  </price>
  <rating>
   4.75
  </rating>
  <reviews>
   936320
  </reviews>
  <new>
   -
  </new>
  <exclusive>
   no
  </exclusive>
 </clothing>
 <clothing>
  <id>
   397386507
  </id>
  <name>
   PleinSport Sweater I-6608
  </name>
  <category>
   Sweater
  </category>
  <size>
   XL
  </size>
  <color>
   Синий
  </color>
  <material>
   Вискоза
  </material>
  <price>
   771595
  </price>
  <rating>
   2.74
  </rating>
  <reviews>
   465128
  </reviews>
  <new>
   +
  </new>
  <exclusive>
   no
  </exclusive>
 </clothing>
 <clothing>
  <id>
   250645297
  </id>
  <name>
   Vans Gloves I-8000
  </name>
  <category>
   Gloves
  </category>
  <size>
   M
  </size>
  <color>
   Зеленый
  </color>
  <material>
   Кожа
  </material>
  <price>
   534177
  </price>
  <rating>
   2.23
  </rating>
  <reviews>
   823728
  </reviews>
  <new>
   -
  </new>
  <exclusive>
   no
  </exclusive>
  <sporty>
   no
  </sporty>
 </clothing>
 <clothing>
  <id>
   318566300
  </id>
  <name>
   Vans Umbrellas Q-8122
  </name>
  <category>
   Umbrellas
  </category>
  <size>
   M
  </size>
  <color>
   Голубой
  </color>
  <material>
   Вискоза
  </material>
  <price>
   769756
  </price>
  <rating>
   1.19
  </rating>
  <reviews>
   705184
  </reviews>
  <new>
   +
  </new>
  <sporty>
   no
  </sporty>
 </clothing>
 <clothing>
  <id>
   130566705
  </id>
  <name>
   DC Shirt G-5683
  </name>
  <category>
   Shirt
  </category>
  <size>
   S
  </size>
  <color>
   Зеленый
  </color>
  <material>
   Нейлон
  </material>
  <price>
   876831
  </price>
  <rating>
   1.93
  </rating>
  <reviews>
   678717
  </reviews>
 </clothing>
 <clothing>
  <id>
   234054486
  </id>
  <name>
   PleinSport Handbags G-5867
  </name>
  <category>
   Handbags
  </category>
  <size>
   S
  </size>
  <color>
   Зеленый
  </color>
  <material>
   Полиэстер
  </material>
  <price>
   250020
  </price>
  <rating>
   3.7
  </rating>
  <reviews>
   158846
  </reviews>
  <new>
   -
  </new>
  <exclusive>
   yes
  </exclusive>
  <sporty>
   no
  </sporty>
 </clothing>
 <clothing>
  <id>
   885787153
  </id>
  <name>
   PleinSport Jacket I-6187
  </name>
  <category>
   Jacket
  </category>
  <size>
   M
  </size>
  <color>
   Красный
  </color>
  <material>
   Лен
  </material>
  <price>
   266230
  </price>
  <rating>
   3.05
  </rating>
  <reviews>
   580365
  </reviews>
  <exclusive>
   yes
  </exclusive>
  <sporty>
   yes
  </sporty>
 </clothing>
 <clothing>
  <id>
   394514590
  </id>
  <name>
   Vans Umbrellas M-3478
  </name>
  <category>
   Umbrellas
  </category>
  <size>
   XL
  </size>
  <color>
   Голубой
  </color>
  <material>
   Кожа
  </material>
  <price>
   417797
  </price>
  <rating>
   4.59
  </rating>
  <reviews>
   608298
  </reviews>
  <new>
   +
  </new>
  <exclusive>
   no
  </exclusive>
 </clothing>
 <clothing>
  <id>
   795311594
  </id>
  <name>
   Nike Dress N-2765
  </name>
  <category>
   Dress
  </category>
  <size>
   XXL
  </size>
  <color>
   Фиолетовый
  </color>
  <material>
   Шерсть
  </material>
  <price>
   104962
  </price>
  <rating>
   2.62
  </rating>
  <reviews>
   808533
  </reviews>
  <new>
   +
  </new>
 </clothing>
 <clothing>
  <id>
   271507146
  </id>
  <name>
   Addidas T-shirt Q-3561
  </name>
  <category>
   T-shirt
  </category>
  <size>
   S
  </size>
  <color>
   Фиолетовый
  </color>
  <material>
   Шерсть
  </material>
  <price>
   543000
  </price>
  <rating>
   1.02
  </rating>
  <reviews>
   739502
  </reviews>
  <exclusive>
   no
  </exclusive>
  <sporty>
   no
  </sporty>
 </clothing>
 <clothing>
  <id>
   171335544
  </id>
  <name>
   Addidas Socks G-9205
  </name>
  <category>
   Socks
  </category>
  <size>
   M
  </size>
  <color>
   Синий
  </color>
  <material>
   Кожа
  </material>
  <price>
   935683
  </price>
  <rating>
   3.91
  </rating>
  <reviews>
   849398
  </reviews>
  <new>
   +
  </new>
  <sporty>
   no
  </sporty>
 </clothing>
 <clothing>
  <id>
   286105009
  </id>
  <name>
   Lacoste Belts L-2806
  </name>
  <category>
   Belts
  </category>
  <size>
   L
  </size>
  <color>
   Оранжевый
  </color>
  <material>
   Нейлон
  </material>
  <price>
   451525
  </price>
  <rating>
   1.71
  </rating>
  <reviews>
   521531
  </reviews>
  <new>
   -
  </new>
 </clothing>
 <clothing>
  <id>
   885846658
  </id>
  <name>
   Under Armour Hat T-9778
  </name>
  <category>
   Hat
  </category>
  <size>
   M
  </size>
  <color>
   Зеленый
  </color>
  <material>
   Полиэстер
  </material>
  <price>
   141027
  </price>
  <rating>
   4.8
  </rating>
  <reviews>
   693492
  </reviews>
  <new>
   +
  </new>
  <exclusive>
   yes
  </exclusive>
 </clothing>
 <clothing>
  <id>
   252402011
  </id>
  <name>
   Adidas Handbags Z-9548
  </name>
  <category>
   Handbags
  </category>
  <size>
   M
  </size>
  <color>
   Фиолетовый
  </color>
  <material>
   Шелк
  </material>
  <price>
   583169
  </price>
  <rating>
   4.74
  </rating>
  <reviews>
   432332
  </reviews>
  <new>
   -
  </new>
 </clothing>
 <clothing>
  <id>
   158743039
  </id>
  <name>
   Converse Dress S-1891
  </name>
  <category>
   Dress
  </category>
  <size>
   M
  </size>
  <color>
   Фиолетовый
  </color>
  <material>
   Шелк
  </material>
  <price>
   932944
  </price>
  <rating>
   2.88
  </rating>
  <reviews>
   561997
  </reviews>
  <new>
   -
  </new>
  <sporty>
   yes
  </sporty>
 </clothing>
 <clothing>
  <id>
   986762801
  </id>
  <name>
   Ellesse Jacket I-5858
  </name>
  <category>
   Jacket
  </category>
  <size>
   XL
  </size>
  <color>
   Желтый
  </color>
  <material>
   Кожа
  </material>
  <price>
   204821
  </price>
  <rating>
   2.05
  </rating>
  <reviews>
   211468
  </reviews>
  <new>
   -
  </new>
  <exclusive>
   yes
  </exclusive>
 </clothing>
 <clothing>
  <id>
   699711555
  </id>
  <name>
   Lacoste Belts T-7049
  </name>
  <category>
   Belts
  </category>
  <size>
   M
  </size>
  <color>
   Фиолетовый
  </color>
  <material>
   Шелк
  </material>
  <price>
   470356
  </price>
  <rating>
   1.81
  </rating>
  <reviews>
   849283
  </reviews>
  <exclusive>
   yes
  </exclusive>
  <sporty>
   no
  </sporty>
 </clothing>
 <clothing>
  <id>
   275471298
  </id>
  <name>
   Asics Shoes M-6337
  </name>
  <category>
   Shoes
  </category>
  <size>
   S
  </size>
  <color>
   Голубой
  </color>
  <material>
   Полиэстер
  </material>
  <price>
   167054
  </price>
  <rating>
   2.98
  </rating>
  <reviews>
   711055
  </reviews>
  <new>
   +
  </new>
  <exclusive>
   no
  </exclusive>
  <sporty>
   no
  </sporty>
 </clothing>
 <clothing>
  <id>
   641406798
  </id>
  <name>
   Ellesse T-shirt K-1835
  </name>
  <category>
   T-shirt
  </category>
  <size>
   XL
  </size>
  <color>
   Красный
  </color>
  <material>
   Вискоза
  </material>
  <price>
   820049
  </price>
  <rating>
   4.27
  </rating>
  <reviews>
   161705
  </reviews>
  <exclusive>
   no
  </exclusive>
  <sporty>
   no
  </sporty>
 </clothing>
 <clothing>
  <id>
   843159144
  </id>
  <name>
   Puma Dress I-2655
  </name>
  <category>
   Dress
  </category>
  <size>
   XL
  </size>
  <color>
   Фиолетовый
  </color>
  <material>
   Шерсть
  </material>
  <price>
   927865
  </price>
  <rating>
   2.35
  </rating>
  <reviews>
   79758
  </reviews>
 </clothing>
 <clothing>
  <id>
   457243789
  </id>
  <name>
   Reebok Shirt Q-4039
  </name>
  <category>
   Shirt
  </category>
  <size>
   M
  </size>
  <color>
   Зеленый
  </color>
  <material>
   Хлопок
  </material>
  <price>
   987393
  </price>
  <rating>
   4.22
  </rating>
  <reviews>
   392992
  </reviews>
  <exclusive>
   no
  </exclusive>
  <sporty>
   no
  </sporty>
 </clothing>
</clothing-items>
