<?xml version="1.0" encoding="utf-8"?>
<clothing-items>
 <clothing>
  <id>
   260384108
  </id>
  <name>
   Vans Shirt C-6306
  </name>
  <category>
   Shirt
  </category>
  <size>
   L
  </size>
  <color>
   Оранжевый
  </color>
  <material>
   Шерсть
  </material>
  <price>
   837365
  </price>
  <rating>
   4.09
  </rating>
  <reviews>
   554358
  </reviews>
  <exclusive>
   yes
  </exclusive>
 </clothing>
 <clothing>
  <id>
   183836751
  </id>
  <name>
   DC Socks I-9896
  </name>
  <category>
   Socks
  </category>
  <size>
   S
  </size>
  <color>
   Зеленый
  </color>
  <material>
   Шелк
  </material>
  <price>
   741975
  </price>
  <rating>
   2.13
  </rating>
  <reviews>
   722171
  </reviews>
  <new>
   +
  </new>
  <sporty>
   no
  </sporty>
 </clothing>
 <clothing>
  <id>
   540631975
  </id>
  <name>
   Vans Pants X-8082
  </name>
  <category>
   Pants
  </category>
  <size>
   L
  </size>
  <color>
   Голубой
  </color>
  <material>
   Шерсть
  </material>
  <price>
   432012
  </price>
  <rating>
   1.86
  </rating>
  <reviews>
   267189
  </reviews>
  <new>
   -
  </new>
  <exclusive>
   yes
  </exclusive>
 </clothing>
 <clothing>
  <id>
   656020316
  </id>
  <name>
   Lacoste Skirt P-5606
  </name>
  <category>
   Skirt
  </category>
  <size>
   XL
  </size>
  <color>
   Оранжевый
  </color>
  <material>
   Шелк
  </material>
  <price>
   796307
  </price>
  <rating>
   3.69
  </rating>
  <reviews>
   228085
  </reviews>
  <new>
   -
  </new>
 </clothing>
 <clothing>
  <id>
   489852983
  </id>
  <name>
   Addidas Hat B-9725
  </name>
  <category>
   Hat
  </category>
  <size>
   M
  </size>
  <color>
   Голубой
  </color>
  <material>
   Нейлон
  </material>
  <price>
   302944
  </price>
  <rating>
   3.01
  </rating>
  <reviews>
   345692
  </reviews>
  <exclusive>
   no
  </exclusive>
  <sporty>
   no
  </sporty>
 </clothing>
 <clothing>
  <id>
   324673093
  </id>
  <name>
   Reebok Pants V-9390
  </name>
  <category>
   Pants
  </category>
  <size>
   M
  </size>
  <color>
   Красный
  </color>
  <material>
   Шерсть
  </material>
  <price>
   929419
  </price>
  <rating>
   1.53
  </rating>
  <reviews>
   103690
  </reviews>
  <exclusive>
   no
  </exclusive>
  <sporty>
   yes
  </sporty>
 </clothing>
 <clothing>
  <id>
   521703627
  </id>
  <name>
   Nike Gloves T-2961
  </name>
  <category>
   Gloves
  </category>
  <size>
   L
  </size>
  <color>
   Синий
  </color>
  <material>
   Кожа
  </material>
  <price>
   165960
  </price>
  <rating>
   2.76
  </rating>
  <reviews>
   28008
  </reviews>
  <new>
   -
  </new>
  <sporty>
   no
  </sporty>
 </clothing>
 <clothing>
  <id>
   188494070
  </id>
  <name>
   PleinSport Sweater V-6506
  </name>
  <category>
   Sweater
  </category>
  <size>
   L
  </size>
  <color>
   Фиолетовый
  </color>
  <material>
   Шерсть
  </material>
  <price>
   821426
  </price>
  <rating>
   4.3
  </rating>
  <reviews>
   686371
  </reviews>
  <exclusive>
   yes
  </exclusive>
  <sporty>
   yes
  </sporty>
 </clothing>
 <clothing>
  <id>
   615702799
  </id>
  <name>
   Nike Belts V-8766
  </name>
  <category>
   Belts
  </category>
  <size>
   XL
  </size>
  <color>
   Желтый
  </color>
  <material>
   Кожа
  </material>
  <price>
   892321
  </price>
  <rating>
   3.17
  </rating>
  <reviews>
   2917
  </reviews>
  <new>
   -
  </new>
  <sporty>
   yes
  </sporty>
 </clothing>
 <clothing>
  <id>
   789943471
  </id>
  <name>
   New Balance Belts V-2413
  </name>
  <category>
   Belts
  </category>
  <size>
   XXL
  </size>
  <color>
   Голубой
  </color>
  <material>
   Полиэстер
  </material>
  <price>
   743473
  </price>
  <rating>
   1.71
  </rating>
  <reviews>
   409769
  </reviews>
  <new>
   +
  </new>
  <exclusive>
   no
  </exclusive>
 </clothing>
 <clothing>
  <id>
   860363334
  </id>
  <name>
   DC Hat E-3587
  </name>
  <category>
   Hat
  </category>
  <size>
   XL
  </size>
  <color>
   Желтый
  </color>
  <material>
   Вискоза
  </material>
  <price>
   668782
  </price>
  <rating>
   1.96
  </rating>
  <reviews>
   836212
  </reviews>
  <new>
   -
  </new>
  <exclusive>
   yes
  </exclusive>
 </clothing>
 <clothing>
  <id>
   211489472
  </id>
  <name>
   Reebok Pants O-4408
  </name>
  <category>
   Pants
  </category>
  <size>
   XXL
  </size>
  <color>
   Голубой
  </color>
  <material>
   Полиэстер
  </material>
  <price>
   219269
  </price>
  <rating>
   1.92
  </rating>
  <reviews>
   190641
  </reviews>
  <exclusive>
   yes
  </exclusive>
  <sporty>
   no
  </sporty>
 </clothing>
 <clothing>
  <id>
   185155855
  </id>
  <name>
   Lacoste Gloves O-9264
  </name>
  <category>
   Gloves
  </category>
  <size>
   L
  </size>
  <color>
   Красный
  </color>
  <material>
   Полиэстер
  </material>
  <price>
   275298
  </price>
  <rating>
   2.9
  </rating>
  <reviews>
   99429
  </reviews>
  <new>
   -
  </new>
  <exclusive>
   yes
  </exclusive>
 </clothing>
 <clothing>
  <id>
   611266426
  </id>
  <name>
   Asics Socks B-6178
  </name>
  <category>
   Socks
  </category>
  <size>
   L
  </size>
  <color>
   Голубой
  </color>
  <material>
   Полиэстер
  </material>
  <price>
   228247
  </price>
  <rating>
   1.51
  </rating>
  <reviews>
   848159
  </reviews>
  <new>
   +
  </new>
  <exclusive>
   yes
  </exclusive>
  <sporty>
   no
  </sporty>
 </clothing>
 <clothing>
  <id>
   853335351
  </id>
  <name>
   Under Armour Sweater T-1955
  </name>
  <category>
   Sweater
  </category>
  <size>
   XXL
  </size>
  <color>
   Желтый
  </color>
  <material>
   Хлопок
  </material>
  <price>
   611774
  </price>
  <rating>
   3.26
  </rating>
  <reviews>
   344532
  </reviews>
  <new>
   +
  </new>
  <exclusive>
   no
  </exclusive>
  <sporty>
   yes
  </sporty>
 </clothing>
 <clothing>
  <id>
   523098906
  </id>
  <name>
   Vans Umbrellas R-6333
  </name>
  <category>
   Umbrellas
  </category>
  <size>
   XL
  </size>
  <color>
   Синий
  </color>
  <material>
   Вискоза
  </material>
  <price>
   723586
  </price>
  <rating>
   3.37
  </rating>
  <reviews>
   721486
  </reviews>
  <new>
   +
  </new>
 </clothing>
 <clothing>
  <id>
   734882000
  </id>
  <name>
   Vans Socks C-4976
  </name>
  <category>
   Socks
  </category>
  <size>
   XL
  </size>
  <color>
   Синий
  </color>
  <material>
   Шерсть
  </material>
  <price>
   418507
  </price>
  <rating>
   3.23
  </rating>
  <reviews>
   593243
  </reviews>
  <exclusive>
   no
  </exclusive>
  <sporty>
   no
  </sporty>
 </clothing>
 <clothing>
  <id>
   251572717
  </id>
  <name>
   Vans Handbags V-6168
  </name>
  <category>
   Handbags
  </category>
  <size>
   XL
  </size>
  <color>
   Оранжевый
  </color>
  <material>
   Лен
  </material>
  <price>
   310801
  </price>
  <rating>
   4.01
  </rating>
  <reviews>
   802707
  </reviews>
 </clothing>
 <clothing>
  <id>
   464418958
  </id>
  <name>
   DC Sweater N-6349
  </name>
  <category>
   Sweater
  </category>
  <size>
   M
  </size>
  <color>
   Голубой
  </color>
  <material>
   Хлопок
  </material>
  <price>
   913271
  </price>
  <rating>
   1.28
  </rating>
  <reviews>
   828198
  </reviews>
  <new>
   +
  </new>
 </clothing>
 <clothing>
  <id>
   567390256
  </id>
  <name>
   Asics Jacket S-8311
  </name>
  <category>
   Jacket
  </category>
  <size>
   M
  </size>
  <color>
   Зеленый
  </color>
  <material>
   Кожа
  </material>
  <price>
   626826
  </price>
  <rating>
   4.23
  </rating>
  <reviews>
   377090
  </reviews>
 </clothing>
 <clothing>
  <id>
   538453900
  </id>
  <name>
   Fila Handbags M-2722
  </name>
  <category>
   Handbags
  </category>
  <size>
   S
  </size>
  <color>
   Желтый
  </color>
  <material>
   Вискоза
  </material>
  <price>
   131544
  </price>
  <rating>
   1.44
  </rating>
  <reviews>
   601924
  </reviews>
  <exclusive>
   yes
  </exclusive>
 </clothing>
 <clothing>
  <id>
   328042324
  </id>
  <name>
   Lacoste Hat D-4325
  </name>
  <category>
   Hat
  </category>
  <size>
   S
  </size>
  <color>
   Синий
  </color>
  <material>
   Лен
  </material>
  <price>
   963477
  </price>
  <rating>
   4.58
  </rating>
  <reviews>
   3479
  </reviews>
  <exclusive>
   yes
  </exclusive>
  <sporty>
   yes
  </sporty>
 </clothing>
 <clothing>
  <id>
   954608263
  </id>
  <name>
   Reebok Shoes D-9592
  </name>
  <category>
   Shoes
  </category>
  <size>
   S
  </size>
  <color>
   Фиолетовый
  </color>
  <material>
   Нейлон
  </material>
  <price>
   271239
  </price>
  <rating>
   3.18
  </rating>
  <reviews>
   442727
  </reviews>
 </clothing>
 <clothing>
  <id>
   493139341
  </id>
  <name>
   Brooks Jacket X-3541
  </name>
  <category>
   Jacket
  </category>
  <size>
   M
  </size>
  <color>
   Желтый
  </color>
  <material>
   Хлопок
  </material>
  <price>
   116626
  </price>
  <rating>
   3.99
  </rating>
  <reviews>
   699010
  </reviews>
  <new>
   +
  </new>
  <exclusive>
   no
  </exclusive>
  <sporty>
   no
  </sporty>
 </clothing>
 <clothing>
  <id>
   318822781
  </id>
  <name>
   DC Hat C-3493
  </name>
  <category>
   Hat
  </category>
  <size>
   L
  </size>
  <color>
   Красный
  </color>
  <material>
   Шелк
  </material>
  <price>
   355405
  </price>
  <rating>
   4.96
  </rating>
  <reviews>
   749324
  </reviews>
  <new>
   -
  </new>
  <sporty>
   no
  </sporty>
 </clothing>
 <clothing>
  <id>
   909962575
  </id>
  <name>
   New Balance Shoes Z-3527
  </name>
  <category>
   Shoes
  </category>
  <size>
   XL
  </size>
  <color>
   Желтый
  </color>
  <material>
   Лен
  </material>
  <price>
   122629
  </price>
  <rating>
   3.91
  </rating>
  <reviews>
   196369
  </reviews>
  <exclusive>
   yes
  </exclusive>
  <sporty>
   yes
  </sporty>
 </clothing>
 <clothing>
  <id>
   445803384
  </id>
  <name>
   Under Armour Jeans Y-2715
  </name>
  <category>
   Jeans
  </category>
  <size>
   S
  </size>
  <color>
   Оранжевый
  </color>
  <material>
   Лен
  </material>
  <price>
   251885
  </price>
  <rating>
   1.92
  </rating>
  <reviews>
   149511
  </reviews>
  <exclusive>
   no
  </exclusive>
  <sporty>
   no
  </sporty>
 </clothing>
 <clothing>
  <id>
   202352636
  </id>
  <name>
   Lacoste Handbags B-3351
  </name>
  <category>
   Handbags
  </category>
  <size>
   L
  </size>
  <color>
   Красный
  </color>
  <material>
   Вискоза
  </material>
  <price>
   374350
  </price>
  <rating>
   4.52
  </rating>
  <reviews>
   566387
  </reviews>
  <sporty>
   yes
  </sporty>
 </clothing>
 <clothing>
  <id>
   980192871
  </id>
  <name>
   Puma Jacket F-1168
  </name>
  <category>
   Jacket
  </category>
  <size>
   M
  </size>
  <color>
   Фиолетовый
  </color>
  <material>
   Кожа
  </material>
  <price>
   127267
  </price>
  <rating>
   4.66
  </rating>
  <reviews>
   619766
  </reviews>
  <new>
   +
  </new>
  <exclusive>
   no
  </exclusive>
  <sporty>
   no
  </sporty>
 </clothing>
 <clothing>
  <id>
   184546325
  </id>
  <name>
   Adidas Umbrellas K-9155
  </name>
  <category>
   Umbrellas
  </category>
  <size>
   XXL
  </size>
  <color>
   Красный
  </color>
  <material>
   Лен
  </material>
  <price>
   288305
  </price>
  <rating>
   2.94
  </rating>
  <reviews>
   12484
  </reviews>
  <exclusive>
   yes
  </exclusive>
 </clothing>
 <clothing>
  <id>
   141234440
  </id>
  <name>
   Vans Sweater B-2687
  </name>
  <category>
   Sweater
  </category>
  <size>
   L
  </size>
  <color>
   Оранжевый
  </color>
  <material>
   Лен
  </material>
  <price>
   756295
  </price>
  <rating>
   3.01
  </rating>
  <reviews>
   873389
  </reviews>
  <new>
   +
  </new>
  <exclusive>
   no
  </exclusive>
  <sporty>
   no
  </sporty>
 </clothing>
 <clothing>
  <id>
   176117251
  </id>
  <name>
   Asics Shoes K-7043
  </name>
  <category>
   Shoes
  </category>
  <size>
   M
  </size>
  <color>
   Зеленый
  </color>
  <material>
   Нейлон
  </material>
  <price>
   420568
  </price>
  <rating>
   1.96
  </rating>
  <reviews>
   846102
  </reviews>
  <new>
   +
  </new>
  <exclusive>
   yes
  </exclusive>
 </clothing>
 <clothing>
  <id>
   657004626
  </id>
  <name>
   Converse Socks P-5768
  </name>
  <category>
   Socks
  </category>
  <size>
   XXL
  </size>
  <color>
   Желтый
  </color>
  <material>
   Хлопок
  </material>
  <price>
   591747
  </price>
  <rating>
   2.75
  </rating>
  <reviews>
   745359
  </reviews>
  <new>
   -
  </new>
  <sporty>
   no
  </sporty>
 </clothing>
 <clothing>
  <id>
   677115556
  </id>
  <name>
   Under Armour Belts X-1542
  </name>
  <category>
   Belts
  </category>
  <size>
   S
  </size>
  <color>
   Красный
  </color>
  <material>
   Лен
  </material>
  <price>
   677569
  </price>
  <rating>
   1.7
  </rating>
  <reviews>
   102231
  </reviews>
  <new>
   -
  </new>
  <sporty>
   yes
  </sporty>
 </clothing>
 <clothing>
  <id>
   396557561
  </id>
  <name>
   New Balance Belts J-1014
  </name>
  <category>
   Belts
  </category>
  <size>
   M
  </size>
  <color>
   Оранжевый
  </color>
  <material>
   Вискоза
  </material>
  <price>
   553681
  </price>
  <rating>
   3.05
  </rating>
  <reviews>
   717649
  </reviews>
  <new>
   -
  </new>
 </clothing>
 <clothing>
  <id>
   545309473
  </id>
  <name>
   Nike Umbrellas Z-3192
  </name>
  <category>
   Umbrellas
  </category>
  <size>
   M
  </size>
  <color>
   Желтый
  </color>
  <material>
   Кожа
  </material>
  <price>
   449476
  </price>
  <rating>
   1.36
  </rating>
  <reviews>
   131285
  </reviews>
  <new>
   -
  </new>
  <sporty>
   no
  </sporty>
 </clothing>
 <clothing>
  <id>
   703001842
  </id>
  <name>
   Adidas Handbags Z-6436
  </name>
  <category>
   Handbags
  </category>
  <size>
   XXL
  </size>
  <color>
   Голубой
  </color>
  <material>
   Кожа
  </material>
  <price>
   874625
  </price>
  <rating>
   1.56
  </rating>
  <reviews>
   793820
  </reviews>
  <new>
   -
  </new>
  <sporty>
   no
  </sporty>
 </clothing>
 <clothing>
  <id>
   637291605
  </id>
  <name>
   DC Handbags V-7355
  </name>
  <category>
   Handbags
  </category>
  <size>
   L
  </size>
  <color>
   Синий
  </color>
  <material>
   Шерсть
  </material>
  <price>
   852446
  </price>
  <rating>
   1.62
  </rating>
  <reviews>
   222248
  </reviews>
  <new>
   +
  </new>
  <exclusive>
   yes
  </exclusive>
  <sporty>
   no
  </sporty>
 </clothing>
 <clothing>
  <id>
   582018548
  </id>
  <name>
   Fila Pants C-8704
  </name>
  <category>
   Pants
  </category>
  <size>
   S
  </size>
  <color>
   Оранжевый
  </color>
  <material>
   Шелк
  </material>
  <price>
   556020
  </price>
  <rating>
   2.49
  </rating>
  <reviews>
   408398
  </reviews>
  <exclusive>
   no
  </exclusive>
 </clothing>
 <clothing>
  <id>
   578098096
  </id>
  <name>
   DC Gloves H-2254
  </name>
  <category>
   Gloves
  </category>
  <size>
   XL
  </size>
  <color>
   Зеленый
  </color>
  <material>
   Вискоза
  </material>
  <price>
   904854
  </price>
  <rating>
   4.53
  </rating>
  <reviews>
   523364
  </reviews>
  <exclusive>
   no
  </exclusive>
  <sporty>
   no
  </sporty>
 </clothing>
 <clothing>
  <id>
   734365920
  </id>
  <name>
   Converse Shirt W-9152
  </name>
  <category>
   Shirt
  </category>
  <size>
   XL
  </size>
  <color>
   Фиолетовый
  </color>
  <material>
   Шерсть
  </material>
  <price>
   192929
  </price>
  <rating>
   1.55
  </rating>
  <reviews>
   110944
  </reviews>
 </clothing>
</clothing-items>
