<?xml version="1.0" encoding="utf-8"?>
<clothing-items>
 <clothing>
  <id>
   593361114
  </id>
  <name>
   Adidas Gloves W-5639
  </name>
  <category>
   Gloves
  </category>
  <size>
   M
  </size>
  <color>
   Оранжевый
  </color>
  <material>
   Полиэстер
  </material>
  <price>
   879731
  </price>
  <rating>
   4.77
  </rating>
  <reviews>
   814897
  </reviews>
  <new>
   -
  </new>
  <exclusive>
   yes
  </exclusive>
  <sporty>
   yes
  </sporty>
 </clothing>
 <clothing>
  <id>
   367131559
  </id>
  <name>
   Lacoste Hat Y-9802
  </name>
  <category>
   Hat
  </category>
  <size>
   XL
  </size>
  <color>
   Голубой
  </color>
  <material>
   Шелк
  </material>
  <price>
   515213
  </price>
  <rating>
   2.16
  </rating>
  <reviews>
   701381
  </reviews>
  <new>
   +
  </new>
  <exclusive>
   no
  </exclusive>
 </clothing>
 <clothing>
  <id>
   956611382
  </id>
  <name>
   Adidas Socks K-9454
  </name>
  <category>
   Socks
  </category>
  <size>
   L
  </size>
  <color>
   Красный
  </color>
  <material>
   Нейлон
  </material>
  <price>
   904537
  </price>
  <rating>
   2.42
  </rating>
  <reviews>
   896903
  </reviews>
  <new>
   -
  </new>
  <exclusive>
   yes
  </exclusive>
 </clothing>
 <clothing>
  <id>
   256903291
  </id>
  <name>
   New Balance Dress N-1359
  </name>
  <category>
   Dress
  </category>
  <size>
   L
  </size>
  <color>
   Желтый
  </color>
  <material>
   Нейлон
  </material>
  <price>
   524308
  </price>
  <rating>
   2.83
  </rating>
  <reviews>
   481162
  </reviews>
  <sporty>
   no
  </sporty>
 </clothing>
 <clothing>
  <id>
   966626466
  </id>
  <name>
   PleinSport Shirt H-7092
  </name>
  <category>
   Shirt
  </category>
  <size>
   L
  </size>
  <color>
   Оранжевый
  </color>
  <material>
   Лен
  </material>
  <price>
   540833
  </price>
  <rating>
   2.08
  </rating>
  <reviews>
   137421
  </reviews>
  <new>
   -
  </new>
  <exclusive>
   no
  </exclusive>
 </clothing>
 <clothing>
  <id>
   848544896
  </id>
  <name>
   Nike Pants N-5354
  </name>
  <category>
   Pants
  </category>
  <size>
   XL
  </size>
  <color>
   Зеленый
  </color>
  <material>
   Шерсть
  </material>
  <price>
   775444
  </price>
  <rating>
   2.51
  </rating>
  <reviews>
   832365
  </reviews>
  <new>
   -
  </new>
 </clothing>
 <clothing>
  <id>
   426120382
  </id>
  <name>
   Vans Socks C-3519
  </name>
  <category>
   Socks
  </category>
  <size>
   XXL
  </size>
  <color>
   Голубой
  </color>
  <material>
   Шелк
  </material>
  <price>
   795367
  </price>
  <rating>
   3.99
  </rating>
  <reviews>
   881564
  </reviews>
  <new>
   +
  </new>
  <sporty>
   yes
  </sporty>
 </clothing>
 <clothing>
  <id>
   700089861
  </id>
  <name>
   Brooks Skirt S-7413
  </name>
  <category>
   Skirt
  </category>
  <size>
   XL
  </size>
  <color>
   Фиолетовый
  </color>
  <material>
   Нейлон
  </material>
  <price>
   842152
  </price>
  <rating>
   3.03
  </rating>
  <reviews>
   645926
  </reviews>
  <new>
   -
  </new>
  <exclusive>
   no
  </exclusive>
 </clothing>
 <clothing>
  <id>
   953645813
  </id>
  <name>
   Asics Skirt Z-9304
  </name>
  <category>
   Skirt
  </category>
  <size>
   L
  </size>
  <color>
   Фиолетовый
  </color>
  <material>
   Хлопок
  </material>
  <price>
   249109
  </price>
  <rating>
   4.74
  </rating>
  <reviews>
   902573
  </reviews>
  <new>
   -
  </new>
 </clothing>
 <clothing>
  <id>
   542097979
  </id>
  <name>
   Vans Gloves J-9111
  </name>
  <category>
   Gloves
  </category>
  <size>
   XXL
  </size>
  <color>
   Синий
  </color>
  <material>
   Шелк
  </material>
  <price>
   719130
  </price>
  <rating>
   1.46
  </rating>
  <reviews>
   603596
  </reviews>
  <new>
   -
  </new>
  <exclusive>
   no
  </exclusive>
 </clothing>
 <clothing>
  <id>
   360228352
  </id>
  <name>
   Adidas Handbags H-9411
  </name>
  <category>
   Handbags
  </category>
  <size>
   S
  </size>
  <color>
   Желтый
  </color>
  <material>
   Лен
  </material>
  <price>
   649629
  </price>
  <rating>
   2.72
  </rating>
  <reviews>
   994812
  </reviews>
  <new>
   +
  </new>
  <exclusive>
   yes
  </exclusive>
  <sporty>
   yes
  </sporty>
 </clothing>
 <clothing>
  <id>
   551223604
  </id>
  <name>
   Vans Skirt A-4616
  </name>
  <category>
   Skirt
  </category>
  <size>
   S
  </size>
  <color>
   Красный
  </color>
  <material>
   Вискоза
  </material>
  <price>
   601451
  </price>
  <rating>
   1.43
  </rating>
  <reviews>
   304148
  </reviews>
  <new>
   +
  </new>
  <exclusive>
   no
  </exclusive>
  <sporty>
   yes
  </sporty>
 </clothing>
 <clothing>
  <id>
   954376116
  </id>
  <name>
   New Balance Shirt C-4384
  </name>
  <category>
   Shirt
  </category>
  <size>
   L
  </size>
  <color>
   Фиолетовый
  </color>
  <material>
   Шелк
  </material>
  <price>
   155929
  </price>
  <rating>
   2.38
  </rating>
  <reviews>
   136893
  </reviews>
 </clothing>
 <clothing>
  <id>
   359752314
  </id>
  <name>
   Puma Blouse J-5187
  </name>
  <category>
   Blouse
  </category>
  <size>
   XXL
  </size>
  <color>
   Зеленый
  </color>
  <material>
   Вискоза
  </material>
  <price>
   938674
  </price>
  <rating>
   3.36
  </rating>
  <reviews>
   796623
  </reviews>
  <sporty>
   no
  </sporty>
 </clothing>
 <clothing>
  <id>
   364444131
  </id>
  <name>
   Nike Blouse U-8439
  </name>
  <category>
   Blouse
  </category>
  <size>
   L
  </size>
  <color>
   Красный
  </color>
  <material>
   Кожа
  </material>
  <price>
   119402
  </price>
  <rating>
   4.13
  </rating>
  <reviews>
   314388
  </reviews>
  <new>
   -
  </new>
  <exclusive>
   no
  </exclusive>
  <sporty>
   yes
  </sporty>
 </clothing>
 <clothing>
  <id>
   468543602
  </id>
  <name>
   Nike Dress V-6858
  </name>
  <category>
   Dress
  </category>
  <size>
   L
  </size>
  <color>
   Желтый
  </color>
  <material>
   Вискоза
  </material>
  <price>
   925017
  </price>
  <rating>
   4.28
  </rating>
  <reviews>
   746402
  </reviews>
  <new>
   -
  </new>
  <exclusive>
   no
  </exclusive>
 </clothing>
 <clothing>
  <id>
   611155522
  </id>
  <name>
   Adidas Socks D-5577
  </name>
  <category>
   Socks
  </category>
  <size>
   XXL
  </size>
  <color>
   Голубой
  </color>
  <material>
   Нейлон
  </material>
  <price>
   835034
  </price>
  <rating>
   4.57
  </rating>
  <reviews>
   578368
  </reviews>
  <exclusive>
   no
  </exclusive>
 </clothing>
 <clothing>
  <id>
   920950544
  </id>
  <name>
   Addidas T-shirt B-9912
  </name>
  <category>
   T-shirt
  </category>
  <size>
   S
  </size>
  <color>
   Желтый
  </color>
  <material>
   Вискоза
  </material>
  <price>
   176832
  </price>
  <rating>
   2.64
  </rating>
  <reviews>
   456173
  </reviews>
  <new>
   +
  </new>
  <exclusive>
   no
  </exclusive>
 </clothing>
 <clothing>
  <id>
   637977206
  </id>
  <name>
   Reebok Sweater W-1850
  </name>
  <category>
   Sweater
  </category>
  <size>
   M
  </size>
  <color>
   Зеленый
  </color>
  <material>
   Вискоза
  </material>
  <price>
   907841
  </price>
  <rating>
   1.17
  </rating>
  <reviews>
   732959
  </reviews>
  <exclusive>
   no
  </exclusive>
 </clothing>
 <clothing>
  <id>
   817516436
  </id>
  <name>
   Brooks Shirt N-5288
  </name>
  <category>
   Shirt
  </category>
  <size>
   S
  </size>
  <color>
   Фиолетовый
  </color>
  <material>
   Шелк
  </material>
  <price>
   843827
  </price>
  <rating>
   2.98
  </rating>
  <reviews>
   116591
  </reviews>
  <new>
   +
  </new>
  <sporty>
   yes
  </sporty>
 </clothing>
 <clothing>
  <id>
   896081950
  </id>
  <name>
   Under Armour Handbags Q-5579
  </name>
  <category>
   Handbags
  </category>
  <size>
   XL
  </size>
  <color>
   Синий
  </color>
  <material>
   Вискоза
  </material>
  <price>
   345548
  </price>
  <rating>
   2.37
  </rating>
  <reviews>
   418588
  </reviews>
  <new>
   -
  </new>
  <exclusive>
   yes
  </exclusive>
 </clothing>
 <clothing>
  <id>
   298568986
  </id>
  <name>
   New Balance Belts R-4127
  </name>
  <category>
   Belts
  </category>
  <size>
   L
  </size>
  <color>
   Желтый
  </color>
  <material>
   Шерсть
  </material>
  <price>
   232104
  </price>
  <rating>
   1.44
  </rating>
  <reviews>
   344850
  </reviews>
  <new>
   -
  </new>
  <exclusive>
   yes
  </exclusive>
  <sporty>
   no
  </sporty>
 </clothing>
 <clothing>
  <id>
   329700688
  </id>
  <name>
   Under Armour Dress D-7619
  </name>
  <category>
   Dress
  </category>
  <size>
   L
  </size>
  <color>
   Фиолетовый
  </color>
  <material>
   Нейлон
  </material>
  <price>
   371603
  </price>
  <rating>
   4.98
  </rating>
  <reviews>
   119414
  </reviews>
  <new>
   +
  </new>
  <sporty>
   no
  </sporty>
 </clothing>
</clothing-items>
