<?xml version="1.0" encoding="utf-8"?>
<clothing-items>
 <clothing>
  <id>
   983112946
  </id>
  <name>
   Converse Jeans F-8044
  </name>
  <category>
   Jeans
  </category>
  <size>
   S
  </size>
  <color>
   Голубой
  </color>
  <material>
   Вискоза
  </material>
  <price>
   348601
  </price>
  <rating>
   1.59
  </rating>
  <reviews>
   700976
  </reviews>
  <exclusive>
   yes
  </exclusive>
 </clothing>
 <clothing>
  <id>
   156047371
  </id>
  <name>
   Ellesse Pants A-3894
  </name>
  <category>
   Pants
  </category>
  <size>
   M
  </size>
  <color>
   Синий
  </color>
  <material>
   Вискоза
  </material>
  <price>
   335930
  </price>
  <rating>
   1.27
  </rating>
  <reviews>
   241174
  </reviews>
 </clothing>
 <clothing>
  <id>
   382054463
  </id>
  <name>
   Reebok Socks I-6729
  </name>
  <category>
   Socks
  </category>
  <size>
   XL
  </size>
  <color>
   Синий
  </color>
  <material>
   Кожа
  </material>
  <price>
   598753
  </price>
  <rating>
   4.89
  </rating>
  <reviews>
   836175
  </reviews>
  <new>
   +
  </new>
  <sporty>
   yes
  </sporty>
 </clothing>
 <clothing>
  <id>
   914355642
  </id>
  <name>
   Fila Hat W-1811
  </name>
  <category>
   Hat
  </category>
  <size>
   XL
  </size>
  <color>
   Зеленый
  </color>
  <material>
   Хлопок
  </material>
  <price>
   803626
  </price>
  <rating>
   1.17
  </rating>
  <reviews>
   421475
  </reviews>
  <exclusive>
   no
  </exclusive>
  <sporty>
   no
  </sporty>
 </clothing>
 <clothing>
  <id>
   476406531
  </id>
  <name>
   Ellesse Blouse S-7091
  </name>
  <category>
   Blouse
  </category>
  <size>
   XL
  </size>
  <color>
   Голубой
  </color>
  <material>
   Хлопок
  </material>
  <price>
   227903
  </price>
  <rating>
   4.05
  </rating>
  <reviews>
   977305
  </reviews>
  <new>
   -
  </new>
  <exclusive>
   yes
  </exclusive>
  <sporty>
   yes
  </sporty>
 </clothing>
 <clothing>
  <id>
   623524062
  </id>
  <name>
   Addidas Hat N-1632
  </name>
  <category>
   Hat
  </category>
  <size>
   S
  </size>
  <color>
   Оранжевый
  </color>
  <material>
   Шерсть
  </material>
  <price>
   822702
  </price>
  <rating>
   1.86
  </rating>
  <reviews>
   499176
  </reviews>
  <new>
   -
  </new>
  <sporty>
   yes
  </sporty>
 </clothing>
 <clothing>
  <id>
   903180295
  </id>
  <name>
   Adidas Dress O-1245
  </name>
  <category>
   Dress
  </category>
  <size>
   XL
  </size>
  <color>
   Голубой
  </color>
  <material>
   Шерсть
  </material>
  <price>
   998848
  </price>
  <rating>
   4.47
  </rating>
  <reviews>
   524774
  </reviews>
  <new>
   -
  </new>
  <sporty>
   no
  </sporty>
 </clothing>
 <clothing>
  <id>
   657394927
  </id>
  <name>
   Addidas Shoes L-5596
  </name>
  <category>
   Shoes
  </category>
  <size>
   XL
  </size>
  <color>
   Красный
  </color>
  <material>
   Кожа
  </material>
  <price>
   948599
  </price>
  <rating>
   3.82
  </rating>
  <reviews>
   563890
  </reviews>
  <new>
   -
  </new>
  <exclusive>
   yes
  </exclusive>
 </clothing>
 <clothing>
  <id>
   364167093
  </id>
  <name>
   Asics Hat T-7420
  </name>
  <category>
   Hat
  </category>
  <size>
   M
  </size>
  <color>
   Голубой
  </color>
  <material>
   Вискоза
  </material>
  <price>
   444880
  </price>
  <rating>
   4.34
  </rating>
  <reviews>
   336426
  </reviews>
  <new>
   -
  </new>
  <exclusive>
   yes
  </exclusive>
 </clothing>
 <clothing>
  <id>
   450609232
  </id>
  <name>
   Ellesse Belts Z-3901
  </name>
  <category>
   Belts
  </category>
  <size>
   L
  </size>
  <color>
   Синий
  </color>
  <material>
   Шерсть
  </material>
  <price>
   454143
  </price>
  <rating>
   4.37
  </rating>
  <reviews>
   80774
  </reviews>
  <new>
   +
  </new>
  <exclusive>
   yes
  </exclusive>
 </clothing>
 <clothing>
  <id>
   584422057
  </id>
  <name>
   Adidas Skirt X-6879
  </name>
  <category>
   Skirt
  </category>
  <size>
   S
  </size>
  <color>
   Оранжевый
  </color>
  <material>
   Полиэстер
  </material>
  <price>
   434806
  </price>
  <rating>
   2.66
  </rating>
  <reviews>
   962458
  </reviews>
  <new>
   +
  </new>
  <exclusive>
   no
  </exclusive>
  <sporty>
   yes
  </sporty>
 </clothing>
 <clothing>
  <id>
   563107655
  </id>
  <name>
   Fila Handbags C-1640
  </name>
  <category>
   Handbags
  </category>
  <size>
   S
  </size>
  <color>
   Фиолетовый
  </color>
  <material>
   Кожа
  </material>
  <price>
   600729
  </price>
  <rating>
   4.05
  </rating>
  <reviews>
   961049
  </reviews>
  <new>
   -
  </new>
  <exclusive>
   no
  </exclusive>
  <sporty>
   no
  </sporty>
 </clothing>
 <clothing>
  <id>
   613677948
  </id>
  <name>
   Ellesse T-shirt A-2917
  </name>
  <category>
   T-shirt
  </category>
  <size>
   L
  </size>
  <color>
   Синий
  </color>
  <material>
   Шелк
  </material>
  <price>
   380377
  </price>
  <rating>
   4.18
  </rating>
  <reviews>
   469583
  </reviews>
  <exclusive>
   yes
  </exclusive>
 </clothing>
 <clothing>
  <id>
   107367265
  </id>
  <name>
   Fila Dress F-9807
  </name>
  <category>
   Dress
  </category>
  <size>
   L
  </size>
  <color>
   Оранжевый
  </color>
  <material>
   Нейлон
  </material>
  <price>
   486054
  </price>
  <rating>
   1.47
  </rating>
  <reviews>
   765095
  </reviews>
  <new>
   -
  </new>
  <exclusive>
   yes
  </exclusive>
  <sporty>
   no
  </sporty>
 </clothing>
 <clothing>
  <id>
   750352010
  </id>
  <name>
   Under Armour Shirt O-9681
  </name>
  <category>
   Shirt
  </category>
  <size>
   S
  </size>
  <color>
   Оранжевый
  </color>
  <material>
   Лен
  </material>
  <price>
   114039
  </price>
  <rating>
   4.88
  </rating>
  <reviews>
   702988
  </reviews>
  <exclusive>
   no
  </exclusive>
  <sporty>
   no
  </sporty>
 </clothing>
 <clothing>
  <id>
   677280436
  </id>
  <name>
   Addidas Hat I-4804
  </name>
  <category>
   Hat
  </category>
  <size>
   L
  </size>
  <color>
   Желтый
  </color>
  <material>
   Хлопок
  </material>
  <price>
   411954
  </price>
  <rating>
   3.27
  </rating>
  <reviews>
   857968
  </reviews>
  <new>
   -
  </new>
  <sporty>
   no
  </sporty>
 </clothing>
 <clothing>
  <id>
   302488469
  </id>
  <name>
   Fila Shoes S-4424
  </name>
  <category>
   Shoes
  </category>
  <size>
   XXL
  </size>
  <color>
   Желтый
  </color>
  <material>
   Нейлон
  </material>
  <price>
   421316
  </price>
  <rating>
   1.15
  </rating>
  <reviews>
   100383
  </reviews>
  <exclusive>
   yes
  </exclusive>
  <sporty>
   yes
  </sporty>
 </clothing>
 <clothing>
  <id>
   110020695
  </id>
  <name>
   Converse Blouse Q-7511
  </name>
  <category>
   Blouse
  </category>
  <size>
   XL
  </size>
  <color>
   Красный
  </color>
  <material>
   Шерсть
  </material>
  <price>
   247643
  </price>
  <rating>
   4.97
  </rating>
  <reviews>
   435760
  </reviews>
  <sporty>
   no
  </sporty>
 </clothing>
 <clothing>
  <id>
   688172898
  </id>
  <name>
   Nike Hat F-8917
  </name>
  <category>
   Hat
  </category>
  <size>
   XL
  </size>
  <color>
   Оранжевый
  </color>
  <material>
   Шерсть
  </material>
  <price>
   219043
  </price>
  <rating>
   1.5
  </rating>
  <reviews>
   888398
  </reviews>
  <new>
   -
  </new>
  <sporty>
   no
  </sporty>
 </clothing>
 <clothing>
  <id>
   217091392
  </id>
  <name>
   Fila Socks B-7882
  </name>
  <category>
   Socks
  </category>
  <size>
   XL
  </size>
  <color>
   Синий
  </color>
  <material>
   Шерсть
  </material>
  <price>
   906523
  </price>
  <rating>
   4.99
  </rating>
  <reviews>
   667144
  </reviews>
  <sporty>
   yes
  </sporty>
 </clothing>
</clothing-items>
