<?xml version="1.0" encoding="utf-8"?>
<clothing-items>
 <clothing>
  <id>
   669831800
  </id>
  <name>
   Puma T-shirt N-2108
  </name>
  <category>
   T-shirt
  </category>
  <size>
   XL
  </size>
  <color>
   Фиолетовый
  </color>
  <material>
   Вискоза
  </material>
  <price>
   703895
  </price>
  <rating>
   1.05
  </rating>
  <reviews>
   335057
  </reviews>
  <new>
   -
  </new>
  <exclusive>
   no
  </exclusive>
  <sporty>
   yes
  </sporty>
 </clothing>
 <clothing>
  <id>
   531849523
  </id>
  <name>
   Lacoste Jeans T-6131
  </name>
  <category>
   Jeans
  </category>
  <size>
   XL
  </size>
  <color>
   Синий
  </color>
  <material>
   Вискоза
  </material>
  <price>
   899447
  </price>
  <rating>
   2.51
  </rating>
  <reviews>
   78093
  </reviews>
  <new>
   +
  </new>
  <exclusive>
   no
  </exclusive>
  <sporty>
   no
  </sporty>
 </clothing>
 <clothing>
  <id>
   805528687
  </id>
  <name>
   Vans Umbrellas E-6144
  </name>
  <category>
   Umbrellas
  </category>
  <size>
   XXL
  </size>
  <color>
   Зеленый
  </color>
  <material>
   Нейлон
  </material>
  <price>
   110555
  </price>
  <rating>
   2.23
  </rating>
  <reviews>
   270399
  </reviews>
  <exclusive>
   yes
  </exclusive>
  <sporty>
   no
  </sporty>
 </clothing>
 <clothing>
  <id>
   939260088
  </id>
  <name>
   Vans Shoes W-9170
  </name>
  <category>
   Shoes
  </category>
  <size>
   L
  </size>
  <color>
   Оранжевый
  </color>
  <material>
   Лен
  </material>
  <price>
   627708
  </price>
  <rating>
   3.59
  </rating>
  <reviews>
   533950
  </reviews>
  <exclusive>
   yes
  </exclusive>
 </clothing>
 <clothing>
  <id>
   327876826
  </id>
  <name>
   Asics Jeans F-3803
  </name>
  <category>
   Jeans
  </category>
  <size>
   XXL
  </size>
  <color>
   Желтый
  </color>
  <material>
   Нейлон
  </material>
  <price>
   806917
  </price>
  <rating>
   2.36
  </rating>
  <reviews>
   42450
  </reviews>
  <new>
   -
  </new>
 </clothing>
 <clothing>
  <id>
   860038753
  </id>
  <name>
   DC Socks V-5847
  </name>
  <category>
   Socks
  </category>
  <size>
   XXL
  </size>
  <color>
   Синий
  </color>
  <material>
   Хлопок
  </material>
  <price>
   876303
  </price>
  <rating>
   3.85
  </rating>
  <reviews>
   260692
  </reviews>
  <new>
   -
  </new>
  <exclusive>
   no
  </exclusive>
 </clothing>
 <clothing>
  <id>
   286455489
  </id>
  <name>
   Lacoste Jacket P-6620
  </name>
  <category>
   Jacket
  </category>
  <size>
   M
  </size>
  <color>
   Зеленый
  </color>
  <material>
   Вискоза
  </material>
  <price>
   317794
  </price>
  <rating>
   2.66
  </rating>
  <reviews>
   128273
  </reviews>
  <new>
   -
  </new>
 </clothing>
 <clothing>
  <id>
   796669446
  </id>
  <name>
   Under Armour Jeans L-7817
  </name>
  <category>
   Jeans
  </category>
  <size>
   L
  </size>
  <color>
   Голубой
  </color>
  <material>
   Вискоза
  </material>
  <price>
   226051
  </price>
  <rating>
   2.34
  </rating>
  <reviews>
   112877
  </reviews>
 </clothing>
 <clothing>
  <id>
   695053697
  </id>
  <name>
   PleinSport Pants S-6798
  </name>
  <category>
   Pants
  </category>
  <size>
   S
  </size>
  <color>
   Оранжевый
  </color>
  <material>
   Лен
  </material>
  <price>
   163485
  </price>
  <rating>
   4.42
  </rating>
  <reviews>
   164132
  </reviews>
  <new>
   +
  </new>
  <sporty>
   no
  </sporty>
 </clothing>
 <clothing>
  <id>
   194685482
  </id>
  <name>
   New Balance Umbrellas U-2722
  </name>
  <category>
   Umbrellas
  </category>
  <size>
   L
  </size>
  <color>
   Синий
  </color>
  <material>
   Шелк
  </material>
  <price>
   967026
  </price>
  <rating>
   2.04
  </rating>
  <reviews>
   465337
  </reviews>
  <exclusive>
   no
  </exclusive>
 </clothing>
 <clothing>
  <id>
   867560457
  </id>
  <name>
   Puma Jacket M-6101
  </name>
  <category>
   Jacket
  </category>
  <size>
   XXL
  </size>
  <color>
   Синий
  </color>
  <material>
   Кожа
  </material>
  <price>
   560759
  </price>
  <rating>
   3.89
  </rating>
  <reviews>
   854027
  </reviews>
  <new>
   -
  </new>
  <sporty>
   no
  </sporty>
 </clothing>
 <clothing>
  <id>
   691887070
  </id>
  <name>
   Fila Skirt T-7948
  </name>
  <category>
   Skirt
  </category>
  <size>
   L
  </size>
  <color>
   Красный
  </color>
  <material>
   Полиэстер
  </material>
  <price>
   304830
  </price>
  <rating>
   3.53
  </rating>
  <reviews>
   215635
  </reviews>
  <exclusive>
   yes
  </exclusive>
  <sporty>
   yes
  </sporty>
 </clothing>
 <clothing>
  <id>
   708637965
  </id>
  <name>
   Puma Handbags O-8880
  </name>
  <category>
   Handbags
  </category>
  <size>
   M
  </size>
  <color>
   Желтый
  </color>
  <material>
   Нейлон
  </material>
  <price>
   733712
  </price>
  <rating>
   2.24
  </rating>
  <reviews>
   378464
  </reviews>
  <new>
   +
  </new>
  <exclusive>
   no
  </exclusive>
  <sporty>
   no
  </sporty>
 </clothing>
 <clothing>
  <id>
   659711193
  </id>
  <name>
   DC Dress N-7605
  </name>
  <category>
   Dress
  </category>
  <size>
   XL
  </size>
  <color>
   Фиолетовый
  </color>
  <material>
   Шерсть
  </material>
  <price>
   859254
  </price>
  <rating>
   3.77
  </rating>
  <reviews>
   677226
  </reviews>
  <new>
   +
  </new>
  <exclusive>
   no
  </exclusive>
  <sporty>
   no
  </sporty>
 </clothing>
 <clothing>
  <id>
   196933250
  </id>
  <name>
   DC Gloves J-2838
  </name>
  <category>
   Gloves
  </category>
  <size>
   XL
  </size>
  <color>
   Голубой
  </color>
  <material>
   Вискоза
  </material>
  <price>
   205544
  </price>
  <rating>
   4.77
  </rating>
  <reviews>
   444818
  </reviews>
  <new>
   +
  </new>
 </clothing>
 <clothing>
  <id>
   240290094
  </id>
  <name>
   Vans Umbrellas J-9920
  </name>
  <category>
   Umbrellas
  </category>
  <size>
   L
  </size>
  <color>
   Желтый
  </color>
  <material>
   Полиэстер
  </material>
  <price>
   934858
  </price>
  <rating>
   3.17
  </rating>
  <reviews>
   364620
  </reviews>
  <new>
   +
  </new>
  <sporty>
   yes
  </sporty>
 </clothing>
 <clothing>
  <id>
   300356912
  </id>
  <name>
   Converse Jeans Z-2693
  </name>
  <category>
   Jeans
  </category>
  <size>
   S
  </size>
  <color>
   Оранжевый
  </color>
  <material>
   Нейлон
  </material>
  <price>
   277704
  </price>
  <rating>
   1.69
  </rating>
  <reviews>
   331030
  </reviews>
  <new>
   +
  </new>
  <sporty>
   yes
  </sporty>
 </clothing>
 <clothing>
  <id>
   762863006
  </id>
  <name>
   Lacoste Hat M-4955
  </name>
  <category>
   Hat
  </category>
  <size>
   S
  </size>
  <color>
   Фиолетовый
  </color>
  <material>
   Полиэстер
  </material>
  <price>
   436250
  </price>
  <rating>
   1.0
  </rating>
  <reviews>
   513168
  </reviews>
  <new>
   -
  </new>
  <exclusive>
   yes
  </exclusive>
 </clothing>
 <clothing>
  <id>
   230255458
  </id>
  <name>
   New Balance Jeans L-4957
  </name>
  <category>
   Jeans
  </category>
  <size>
   XXL
  </size>
  <color>
   Фиолетовый
  </color>
  <material>
   Хлопок
  </material>
  <price>
   634215
  </price>
  <rating>
   1.84
  </rating>
  <reviews>
   452846
  </reviews>
  <exclusive>
   no
  </exclusive>
 </clothing>
 <clothing>
  <id>
   827655351
  </id>
  <name>
   New Balance Belts X-4592
  </name>
  <category>
   Belts
  </category>
  <size>
   S
  </size>
  <color>
   Голубой
  </color>
  <material>
   Хлопок
  </material>
  <price>
   290183
  </price>
  <rating>
   1.4
  </rating>
  <reviews>
   349917
  </reviews>
  <new>
   -
  </new>
  <exclusive>
   yes
  </exclusive>
  <sporty>
   no
  </sporty>
 </clothing>
 <clothing>
  <id>
   918988465
  </id>
  <name>
   Addidas Socks P-2720
  </name>
  <category>
   Socks
  </category>
  <size>
   S
  </size>
  <color>
   Оранжевый
  </color>
  <material>
   Нейлон
  </material>
  <price>
   117811
  </price>
  <rating>
   1.58
  </rating>
  <reviews>
   262140
  </reviews>
  <new>
   -
  </new>
  <exclusive>
   no
  </exclusive>
  <sporty>
   no
  </sporty>
 </clothing>
 <clothing>
  <id>
   631052076
  </id>
  <name>
   New Balance Blouse U-5909
  </name>
  <category>
   Blouse
  </category>
  <size>
   M
  </size>
  <color>
   Красный
  </color>
  <material>
   Кожа
  </material>
  <price>
   629067
  </price>
  <rating>
   1.99
  </rating>
  <reviews>
   574167
  </reviews>
  <new>
   -
  </new>
  <sporty>
   yes
  </sporty>
 </clothing>
</clothing-items>
