<?xml version="1.0" encoding="utf-8"?>
<clothing-items>
 <clothing>
  <id>
   243260557
  </id>
  <name>
   Asics Dress P-3963
  </name>
  <category>
   Dress
  </category>
  <size>
   L
  </size>
  <color>
   Желтый
  </color>
  <material>
   Кожа
  </material>
  <price>
   424683
  </price>
  <rating>
   2.6
  </rating>
  <reviews>
   730026
  </reviews>
  <exclusive>
   no
  </exclusive>
  <sporty>
   no
  </sporty>
 </clothing>
 <clothing>
  <id>
   558640888
  </id>
  <name>
   Lacoste T-shirt O-2599
  </name>
  <category>
   T-shirt
  </category>
  <size>
   XXL
  </size>
  <color>
   Фиолетовый
  </color>
  <material>
   Лен
  </material>
  <price>
   150992
  </price>
  <rating>
   4.08
  </rating>
  <reviews>
   36426
  </reviews>
  <exclusive>
   no
  </exclusive>
  <sporty>
   yes
  </sporty>
 </clothing>
 <clothing>
  <id>
   923606795
  </id>
  <name>
   DC Blouse M-8438
  </name>
  <category>
   Blouse
  </category>
  <size>
   L
  </size>
  <color>
   Синий
  </color>
  <material>
   Кожа
  </material>
  <price>
   871081
  </price>
  <rating>
   4.93
  </rating>
  <reviews>
   166923
  </reviews>
  <exclusive>
   no
  </exclusive>
  <sporty>
   yes
  </sporty>
 </clothing>
 <clothing>
  <id>
   138634392
  </id>
  <name>
   DC Dress U-3513
  </name>
  <category>
   Dress
  </category>
  <size>
   XXL
  </size>
  <color>
   Красный
  </color>
  <material>
   Полиэстер
  </material>
  <price>
   497047
  </price>
  <rating>
   1.82
  </rating>
  <reviews>
   13854
  </reviews>
 </clothing>
 <clothing>
  <id>
   157941402
  </id>
  <name>
   Adidas Belts B-2271
  </name>
  <category>
   Belts
  </category>
  <size>
   M
  </size>
  <color>
   Красный
  </color>
  <material>
   Вискоза
  </material>
  <price>
   753556
  </price>
  <rating>
   2.66
  </rating>
  <reviews>
   99161
  </reviews>
  <new>
   -
  </new>
  <exclusive>
   no
  </exclusive>
  <sporty>
   no
  </sporty>
 </clothing>
 <clothing>
  <id>
   202114205
  </id>
  <name>
   Nike Umbrellas H-8244
  </name>
  <category>
   Umbrellas
  </category>
  <size>
   S
  </size>
  <color>
   Синий
  </color>
  <material>
   Полиэстер
  </material>
  <price>
   437677
  </price>
  <rating>
   3.12
  </rating>
  <reviews>
   844026
  </reviews>
 </clothing>
 <clothing>
  <id>
   615022062
  </id>
  <name>
   Reebok Skirt O-2718
  </name>
  <category>
   Skirt
  </category>
  <size>
   M
  </size>
  <color>
   Оранжевый
  </color>
  <material>
   Хлопок
  </material>
  <price>
   398601
  </price>
  <rating>
   2.89
  </rating>
  <reviews>
   936155
  </reviews>
 </clothing>
 <clothing>
  <id>
   571140127
  </id>
  <name>
   PleinSport Shoes O-3643
  </name>
  <category>
   Shoes
  </category>
  <size>
   L
  </size>
  <color>
   Фиолетовый
  </color>
  <material>
   Полиэстер
  </material>
  <price>
   969897
  </price>
  <rating>
   4.36
  </rating>
  <reviews>
   190804
  </reviews>
  <new>
   -
  </new>
  <exclusive>
   yes
  </exclusive>
  <sporty>
   yes
  </sporty>
 </clothing>
 <clothing>
  <id>
   294866432
  </id>
  <name>
   PleinSport Pants D-6177
  </name>
  <category>
   Pants
  </category>
  <size>
   S
  </size>
  <color>
   Желтый
  </color>
  <material>
   Лен
  </material>
  <price>
   905059
  </price>
  <rating>
   3.84
  </rating>
  <reviews>
   690539
  </reviews>
  <sporty>
   no
  </sporty>
 </clothing>
 <clothing>
  <id>
   917463486
  </id>
  <name>
   Brooks Jeans O-7657
  </name>
  <category>
   Jeans
  </category>
  <size>
   XL
  </size>
  <color>
   Красный
  </color>
  <material>
   Полиэстер
  </material>
  <price>
   621656
  </price>
  <rating>
   3.42
  </rating>
  <reviews>
   343255
  </reviews>
  <new>
   -
  </new>
  <sporty>
   no
  </sporty>
 </clothing>
 <clothing>
  <id>
   838337462
  </id>
  <name>
   DC T-shirt R-1668
  </name>
  <category>
   T-shirt
  </category>
  <size>
   L
  </size>
  <color>
   Оранжевый
  </color>
  <material>
   Кожа
  </material>
  <price>
   453470
  </price>
  <rating>
   2.69
  </rating>
  <reviews>
   456929
  </reviews>
  <new>
   -
  </new>
  <exclusive>
   yes
  </exclusive>
  <sporty>
   yes
  </sporty>
 </clothing>
 <clothing>
  <id>
   683310753
  </id>
  <name>
   Nike Jacket D-1642
  </name>
  <category>
   Jacket
  </category>
  <size>
   M
  </size>
  <color>
   Желтый
  </color>
  <material>
   Нейлон
  </material>
  <price>
   797463
  </price>
  <rating>
   4.62
  </rating>
  <reviews>
   232202
  </reviews>
  <exclusive>
   no
  </exclusive>
 </clothing>
 <clothing>
  <id>
   573566261
  </id>
  <name>
   Brooks Pants M-6034
  </name>
  <category>
   Pants
  </category>
  <size>
   L
  </size>
  <color>
   Оранжевый
  </color>
  <material>
   Шерсть
  </material>
  <price>
   703878
  </price>
  <rating>
   4.55
  </rating>
  <reviews>
   483913
  </reviews>
  <new>
   -
  </new>
  <sporty>
   no
  </sporty>
 </clothing>
 <clothing>
  <id>
   242129957
  </id>
  <name>
   DC Dress X-2097
  </name>
  <category>
   Dress
  </category>
  <size>
   M
  </size>
  <color>
   Синий
  </color>
  <material>
   Нейлон
  </material>
  <price>
   925103
  </price>
  <rating>
   4.05
  </rating>
  <reviews>
   504512
  </reviews>
  <new>
   +
  </new>
  <sporty>
   yes
  </sporty>
 </clothing>
 <clothing>
  <id>
   503048346
  </id>
  <name>
   Reebok Dress F-6996
  </name>
  <category>
   Dress
  </category>
  <size>
   S
  </size>
  <color>
   Желтый
  </color>
  <material>
   Вискоза
  </material>
  <price>
   475458
  </price>
  <rating>
   4.88
  </rating>
  <reviews>
   908148
  </reviews>
  <new>
   -
  </new>
  <exclusive>
   yes
  </exclusive>
  <sporty>
   yes
  </sporty>
 </clothing>
</clothing-items>
