<?xml version="1.0" encoding="utf-8"?>
<clothing-items>
 <clothing>
  <id>
   169263991
  </id>
  <name>
   PleinSport Shirt H-6231
  </name>
  <category>
   Shirt
  </category>
  <size>
   XXL
  </size>
  <color>
   Красный
  </color>
  <material>
   Хлопок
  </material>
  <price>
   638496
  </price>
  <rating>
   4.92
  </rating>
  <reviews>
   795427
  </reviews>
  <exclusive>
   no
  </exclusive>
  <sporty>
   no
  </sporty>
 </clothing>
 <clothing>
  <id>
   965893373
  </id>
  <name>
   New Balance T-shirt C-8599
  </name>
  <category>
   T-shirt
  </category>
  <size>
   XXL
  </size>
  <color>
   Желтый
  </color>
  <material>
   Кожа
  </material>
  <price>
   172033
  </price>
  <rating>
   2.21
  </rating>
  <reviews>
   392509
  </reviews>
  <new>
   -
  </new>
  <sporty>
   no
  </sporty>
 </clothing>
 <clothing>
  <id>
   847484193
  </id>
  <name>
   Addidas Socks Q-7300
  </name>
  <category>
   Socks
  </category>
  <size>
   XXL
  </size>
  <color>
   Оранжевый
  </color>
  <material>
   Хлопок
  </material>
  <price>
   120639
  </price>
  <rating>
   2.19
  </rating>
  <reviews>
   186785
  </reviews>
  <new>
   -
  </new>
  <exclusive>
   no
  </exclusive>
  <sporty>
   no
  </sporty>
 </clothing>
 <clothing>
  <id>
   237603447
  </id>
  <name>
   Lacoste Jacket O-2868
  </name>
  <category>
   Jacket
  </category>
  <size>
   M
  </size>
  <color>
   Голубой
  </color>
  <material>
   Шерсть
  </material>
  <price>
   651517
  </price>
  <rating>
   3.76
  </rating>
  <reviews>
   802026
  </reviews>
  <new>
   +
  </new>
  <exclusive>
   yes
  </exclusive>
 </clothing>
 <clothing>
  <id>
   235419224
  </id>
  <name>
   Reebok Belts Q-2090
  </name>
  <category>
   Belts
  </category>
  <size>
   L
  </size>
  <color>
   Фиолетовый
  </color>
  <material>
   Вискоза
  </material>
  <price>
   629475
  </price>
  <rating>
   4.67
  </rating>
  <reviews>
   653212
  </reviews>
  <new>
   +
  </new>
 </clothing>
 <clothing>
  <id>
   509793652
  </id>
  <name>
   New Balance Jacket G-6018
  </name>
  <category>
   Jacket
  </category>
  <size>
   S
  </size>
  <color>
   Фиолетовый
  </color>
  <material>
   Шерсть
  </material>
  <price>
   525855
  </price>
  <rating>
   2.65
  </rating>
  <reviews>
   431923
  </reviews>
  <exclusive>
   no
  </exclusive>
 </clothing>
 <clothing>
  <id>
   577948566
  </id>
  <name>
   PleinSport Handbags Z-7042
  </name>
  <category>
   Handbags
  </category>
  <size>
   L
  </size>
  <color>
   Зеленый
  </color>
  <material>
   Шелк
  </material>
  <price>
   391794
  </price>
  <rating>
   3.08
  </rating>
  <reviews>
   275977
  </reviews>
  <new>
   -
  </new>
  <exclusive>
   no
  </exclusive>
  <sporty>
   yes
  </sporty>
 </clothing>
 <clothing>
  <id>
   646334963
  </id>
  <name>
   DC Socks B-1151
  </name>
  <category>
   Socks
  </category>
  <size>
   M
  </size>
  <color>
   Красный
  </color>
  <material>
   Шерсть
  </material>
  <price>
   829717
  </price>
  <rating>
   3.44
  </rating>
  <reviews>
   706035
  </reviews>
  <sporty>
   yes
  </sporty>
 </clothing>
 <clothing>
  <id>
   219729366
  </id>
  <name>
   Addidas Skirt B-2979
  </name>
  <category>
   Skirt
  </category>
  <size>
   L
  </size>
  <color>
   Желтый
  </color>
  <material>
   Шерсть
  </material>
  <price>
   761503
  </price>
  <rating>
   1.0
  </rating>
  <reviews>
   588209
  </reviews>
  <exclusive>
   yes
  </exclusive>
 </clothing>
 <clothing>
  <id>
   911946585
  </id>
  <name>
   Fila Handbags K-4083
  </name>
  <category>
   Handbags
  </category>
  <size>
   L
  </size>
  <color>
   Фиолетовый
  </color>
  <material>
   Лен
  </material>
  <price>
   475187
  </price>
  <rating>
   4.35
  </rating>
  <reviews>
   966073
  </reviews>
  <new>
   -
  </new>
  <exclusive>
   no
  </exclusive>
  <sporty>
   no
  </sporty>
 </clothing>
 <clothing>
  <id>
   857074885
  </id>
  <name>
   DC Umbrellas S-2302
  </name>
  <category>
   Umbrellas
  </category>
  <size>
   L
  </size>
  <color>
   Красный
  </color>
  <material>
   Лен
  </material>
  <price>
   859776
  </price>
  <rating>
   4.68
  </rating>
  <reviews>
   40899
  </reviews>
  <new>
   +
  </new>
 </clothing>
 <clothing>
  <id>
   795756384
  </id>
  <name>
   Ellesse T-shirt O-6959
  </name>
  <category>
   T-shirt
  </category>
  <size>
   XXL
  </size>
  <color>
   Оранжевый
  </color>
  <material>
   Хлопок
  </material>
  <price>
   360727
  </price>
  <rating>
   4.49
  </rating>
  <reviews>
   940252
  </reviews>
  <new>
   -
  </new>
  <exclusive>
   yes
  </exclusive>
 </clothing>
 <clothing>
  <id>
   399581690
  </id>
  <name>
   Fila Hat T-6955
  </name>
  <category>
   Hat
  </category>
  <size>
   S
  </size>
  <color>
   Желтый
  </color>
  <material>
   Хлопок
  </material>
  <price>
   593573
  </price>
  <rating>
   1.96
  </rating>
  <reviews>
   993487
  </reviews>
  <new>
   +
  </new>
  <sporty>
   no
  </sporty>
 </clothing>
 <clothing>
  <id>
   513773500
  </id>
  <name>
   Brooks Socks T-2535
  </name>
  <category>
   Socks
  </category>
  <size>
   L
  </size>
  <color>
   Фиолетовый
  </color>
  <material>
   Хлопок
  </material>
  <price>
   791007
  </price>
  <rating>
   1.85
  </rating>
  <reviews>
   583715
  </reviews>
  <exclusive>
   yes
  </exclusive>
  <sporty>
   yes
  </sporty>
 </clothing>
 <clothing>
  <id>
   762922475
  </id>
  <name>
   Asics Jeans Y-8739
  </name>
  <category>
   Jeans
  </category>
  <size>
   S
  </size>
  <color>
   Синий
  </color>
  <material>
   Шерсть
  </material>
  <price>
   826038
  </price>
  <rating>
   4.19
  </rating>
  <reviews>
   311294
  </reviews>
  <new>
   +
  </new>
  <exclusive>
   yes
  </exclusive>
  <sporty>
   no
  </sporty>
 </clothing>
 <clothing>
  <id>
   898566841
  </id>
  <name>
   Under Armour Dress D-4384
  </name>
  <category>
   Dress
  </category>
  <size>
   XXL
  </size>
  <color>
   Красный
  </color>
  <material>
   Вискоза
  </material>
  <price>
   930366
  </price>
  <rating>
   3.79
  </rating>
  <reviews>
   957818
  </reviews>
  <new>
   -
  </new>
  <exclusive>
   yes
  </exclusive>
 </clothing>
 <clothing>
  <id>
   286665270
  </id>
  <name>
   Asics Jacket P-3691
  </name>
  <category>
   Jacket
  </category>
  <size>
   S
  </size>
  <color>
   Оранжевый
  </color>
  <material>
   Хлопок
  </material>
  <price>
   806073
  </price>
  <rating>
   2.06
  </rating>
  <reviews>
   487118
  </reviews>
  <new>
   +
  </new>
  <exclusive>
   yes
  </exclusive>
  <sporty>
   no
  </sporty>
 </clothing>
</clothing-items>
