<?xml version="1.0" encoding="utf-8"?>
<clothing-items>
 <clothing>
  <id>
   586969514
  </id>
  <name>
   Ellesse Gloves N-8077
  </name>
  <category>
   Gloves
  </category>
  <size>
   M
  </size>
  <color>
   Желтый
  </color>
  <material>
   Нейлон
  </material>
  <price>
   276623
  </price>
  <rating>
   3.12
  </rating>
  <reviews>
   362017
  </reviews>
  <sporty>
   yes
  </sporty>
 </clothing>
 <clothing>
  <id>
   499732839
  </id>
  <name>
   Nike Umbrellas G-1606
  </name>
  <category>
   Umbrellas
  </category>
  <size>
   XXL
  </size>
  <color>
   Голубой
  </color>
  <material>
   Полиэстер
  </material>
  <price>
   634919
  </price>
  <rating>
   4.15
  </rating>
  <reviews>
   874383
  </reviews>
  <new>
   -
  </new>
  <exclusive>
   no
  </exclusive>
 </clothing>
 <clothing>
  <id>
   623970113
  </id>
  <name>
   New Balance Blouse T-1844
  </name>
  <category>
   Blouse
  </category>
  <size>
   XXL
  </size>
  <color>
   Голубой
  </color>
  <material>
   Шелк
  </material>
  <price>
   953497
  </price>
  <rating>
   3.99
  </rating>
  <reviews>
   450243
  </reviews>
  <new>
   -
  </new>
  <exclusive>
   no
  </exclusive>
  <sporty>
   no
  </sporty>
 </clothing>
 <clothing>
  <id>
   767165026
  </id>
  <name>
   Ellesse Handbags D-6845
  </name>
  <category>
   Handbags
  </category>
  <size>
   XXL
  </size>
  <color>
   Фиолетовый
  </color>
  <material>
   Нейлон
  </material>
  <price>
   164966
  </price>
  <rating>
   3.85
  </rating>
  <reviews>
   865906
  </reviews>
  <new>
   -
  </new>
 </clothing>
 <clothing>
  <id>
   863551420
  </id>
  <name>
   Vans Shoes V-1796
  </name>
  <category>
   Shoes
  </category>
  <size>
   S
  </size>
  <color>
   Зеленый
  </color>
  <material>
   Полиэстер
  </material>
  <price>
   336961
  </price>
  <rating>
   3.75
  </rating>
  <reviews>
   480408
  </reviews>
  <exclusive>
   no
  </exclusive>
 </clothing>
 <clothing>
  <id>
   507227187
  </id>
  <name>
   Nike Jacket X-1382
  </name>
  <category>
   Jacket
  </category>
  <size>
   L
  </size>
  <color>
   Голубой
  </color>
  <material>
   Шелк
  </material>
  <price>
   197810
  </price>
  <rating>
   1.9
  </rating>
  <reviews>
   311731
  </reviews>
  <new>
   +
  </new>
 </clothing>
 <clothing>
  <id>
   924186405
  </id>
  <name>
   Adidas T-shirt V-9535
  </name>
  <category>
   T-shirt
  </category>
  <size>
   S
  </size>
  <color>
   Зеленый
  </color>
  <material>
   Кожа
  </material>
  <price>
   200876
  </price>
  <rating>
   3.7
  </rating>
  <reviews>
   85055
  </reviews>
  <exclusive>
   no
  </exclusive>
  <sporty>
   yes
  </sporty>
 </clothing>
 <clothing>
  <id>
   305506055
  </id>
  <name>
   Nike Skirt E-4310
  </name>
  <category>
   Skirt
  </category>
  <size>
   S
  </size>
  <color>
   Красный
  </color>
  <material>
   Шелк
  </material>
  <price>
   301935
  </price>
  <rating>
   1.33
  </rating>
  <reviews>
   435410
  </reviews>
  <new>
   +
  </new>
  <sporty>
   no
  </sporty>
 </clothing>
 <clothing>
  <id>
   348083761
  </id>
  <name>
   Asics Socks R-7466
  </name>
  <category>
   Socks
  </category>
  <size>
   M
  </size>
  <color>
   Голубой
  </color>
  <material>
   Хлопок
  </material>
  <price>
   667757
  </price>
  <rating>
   4.29
  </rating>
  <reviews>
   479357
  </reviews>
  <new>
   +
  </new>
  <exclusive>
   no
  </exclusive>
  <sporty>
   yes
  </sporty>
 </clothing>
 <clothing>
  <id>
   336945040
  </id>
  <name>
   Fila Sweater U-4700
  </name>
  <category>
   Sweater
  </category>
  <size>
   M
  </size>
  <color>
   Фиолетовый
  </color>
  <material>
   Кожа
  </material>
  <price>
   595517
  </price>
  <rating>
   1.89
  </rating>
  <reviews>
   528400
  </reviews>
  <exclusive>
   yes
  </exclusive>
  <sporty>
   yes
  </sporty>
 </clothing>
 <clothing>
  <id>
   493313954
  </id>
  <name>
   Nike Umbrellas O-5754
  </name>
  <category>
   Umbrellas
  </category>
  <size>
   XXL
  </size>
  <color>
   Оранжевый
  </color>
  <material>
   Шелк
  </material>
  <price>
   795456
  </price>
  <rating>
   2.42
  </rating>
  <reviews>
   175997
  </reviews>
  <sporty>
   yes
  </sporty>
 </clothing>
 <clothing>
  <id>
   164545419
  </id>
  <name>
   Vans Hat A-1661
  </name>
  <category>
   Hat
  </category>
  <size>
   L
  </size>
  <color>
   Оранжевый
  </color>
  <material>
   Кожа
  </material>
  <price>
   449450
  </price>
  <rating>
   2.61
  </rating>
  <reviews>
   495227
  </reviews>
  <new>
   +
  </new>
 </clothing>
 <clothing>
  <id>
   211488294
  </id>
  <name>
   Brooks Gloves S-8255
  </name>
  <category>
   Gloves
  </category>
  <size>
   XL
  </size>
  <color>
   Желтый
  </color>
  <material>
   Нейлон
  </material>
  <price>
   393512
  </price>
  <rating>
   3.94
  </rating>
  <reviews>
   797350
  </reviews>
  <sporty>
   yes
  </sporty>
 </clothing>
 <clothing>
  <id>
   529242490
  </id>
  <name>
   Under Armour Belts R-2128
  </name>
  <category>
   Belts
  </category>
  <size>
   M
  </size>
  <color>
   Голубой
  </color>
  <material>
   Шелк
  </material>
  <price>
   230888
  </price>
  <rating>
   3.91
  </rating>
  <reviews>
   206888
  </reviews>
  <exclusive>
   yes
  </exclusive>
 </clothing>
 <clothing>
  <id>
   318471993
  </id>
  <name>
   Reebok Umbrellas S-7130
  </name>
  <category>
   Umbrellas
  </category>
  <size>
   M
  </size>
  <color>
   Оранжевый
  </color>
  <material>
   Полиэстер
  </material>
  <price>
   913908
  </price>
  <rating>
   3.14
  </rating>
  <reviews>
   802949
  </reviews>
  <exclusive>
   no
  </exclusive>
  <sporty>
   no
  </sporty>
 </clothing>
 <clothing>
  <id>
   759232772
  </id>
  <name>
   Vans Handbags J-8048
  </name>
  <category>
   Handbags
  </category>
  <size>
   M
  </size>
  <color>
   Фиолетовый
  </color>
  <material>
   Полиэстер
  </material>
  <price>
   166583
  </price>
  <rating>
   3.06
  </rating>
  <reviews>
   729607
  </reviews>
  <new>
   -
  </new>
  <exclusive>
   no
  </exclusive>
  <sporty>
   yes
  </sporty>
 </clothing>
 <clothing>
  <id>
   848378035
  </id>
  <name>
   PleinSport Sweater J-7965
  </name>
  <category>
   Sweater
  </category>
  <size>
   L
  </size>
  <color>
   Голубой
  </color>
  <material>
   Хлопок
  </material>
  <price>
   376351
  </price>
  <rating>
   2.36
  </rating>
  <reviews>
   169688
  </reviews>
 </clothing>
 <clothing>
  <id>
   687946840
  </id>
  <name>
   Asics Umbrellas O-9454
  </name>
  <category>
   Umbrellas
  </category>
  <size>
   L
  </size>
  <color>
   Зеленый
  </color>
  <material>
   Шерсть
  </material>
  <price>
   411615
  </price>
  <rating>
   3.86
  </rating>
  <reviews>
   340335
  </reviews>
  <sporty>
   no
  </sporty>
 </clothing>
 <clothing>
  <id>
   360248391
  </id>
  <name>
   Adidas T-shirt W-5007
  </name>
  <category>
   T-shirt
  </category>
  <size>
   L
  </size>
  <color>
   Зеленый
  </color>
  <material>
   Лен
  </material>
  <price>
   784230
  </price>
  <rating>
   1.59
  </rating>
  <reviews>
   536376
  </reviews>
  <new>
   -
  </new>
  <sporty>
   no
  </sporty>
 </clothing>
 <clothing>
  <id>
   494135898
  </id>
  <name>
   Reebok Skirt E-7575
  </name>
  <category>
   Skirt
  </category>
  <size>
   XL
  </size>
  <color>
   Желтый
  </color>
  <material>
   Кожа
  </material>
  <price>
   844467
  </price>
  <rating>
   1.08
  </rating>
  <reviews>
   622325
  </reviews>
  <sporty>
   yes
  </sporty>
 </clothing>
 <clothing>
  <id>
   659966234
  </id>
  <name>
   Ellesse Socks Z-8702
  </name>
  <category>
   Socks
  </category>
  <size>
   XXL
  </size>
  <color>
   Оранжевый
  </color>
  <material>
   Кожа
  </material>
  <price>
   364572
  </price>
  <rating>
   3.08
  </rating>
  <reviews>
   183803
  </reviews>
  <new>
   +
  </new>
  <sporty>
   no
  </sporty>
 </clothing>
 <clothing>
  <id>
   664656559
  </id>
  <name>
   PleinSport T-shirt K-6911
  </name>
  <category>
   T-shirt
  </category>
  <size>
   M
  </size>
  <color>
   Красный
  </color>
  <material>
   Вискоза
  </material>
  <price>
   835789
  </price>
  <rating>
   1.93
  </rating>
  <reviews>
   876449
  </reviews>
  <new>
   +
  </new>
  <sporty>
   yes
  </sporty>
 </clothing>
</clothing-items>
