<?xml version="1.0" encoding="utf-8"?>
<clothing-items>
 <clothing>
  <id>
   700304757
  </id>
  <name>
   PleinSport Handbags M-8274
  </name>
  <category>
   Handbags
  </category>
  <size>
   L
  </size>
  <color>
   Красный
  </color>
  <material>
   Шерсть
  </material>
  <price>
   584368
  </price>
  <rating>
   1.74
  </rating>
  <reviews>
   452585
  </reviews>
  <exclusive>
   yes
  </exclusive>
  <sporty>
   no
  </sporty>
 </clothing>
 <clothing>
  <id>
   722876313
  </id>
  <name>
   Puma T-shirt Z-8269
  </name>
  <category>
   T-shirt
  </category>
  <size>
   M
  </size>
  <color>
   Зеленый
  </color>
  <material>
   Полиэстер
  </material>
  <price>
   476351
  </price>
  <rating>
   2.42
  </rating>
  <reviews>
   718939
  </reviews>
  <sporty>
   no
  </sporty>
 </clothing>
 <clothing>
  <id>
   610064245
  </id>
  <name>
   Adidas Dress Z-7508
  </name>
  <category>
   Dress
  </category>
  <size>
   XXL
  </size>
  <color>
   Желтый
  </color>
  <material>
   Полиэстер
  </material>
  <price>
   267702
  </price>
  <rating>
   4.72
  </rating>
  <reviews>
   659767
  </reviews>
  <exclusive>
   no
  </exclusive>
 </clothing>
 <clothing>
  <id>
   319871714
  </id>
  <name>
   Reebok Handbags A-3312
  </name>
  <category>
   Handbags
  </category>
  <size>
   M
  </size>
  <color>
   Голубой
  </color>
  <material>
   Шерсть
  </material>
  <price>
   117502
  </price>
  <rating>
   4.87
  </rating>
  <reviews>
   653430
  </reviews>
  <exclusive>
   no
  </exclusive>
 </clothing>
 <clothing>
  <id>
   480969106
  </id>
  <name>
   Reebok Hat Z-5727
  </name>
  <category>
   Hat
  </category>
  <size>
   XL
  </size>
  <color>
   Оранжевый
  </color>
  <material>
   Вискоза
  </material>
  <price>
   207954
  </price>
  <rating>
   1.76
  </rating>
  <reviews>
   411906
  </reviews>
  <new>
   -
  </new>
  <sporty>
   yes
  </sporty>
 </clothing>
 <clothing>
  <id>
   507761951
  </id>
  <name>
   Addidas Sweater O-7262
  </name>
  <category>
   Sweater
  </category>
  <size>
   M
  </size>
  <color>
   Желтый
  </color>
  <material>
   Вискоза
  </material>
  <price>
   738441
  </price>
  <rating>
   4.75
  </rating>
  <reviews>
   221601
  </reviews>
  <new>
   +
  </new>
 </clothing>
 <clothing>
  <id>
   634306255
  </id>
  <name>
   Asics Gloves V-2332
  </name>
  <category>
   Gloves
  </category>
  <size>
   XXL
  </size>
  <color>
   Фиолетовый
  </color>
  <material>
   Вискоза
  </material>
  <price>
   966403
  </price>
  <rating>
   3.89
  </rating>
  <reviews>
   908536
  </reviews>
  <new>
   -
  </new>
  <sporty>
   no
  </sporty>
 </clothing>
 <clothing>
  <id>
   854805724
  </id>
  <name>
   Vans Shirt I-7315
  </name>
  <category>
   Shirt
  </category>
  <size>
   L
  </size>
  <color>
   Желтый
  </color>
  <material>
   Шерсть
  </material>
  <price>
   180194
  </price>
  <rating>
   1.15
  </rating>
  <reviews>
   266751
  </reviews>
  <new>
   -
  </new>
  <exclusive>
   no
  </exclusive>
  <sporty>
   no
  </sporty>
 </clothing>
 <clothing>
  <id>
   372330974
  </id>
  <name>
   Converse Umbrellas P-7566
  </name>
  <category>
   Umbrellas
  </category>
  <size>
   M
  </size>
  <color>
   Желтый
  </color>
  <material>
   Хлопок
  </material>
  <price>
   895278
  </price>
  <rating>
   3.22
  </rating>
  <reviews>
   736342
  </reviews>
  <exclusive>
   no
  </exclusive>
 </clothing>
 <clothing>
  <id>
   841102706
  </id>
  <name>
   Brooks Belts N-1375
  </name>
  <category>
   Belts
  </category>
  <size>
   S
  </size>
  <color>
   Красный
  </color>
  <material>
   Шерсть
  </material>
  <price>
   242553
  </price>
  <rating>
   2.36
  </rating>
  <reviews>
   387319
  </reviews>
  <sporty>
   yes
  </sporty>
 </clothing>
 <clothing>
  <id>
   134092210
  </id>
  <name>
   DC Shirt D-4838
  </name>
  <category>
   Shirt
  </category>
  <size>
   L
  </size>
  <color>
   Красный
  </color>
  <material>
   Хлопок
  </material>
  <price>
   103673
  </price>
  <rating>
   2.34
  </rating>
  <reviews>
   173846
  </reviews>
 </clothing>
 <clothing>
  <id>
   681403579
  </id>
  <name>
   Reebok Pants N-8574
  </name>
  <category>
   Pants
  </category>
  <size>
   S
  </size>
  <color>
   Фиолетовый
  </color>
  <material>
   Нейлон
  </material>
  <price>
   120736
  </price>
  <rating>
   2.23
  </rating>
  <reviews>
   730458
  </reviews>
  <new>
   -
  </new>
 </clothing>
 <clothing>
  <id>
   132746576
  </id>
  <name>
   Puma T-shirt I-3161
  </name>
  <category>
   T-shirt
  </category>
  <size>
   M
  </size>
  <color>
   Оранжевый
  </color>
  <material>
   Хлопок
  </material>
  <price>
   595765
  </price>
  <rating>
   3.11
  </rating>
  <reviews>
   449989
  </reviews>
  <new>
   -
  </new>
  <sporty>
   yes
  </sporty>
 </clothing>
 <clothing>
  <id>
   295894978
  </id>
  <name>
   Lacoste Jeans L-5178
  </name>
  <category>
   Jeans
  </category>
  <size>
   S
  </size>
  <color>
   Синий
  </color>
  <material>
   Вискоза
  </material>
  <price>
   964616
  </price>
  <rating>
   1.19
  </rating>
  <reviews>
   509752
  </reviews>
  <exclusive>
   no
  </exclusive>
 </clothing>
 <clothing>
  <id>
   421360905
  </id>
  <name>
   Under Armour Belts Q-2334
  </name>
  <category>
   Belts
  </category>
  <size>
   XXL
  </size>
  <color>
   Зеленый
  </color>
  <material>
   Полиэстер
  </material>
  <price>
   297221
  </price>
  <rating>
   1.27
  </rating>
  <reviews>
   695300
  </reviews>
  <exclusive>
   no
  </exclusive>
  <sporty>
   no
  </sporty>
 </clothing>
 <clothing>
  <id>
   187680243
  </id>
  <name>
   Asics Shoes D-6223
  </name>
  <category>
   Shoes
  </category>
  <size>
   S
  </size>
  <color>
   Желтый
  </color>
  <material>
   Шерсть
  </material>
  <price>
   119140
  </price>
  <rating>
   3.31
  </rating>
  <reviews>
   746891
  </reviews>
  <sporty>
   yes
  </sporty>
 </clothing>
 <clothing>
  <id>
   460188882
  </id>
  <name>
   Brooks Pants Y-1023
  </name>
  <category>
   Pants
  </category>
  <size>
   XXL
  </size>
  <color>
   Голубой
  </color>
  <material>
   Хлопок
  </material>
  <price>
   467671
  </price>
  <rating>
   3.9
  </rating>
  <reviews>
   557994
  </reviews>
  <exclusive>
   yes
  </exclusive>
  <sporty>
   no
  </sporty>
 </clothing>
 <clothing>
  <id>
   759432527
  </id>
  <name>
   Vans Shirt X-2116
  </name>
  <category>
   Shirt
  </category>
  <size>
   L
  </size>
  <color>
   Красный
  </color>
  <material>
   Вискоза
  </material>
  <price>
   494322
  </price>
  <rating>
   3.64
  </rating>
  <reviews>
   729588
  </reviews>
  <new>
   +
  </new>
  <exclusive>
   no
  </exclusive>
  <sporty>
   yes
  </sporty>
 </clothing>
 <clothing>
  <id>
   968774170
  </id>
  <name>
   PleinSport Jacket V-5771
  </name>
  <category>
   Jacket
  </category>
  <size>
   M
  </size>
  <color>
   Синий
  </color>
  <material>
   Хлопок
  </material>
  <price>
   697751
  </price>
  <rating>
   2.34
  </rating>
  <reviews>
   217916
  </reviews>
 </clothing>
 <clothing>
  <id>
   173406141
  </id>
  <name>
   Converse T-shirt P-4073
  </name>
  <category>
   T-shirt
  </category>
  <size>
   L
  </size>
  <color>
   Оранжевый
  </color>
  <material>
   Хлопок
  </material>
  <price>
   883900
  </price>
  <rating>
   4.42
  </rating>
  <reviews>
   304783
  </reviews>
  <new>
   +
  </new>
  <sporty>
   no
  </sporty>
 </clothing>
 <clothing>
  <id>
   188464112
  </id>
  <name>
   Brooks Shoes Q-5213
  </name>
  <category>
   Shoes
  </category>
  <size>
   M
  </size>
  <color>
   Синий
  </color>
  <material>
   Кожа
  </material>
  <price>
   674593
  </price>
  <rating>
   4.98
  </rating>
  <reviews>
   822033
  </reviews>
  <sporty>
   yes
  </sporty>
 </clothing>
 <clothing>
  <id>
   466711604
  </id>
  <name>
   Adidas Blouse D-3402
  </name>
  <category>
   Blouse
  </category>
  <size>
   XL
  </size>
  <color>
   Голубой
  </color>
  <material>
   Шерсть
  </material>
  <price>
   909432
  </price>
  <rating>
   1.66
  </rating>
  <reviews>
   6424
  </reviews>
  <new>
   -
  </new>
  <exclusive>
   yes
  </exclusive>
 </clothing>
 <clothing>
  <id>
   724017909
  </id>
  <name>
   Adidas Belts D-4099
  </name>
  <category>
   Belts
  </category>
  <size>
   XL
  </size>
  <color>
   Синий
  </color>
  <material>
   Лен
  </material>
  <price>
   938131
  </price>
  <rating>
   3.05
  </rating>
  <reviews>
   564441
  </reviews>
  <new>
   +
  </new>
  <exclusive>
   no
  </exclusive>
  <sporty>
   yes
  </sporty>
 </clothing>
 <clothing>
  <id>
   646058246
  </id>
  <name>
   Under Armour Sweater Q-4746
  </name>
  <category>
   Sweater
  </category>
  <size>
   S
  </size>
  <color>
   Красный
  </color>
  <material>
   Вискоза
  </material>
  <price>
   811660
  </price>
  <rating>
   4.96
  </rating>
  <reviews>
   528560
  </reviews>
  <exclusive>
   no
  </exclusive>
  <sporty>
   no
  </sporty>
 </clothing>
 <clothing>
  <id>
   877370218
  </id>
  <name>
   PleinSport Hat U-1759
  </name>
  <category>
   Hat
  </category>
  <size>
   M
  </size>
  <color>
   Оранжевый
  </color>
  <material>
   Хлопок
  </material>
  <price>
   616782
  </price>
  <rating>
   3.09
  </rating>
  <reviews>
   102031
  </reviews>
  <new>
   -
  </new>
  <exclusive>
   yes
  </exclusive>
 </clothing>
 <clothing>
  <id>
   256242394
  </id>
  <name>
   Asics Socks D-5575
  </name>
  <category>
   Socks
  </category>
  <size>
   M
  </size>
  <color>
   Красный
  </color>
  <material>
   Вискоза
  </material>
  <price>
   295529
  </price>
  <rating>
   3.37
  </rating>
  <reviews>
   76716
  </reviews>
  <new>
   -
  </new>
  <exclusive>
   no
  </exclusive>
 </clothing>
 <clothing>
  <id>
   768009192
  </id>
  <name>
   Nike Skirt W-4455
  </name>
  <category>
   Skirt
  </category>
  <size>
   M
  </size>
  <color>
   Красный
  </color>
  <material>
   Шерсть
  </material>
  <price>
   521892
  </price>
  <rating>
   3.31
  </rating>
  <reviews>
   526662
  </reviews>
  <new>
   +
  </new>
  <exclusive>
   no
  </exclusive>
 </clothing>
 <clothing>
  <id>
   242820022
  </id>
  <name>
   DC Jacket H-9821
  </name>
  <category>
   Jacket
  </category>
  <size>
   M
  </size>
  <color>
   Зеленый
  </color>
  <material>
   Кожа
  </material>
  <price>
   918453
  </price>
  <rating>
   3.66
  </rating>
  <reviews>
   692104
  </reviews>
  <new>
   -
  </new>
  <exclusive>
   no
  </exclusive>
 </clothing>
 <clothing>
  <id>
   463765011
  </id>
  <name>
   Addidas Sweater P-3292
  </name>
  <category>
   Sweater
  </category>
  <size>
   S
  </size>
  <color>
   Зеленый
  </color>
  <material>
   Вискоза
  </material>
  <price>
   603525
  </price>
  <rating>
   3.97
  </rating>
  <reviews>
   470516
  </reviews>
  <new>
   -
  </new>
  <exclusive>
   no
  </exclusive>
  <sporty>
   yes
  </sporty>
 </clothing>
 <clothing>
  <id>
   958554048
  </id>
  <name>
   Vans Jacket K-3243
  </name>
  <category>
   Jacket
  </category>
  <size>
   S
  </size>
  <color>
   Оранжевый
  </color>
  <material>
   Полиэстер
  </material>
  <price>
   398825
  </price>
  <rating>
   1.65
  </rating>
  <reviews>
   125119
  </reviews>
  <new>
   +
  </new>
  <exclusive>
   no
  </exclusive>
 </clothing>
 <clothing>
  <id>
   710208767
  </id>
  <name>
   DC Sweater A-1440
  </name>
  <category>
   Sweater
  </category>
  <size>
   S
  </size>
  <color>
   Желтый
  </color>
  <material>
   Вискоза
  </material>
  <price>
   654976
  </price>
  <rating>
   1.23
  </rating>
  <reviews>
   94829
  </reviews>
  <new>
   -
  </new>
  <sporty>
   no
  </sporty>
 </clothing>
 <clothing>
  <id>
   244493969
  </id>
  <name>
   Addidas Gloves R-5219
  </name>
  <category>
   Gloves
  </category>
  <size>
   M
  </size>
  <color>
   Синий
  </color>
  <material>
   Нейлон
  </material>
  <price>
   832609
  </price>
  <rating>
   2.86
  </rating>
  <reviews>
   184980
  </reviews>
  <new>
   -
  </new>
  <exclusive>
   yes
  </exclusive>
 </clothing>
</clothing-items>
