<?xml version="1.0" encoding="utf-8"?>
<clothing-items>
 <clothing>
  <id>
   964554590
  </id>
  <name>
   Vans Gloves R-9988
  </name>
  <category>
   Gloves
  </category>
  <size>
   XXL
  </size>
  <color>
   Голубой
  </color>
  <material>
   Полиэстер
  </material>
  <price>
   497000
  </price>
  <rating>
   4.87
  </rating>
  <reviews>
   783530
  </reviews>
  <new>
   +
  </new>
  <exclusive>
   yes
  </exclusive>
  <sporty>
   yes
  </sporty>
 </clothing>
 <clothing>
  <id>
   288923858
  </id>
  <name>
   DC Shirt N-7652
  </name>
  <category>
   Shirt
  </category>
  <size>
   XXL
  </size>
  <color>
   Красный
  </color>
  <material>
   Хлопок
  </material>
  <price>
   246026
  </price>
  <rating>
   1.82
  </rating>
  <reviews>
   75476
  </reviews>
  <new>
   -
  </new>
  <sporty>
   no
  </sporty>
 </clothing>
 <clothing>
  <id>
   807038369
  </id>
  <name>
   Fila Gloves E-1052
  </name>
  <category>
   Gloves
  </category>
  <size>
   M
  </size>
  <color>
   Желтый
  </color>
  <material>
   Лен
  </material>
  <price>
   311042
  </price>
  <rating>
   1.85
  </rating>
  <reviews>
   570502
  </reviews>
  <exclusive>
   yes
  </exclusive>
  <sporty>
   no
  </sporty>
 </clothing>
 <clothing>
  <id>
   242071938
  </id>
  <name>
   Ellesse Handbags F-3352
  </name>
  <category>
   Handbags
  </category>
  <size>
   M
  </size>
  <color>
   Зеленый
  </color>
  <material>
   Кожа
  </material>
  <price>
   757638
  </price>
  <rating>
   2.97
  </rating>
  <reviews>
   763028
  </reviews>
  <new>
   +
  </new>
  <exclusive>
   no
  </exclusive>
 </clothing>
 <clothing>
  <id>
   150506912
  </id>
  <name>
   Converse Umbrellas F-9172
  </name>
  <category>
   Umbrellas
  </category>
  <size>
   S
  </size>
  <color>
   Красный
  </color>
  <material>
   Нейлон
  </material>
  <price>
   600715
  </price>
  <rating>
   1.7
  </rating>
  <reviews>
   395776
  </reviews>
  <new>
   +
  </new>
  <exclusive>
   yes
  </exclusive>
 </clothing>
 <clothing>
  <id>
   482187369
  </id>
  <name>
   Lacoste Pants N-8799
  </name>
  <category>
   Pants
  </category>
  <size>
   XXL
  </size>
  <color>
   Голубой
  </color>
  <material>
   Шелк
  </material>
  <price>
   763176
  </price>
  <rating>
   1.14
  </rating>
  <reviews>
   791060
  </reviews>
  <new>
   -
  </new>
  <exclusive>
   yes
  </exclusive>
 </clothing>
 <clothing>
  <id>
   849525587
  </id>
  <name>
   Reebok Socks N-1706
  </name>
  <category>
   Socks
  </category>
  <size>
   L
  </size>
  <color>
   Фиолетовый
  </color>
  <material>
   Кожа
  </material>
  <price>
   126571
  </price>
  <rating>
   3.3
  </rating>
  <reviews>
   280269
  </reviews>
  <sporty>
   yes
  </sporty>
 </clothing>
 <clothing>
  <id>
   300508004
  </id>
  <name>
   Addidas Umbrellas Y-2196
  </name>
  <category>
   Umbrellas
  </category>
  <size>
   XXL
  </size>
  <color>
   Желтый
  </color>
  <material>
   Вискоза
  </material>
  <price>
   720647
  </price>
  <rating>
   2.59
  </rating>
  <reviews>
   660797
  </reviews>
  <exclusive>
   no
  </exclusive>
 </clothing>
 <clothing>
  <id>
   125762344
  </id>
  <name>
   PleinSport Gloves T-4672
  </name>
  <category>
   Gloves
  </category>
  <size>
   S
  </size>
  <color>
   Оранжевый
  </color>
  <material>
   Полиэстер
  </material>
  <price>
   435370
  </price>
  <rating>
   2.26
  </rating>
  <reviews>
   835341
  </reviews>
  <new>
   -
  </new>
 </clothing>
 <clothing>
  <id>
   308772366
  </id>
  <name>
   New Balance Hat O-5303
  </name>
  <category>
   Hat
  </category>
  <size>
   S
  </size>
  <color>
   Оранжевый
  </color>
  <material>
   Полиэстер
  </material>
  <price>
   859483
  </price>
  <rating>
   1.58
  </rating>
  <reviews>
   65006
  </reviews>
  <new>
   -
  </new>
  <exclusive>
   no
  </exclusive>
 </clothing>
 <clothing>
  <id>
   619663115
  </id>
  <name>
   Ellesse Socks Z-1621
  </name>
  <category>
   Socks
  </category>
  <size>
   XXL
  </size>
  <color>
   Фиолетовый
  </color>
  <material>
   Шерсть
  </material>
  <price>
   383770
  </price>
  <rating>
   4.1
  </rating>
  <reviews>
   480189
  </reviews>
  <new>
   -
  </new>
  <exclusive>
   no
  </exclusive>
  <sporty>
   no
  </sporty>
 </clothing>
 <clothing>
  <id>
   971694173
  </id>
  <name>
   Nike Sweater E-8567
  </name>
  <category>
   Sweater
  </category>
  <size>
   L
  </size>
  <color>
   Голубой
  </color>
  <material>
   Вискоза
  </material>
  <price>
   669772
  </price>
  <rating>
   4.27
  </rating>
  <reviews>
   361182
  </reviews>
  <new>
   +
  </new>
  <exclusive>
   no
  </exclusive>
 </clothing>
 <clothing>
  <id>
   145383396
  </id>
  <name>
   Addidas Jacket L-2644
  </name>
  <category>
   Jacket
  </category>
  <size>
   XXL
  </size>
  <color>
   Голубой
  </color>
  <material>
   Шерсть
  </material>
  <price>
   837403
  </price>
  <rating>
   3.68
  </rating>
  <reviews>
   458806
  </reviews>
  <new>
   -
  </new>
  <exclusive>
   no
  </exclusive>
  <sporty>
   no
  </sporty>
 </clothing>
 <clothing>
  <id>
   380428931
  </id>
  <name>
   Addidas Hat B-1532
  </name>
  <category>
   Hat
  </category>
  <size>
   M
  </size>
  <color>
   Оранжевый
  </color>
  <material>
   Хлопок
  </material>
  <price>
   217547
  </price>
  <rating>
   1.12
  </rating>
  <reviews>
   408089
  </reviews>
  <new>
   -
  </new>
  <sporty>
   yes
  </sporty>
 </clothing>
 <clothing>
  <id>
   268199873
  </id>
  <name>
   Nike Umbrellas Q-3278
  </name>
  <category>
   Umbrellas
  </category>
  <size>
   L
  </size>
  <color>
   Желтый
  </color>
  <material>
   Лен
  </material>
  <price>
   629760
  </price>
  <rating>
   3.87
  </rating>
  <reviews>
   516763
  </reviews>
  <exclusive>
   no
  </exclusive>
 </clothing>
 <clothing>
  <id>
   510017640
  </id>
  <name>
   Fila Shoes E-2780
  </name>
  <category>
   Shoes
  </category>
  <size>
   M
  </size>
  <color>
   Фиолетовый
  </color>
  <material>
   Нейлон
  </material>
  <price>
   236124
  </price>
  <rating>
   3.21
  </rating>
  <reviews>
   598125
  </reviews>
 </clothing>
 <clothing>
  <id>
   293409839
  </id>
  <name>
   Vans Handbags I-2795
  </name>
  <category>
   Handbags
  </category>
  <size>
   M
  </size>
  <color>
   Голубой
  </color>
  <material>
   Вискоза
  </material>
  <price>
   924183
  </price>
  <rating>
   1.36
  </rating>
  <reviews>
   780237
  </reviews>
  <exclusive>
   no
  </exclusive>
 </clothing>
 <clothing>
  <id>
   111964734
  </id>
  <name>
   Asics Sweater N-4287
  </name>
  <category>
   Sweater
  </category>
  <size>
   XL
  </size>
  <color>
   Голубой
  </color>
  <material>
   Лен
  </material>
  <price>
   185066
  </price>
  <rating>
   2.86
  </rating>
  <reviews>
   173822
  </reviews>
  <new>
   +
  </new>
  <exclusive>
   no
  </exclusive>
 </clothing>
 <clothing>
  <id>
   795502789
  </id>
  <name>
   Fila Belts Q-7765
  </name>
  <category>
   Belts
  </category>
  <size>
   XXL
  </size>
  <color>
   Синий
  </color>
  <material>
   Кожа
  </material>
  <price>
   185330
  </price>
  <rating>
   3.38
  </rating>
  <reviews>
   793896
  </reviews>
  <new>
   -
  </new>
  <exclusive>
   no
  </exclusive>
  <sporty>
   yes
  </sporty>
 </clothing>
 <clothing>
  <id>
   901325080
  </id>
  <name>
   DC Hat S-1421
  </name>
  <category>
   Hat
  </category>
  <size>
   M
  </size>
  <color>
   Желтый
  </color>
  <material>
   Хлопок
  </material>
  <price>
   320488
  </price>
  <rating>
   3.2
  </rating>
  <reviews>
   945206
  </reviews>
  <new>
   -
  </new>
 </clothing>
 <clothing>
  <id>
   547903585
  </id>
  <name>
   DC Skirt U-5520
  </name>
  <category>
   Skirt
  </category>
  <size>
   L
  </size>
  <color>
   Синий
  </color>
  <material>
   Кожа
  </material>
  <price>
   649287
  </price>
  <rating>
   2.67
  </rating>
  <reviews>
   772920
  </reviews>
  <new>
   -
  </new>
  <exclusive>
   yes
  </exclusive>
  <sporty>
   no
  </sporty>
 </clothing>
 <clothing>
  <id>
   828134385
  </id>
  <name>
   Reebok Socks G-2817
  </name>
  <category>
   Socks
  </category>
  <size>
   S
  </size>
  <color>
   Желтый
  </color>
  <material>
   Кожа
  </material>
  <price>
   145663
  </price>
  <rating>
   4.52
  </rating>
  <reviews>
   543240
  </reviews>
  <sporty>
   no
  </sporty>
 </clothing>
 <clothing>
  <id>
   615078468
  </id>
  <name>
   Fila Socks J-8291
  </name>
  <category>
   Socks
  </category>
  <size>
   XXL
  </size>
  <color>
   Красный
  </color>
  <material>
   Полиэстер
  </material>
  <price>
   616652
  </price>
  <rating>
   4.27
  </rating>
  <reviews>
   370931
  </reviews>
  <new>
   -
  </new>
  <sporty>
   no
  </sporty>
 </clothing>
 <clothing>
  <id>
   510292577
  </id>
  <name>
   Fila T-shirt N-1366
  </name>
  <category>
   T-shirt
  </category>
  <size>
   XL
  </size>
  <color>
   Желтый
  </color>
  <material>
   Нейлон
  </material>
  <price>
   858548
  </price>
  <rating>
   3.24
  </rating>
  <reviews>
   579847
  </reviews>
  <new>
   +
  </new>
  <sporty>
   no
  </sporty>
 </clothing>
 <clothing>
  <id>
   878662235
  </id>
  <name>
   Nike T-shirt P-5494
  </name>
  <category>
   T-shirt
  </category>
  <size>
   XXL
  </size>
  <color>
   Желтый
  </color>
  <material>
   Хлопок
  </material>
  <price>
   323103
  </price>
  <rating>
   2.16
  </rating>
  <reviews>
   134275
  </reviews>
  <exclusive>
   yes
  </exclusive>
  <sporty>
   yes
  </sporty>
 </clothing>
 <clothing>
  <id>
   993002578
  </id>
  <name>
   Under Armour T-shirt F-5959
  </name>
  <category>
   T-shirt
  </category>
  <size>
   L
  </size>
  <color>
   Голубой
  </color>
  <material>
   Полиэстер
  </material>
  <price>
   754012
  </price>
  <rating>
   2.44
  </rating>
  <reviews>
   283287
  </reviews>
  <exclusive>
   yes
  </exclusive>
  <sporty>
   no
  </sporty>
 </clothing>
 <clothing>
  <id>
   981007907
  </id>
  <name>
   New Balance Umbrellas C-3963
  </name>
  <category>
   Umbrellas
  </category>
  <size>
   L
  </size>
  <color>
   Желтый
  </color>
  <material>
   Нейлон
  </material>
  <price>
   585370
  </price>
  <rating>
   1.11
  </rating>
  <reviews>
   826763
  </reviews>
  <sporty>
   no
  </sporty>
 </clothing>
</clothing-items>
