<?xml version="1.0" encoding="utf-8"?>
<clothing-items>
 <clothing>
  <id>
   779250551
  </id>
  <name>
   Brooks Hat J-8083
  </name>
  <category>
   Hat
  </category>
  <size>
   S
  </size>
  <color>
   Красный
  </color>
  <material>
   Шелк
  </material>
  <price>
   312079
  </price>
  <rating>
   3.48
  </rating>
  <reviews>
   4269
  </reviews>
  <exclusive>
   no
  </exclusive>
  <sporty>
   yes
  </sporty>
 </clothing>
 <clothing>
  <id>
   164301530
  </id>
  <name>
   Brooks Socks S-6437
  </name>
  <category>
   Socks
  </category>
  <size>
   S
  </size>
  <color>
   Зеленый
  </color>
  <material>
   Шелк
  </material>
  <price>
   561309
  </price>
  <rating>
   4.5
  </rating>
  <reviews>
   966213
  </reviews>
  <new>
   -
  </new>
  <exclusive>
   no
  </exclusive>
  <sporty>
   no
  </sporty>
 </clothing>
 <clothing>
  <id>
   981974711
  </id>
  <name>
   Asics T-shirt A-1234
  </name>
  <category>
   T-shirt
  </category>
  <size>
   M
  </size>
  <color>
   Оранжевый
  </color>
  <material>
   Шерсть
  </material>
  <price>
   896805
  </price>
  <rating>
   1.12
  </rating>
  <reviews>
   214198
  </reviews>
  <exclusive>
   no
  </exclusive>
  <sporty>
   no
  </sporty>
 </clothing>
 <clothing>
  <id>
   192227185
  </id>
  <name>
   Converse Gloves Q-3123
  </name>
  <category>
   Gloves
  </category>
  <size>
   S
  </size>
  <color>
   Желтый
  </color>
  <material>
   Лен
  </material>
  <price>
   822359
  </price>
  <rating>
   2.58
  </rating>
  <reviews>
   224862
  </reviews>
  <new>
   -
  </new>
  <sporty>
   no
  </sporty>
 </clothing>
 <clothing>
  <id>
   201719752
  </id>
  <name>
   Asics Sweater H-5574
  </name>
  <category>
   Sweater
  </category>
  <size>
   XL
  </size>
  <color>
   Зеленый
  </color>
  <material>
   Шерсть
  </material>
  <price>
   631580
  </price>
  <rating>
   4.69
  </rating>
  <reviews>
   670036
  </reviews>
  <new>
   +
  </new>
  <sporty>
   yes
  </sporty>
 </clothing>
 <clothing>
  <id>
   230915724
  </id>
  <name>
   PleinSport Gloves P-4282
  </name>
  <category>
   Gloves
  </category>
  <size>
   XL
  </size>
  <color>
   Зеленый
  </color>
  <material>
   Шелк
  </material>
  <price>
   169492
  </price>
  <rating>
   3.53
  </rating>
  <reviews>
   861360
  </reviews>
  <new>
   -
  </new>
  <exclusive>
   no
  </exclusive>
  <sporty>
   no
  </sporty>
 </clothing>
 <clothing>
  <id>
   954214059
  </id>
  <name>
   DC Hat S-8544
  </name>
  <category>
   Hat
  </category>
  <size>
   XL
  </size>
  <color>
   Голубой
  </color>
  <material>
   Кожа
  </material>
  <price>
   433531
  </price>
  <rating>
   2.18
  </rating>
  <reviews>
   369255
  </reviews>
  <exclusive>
   no
  </exclusive>
  <sporty>
   no
  </sporty>
 </clothing>
 <clothing>
  <id>
   856140942
  </id>
  <name>
   Fila Pants R-9545
  </name>
  <category>
   Pants
  </category>
  <size>
   XL
  </size>
  <color>
   Зеленый
  </color>
  <material>
   Шелк
  </material>
  <price>
   816142
  </price>
  <rating>
   1.84
  </rating>
  <reviews>
   810399
  </reviews>
  <new>
   +
  </new>
  <exclusive>
   no
  </exclusive>
 </clothing>
 <clothing>
  <id>
   550382969
  </id>
  <name>
   Under Armour Jeans H-9711
  </name>
  <category>
   Jeans
  </category>
  <size>
   M
  </size>
  <color>
   Красный
  </color>
  <material>
   Полиэстер
  </material>
  <price>
   597411
  </price>
  <rating>
   2.69
  </rating>
  <reviews>
   177278
  </reviews>
  <new>
   +
  </new>
  <exclusive>
   yes
  </exclusive>
 </clothing>
 <clothing>
  <id>
   269132763
  </id>
  <name>
   Under Armour Socks E-5115
  </name>
  <category>
   Socks
  </category>
  <size>
   XL
  </size>
  <color>
   Оранжевый
  </color>
  <material>
   Шелк
  </material>
  <price>
   786754
  </price>
  <rating>
   4.38
  </rating>
  <reviews>
   668924
  </reviews>
  <sporty>
   no
  </sporty>
 </clothing>
 <clothing>
  <id>
   926645433
  </id>
  <name>
   Puma Skirt N-4771
  </name>
  <category>
   Skirt
  </category>
  <size>
   XXL
  </size>
  <color>
   Желтый
  </color>
  <material>
   Шерсть
  </material>
  <price>
   104282
  </price>
  <rating>
   1.17
  </rating>
  <reviews>
   213278
  </reviews>
  <new>
   -
  </new>
  <exclusive>
   no
  </exclusive>
 </clothing>
 <clothing>
  <id>
   219331911
  </id>
  <name>
   Nike Sweater T-8174
  </name>
  <category>
   Sweater
  </category>
  <size>
   S
  </size>
  <color>
   Синий
  </color>
  <material>
   Полиэстер
  </material>
  <price>
   569126
  </price>
  <rating>
   3.13
  </rating>
  <reviews>
   390974
  </reviews>
  <new>
   -
  </new>
 </clothing>
 <clothing>
  <id>
   645635912
  </id>
  <name>
   Under Armour Pants U-2918
  </name>
  <category>
   Pants
  </category>
  <size>
   XL
  </size>
  <color>
   Зеленый
  </color>
  <material>
   Лен
  </material>
  <price>
   523462
  </price>
  <rating>
   2.66
  </rating>
  <reviews>
   7448
  </reviews>
  <exclusive>
   yes
  </exclusive>
 </clothing>
 <clothing>
  <id>
   285585679
  </id>
  <name>
   Reebok Skirt O-5772
  </name>
  <category>
   Skirt
  </category>
  <size>
   XL
  </size>
  <color>
   Голубой
  </color>
  <material>
   Шерсть
  </material>
  <price>
   500467
  </price>
  <rating>
   2.27
  </rating>
  <reviews>
   356821
  </reviews>
  <new>
   +
  </new>
  <exclusive>
   no
  </exclusive>
  <sporty>
   yes
  </sporty>
 </clothing>
 <clothing>
  <id>
   487274868
  </id>
  <name>
   Addidas Socks J-9853
  </name>
  <category>
   Socks
  </category>
  <size>
   XL
  </size>
  <color>
   Оранжевый
  </color>
  <material>
   Хлопок
  </material>
  <price>
   218212
  </price>
  <rating>
   2.48
  </rating>
  <reviews>
   901907
  </reviews>
  <new>
   +
  </new>
  <exclusive>
   yes
  </exclusive>
 </clothing>
 <clothing>
  <id>
   667801828
  </id>
  <name>
   Reebok Dress B-5606
  </name>
  <category>
   Dress
  </category>
  <size>
   L
  </size>
  <color>
   Фиолетовый
  </color>
  <material>
   Шелк
  </material>
  <price>
   605423
  </price>
  <rating>
   4.0
  </rating>
  <reviews>
   242633
  </reviews>
  <new>
   +
  </new>
  <exclusive>
   no
  </exclusive>
 </clothing>
 <clothing>
  <id>
   175786640
  </id>
  <name>
   Addidas Jacket W-5269
  </name>
  <category>
   Jacket
  </category>
  <size>
   XXL
  </size>
  <color>
   Фиолетовый
  </color>
  <material>
   Кожа
  </material>
  <price>
   281975
  </price>
  <rating>
   3.67
  </rating>
  <reviews>
   7756
  </reviews>
  <exclusive>
   no
  </exclusive>
  <sporty>
   yes
  </sporty>
 </clothing>
 <clothing>
  <id>
   366813023
  </id>
  <name>
   Fila Hat J-8006
  </name>
  <category>
   Hat
  </category>
  <size>
   M
  </size>
  <color>
   Желтый
  </color>
  <material>
   Шелк
  </material>
  <price>
   983952
  </price>
  <rating>
   2.34
  </rating>
  <reviews>
   4177
  </reviews>
  <new>
   +
  </new>
 </clothing>
 <clothing>
  <id>
   361862547
  </id>
  <name>
   Converse Shirt N-2280
  </name>
  <category>
   Shirt
  </category>
  <size>
   M
  </size>
  <color>
   Фиолетовый
  </color>
  <material>
   Хлопок
  </material>
  <price>
   989444
  </price>
  <rating>
   1.36
  </rating>
  <reviews>
   641134
  </reviews>
  <new>
   -
  </new>
 </clothing>
 <clothing>
  <id>
   349657152
  </id>
  <name>
   Addidas Sweater Z-9818
  </name>
  <category>
   Sweater
  </category>
  <size>
   L
  </size>
  <color>
   Оранжевый
  </color>
  <material>
   Полиэстер
  </material>
  <price>
   552493
  </price>
  <rating>
   3.22
  </rating>
  <reviews>
   849480
  </reviews>
  <new>
   -
  </new>
  <exclusive>
   no
  </exclusive>
  <sporty>
   no
  </sporty>
 </clothing>
 <clothing>
  <id>
   522524545
  </id>
  <name>
   Asics Handbags I-6636
  </name>
  <category>
   Handbags
  </category>
  <size>
   XL
  </size>
  <color>
   Голубой
  </color>
  <material>
   Лен
  </material>
  <price>
   832756
  </price>
  <rating>
   2.34
  </rating>
  <reviews>
   867116
  </reviews>
  <new>
   -
  </new>
  <exclusive>
   no
  </exclusive>
  <sporty>
   yes
  </sporty>
 </clothing>
 <clothing>
  <id>
   611102277
  </id>
  <name>
   Addidas Umbrellas H-4779
  </name>
  <category>
   Umbrellas
  </category>
  <size>
   XXL
  </size>
  <color>
   Желтый
  </color>
  <material>
   Лен
  </material>
  <price>
   611751
  </price>
  <rating>
   3.88
  </rating>
  <reviews>
   152787
  </reviews>
  <new>
   -
  </new>
  <exclusive>
   no
  </exclusive>
  <sporty>
   yes
  </sporty>
 </clothing>
 <clothing>
  <id>
   733020752
  </id>
  <name>
   Asics Hat D-9573
  </name>
  <category>
   Hat
  </category>
  <size>
   S
  </size>
  <color>
   Красный
  </color>
  <material>
   Полиэстер
  </material>
  <price>
   366486
  </price>
  <rating>
   3.71
  </rating>
  <reviews>
   138732
  </reviews>
  <new>
   +
  </new>
  <exclusive>
   yes
  </exclusive>
 </clothing>
 <clothing>
  <id>
   951578703
  </id>
  <name>
   Asics Dress Z-6479
  </name>
  <category>
   Dress
  </category>
  <size>
   XL
  </size>
  <color>
   Желтый
  </color>
  <material>
   Шерсть
  </material>
  <price>
   550509
  </price>
  <rating>
   3.56
  </rating>
  <reviews>
   542639
  </reviews>
  <sporty>
   no
  </sporty>
 </clothing>
 <clothing>
  <id>
   476827485
  </id>
  <name>
   Puma Sweater D-1716
  </name>
  <category>
   Sweater
  </category>
  <size>
   M
  </size>
  <color>
   Синий
  </color>
  <material>
   Вискоза
  </material>
  <price>
   364706
  </price>
  <rating>
   1.58
  </rating>
  <reviews>
   365059
  </reviews>
  <new>
   +
  </new>
  <sporty>
   yes
  </sporty>
 </clothing>
 <clothing>
  <id>
   304859852
  </id>
  <name>
   Puma Belts A-3990
  </name>
  <category>
   Belts
  </category>
  <size>
   M
  </size>
  <color>
   Зеленый
  </color>
  <material>
   Полиэстер
  </material>
  <price>
   485168
  </price>
  <rating>
   3.71
  </rating>
  <reviews>
   511245
  </reviews>
  <new>
   +
  </new>
  <exclusive>
   yes
  </exclusive>
 </clothing>
 <clothing>
  <id>
   539332507
  </id>
  <name>
   Asics Pants N-8937
  </name>
  <category>
   Pants
  </category>
  <size>
   M
  </size>
  <color>
   Голубой
  </color>
  <material>
   Полиэстер
  </material>
  <price>
   265335
  </price>
  <rating>
   3.43
  </rating>
  <reviews>
   866772
  </reviews>
  <new>
   -
  </new>
  <exclusive>
   yes
  </exclusive>
  <sporty>
   no
  </sporty>
 </clothing>
 <clothing>
  <id>
   250848462
  </id>
  <name>
   New Balance Dress I-4438
  </name>
  <category>
   Dress
  </category>
  <size>
   S
  </size>
  <color>
   Синий
  </color>
  <material>
   Нейлон
  </material>
  <price>
   400709
  </price>
  <rating>
   2.62
  </rating>
  <reviews>
   101805
  </reviews>
  <new>
   -
  </new>
  <sporty>
   no
  </sporty>
 </clothing>
 <clothing>
  <id>
   751651885
  </id>
  <name>
   Adidas Dress Q-9321
  </name>
  <category>
   Dress
  </category>
  <size>
   L
  </size>
  <color>
   Желтый
  </color>
  <material>
   Нейлон
  </material>
  <price>
   659579
  </price>
  <rating>
   1.13
  </rating>
  <reviews>
   887077
  </reviews>
  <new>
   +
  </new>
  <exclusive>
   yes
  </exclusive>
 </clothing>
 <clothing>
  <id>
   661011081
  </id>
  <name>
   Reebok Blouse A-8603
  </name>
  <category>
   Blouse
  </category>
  <size>
   S
  </size>
  <color>
   Желтый
  </color>
  <material>
   Кожа
  </material>
  <price>
   242342
  </price>
  <rating>
   4.4
  </rating>
  <reviews>
   672616
  </reviews>
  <new>
   -
  </new>
  <exclusive>
   no
  </exclusive>
 </clothing>
 <clothing>
  <id>
   869416275
  </id>
  <name>
   Puma T-shirt D-6512
  </name>
  <category>
   T-shirt
  </category>
  <size>
   L
  </size>
  <color>
   Желтый
  </color>
  <material>
   Кожа
  </material>
  <price>
   348062
  </price>
  <rating>
   4.22
  </rating>
  <reviews>
   837286
  </reviews>
  <new>
   -
  </new>
  <exclusive>
   yes
  </exclusive>
 </clothing>
 <clothing>
  <id>
   266074219
  </id>
  <name>
   DC Blouse Z-5233
  </name>
  <category>
   Blouse
  </category>
  <size>
   M
  </size>
  <color>
   Красный
  </color>
  <material>
   Хлопок
  </material>
  <price>
   797128
  </price>
  <rating>
   2.33
  </rating>
  <reviews>
   101944
  </reviews>
  <new>
   -
  </new>
 </clothing>
 <clothing>
  <id>
   159390446
  </id>
  <name>
   Brooks Jacket Z-8290
  </name>
  <category>
   Jacket
  </category>
  <size>
   S
  </size>
  <color>
   Желтый
  </color>
  <material>
   Кожа
  </material>
  <price>
   704777
  </price>
  <rating>
   1.75
  </rating>
  <reviews>
   566773
  </reviews>
  <sporty>
   yes
  </sporty>
 </clothing>
 <clothing>
  <id>
   140367843
  </id>
  <name>
   Reebok Socks N-8232
  </name>
  <category>
   Socks
  </category>
  <size>
   XXL
  </size>
  <color>
   Оранжевый
  </color>
  <material>
   Вискоза
  </material>
  <price>
   739214
  </price>
  <rating>
   4.26
  </rating>
  <reviews>
   152614
  </reviews>
  <new>
   -
  </new>
  <sporty>
   no
  </sporty>
 </clothing>
 <clothing>
  <id>
   279346421
  </id>
  <name>
   PleinSport Sweater T-5251
  </name>
  <category>
   Sweater
  </category>
  <size>
   XXL
  </size>
  <color>
   Фиолетовый
  </color>
  <material>
   Хлопок
  </material>
  <price>
   214864
  </price>
  <rating>
   2.58
  </rating>
  <reviews>
   904000
  </reviews>
  <new>
   +
  </new>
  <sporty>
   yes
  </sporty>
 </clothing>
 <clothing>
  <id>
   326333213
  </id>
  <name>
   Vans Skirt X-3948
  </name>
  <category>
   Skirt
  </category>
  <size>
   XXL
  </size>
  <color>
   Оранжевый
  </color>
  <material>
   Полиэстер
  </material>
  <price>
   223892
  </price>
  <rating>
   1.03
  </rating>
  <reviews>
   951970
  </reviews>
  <new>
   +
  </new>
  <exclusive>
   no
  </exclusive>
 </clothing>
</clothing-items>
