<?xml version="1.0" encoding="utf-8"?>
<clothing-items>
 <clothing>
  <id>
   177676233
  </id>
  <name>
   Reebok T-shirt R-3523
  </name>
  <category>
   T-shirt
  </category>
  <size>
   XL
  </size>
  <color>
   Фиолетовый
  </color>
  <material>
   Лен
  </material>
  <price>
   915554
  </price>
  <rating>
   3.61
  </rating>
  <reviews>
   81879
  </reviews>
  <new>
   +
  </new>
  <sporty>
   no
  </sporty>
 </clothing>
 <clothing>
  <id>
   173450057
  </id>
  <name>
   New Balance Handbags Y-4429
  </name>
  <category>
   Handbags
  </category>
  <size>
   S
  </size>
  <color>
   Желтый
  </color>
  <material>
   Полиэстер
  </material>
  <price>
   471300
  </price>
  <rating>
   2.43
  </rating>
  <reviews>
   188883
  </reviews>
  <new>
   +
  </new>
 </clothing>
 <clothing>
  <id>
   242710487
  </id>
  <name>
   Ellesse Socks H-7089
  </name>
  <category>
   Socks
  </category>
  <size>
   S
  </size>
  <color>
   Голубой
  </color>
  <material>
   Полиэстер
  </material>
  <price>
   165319
  </price>
  <rating>
   2.12
  </rating>
  <reviews>
   368916
  </reviews>
  <new>
   -
  </new>
  <exclusive>
   no
  </exclusive>
  <sporty>
   no
  </sporty>
 </clothing>
 <clothing>
  <id>
   832210712
  </id>
  <name>
   Reebok Dress B-6757
  </name>
  <category>
   Dress
  </category>
  <size>
   M
  </size>
  <color>
   Зеленый
  </color>
  <material>
   Кожа
  </material>
  <price>
   868820
  </price>
  <rating>
   1.39
  </rating>
  <reviews>
   352176
  </reviews>
  <new>
   -
  </new>
  <exclusive>
   yes
  </exclusive>
  <sporty>
   no
  </sporty>
 </clothing>
 <clothing>
  <id>
   478597063
  </id>
  <name>
   Converse Shirt I-5135
  </name>
  <category>
   Shirt
  </category>
  <size>
   S
  </size>
  <color>
   Фиолетовый
  </color>
  <material>
   Нейлон
  </material>
  <price>
   491156
  </price>
  <rating>
   3.19
  </rating>
  <reviews>
   291354
  </reviews>
  <new>
   +
  </new>
  <exclusive>
   yes
  </exclusive>
  <sporty>
   yes
  </sporty>
 </clothing>
 <clothing>
  <id>
   269335458
  </id>
  <name>
   Puma Socks V-9306
  </name>
  <category>
   Socks
  </category>
  <size>
   L
  </size>
  <color>
   Оранжевый
  </color>
  <material>
   Хлопок
  </material>
  <price>
   140922
  </price>
  <rating>
   2.07
  </rating>
  <reviews>
   22370
  </reviews>
  <exclusive>
   no
  </exclusive>
  <sporty>
   no
  </sporty>
 </clothing>
 <clothing>
  <id>
   758208014
  </id>
  <name>
   Vans Jeans Z-6303
  </name>
  <category>
   Jeans
  </category>
  <size>
   S
  </size>
  <color>
   Фиолетовый
  </color>
  <material>
   Шерсть
  </material>
  <price>
   168011
  </price>
  <rating>
   3.04
  </rating>
  <reviews>
   926478
  </reviews>
 </clothing>
 <clothing>
  <id>
   625824617
  </id>
  <name>
   Converse Socks L-3350
  </name>
  <category>
   Socks
  </category>
  <size>
   L
  </size>
  <color>
   Желтый
  </color>
  <material>
   Кожа
  </material>
  <price>
   197604
  </price>
  <rating>
   4.82
  </rating>
  <reviews>
   299255
  </reviews>
  <exclusive>
   no
  </exclusive>
 </clothing>
 <clothing>
  <id>
   565542779
  </id>
  <name>
   Lacoste Blouse T-2418
  </name>
  <category>
   Blouse
  </category>
  <size>
   S
  </size>
  <color>
   Красный
  </color>
  <material>
   Шелк
  </material>
  <price>
   562796
  </price>
  <rating>
   1.47
  </rating>
  <reviews>
   865850
  </reviews>
  <exclusive>
   yes
  </exclusive>
 </clothing>
 <clothing>
  <id>
   156344928
  </id>
  <name>
   PleinSport Jeans A-3975
  </name>
  <category>
   Jeans
  </category>
  <size>
   XXL
  </size>
  <color>
   Голубой
  </color>
  <material>
   Кожа
  </material>
  <price>
   918730
  </price>
  <rating>
   3.38
  </rating>
  <reviews>
   289454
  </reviews>
 </clothing>
 <clothing>
  <id>
   357326240
  </id>
  <name>
   Converse Socks M-3836
  </name>
  <category>
   Socks
  </category>
  <size>
   S
  </size>
  <color>
   Фиолетовый
  </color>
  <material>
   Нейлон
  </material>
  <price>
   820827
  </price>
  <rating>
   4.24
  </rating>
  <reviews>
   510622
  </reviews>
  <sporty>
   no
  </sporty>
 </clothing>
 <clothing>
  <id>
   489945114
  </id>
  <name>
   Vans Dress B-4229
  </name>
  <category>
   Dress
  </category>
  <size>
   XL
  </size>
  <color>
   Фиолетовый
  </color>
  <material>
   Лен
  </material>
  <price>
   494231
  </price>
  <rating>
   4.11
  </rating>
  <reviews>
   411389
  </reviews>
  <new>
   +
  </new>
  <exclusive>
   yes
  </exclusive>
  <sporty>
   no
  </sporty>
 </clothing>
 <clothing>
  <id>
   214797685
  </id>
  <name>
   Ellesse Hat Y-9445
  </name>
  <category>
   Hat
  </category>
  <size>
   M
  </size>
  <color>
   Голубой
  </color>
  <material>
   Нейлон
  </material>
  <price>
   855556
  </price>
  <rating>
   3.82
  </rating>
  <reviews>
   947609
  </reviews>
  <exclusive>
   no
  </exclusive>
  <sporty>
   no
  </sporty>
 </clothing>
 <clothing>
  <id>
   863725641
  </id>
  <name>
   PleinSport Socks L-1983
  </name>
  <category>
   Socks
  </category>
  <size>
   S
  </size>
  <color>
   Красный
  </color>
  <material>
   Хлопок
  </material>
  <price>
   214835
  </price>
  <rating>
   4.44
  </rating>
  <reviews>
   75879
  </reviews>
  <exclusive>
   no
  </exclusive>
  <sporty>
   yes
  </sporty>
 </clothing>
 <clothing>
  <id>
   536099520
  </id>
  <name>
   Reebok Gloves A-8189
  </name>
  <category>
   Gloves
  </category>
  <size>
   XXL
  </size>
  <color>
   Желтый
  </color>
  <material>
   Хлопок
  </material>
  <price>
   613731
  </price>
  <rating>
   1.29
  </rating>
  <reviews>
   881197
  </reviews>
  <new>
   -
  </new>
  <sporty>
   no
  </sporty>
 </clothing>
 <clothing>
  <id>
   403643927
  </id>
  <name>
   Vans Handbags H-5844
  </name>
  <category>
   Handbags
  </category>
  <size>
   S
  </size>
  <color>
   Фиолетовый
  </color>
  <material>
   Кожа
  </material>
  <price>
   462540
  </price>
  <rating>
   3.75
  </rating>
  <reviews>
   563460
  </reviews>
  <new>
   +
  </new>
  <exclusive>
   yes
  </exclusive>
  <sporty>
   no
  </sporty>
 </clothing>
 <clothing>
  <id>
   965806270
  </id>
  <name>
   New Balance Socks M-1549
  </name>
  <category>
   Socks
  </category>
  <size>
   XXL
  </size>
  <color>
   Зеленый
  </color>
  <material>
   Полиэстер
  </material>
  <price>
   338946
  </price>
  <rating>
   2.67
  </rating>
  <reviews>
   629797
  </reviews>
  <exclusive>
   no
  </exclusive>
 </clothing>
 <clothing>
  <id>
   617210620
  </id>
  <name>
   Asics Shoes C-7252
  </name>
  <category>
   Shoes
  </category>
  <size>
   L
  </size>
  <color>
   Синий
  </color>
  <material>
   Полиэстер
  </material>
  <price>
   343804
  </price>
  <rating>
   4.4
  </rating>
  <reviews>
   65427
  </reviews>
  <exclusive>
   no
  </exclusive>
 </clothing>
 <clothing>
  <id>
   750866888
  </id>
  <name>
   Ellesse Skirt M-5083
  </name>
  <category>
   Skirt
  </category>
  <size>
   XL
  </size>
  <color>
   Зеленый
  </color>
  <material>
   Полиэстер
  </material>
  <price>
   843642
  </price>
  <rating>
   2.52
  </rating>
  <reviews>
   465480
  </reviews>
  <new>
   +
  </new>
  <exclusive>
   no
  </exclusive>
  <sporty>
   yes
  </sporty>
 </clothing>
 <clothing>
  <id>
   671394410
  </id>
  <name>
   PleinSport Socks D-4958
  </name>
  <category>
   Socks
  </category>
  <size>
   S
  </size>
  <color>
   Синий
  </color>
  <material>
   Кожа
  </material>
  <price>
   668274
  </price>
  <rating>
   2.55
  </rating>
  <reviews>
   510329
  </reviews>
  <new>
   +
  </new>
  <exclusive>
   no
  </exclusive>
  <sporty>
   no
  </sporty>
 </clothing>
 <clothing>
  <id>
   482570110
  </id>
  <name>
   Puma Sweater Y-9183
  </name>
  <category>
   Sweater
  </category>
  <size>
   XXL
  </size>
  <color>
   Красный
  </color>
  <material>
   Кожа
  </material>
  <price>
   876411
  </price>
  <rating>
   3.48
  </rating>
  <reviews>
   581694
  </reviews>
  <exclusive>
   no
  </exclusive>
 </clothing>
 <clothing>
  <id>
   466208302
  </id>
  <name>
   Asics Shirt V-2792
  </name>
  <category>
   Shirt
  </category>
  <size>
   M
  </size>
  <color>
   Зеленый
  </color>
  <material>
   Лен
  </material>
  <price>
   299674
  </price>
  <rating>
   3.53
  </rating>
  <reviews>
   461539
  </reviews>
  <new>
   -
  </new>
  <exclusive>
   yes
  </exclusive>
  <sporty>
   no
  </sporty>
 </clothing>
 <clothing>
  <id>
   280806136
  </id>
  <name>
   Puma Handbags T-8824
  </name>
  <category>
   Handbags
  </category>
  <size>
   XXL
  </size>
  <color>
   Зеленый
  </color>
  <material>
   Нейлон
  </material>
  <price>
   755790
  </price>
  <rating>
   3.68
  </rating>
  <reviews>
   800853
  </reviews>
  <new>
   -
  </new>
  <exclusive>
   no
  </exclusive>
  <sporty>
   yes
  </sporty>
 </clothing>
 <clothing>
  <id>
   560014121
  </id>
  <name>
   Asics Pants X-1263
  </name>
  <category>
   Pants
  </category>
  <size>
   M
  </size>
  <color>
   Оранжевый
  </color>
  <material>
   Нейлон
  </material>
  <price>
   199419
  </price>
  <rating>
   4.73
  </rating>
  <reviews>
   910450
  </reviews>
  <exclusive>
   no
  </exclusive>
  <sporty>
   no
  </sporty>
 </clothing>
 <clothing>
  <id>
   130705872
  </id>
  <name>
   Asics Hat V-4935
  </name>
  <category>
   Hat
  </category>
  <size>
   S
  </size>
  <color>
   Фиолетовый
  </color>
  <material>
   Нейлон
  </material>
  <price>
   347876
  </price>
  <rating>
   1.6
  </rating>
  <reviews>
   314036
  </reviews>
  <new>
   +
  </new>
  <exclusive>
   yes
  </exclusive>
 </clothing>
 <clothing>
  <id>
   917031062
  </id>
  <name>
   Ellesse Dress Y-3388
  </name>
  <category>
   Dress
  </category>
  <size>
   XL
  </size>
  <color>
   Зеленый
  </color>
  <material>
   Нейлон
  </material>
  <price>
   245570
  </price>
  <rating>
   1.76
  </rating>
  <reviews>
   698039
  </reviews>
  <new>
   -
  </new>
  <exclusive>
   no
  </exclusive>
 </clothing>
 <clothing>
  <id>
   464572862
  </id>
  <name>
   Vans Shirt J-9505
  </name>
  <category>
   Shirt
  </category>
  <size>
   XL
  </size>
  <color>
   Красный
  </color>
  <material>
   Шелк
  </material>
  <price>
   373091
  </price>
  <rating>
   2.93
  </rating>
  <reviews>
   986227
  </reviews>
 </clothing>
 <clothing>
  <id>
   727981261
  </id>
  <name>
   PleinSport Belts B-9494
  </name>
  <category>
   Belts
  </category>
  <size>
   L
  </size>
  <color>
   Желтый
  </color>
  <material>
   Полиэстер
  </material>
  <price>
   132883
  </price>
  <rating>
   3.77
  </rating>
  <reviews>
   264723
  </reviews>
  <new>
   -
  </new>
  <sporty>
   no
  </sporty>
 </clothing>
 <clothing>
  <id>
   669620348
  </id>
  <name>
   Ellesse Jeans C-5412
  </name>
  <category>
   Jeans
  </category>
  <size>
   XXL
  </size>
  <color>
   Желтый
  </color>
  <material>
   Шерсть
  </material>
  <price>
   919988
  </price>
  <rating>
   1.0
  </rating>
  <reviews>
   852196
  </reviews>
  <exclusive>
   yes
  </exclusive>
  <sporty>
   no
  </sporty>
 </clothing>
 <clothing>
  <id>
   735282332
  </id>
  <name>
   Puma Gloves M-3104
  </name>
  <category>
   Gloves
  </category>
  <size>
   XL
  </size>
  <color>
   Оранжевый
  </color>
  <material>
   Шелк
  </material>
  <price>
   343708
  </price>
  <rating>
   1.9
  </rating>
  <reviews>
   584606
  </reviews>
  <sporty>
   no
  </sporty>
 </clothing>
 <clothing>
  <id>
   720259767
  </id>
  <name>
   Under Armour Jeans E-8277
  </name>
  <category>
   Jeans
  </category>
  <size>
   XXL
  </size>
  <color>
   Голубой
  </color>
  <material>
   Нейлон
  </material>
  <price>
   110417
  </price>
  <rating>
   2.89
  </rating>
  <reviews>
   834421
  </reviews>
  <new>
   +
  </new>
  <sporty>
   no
  </sporty>
 </clothing>
 <clothing>
  <id>
   251664007
  </id>
  <name>
   Converse Jacket X-9048
  </name>
  <category>
   Jacket
  </category>
  <size>
   XL
  </size>
  <color>
   Голубой
  </color>
  <material>
   Полиэстер
  </material>
  <price>
   796024
  </price>
  <rating>
   4.28
  </rating>
  <reviews>
   270228
  </reviews>
  <exclusive>
   no
  </exclusive>
 </clothing>
 <clothing>
  <id>
   977111792
  </id>
  <name>
   Puma Jacket M-9347
  </name>
  <category>
   Jacket
  </category>
  <size>
   S
  </size>
  <color>
   Желтый
  </color>
  <material>
   Хлопок
  </material>
  <price>
   403299
  </price>
  <rating>
   4.35
  </rating>
  <reviews>
   405010
  </reviews>
  <new>
   -
  </new>
  <sporty>
   no
  </sporty>
 </clothing>
 <clothing>
  <id>
   512141398
  </id>
  <name>
   Brooks Pants G-8138
  </name>
  <category>
   Pants
  </category>
  <size>
   XXL
  </size>
  <color>
   Красный
  </color>
  <material>
   Лен
  </material>
  <price>
   632740
  </price>
  <rating>
   3.4
  </rating>
  <reviews>
   22668
  </reviews>
  <new>
   +
  </new>
  <exclusive>
   no
  </exclusive>
  <sporty>
   no
  </sporty>
 </clothing>
 <clothing>
  <id>
   826655513
  </id>
  <name>
   Brooks Gloves A-9085
  </name>
  <category>
   Gloves
  </category>
  <size>
   XL
  </size>
  <color>
   Фиолетовый
  </color>
  <material>
   Полиэстер
  </material>
  <price>
   867961
  </price>
  <rating>
   3.26
  </rating>
  <reviews>
   294193
  </reviews>
  <new>
   +
  </new>
 </clothing>
 <clothing>
  <id>
   956170787
  </id>
  <name>
   Addidas Umbrellas A-5062
  </name>
  <category>
   Umbrellas
  </category>
  <size>
   S
  </size>
  <color>
   Красный
  </color>
  <material>
   Шелк
  </material>
  <price>
   197272
  </price>
  <rating>
   3.77
  </rating>
  <reviews>
   77426
  </reviews>
  <new>
   +
  </new>
  <exclusive>
   no
  </exclusive>
  <sporty>
   yes
  </sporty>
 </clothing>
 <clothing>
  <id>
   368410008
  </id>
  <name>
   Converse Umbrellas V-2697
  </name>
  <category>
   Umbrellas
  </category>
  <size>
   L
  </size>
  <color>
   Синий
  </color>
  <material>
   Полиэстер
  </material>
  <price>
   380826
  </price>
  <rating>
   1.93
  </rating>
  <reviews>
   147589
  </reviews>
  <new>
   -
  </new>
  <exclusive>
   yes
  </exclusive>
  <sporty>
   no
  </sporty>
 </clothing>
 <clothing>
  <id>
   859808088
  </id>
  <name>
   Ellesse Dress W-4312
  </name>
  <category>
   Dress
  </category>
  <size>
   XL
  </size>
  <color>
   Голубой
  </color>
  <material>
   Шерсть
  </material>
  <price>
   303975
  </price>
  <rating>
   4.28
  </rating>
  <reviews>
   710787
  </reviews>
  <new>
   -
  </new>
  <exclusive>
   yes
  </exclusive>
 </clothing>
 <clothing>
  <id>
   188571361
  </id>
  <name>
   Adidas Socks C-1851
  </name>
  <category>
   Socks
  </category>
  <size>
   XL
  </size>
  <color>
   Зеленый
  </color>
  <material>
   Полиэстер
  </material>
  <price>
   975546
  </price>
  <rating>
   2.53
  </rating>
  <reviews>
   169267
  </reviews>
  <exclusive>
   no
  </exclusive>
 </clothing>
 <clothing>
  <id>
   669762263
  </id>
  <name>
   Fila Jacket F-4223
  </name>
  <category>
   Jacket
  </category>
  <size>
   XL
  </size>
  <color>
   Желтый
  </color>
  <material>
   Шелк
  </material>
  <price>
   925188
  </price>
  <rating>
   2.93
  </rating>
  <reviews>
   137591
  </reviews>
  <new>
   -
  </new>
  <exclusive>
   yes
  </exclusive>
  <sporty>
   no
  </sporty>
 </clothing>
 <clothing>
  <id>
   127846849
  </id>
  <name>
   Brooks Socks D-4492
  </name>
  <category>
   Socks
  </category>
  <size>
   L
  </size>
  <color>
   Зеленый
  </color>
  <material>
   Полиэстер
  </material>
  <price>
   222338
  </price>
  <rating>
   4.19
  </rating>
  <reviews>
   167875
  </reviews>
  <sporty>
   yes
  </sporty>
 </clothing>
 <clothing>
  <id>
   169493593
  </id>
  <name>
   Adidas Pants G-1401
  </name>
  <category>
   Pants
  </category>
  <size>
   L
  </size>
  <color>
   Оранжевый
  </color>
  <material>
   Шерсть
  </material>
  <price>
   112049
  </price>
  <rating>
   2.6
  </rating>
  <reviews>
   239041
  </reviews>
  <sporty>
   yes
  </sporty>
 </clothing>
 <clothing>
  <id>
   305600069
  </id>
  <name>
   New Balance Skirt N-8369
  </name>
  <category>
   Skirt
  </category>
  <size>
   M
  </size>
  <color>
   Зеленый
  </color>
  <material>
   Кожа
  </material>
  <price>
   940818
  </price>
  <rating>
   4.65
  </rating>
  <reviews>
   689498
  </reviews>
  <new>
   +
  </new>
  <exclusive>
   no
  </exclusive>
  <sporty>
   no
  </sporty>
 </clothing>
</clothing-items>
