<?xml version="1.0" encoding="utf-8"?>
<clothing-items>
 <clothing>
  <id>
   622346473
  </id>
  <name>
   New Balance T-shirt T-9727
  </name>
  <category>
   T-shirt
  </category>
  <size>
   XL
  </size>
  <color>
   Желтый
  </color>
  <material>
   Вискоза
  </material>
  <price>
   576514
  </price>
  <rating>
   2.02
  </rating>
  <reviews>
   699270
  </reviews>
  <sporty>
   yes
  </sporty>
 </clothing>
 <clothing>
  <id>
   828454463
  </id>
  <name>
   New Balance Skirt Q-5362
  </name>
  <category>
   Skirt
  </category>
  <size>
   M
  </size>
  <color>
   Зеленый
  </color>
  <material>
   Полиэстер
  </material>
  <price>
   678432
  </price>
  <rating>
   2.18
  </rating>
  <reviews>
   439563
  </reviews>
  <new>
   -
  </new>
  <sporty>
   yes
  </sporty>
 </clothing>
 <clothing>
  <id>
   152920282
  </id>
  <name>
   Vans Socks N-7614
  </name>
  <category>
   Socks
  </category>
  <size>
   L
  </size>
  <color>
   Красный
  </color>
  <material>
   Вискоза
  </material>
  <price>
   220991
  </price>
  <rating>
   4.3
  </rating>
  <reviews>
   824706
  </reviews>
  <new>
   -
  </new>
  <exclusive>
   no
  </exclusive>
  <sporty>
   no
  </sporty>
 </clothing>
 <clothing>
  <id>
   126381762
  </id>
  <name>
   PleinSport Jacket F-9117
  </name>
  <category>
   Jacket
  </category>
  <size>
   M
  </size>
  <color>
   Фиолетовый
  </color>
  <material>
   Вискоза
  </material>
  <price>
   233799
  </price>
  <rating>
   4.5
  </rating>
  <reviews>
   819308
  </reviews>
 </clothing>
 <clothing>
  <id>
   747810333
  </id>
  <name>
   Lacoste Shoes M-5726
  </name>
  <category>
   Shoes
  </category>
  <size>
   L
  </size>
  <color>
   Зеленый
  </color>
  <material>
   Полиэстер
  </material>
  <price>
   286915
  </price>
  <rating>
   2.63
  </rating>
  <reviews>
   617110
  </reviews>
  <new>
   +
  </new>
 </clothing>
 <clothing>
  <id>
   727685553
  </id>
  <name>
   Under Armour Gloves T-6793
  </name>
  <category>
   Gloves
  </category>
  <size>
   XXL
  </size>
  <color>
   Голубой
  </color>
  <material>
   Кожа
  </material>
  <price>
   367295
  </price>
  <rating>
   3.56
  </rating>
  <reviews>
   829360
  </reviews>
  <exclusive>
   no
  </exclusive>
 </clothing>
 <clothing>
  <id>
   499678398
  </id>
  <name>
   PleinSport Jacket S-4049
  </name>
  <category>
   Jacket
  </category>
  <size>
   XXL
  </size>
  <color>
   Желтый
  </color>
  <material>
   Нейлон
  </material>
  <price>
   319830
  </price>
  <rating>
   3.22
  </rating>
  <reviews>
   72706
  </reviews>
 </clothing>
 <clothing>
  <id>
   154926437
  </id>
  <name>
   Addidas Shirt Q-4094
  </name>
  <category>
   Shirt
  </category>
  <size>
   S
  </size>
  <color>
   Зеленый
  </color>
  <material>
   Шелк
  </material>
  <price>
   850790
  </price>
  <rating>
   3.1
  </rating>
  <reviews>
   599945
  </reviews>
  <sporty>
   no
  </sporty>
 </clothing>
 <clothing>
  <id>
   150267317
  </id>
  <name>
   Under Armour Umbrellas U-4230
  </name>
  <category>
   Umbrellas
  </category>
  <size>
   XXL
  </size>
  <color>
   Фиолетовый
  </color>
  <material>
   Шерсть
  </material>
  <price>
   915144
  </price>
  <rating>
   1.04
  </rating>
  <reviews>
   686552
  </reviews>
  <new>
   -
  </new>
  <sporty>
   no
  </sporty>
 </clothing>
 <clothing>
  <id>
   502897700
  </id>
  <name>
   Lacoste Belts O-9277
  </name>
  <category>
   Belts
  </category>
  <size>
   XXL
  </size>
  <color>
   Фиолетовый
  </color>
  <material>
   Лен
  </material>
  <price>
   178305
  </price>
  <rating>
   1.93
  </rating>
  <reviews>
   872737
  </reviews>
  <sporty>
   yes
  </sporty>
 </clothing>
 <clothing>
  <id>
   131124170
  </id>
  <name>
   Addidas Pants P-8144
  </name>
  <category>
   Pants
  </category>
  <size>
   L
  </size>
  <color>
   Красный
  </color>
  <material>
   Вискоза
  </material>
  <price>
   784640
  </price>
  <rating>
   4.57
  </rating>
  <reviews>
   229962
  </reviews>
  <new>
   +
  </new>
  <exclusive>
   no
  </exclusive>
 </clothing>
 <clothing>
  <id>
   812778682
  </id>
  <name>
   PleinSport Gloves O-8147
  </name>
  <category>
   Gloves
  </category>
  <size>
   M
  </size>
  <color>
   Оранжевый
  </color>
  <material>
   Шелк
  </material>
  <price>
   269264
  </price>
  <rating>
   2.69
  </rating>
  <reviews>
   58112
  </reviews>
  <new>
   +
  </new>
  <exclusive>
   no
  </exclusive>
 </clothing>
 <clothing>
  <id>
   339360021
  </id>
  <name>
   Puma Sweater S-7548
  </name>
  <category>
   Sweater
  </category>
  <size>
   S
  </size>
  <color>
   Оранжевый
  </color>
  <material>
   Шелк
  </material>
  <price>
   151698
  </price>
  <rating>
   3.69
  </rating>
  <reviews>
   238088
  </reviews>
  <new>
   -
  </new>
  <exclusive>
   yes
  </exclusive>
  <sporty>
   yes
  </sporty>
 </clothing>
 <clothing>
  <id>
   272435784
  </id>
  <name>
   PleinSport Handbags G-6678
  </name>
  <category>
   Handbags
  </category>
  <size>
   S
  </size>
  <color>
   Синий
  </color>
  <material>
   Шерсть
  </material>
  <price>
   261832
  </price>
  <rating>
   1.83
  </rating>
  <reviews>
   497936
  </reviews>
  <sporty>
   no
  </sporty>
 </clothing>
 <clothing>
  <id>
   564356300
  </id>
  <name>
   Puma Sweater U-5608
  </name>
  <category>
   Sweater
  </category>
  <size>
   XL
  </size>
  <color>
   Синий
  </color>
  <material>
   Шерсть
  </material>
  <price>
   690409
  </price>
  <rating>
   3.07
  </rating>
  <reviews>
   548839
  </reviews>
  <new>
   +
  </new>
  <exclusive>
   yes
  </exclusive>
  <sporty>
   no
  </sporty>
 </clothing>
 <clothing>
  <id>
   495156274
  </id>
  <name>
   Nike T-shirt L-2455
  </name>
  <category>
   T-shirt
  </category>
  <size>
   L
  </size>
  <color>
   Синий
  </color>
  <material>
   Кожа
  </material>
  <price>
   814335
  </price>
  <rating>
   4.99
  </rating>
  <reviews>
   255783
  </reviews>
  <new>
   -
  </new>
  <exclusive>
   yes
  </exclusive>
 </clothing>
 <clothing>
  <id>
   953930838
  </id>
  <name>
   DC Hat N-8479
  </name>
  <category>
   Hat
  </category>
  <size>
   S
  </size>
  <color>
   Красный
  </color>
  <material>
   Полиэстер
  </material>
  <price>
   689287
  </price>
  <rating>
   3.76
  </rating>
  <reviews>
   524395
  </reviews>
  <new>
   +
  </new>
  <exclusive>
   no
  </exclusive>
  <sporty>
   yes
  </sporty>
 </clothing>
 <clothing>
  <id>
   493468517
  </id>
  <name>
   New Balance Dress J-9508
  </name>
  <category>
   Dress
  </category>
  <size>
   S
  </size>
  <color>
   Зеленый
  </color>
  <material>
   Вискоза
  </material>
  <price>
   470391
  </price>
  <rating>
   2.54
  </rating>
  <reviews>
   634448
  </reviews>
  <exclusive>
   no
  </exclusive>
  <sporty>
   yes
  </sporty>
 </clothing>
 <clothing>
  <id>
   874989936
  </id>
  <name>
   PleinSport Jacket F-4765
  </name>
  <category>
   Jacket
  </category>
  <size>
   XXL
  </size>
  <color>
   Зеленый
  </color>
  <material>
   Лен
  </material>
  <price>
   504852
  </price>
  <rating>
   4.48
  </rating>
  <reviews>
   487278
  </reviews>
  <new>
   -
  </new>
  <exclusive>
   no
  </exclusive>
  <sporty>
   no
  </sporty>
 </clothing>
 <clothing>
  <id>
   275941527
  </id>
  <name>
   Ellesse T-shirt E-2117
  </name>
  <category>
   T-shirt
  </category>
  <size>
   M
  </size>
  <color>
   Фиолетовый
  </color>
  <material>
   Нейлон
  </material>
  <price>
   656961
  </price>
  <rating>
   3.03
  </rating>
  <reviews>
   201031
  </reviews>
  <sporty>
   yes
  </sporty>
 </clothing>
 <clothing>
  <id>
   106464274
  </id>
  <name>
   Lacoste Dress V-4817
  </name>
  <category>
   Dress
  </category>
  <size>
   M
  </size>
  <color>
   Зеленый
  </color>
  <material>
   Полиэстер
  </material>
  <price>
   497258
  </price>
  <rating>
   2.4
  </rating>
  <reviews>
   869617
  </reviews>
  <new>
   +
  </new>
  <exclusive>
   no
  </exclusive>
  <sporty>
   no
  </sporty>
 </clothing>
 <clothing>
  <id>
   635820384
  </id>
  <name>
   DC Gloves E-7173
  </name>
  <category>
   Gloves
  </category>
  <size>
   L
  </size>
  <color>
   Фиолетовый
  </color>
  <material>
   Шелк
  </material>
  <price>
   591612
  </price>
  <rating>
   2.08
  </rating>
  <reviews>
   315170
  </reviews>
  <new>
   -
  </new>
  <exclusive>
   no
  </exclusive>
  <sporty>
   no
  </sporty>
 </clothing>
 <clothing>
  <id>
   836027289
  </id>
  <name>
   PleinSport Skirt V-8458
  </name>
  <category>
   Skirt
  </category>
  <size>
   S
  </size>
  <color>
   Голубой
  </color>
  <material>
   Кожа
  </material>
  <price>
   483622
  </price>
  <rating>
   3.32
  </rating>
  <reviews>
   271233
  </reviews>
  <exclusive>
   yes
  </exclusive>
  <sporty>
   no
  </sporty>
 </clothing>
 <clothing>
  <id>
   104846861
  </id>
  <name>
   Fila Blouse Q-3135
  </name>
  <category>
   Blouse
  </category>
  <size>
   L
  </size>
  <color>
   Желтый
  </color>
  <material>
   Полиэстер
  </material>
  <price>
   175572
  </price>
  <rating>
   1.44
  </rating>
  <reviews>
   158883
  </reviews>
  <new>
   -
  </new>
  <sporty>
   yes
  </sporty>
 </clothing>
 <clothing>
  <id>
   892093800
  </id>
  <name>
   Vans Belts Z-8506
  </name>
  <category>
   Belts
  </category>
  <size>
   XXL
  </size>
  <color>
   Голубой
  </color>
  <material>
   Нейлон
  </material>
  <price>
   705816
  </price>
  <rating>
   1.1
  </rating>
  <reviews>
   413038
  </reviews>
  <exclusive>
   yes
  </exclusive>
 </clothing>
 <clothing>
  <id>
   721815862
  </id>
  <name>
   Ellesse Hat P-8821
  </name>
  <category>
   Hat
  </category>
  <size>
   XXL
  </size>
  <color>
   Оранжевый
  </color>
  <material>
   Полиэстер
  </material>
  <price>
   979029
  </price>
  <rating>
   1.01
  </rating>
  <reviews>
   86551
  </reviews>
  <new>
   -
  </new>
  <sporty>
   yes
  </sporty>
 </clothing>
 <clothing>
  <id>
   529079201
  </id>
  <name>
   Lacoste Umbrellas X-5722
  </name>
  <category>
   Umbrellas
  </category>
  <size>
   XXL
  </size>
  <color>
   Фиолетовый
  </color>
  <material>
   Шерсть
  </material>
  <price>
   856728
  </price>
  <rating>
   1.14
  </rating>
  <reviews>
   252744
  </reviews>
  <new>
   +
  </new>
  <exclusive>
   yes
  </exclusive>
  <sporty>
   yes
  </sporty>
 </clothing>
</clothing-items>
