<?xml version="1.0" encoding="utf-8"?>
<clothing-items>
 <clothing>
  <id>
   142811003
  </id>
  <name>
   Puma Blouse T-8154
  </name>
  <category>
   Blouse
  </category>
  <size>
   XXL
  </size>
  <color>
   Оранжевый
  </color>
  <material>
   Лен
  </material>
  <price>
   526204
  </price>
  <rating>
   1.67
  </rating>
  <reviews>
   498237
  </reviews>
  <new>
   -
  </new>
  <sporty>
   no
  </sporty>
 </clothing>
 <clothing>
  <id>
   182412751
  </id>
  <name>
   PleinSport Pants J-5288
  </name>
  <category>
   Pants
  </category>
  <size>
   M
  </size>
  <color>
   Зеленый
  </color>
  <material>
   Хлопок
  </material>
  <price>
   441253
  </price>
  <rating>
   2.02
  </rating>
  <reviews>
   154557
  </reviews>
  <new>
   +
  </new>
  <exclusive>
   no
  </exclusive>
 </clothing>
 <clothing>
  <id>
   544892755
  </id>
  <name>
   Converse Blouse X-2452
  </name>
  <category>
   Blouse
  </category>
  <size>
   XL
  </size>
  <color>
   Желтый
  </color>
  <material>
   Нейлон
  </material>
  <price>
   191055
  </price>
  <rating>
   2.24
  </rating>
  <reviews>
   271680
  </reviews>
  <new>
   -
  </new>
  <exclusive>
   no
  </exclusive>
 </clothing>
 <clothing>
  <id>
   235681689
  </id>
  <name>
   Ellesse Belts H-4628
  </name>
  <category>
   Belts
  </category>
  <size>
   L
  </size>
  <color>
   Голубой
  </color>
  <material>
   Нейлон
  </material>
  <price>
   230209
  </price>
  <rating>
   4.67
  </rating>
  <reviews>
   526082
  </reviews>
  <new>
   +
  </new>
 </clothing>
 <clothing>
  <id>
   762267636
  </id>
  <name>
   Nike Jeans H-8704
  </name>
  <category>
   Jeans
  </category>
  <size>
   M
  </size>
  <color>
   Синий
  </color>
  <material>
   Кожа
  </material>
  <price>
   414373
  </price>
  <rating>
   1.74
  </rating>
  <reviews>
   724677
  </reviews>
  <new>
   +
  </new>
  <exclusive>
   no
  </exclusive>
 </clothing>
 <clothing>
  <id>
   228073273
  </id>
  <name>
   Ellesse Shirt Y-6011
  </name>
  <category>
   Shirt
  </category>
  <size>
   XXL
  </size>
  <color>
   Оранжевый
  </color>
  <material>
   Вискоза
  </material>
  <price>
   516688
  </price>
  <rating>
   2.62
  </rating>
  <reviews>
   512668
  </reviews>
  <new>
   +
  </new>
  <exclusive>
   yes
  </exclusive>
  <sporty>
   no
  </sporty>
 </clothing>
 <clothing>
  <id>
   900901812
  </id>
  <name>
   Ellesse Dress V-7553
  </name>
  <category>
   Dress
  </category>
  <size>
   S
  </size>
  <color>
   Оранжевый
  </color>
  <material>
   Полиэстер
  </material>
  <price>
   698753
  </price>
  <rating>
   2.81
  </rating>
  <reviews>
   107304
  </reviews>
  <sporty>
   no
  </sporty>
 </clothing>
 <clothing>
  <id>
   789656012
  </id>
  <name>
   New Balance Hat Z-5624
  </name>
  <category>
   Hat
  </category>
  <size>
   S
  </size>
  <color>
   Фиолетовый
  </color>
  <material>
   Полиэстер
  </material>
  <price>
   869170
  </price>
  <rating>
   1.16
  </rating>
  <reviews>
   921100
  </reviews>
 </clothing>
 <clothing>
  <id>
   619161394
  </id>
  <name>
   Lacoste Skirt Y-6305
  </name>
  <category>
   Skirt
  </category>
  <size>
   XXL
  </size>
  <color>
   Оранжевый
  </color>
  <material>
   Шерсть
  </material>
  <price>
   386725
  </price>
  <rating>
   1.9
  </rating>
  <reviews>
   380380
  </reviews>
  <sporty>
   no
  </sporty>
 </clothing>
 <clothing>
  <id>
   484881144
  </id>
  <name>
   Addidas T-shirt B-7936
  </name>
  <category>
   T-shirt
  </category>
  <size>
   M
  </size>
  <color>
   Зеленый
  </color>
  <material>
   Хлопок
  </material>
  <price>
   479205
  </price>
  <rating>
   1.06
  </rating>
  <reviews>
   728861
  </reviews>
  <new>
   -
  </new>
  <sporty>
   yes
  </sporty>
 </clothing>
 <clothing>
  <id>
   945036626
  </id>
  <name>
   Nike Sweater N-3095
  </name>
  <category>
   Sweater
  </category>
  <size>
   S
  </size>
  <color>
   Голубой
  </color>
  <material>
   Шерсть
  </material>
  <price>
   719274
  </price>
  <rating>
   1.92
  </rating>
  <reviews>
   7208
  </reviews>
  <new>
   +
  </new>
  <exclusive>
   yes
  </exclusive>
  <sporty>
   no
  </sporty>
 </clothing>
 <clothing>
  <id>
   197231386
  </id>
  <name>
   Nike Jacket W-6822
  </name>
  <category>
   Jacket
  </category>
  <size>
   XL
  </size>
  <color>
   Оранжевый
  </color>
  <material>
   Вискоза
  </material>
  <price>
   196870
  </price>
  <rating>
   1.34
  </rating>
  <reviews>
   897803
  </reviews>
 </clothing>
 <clothing>
  <id>
   700433200
  </id>
  <name>
   Converse Gloves E-5529
  </name>
  <category>
   Gloves
  </category>
  <size>
   XXL
  </size>
  <color>
   Фиолетовый
  </color>
  <material>
   Нейлон
  </material>
  <price>
   339346
  </price>
  <rating>
   2.83
  </rating>
  <reviews>
   87751
  </reviews>
  <new>
   +
  </new>
  <exclusive>
   no
  </exclusive>
  <sporty>
   yes
  </sporty>
 </clothing>
 <clothing>
  <id>
   306505407
  </id>
  <name>
   Under Armour Jeans G-4223
  </name>
  <category>
   Jeans
  </category>
  <size>
   M
  </size>
  <color>
   Желтый
  </color>
  <material>
   Полиэстер
  </material>
  <price>
   277529
  </price>
  <rating>
   3.48
  </rating>
  <reviews>
   168531
  </reviews>
 </clothing>
 <clothing>
  <id>
   625780389
  </id>
  <name>
   PleinSport Handbags D-3751
  </name>
  <category>
   Handbags
  </category>
  <size>
   S
  </size>
  <color>
   Фиолетовый
  </color>
  <material>
   Шелк
  </material>
  <price>
   521107
  </price>
  <rating>
   2.97
  </rating>
  <reviews>
   56265
  </reviews>
  <sporty>
   yes
  </sporty>
 </clothing>
 <clothing>
  <id>
   886816781
  </id>
  <name>
   Fila Socks B-4616
  </name>
  <category>
   Socks
  </category>
  <size>
   L
  </size>
  <color>
   Зеленый
  </color>
  <material>
   Шелк
  </material>
  <price>
   875402
  </price>
  <rating>
   1.13
  </rating>
  <reviews>
   713610
  </reviews>
  <exclusive>
   no
  </exclusive>
 </clothing>
</clothing-items>
