<?xml version="1.0" encoding="utf-8"?>
<clothing-items>
 <clothing>
  <id>
   143410112
  </id>
  <name>
   Fila Hat S-9063
  </name>
  <category>
   Hat
  </category>
  <size>
   M
  </size>
  <color>
   Синий
  </color>
  <material>
   Хлопок
  </material>
  <price>
   534411
  </price>
  <rating>
   1.02
  </rating>
  <reviews>
   830846
  </reviews>
  <new>
   +
  </new>
  <exclusive>
   yes
  </exclusive>
  <sporty>
   no
  </sporty>
 </clothing>
 <clothing>
  <id>
   874432300
  </id>
  <name>
   Vans Umbrellas K-1097
  </name>
  <category>
   Umbrellas
  </category>
  <size>
   S
  </size>
  <color>
   Синий
  </color>
  <material>
   Шелк
  </material>
  <price>
   341299
  </price>
  <rating>
   1.1
  </rating>
  <reviews>
   720742
  </reviews>
  <new>
   -
  </new>
  <exclusive>
   yes
  </exclusive>
  <sporty>
   no
  </sporty>
 </clothing>
 <clothing>
  <id>
   659549394
  </id>
  <name>
   Adidas Gloves E-4507
  </name>
  <category>
   Gloves
  </category>
  <size>
   XXL
  </size>
  <color>
   Оранжевый
  </color>
  <material>
   Кожа
  </material>
  <price>
   721904
  </price>
  <rating>
   1.91
  </rating>
  <reviews>
   534661
  </reviews>
  <sporty>
   no
  </sporty>
 </clothing>
 <clothing>
  <id>
   619410799
  </id>
  <name>
   DC Jacket W-3685
  </name>
  <category>
   Jacket
  </category>
  <size>
   S
  </size>
  <color>
   Оранжевый
  </color>
  <material>
   Шелк
  </material>
  <price>
   101461
  </price>
  <rating>
   4.57
  </rating>
  <reviews>
   339559
  </reviews>
  <exclusive>
   yes
  </exclusive>
  <sporty>
   no
  </sporty>
 </clothing>
 <clothing>
  <id>
   879873123
  </id>
  <name>
   Lacoste Socks W-3632
  </name>
  <category>
   Socks
  </category>
  <size>
   XL
  </size>
  <color>
   Желтый
  </color>
  <material>
   Шерсть
  </material>
  <price>
   748540
  </price>
  <rating>
   1.59
  </rating>
  <reviews>
   203202
  </reviews>
  <new>
   -
  </new>
  <exclusive>
   no
  </exclusive>
 </clothing>
 <clothing>
  <id>
   755740778
  </id>
  <name>
   Vans Socks I-3178
  </name>
  <category>
   Socks
  </category>
  <size>
   L
  </size>
  <color>
   Оранжевый
  </color>
  <material>
   Лен
  </material>
  <price>
   744189
  </price>
  <rating>
   3.14
  </rating>
  <reviews>
   868838
  </reviews>
  <new>
   +
  </new>
  <sporty>
   no
  </sporty>
 </clothing>
 <clothing>
  <id>
   594930244
  </id>
  <name>
   Reebok Hat X-7512
  </name>
  <category>
   Hat
  </category>
  <size>
   M
  </size>
  <color>
   Фиолетовый
  </color>
  <material>
   Лен
  </material>
  <price>
   295407
  </price>
  <rating>
   3.13
  </rating>
  <reviews>
   785541
  </reviews>
  <new>
   -
  </new>
  <exclusive>
   no
  </exclusive>
  <sporty>
   no
  </sporty>
 </clothing>
 <clothing>
  <id>
   857187114
  </id>
  <name>
   Addidas Handbags N-6802
  </name>
  <category>
   Handbags
  </category>
  <size>
   M
  </size>
  <color>
   Голубой
  </color>
  <material>
   Кожа
  </material>
  <price>
   202982
  </price>
  <rating>
   3.14
  </rating>
  <reviews>
   585574
  </reviews>
  <sporty>
   yes
  </sporty>
 </clothing>
 <clothing>
  <id>
   111650925
  </id>
  <name>
   DC Jeans P-2326
  </name>
  <category>
   Jeans
  </category>
  <size>
   S
  </size>
  <color>
   Красный
  </color>
  <material>
   Полиэстер
  </material>
  <price>
   672707
  </price>
  <rating>
   4.44
  </rating>
  <reviews>
   5427
  </reviews>
  <new>
   -
  </new>
  <exclusive>
   yes
  </exclusive>
  <sporty>
   yes
  </sporty>
 </clothing>
 <clothing>
  <id>
   128515531
  </id>
  <name>
   Vans Dress E-3384
  </name>
  <category>
   Dress
  </category>
  <size>
   M
  </size>
  <color>
   Желтый
  </color>
  <material>
   Полиэстер
  </material>
  <price>
   562724
  </price>
  <rating>
   1.57
  </rating>
  <reviews>
   680390
  </reviews>
 </clothing>
 <clothing>
  <id>
   229844728
  </id>
  <name>
   Ellesse Umbrellas U-3296
  </name>
  <category>
   Umbrellas
  </category>
  <size>
   XL
  </size>
  <color>
   Красный
  </color>
  <material>
   Лен
  </material>
  <price>
   975162
  </price>
  <rating>
   3.63
  </rating>
  <reviews>
   754630
  </reviews>
  <exclusive>
   no
  </exclusive>
 </clothing>
 <clothing>
  <id>
   181500680
  </id>
  <name>
   Addidas Belts W-6268
  </name>
  <category>
   Belts
  </category>
  <size>
   L
  </size>
  <color>
   Красный
  </color>
  <material>
   Вискоза
  </material>
  <price>
   801754
  </price>
  <rating>
   3.53
  </rating>
  <reviews>
   215237
  </reviews>
  <exclusive>
   no
  </exclusive>
 </clothing>
 <clothing>
  <id>
   894995521
  </id>
  <name>
   Puma Skirt V-2661
  </name>
  <category>
   Skirt
  </category>
  <size>
   XXL
  </size>
  <color>
   Желтый
  </color>
  <material>
   Лен
  </material>
  <price>
   508113
  </price>
  <rating>
   4.36
  </rating>
  <reviews>
   787727
  </reviews>
  <exclusive>
   yes
  </exclusive>
  <sporty>
   yes
  </sporty>
 </clothing>
 <clothing>
  <id>
   307839711
  </id>
  <name>
   Asics Hat G-6672
  </name>
  <category>
   Hat
  </category>
  <size>
   S
  </size>
  <color>
   Голубой
  </color>
  <material>
   Нейлон
  </material>
  <price>
   281960
  </price>
  <rating>
   3.56
  </rating>
  <reviews>
   637678
  </reviews>
  <new>
   +
  </new>
  <sporty>
   no
  </sporty>
 </clothing>
 <clothing>
  <id>
   747620057
  </id>
  <name>
   Nike Jeans Z-2206
  </name>
  <category>
   Jeans
  </category>
  <size>
   XXL
  </size>
  <color>
   Синий
  </color>
  <material>
   Шелк
  </material>
  <price>
   223142
  </price>
  <rating>
   3.05
  </rating>
  <reviews>
   397750
  </reviews>
  <new>
   -
  </new>
  <exclusive>
   yes
  </exclusive>
  <sporty>
   no
  </sporty>
 </clothing>
 <clothing>
  <id>
   422522347
  </id>
  <name>
   Under Armour Blouse R-8778
  </name>
  <category>
   Blouse
  </category>
  <size>
   L
  </size>
  <color>
   Красный
  </color>
  <material>
   Лен
  </material>
  <price>
   452355
  </price>
  <rating>
   3.05
  </rating>
  <reviews>
   962353
  </reviews>
  <new>
   -
  </new>
 </clothing>
 <clothing>
  <id>
   362194211
  </id>
  <name>
   Lacoste Belts E-8647
  </name>
  <category>
   Belts
  </category>
  <size>
   XXL
  </size>
  <color>
   Фиолетовый
  </color>
  <material>
   Кожа
  </material>
  <price>
   870492
  </price>
  <rating>
   3.46
  </rating>
  <reviews>
   940286
  </reviews>
  <exclusive>
   no
  </exclusive>
  <sporty>
   yes
  </sporty>
 </clothing>
 <clothing>
  <id>
   115605407
  </id>
  <name>
   PleinSport Sweater B-1617
  </name>
  <category>
   Sweater
  </category>
  <size>
   XXL
  </size>
  <color>
   Синий
  </color>
  <material>
   Шелк
  </material>
  <price>
   149376
  </price>
  <rating>
   2.56
  </rating>
  <reviews>
   766840
  </reviews>
  <new>
   +
  </new>
  <sporty>
   yes
  </sporty>
 </clothing>
 <clothing>
  <id>
   206230445
  </id>
  <name>
   Under Armour Belts D-3214
  </name>
  <category>
   Belts
  </category>
  <size>
   XXL
  </size>
  <color>
   Оранжевый
  </color>
  <material>
   Кожа
  </material>
  <price>
   556418
  </price>
  <rating>
   3.28
  </rating>
  <reviews>
   796671
  </reviews>
  <new>
   +
  </new>
  <exclusive>
   yes
  </exclusive>
  <sporty>
   yes
  </sporty>
 </clothing>
 <clothing>
  <id>
   342695800
  </id>
  <name>
   Vans Shirt D-8436
  </name>
  <category>
   Shirt
  </category>
  <size>
   XXL
  </size>
  <color>
   Зеленый
  </color>
  <material>
   Шерсть
  </material>
  <price>
   603368
  </price>
  <rating>
   4.22
  </rating>
  <reviews>
   708332
  </reviews>
  <exclusive>
   yes
  </exclusive>
 </clothing>
 <clothing>
  <id>
   581502050
  </id>
  <name>
   Fila Belts W-3797
  </name>
  <category>
   Belts
  </category>
  <size>
   L
  </size>
  <color>
   Зеленый
  </color>
  <material>
   Полиэстер
  </material>
  <price>
   340194
  </price>
  <rating>
   4.56
  </rating>
  <reviews>
   237592
  </reviews>
  <new>
   -
  </new>
  <exclusive>
   yes
  </exclusive>
  <sporty>
   yes
  </sporty>
 </clothing>
 <clothing>
  <id>
   626848234
  </id>
  <name>
   Under Armour Hat Z-2340
  </name>
  <category>
   Hat
  </category>
  <size>
   L
  </size>
  <color>
   Оранжевый
  </color>
  <material>
   Хлопок
  </material>
  <price>
   422270
  </price>
  <rating>
   2.02
  </rating>
  <reviews>
   959666
  </reviews>
  <new>
   +
  </new>
  <exclusive>
   no
  </exclusive>
  <sporty>
   yes
  </sporty>
 </clothing>
 <clothing>
  <id>
   264281770
  </id>
  <name>
   Reebok Handbags U-5588
  </name>
  <category>
   Handbags
  </category>
  <size>
   XL
  </size>
  <color>
   Оранжевый
  </color>
  <material>
   Шерсть
  </material>
  <price>
   552981
  </price>
  <rating>
   4.65
  </rating>
  <reviews>
   203291
  </reviews>
  <exclusive>
   yes
  </exclusive>
  <sporty>
   no
  </sporty>
 </clothing>
 <clothing>
  <id>
   866204962
  </id>
  <name>
   Addidas Socks I-2697
  </name>
  <category>
   Socks
  </category>
  <size>
   L
  </size>
  <color>
   Зеленый
  </color>
  <material>
   Шелк
  </material>
  <price>
   626791
  </price>
  <rating>
   1.38
  </rating>
  <reviews>
   443883
  </reviews>
  <new>
   -
  </new>
  <sporty>
   no
  </sporty>
 </clothing>
 <clothing>
  <id>
   823107268
  </id>
  <name>
   Addidas Skirt P-7999
  </name>
  <category>
   Skirt
  </category>
  <size>
   M
  </size>
  <color>
   Красный
  </color>
  <material>
   Полиэстер
  </material>
  <price>
   899235
  </price>
  <rating>
   4.26
  </rating>
  <reviews>
   794294
  </reviews>
  <exclusive>
   yes
  </exclusive>
 </clothing>
 <clothing>
  <id>
   580018978
  </id>
  <name>
   Nike T-shirt T-6825
  </name>
  <category>
   T-shirt
  </category>
  <size>
   M
  </size>
  <color>
   Зеленый
  </color>
  <material>
   Шерсть
  </material>
  <price>
   383272
  </price>
  <rating>
   1.83
  </rating>
  <reviews>
   446918
  </reviews>
  <exclusive>
   no
  </exclusive>
  <sporty>
   no
  </sporty>
 </clothing>
 <clothing>
  <id>
   842098315
  </id>
  <name>
   Asics Jeans T-1038
  </name>
  <category>
   Jeans
  </category>
  <size>
   XL
  </size>
  <color>
   Желтый
  </color>
  <material>
   Нейлон
  </material>
  <price>
   676982
  </price>
  <rating>
   3.76
  </rating>
  <reviews>
   719191
  </reviews>
  <new>
   -
  </new>
  <exclusive>
   no
  </exclusive>
  <sporty>
   no
  </sporty>
 </clothing>
 <clothing>
  <id>
   624532352
  </id>
  <name>
   Under Armour Sweater Q-8749
  </name>
  <category>
   Sweater
  </category>
  <size>
   L
  </size>
  <color>
   Зеленый
  </color>
  <material>
   Лен
  </material>
  <price>
   647427
  </price>
  <rating>
   3.47
  </rating>
  <reviews>
   954879
  </reviews>
  <new>
   +
  </new>
  <sporty>
   yes
  </sporty>
 </clothing>
 <clothing>
  <id>
   489011081
  </id>
  <name>
   Ellesse Blouse I-6274
  </name>
  <category>
   Blouse
  </category>
  <size>
   L
  </size>
  <color>
   Голубой
  </color>
  <material>
   Шерсть
  </material>
  <price>
   885042
  </price>
  <rating>
   2.31
  </rating>
  <reviews>
   400060
  </reviews>
  <new>
   -
  </new>
 </clothing>
 <clothing>
  <id>
   552780369
  </id>
  <name>
   PleinSport Hat U-5179
  </name>
  <category>
   Hat
  </category>
  <size>
   L
  </size>
  <color>
   Голубой
  </color>
  <material>
   Шелк
  </material>
  <price>
   177910
  </price>
  <rating>
   1.2
  </rating>
  <reviews>
   304264
  </reviews>
 </clothing>
</clothing-items>
