<?xml version="1.0" encoding="utf-8"?>
<clothing-items>
 <clothing>
  <id>
   230396851
  </id>
  <name>
   Nike Jeans H-7144
  </name>
  <category>
   Jeans
  </category>
  <size>
   L
  </size>
  <color>
   Желтый
  </color>
  <material>
   Шерсть
  </material>
  <price>
   111304
  </price>
  <rating>
   2.95
  </rating>
  <reviews>
   543694
  </reviews>
  <new>
   -
  </new>
  <exclusive>
   yes
  </exclusive>
 </clothing>
 <clothing>
  <id>
   963611388
  </id>
  <name>
   Reebok Sweater C-2411
  </name>
  <category>
   Sweater
  </category>
  <size>
   S
  </size>
  <color>
   Голубой
  </color>
  <material>
   Кожа
  </material>
  <price>
   172991
  </price>
  <rating>
   3.44
  </rating>
  <reviews>
   570774
  </reviews>
  <exclusive>
   no
  </exclusive>
  <sporty>
   no
  </sporty>
 </clothing>
 <clothing>
  <id>
   697258808
  </id>
  <name>
   New Balance Belts X-9657
  </name>
  <category>
   Belts
  </category>
  <size>
   S
  </size>
  <color>
   Синий
  </color>
  <material>
   Нейлон
  </material>
  <price>
   672093
  </price>
  <rating>
   4.3
  </rating>
  <reviews>
   781393
  </reviews>
  <new>
   -
  </new>
  <exclusive>
   yes
  </exclusive>
  <sporty>
   yes
  </sporty>
 </clothing>
 <clothing>
  <id>
   240407116
  </id>
  <name>
   PleinSport Socks P-3620
  </name>
  <category>
   Socks
  </category>
  <size>
   XXL
  </size>
  <color>
   Фиолетовый
  </color>
  <material>
   Шерсть
  </material>
  <price>
   214250
  </price>
  <rating>
   2.85
  </rating>
  <reviews>
   820326
  </reviews>
  <new>
   -
  </new>
  <exclusive>
   yes
  </exclusive>
  <sporty>
   yes
  </sporty>
 </clothing>
 <clothing>
  <id>
   803864633
  </id>
  <name>
   Fila Sweater C-7665
  </name>
  <category>
   Sweater
  </category>
  <size>
   S
  </size>
  <color>
   Синий
  </color>
  <material>
   Шерсть
  </material>
  <price>
   302252
  </price>
  <rating>
   1.13
  </rating>
  <reviews>
   254115
  </reviews>
  <exclusive>
   yes
  </exclusive>
 </clothing>
 <clothing>
  <id>
   379876488
  </id>
  <name>
   Addidas Handbags B-3614
  </name>
  <category>
   Handbags
  </category>
  <size>
   M
  </size>
  <color>
   Зеленый
  </color>
  <material>
   Шелк
  </material>
  <price>
   138830
  </price>
  <rating>
   4.05
  </rating>
  <reviews>
   234972
  </reviews>
  <new>
   +
  </new>
  <exclusive>
   no
  </exclusive>
 </clothing>
 <clothing>
  <id>
   337840092
  </id>
  <name>
   Lacoste Shirt R-1929
  </name>
  <category>
   Shirt
  </category>
  <size>
   S
  </size>
  <color>
   Голубой
  </color>
  <material>
   Кожа
  </material>
  <price>
   491575
  </price>
  <rating>
   3.16
  </rating>
  <reviews>
   546496
  </reviews>
  <new>
   -
  </new>
  <exclusive>
   yes
  </exclusive>
 </clothing>
 <clothing>
  <id>
   709235415
  </id>
  <name>
   Puma Gloves L-5863
  </name>
  <category>
   Gloves
  </category>
  <size>
   S
  </size>
  <color>
   Зеленый
  </color>
  <material>
   Кожа
  </material>
  <price>
   875574
  </price>
  <rating>
   3.14
  </rating>
  <reviews>
   711353
  </reviews>
 </clothing>
 <clothing>
  <id>
   182697330
  </id>
  <name>
   Under Armour Dress M-4292
  </name>
  <category>
   Dress
  </category>
  <size>
   XXL
  </size>
  <color>
   Желтый
  </color>
  <material>
   Вискоза
  </material>
  <price>
   547595
  </price>
  <rating>
   2.76
  </rating>
  <reviews>
   444386
  </reviews>
  <exclusive>
   yes
  </exclusive>
  <sporty>
   yes
  </sporty>
 </clothing>
 <clothing>
  <id>
   226518032
  </id>
  <name>
   Nike Socks K-7425
  </name>
  <category>
   Socks
  </category>
  <size>
   XL
  </size>
  <color>
   Фиолетовый
  </color>
  <material>
   Хлопок
  </material>
  <price>
   612589
  </price>
  <rating>
   2.56
  </rating>
  <reviews>
   727279
  </reviews>
  <exclusive>
   no
  </exclusive>
  <sporty>
   no
  </sporty>
 </clothing>
 <clothing>
  <id>
   739971454
  </id>
  <name>
   PleinSport Handbags I-8547
  </name>
  <category>
   Handbags
  </category>
  <size>
   XL
  </size>
  <color>
   Синий
  </color>
  <material>
   Кожа
  </material>
  <price>
   597578
  </price>
  <rating>
   4.2
  </rating>
  <reviews>
   815956
  </reviews>
  <new>
   -
  </new>
  <exclusive>
   no
  </exclusive>
  <sporty>
   no
  </sporty>
 </clothing>
 <clothing>
  <id>
   217992197
  </id>
  <name>
   Under Armour Socks M-6013
  </name>
  <category>
   Socks
  </category>
  <size>
   L
  </size>
  <color>
   Голубой
  </color>
  <material>
   Нейлон
  </material>
  <price>
   100259
  </price>
  <rating>
   3.18
  </rating>
  <reviews>
   422650
  </reviews>
  <exclusive>
   yes
  </exclusive>
 </clothing>
 <clothing>
  <id>
   679050395
  </id>
  <name>
   PleinSport T-shirt R-6665
  </name>
  <category>
   T-shirt
  </category>
  <size>
   M
  </size>
  <color>
   Голубой
  </color>
  <material>
   Хлопок
  </material>
  <price>
   101715
  </price>
  <rating>
   4.03
  </rating>
  <reviews>
   256134
  </reviews>
  <exclusive>
   no
  </exclusive>
 </clothing>
 <clothing>
  <id>
   386250469
  </id>
  <name>
   Reebok Belts N-4753
  </name>
  <category>
   Belts
  </category>
  <size>
   M
  </size>
  <color>
   Желтый
  </color>
  <material>
   Хлопок
  </material>
  <price>
   751880
  </price>
  <rating>
   2.48
  </rating>
  <reviews>
   955302
  </reviews>
  <exclusive>
   no
  </exclusive>
 </clothing>
 <clothing>
  <id>
   669651357
  </id>
  <name>
   PleinSport Socks Y-5398
  </name>
  <category>
   Socks
  </category>
  <size>
   L
  </size>
  <color>
   Зеленый
  </color>
  <material>
   Лен
  </material>
  <price>
   993828
  </price>
  <rating>
   3.88
  </rating>
  <reviews>
   370888
  </reviews>
  <new>
   +
  </new>
  <sporty>
   yes
  </sporty>
 </clothing>
 <clothing>
  <id>
   245583508
  </id>
  <name>
   Ellesse Handbags I-9243
  </name>
  <category>
   Handbags
  </category>
  <size>
   XL
  </size>
  <color>
   Фиолетовый
  </color>
  <material>
   Шерсть
  </material>
  <price>
   230406
  </price>
  <rating>
   1.16
  </rating>
  <reviews>
   735030
  </reviews>
  <exclusive>
   yes
  </exclusive>
  <sporty>
   no
  </sporty>
 </clothing>
 <clothing>
  <id>
   102988934
  </id>
  <name>
   DC Hat U-4597
  </name>
  <category>
   Hat
  </category>
  <size>
   XXL
  </size>
  <color>
   Красный
  </color>
  <material>
   Полиэстер
  </material>
  <price>
   974536
  </price>
  <rating>
   4.91
  </rating>
  <reviews>
   542226
  </reviews>
  <new>
   -
  </new>
  <exclusive>
   yes
  </exclusive>
 </clothing>
 <clothing>
  <id>
   640842409
  </id>
  <name>
   Reebok Shirt U-6881
  </name>
  <category>
   Shirt
  </category>
  <size>
   XL
  </size>
  <color>
   Желтый
  </color>
  <material>
   Шелк
  </material>
  <price>
   443671
  </price>
  <rating>
   4.88
  </rating>
  <reviews>
   711714
  </reviews>
  <new>
   -
  </new>
  <sporty>
   yes
  </sporty>
 </clothing>
 <clothing>
  <id>
   472474093
  </id>
  <name>
   Lacoste Jeans E-5464
  </name>
  <category>
   Jeans
  </category>
  <size>
   S
  </size>
  <color>
   Желтый
  </color>
  <material>
   Хлопок
  </material>
  <price>
   757222
  </price>
  <rating>
   4.44
  </rating>
  <reviews>
   139713
  </reviews>
  <new>
   +
  </new>
  <exclusive>
   no
  </exclusive>
 </clothing>
 <clothing>
  <id>
   143078703
  </id>
  <name>
   Converse Pants E-5503
  </name>
  <category>
   Pants
  </category>
  <size>
   XL
  </size>
  <color>
   Голубой
  </color>
  <material>
   Вискоза
  </material>
  <price>
   561178
  </price>
  <rating>
   1.3
  </rating>
  <reviews>
   286688
  </reviews>
  <new>
   -
  </new>
  <exclusive>
   yes
  </exclusive>
 </clothing>
 <clothing>
  <id>
   649358848
  </id>
  <name>
   Nike Shoes R-2166
  </name>
  <category>
   Shoes
  </category>
  <size>
   XL
  </size>
  <color>
   Красный
  </color>
  <material>
   Шелк
  </material>
  <price>
   238911
  </price>
  <rating>
   2.35
  </rating>
  <reviews>
   981313
  </reviews>
  <new>
   -
  </new>
  <exclusive>
   yes
  </exclusive>
  <sporty>
   no
  </sporty>
 </clothing>
 <clothing>
  <id>
   235518703
  </id>
  <name>
   Lacoste T-shirt Z-2670
  </name>
  <category>
   T-shirt
  </category>
  <size>
   XL
  </size>
  <color>
   Оранжевый
  </color>
  <material>
   Кожа
  </material>
  <price>
   689101
  </price>
  <rating>
   3.1
  </rating>
  <reviews>
   260365
  </reviews>
  <exclusive>
   yes
  </exclusive>
  <sporty>
   no
  </sporty>
 </clothing>
 <clothing>
  <id>
   253852421
  </id>
  <name>
   PleinSport Jeans M-1502
  </name>
  <category>
   Jeans
  </category>
  <size>
   XL
  </size>
  <color>
   Синий
  </color>
  <material>
   Полиэстер
  </material>
  <price>
   581525
  </price>
  <rating>
   4.76
  </rating>
  <reviews>
   206176
  </reviews>
  <new>
   -
  </new>
 </clothing>
 <clothing>
  <id>
   757159197
  </id>
  <name>
   Ellesse Jeans B-7735
  </name>
  <category>
   Jeans
  </category>
  <size>
   XXL
  </size>
  <color>
   Оранжевый
  </color>
  <material>
   Лен
  </material>
  <price>
   445627
  </price>
  <rating>
   4.82
  </rating>
  <reviews>
   411643
  </reviews>
  <new>
   +
  </new>
  <exclusive>
   no
  </exclusive>
 </clothing>
 <clothing>
  <id>
   273284207
  </id>
  <name>
   Asics Socks U-3869
  </name>
  <category>
   Socks
  </category>
  <size>
   L
  </size>
  <color>
   Желтый
  </color>
  <material>
   Лен
  </material>
  <price>
   708329
  </price>
  <rating>
   2.57
  </rating>
  <reviews>
   845103
  </reviews>
  <new>
   +
  </new>
 </clothing>
 <clothing>
  <id>
   234571932
  </id>
  <name>
   Nike Belts P-7476
  </name>
  <category>
   Belts
  </category>
  <size>
   S
  </size>
  <color>
   Оранжевый
  </color>
  <material>
   Вискоза
  </material>
  <price>
   814895
  </price>
  <rating>
   4.13
  </rating>
  <reviews>
   38157
  </reviews>
  <exclusive>
   no
  </exclusive>
  <sporty>
   yes
  </sporty>
 </clothing>
 <clothing>
  <id>
   813847759
  </id>
  <name>
   Reebok Jeans C-1026
  </name>
  <category>
   Jeans
  </category>
  <size>
   XL
  </size>
  <color>
   Зеленый
  </color>
  <material>
   Хлопок
  </material>
  <price>
   914875
  </price>
  <rating>
   4.78
  </rating>
  <reviews>
   646265
  </reviews>
  <new>
   +
  </new>
  <exclusive>
   no
  </exclusive>
  <sporty>
   no
  </sporty>
 </clothing>
 <clothing>
  <id>
   900587001
  </id>
  <name>
   PleinSport Socks R-2440
  </name>
  <category>
   Socks
  </category>
  <size>
   M
  </size>
  <color>
   Синий
  </color>
  <material>
   Полиэстер
  </material>
  <price>
   649908
  </price>
  <rating>
   2.11
  </rating>
  <reviews>
   753758
  </reviews>
  <new>
   +
  </new>
  <exclusive>
   no
  </exclusive>
  <sporty>
   yes
  </sporty>
 </clothing>
</clothing-items>
