<?xml version="1.0" encoding="utf-8"?>
<clothing-items>
 <clothing>
  <id>
   433839453
  </id>
  <name>
   Nike Sweater Z-8844
  </name>
  <category>
   Sweater
  </category>
  <size>
   S
  </size>
  <color>
   Желтый
  </color>
  <material>
   Вискоза
  </material>
  <price>
   844723
  </price>
  <rating>
   3.27
  </rating>
  <reviews>
   397395
  </reviews>
  <new>
   +
  </new>
  <sporty>
   yes
  </sporty>
 </clothing>
 <clothing>
  <id>
   240582757
  </id>
  <name>
   Ellesse Pants H-2419
  </name>
  <category>
   Pants
  </category>
  <size>
   S
  </size>
  <color>
   Синий
  </color>
  <material>
   Шерсть
  </material>
  <price>
   419795
  </price>
  <rating>
   2.19
  </rating>
  <reviews>
   836448
  </reviews>
  <sporty>
   no
  </sporty>
 </clothing>
 <clothing>
  <id>
   330548126
  </id>
  <name>
   Brooks Hat Z-3970
  </name>
  <category>
   Hat
  </category>
  <size>
   S
  </size>
  <color>
   Красный
  </color>
  <material>
   Шелк
  </material>
  <price>
   855701
  </price>
  <rating>
   4.86
  </rating>
  <reviews>
   820130
  </reviews>
  <new>
   +
  </new>
 </clothing>
 <clothing>
  <id>
   433863781
  </id>
  <name>
   Addidas Dress I-1573
  </name>
  <category>
   Dress
  </category>
  <size>
   XL
  </size>
  <color>
   Синий
  </color>
  <material>
   Лен
  </material>
  <price>
   423831
  </price>
  <rating>
   4.36
  </rating>
  <reviews>
   94987
  </reviews>
  <sporty>
   yes
  </sporty>
 </clothing>
 <clothing>
  <id>
   489103450
  </id>
  <name>
   DC Belts E-4786
  </name>
  <category>
   Belts
  </category>
  <size>
   L
  </size>
  <color>
   Красный
  </color>
  <material>
   Нейлон
  </material>
  <price>
   964258
  </price>
  <rating>
   1.33
  </rating>
  <reviews>
   415539
  </reviews>
  <exclusive>
   yes
  </exclusive>
  <sporty>
   no
  </sporty>
 </clothing>
 <clothing>
  <id>
   327671861
  </id>
  <name>
   Adidas T-shirt Y-4815
  </name>
  <category>
   T-shirt
  </category>
  <size>
   M
  </size>
  <color>
   Синий
  </color>
  <material>
   Кожа
  </material>
  <price>
   570848
  </price>
  <rating>
   4.23
  </rating>
  <reviews>
   553539
  </reviews>
  <new>
   -
  </new>
 </clothing>
 <clothing>
  <id>
   787502306
  </id>
  <name>
   Under Armour Umbrellas O-2331
  </name>
  <category>
   Umbrellas
  </category>
  <size>
   XL
  </size>
  <color>
   Оранжевый
  </color>
  <material>
   Полиэстер
  </material>
  <price>
   903015
  </price>
  <rating>
   2.13
  </rating>
  <reviews>
   566252
  </reviews>
  <new>
   -
  </new>
 </clothing>
 <clothing>
  <id>
   434967493
  </id>
  <name>
   Under Armour Socks E-6743
  </name>
  <category>
   Socks
  </category>
  <size>
   S
  </size>
  <color>
   Зеленый
  </color>
  <material>
   Вискоза
  </material>
  <price>
   578188
  </price>
  <rating>
   3.12
  </rating>
  <reviews>
   837968
  </reviews>
  <new>
   -
  </new>
  <exclusive>
   no
  </exclusive>
 </clothing>
 <clothing>
  <id>
   406735286
  </id>
  <name>
   Converse Socks J-6898
  </name>
  <category>
   Socks
  </category>
  <size>
   M
  </size>
  <color>
   Красный
  </color>
  <material>
   Шерсть
  </material>
  <price>
   502311
  </price>
  <rating>
   2.44
  </rating>
  <reviews>
   458799
  </reviews>
  <new>
   -
  </new>
  <exclusive>
   no
  </exclusive>
  <sporty>
   yes
  </sporty>
 </clothing>
 <clothing>
  <id>
   143252242
  </id>
  <name>
   Lacoste Umbrellas H-9085
  </name>
  <category>
   Umbrellas
  </category>
  <size>
   M
  </size>
  <color>
   Фиолетовый
  </color>
  <material>
   Шелк
  </material>
  <price>
   876777
  </price>
  <rating>
   3.95
  </rating>
  <reviews>
   437232
  </reviews>
  <new>
   -
  </new>
  <exclusive>
   no
  </exclusive>
  <sporty>
   yes
  </sporty>
 </clothing>
 <clothing>
  <id>
   690814825
  </id>
  <name>
   Addidas Gloves N-5504
  </name>
  <category>
   Gloves
  </category>
  <size>
   M
  </size>
  <color>
   Желтый
  </color>
  <material>
   Шерсть
  </material>
  <price>
   573460
  </price>
  <rating>
   1.78
  </rating>
  <reviews>
   738141
  </reviews>
  <new>
   -
  </new>
  <exclusive>
   no
  </exclusive>
  <sporty>
   no
  </sporty>
 </clothing>
 <clothing>
  <id>
   980660020
  </id>
  <name>
   Adidas Shirt Y-3221
  </name>
  <category>
   Shirt
  </category>
  <size>
   XL
  </size>
  <color>
   Оранжевый
  </color>
  <material>
   Вискоза
  </material>
  <price>
   606963
  </price>
  <rating>
   4.98
  </rating>
  <reviews>
   796997
  </reviews>
  <new>
   +
  </new>
  <exclusive>
   no
  </exclusive>
  <sporty>
   no
  </sporty>
 </clothing>
 <clothing>
  <id>
   435524176
  </id>
  <name>
   Brooks Belts C-9407
  </name>
  <category>
   Belts
  </category>
  <size>
   XL
  </size>
  <color>
   Оранжевый
  </color>
  <material>
   Шерсть
  </material>
  <price>
   651933
  </price>
  <rating>
   2.2
  </rating>
  <reviews>
   352635
  </reviews>
  <new>
   -
  </new>
  <sporty>
   no
  </sporty>
 </clothing>
 <clothing>
  <id>
   932749473
  </id>
  <name>
   Nike Umbrellas I-6135
  </name>
  <category>
   Umbrellas
  </category>
  <size>
   XL
  </size>
  <color>
   Синий
  </color>
  <material>
   Шерсть
  </material>
  <price>
   761974
  </price>
  <rating>
   1.71
  </rating>
  <reviews>
   953375
  </reviews>
  <new>
   +
  </new>
  <sporty>
   no
  </sporty>
 </clothing>
 <clothing>
  <id>
   174709998
  </id>
  <name>
   DC Socks B-5999
  </name>
  <category>
   Socks
  </category>
  <size>
   S
  </size>
  <color>
   Синий
  </color>
  <material>
   Хлопок
  </material>
  <price>
   604056
  </price>
  <rating>
   1.72
  </rating>
  <reviews>
   539123
  </reviews>
  <exclusive>
   no
  </exclusive>
 </clothing>
 <clothing>
  <id>
   926305555
  </id>
  <name>
   Converse Shirt B-1542
  </name>
  <category>
   Shirt
  </category>
  <size>
   M
  </size>
  <color>
   Зеленый
  </color>
  <material>
   Полиэстер
  </material>
  <price>
   303878
  </price>
  <rating>
   3.19
  </rating>
  <reviews>
   310039
  </reviews>
  <new>
   -
  </new>
 </clothing>
 <clothing>
  <id>
   116681106
  </id>
  <name>
   Addidas Shoes W-7525
  </name>
  <category>
   Shoes
  </category>
  <size>
   XXL
  </size>
  <color>
   Оранжевый
  </color>
  <material>
   Вискоза
  </material>
  <price>
   833746
  </price>
  <rating>
   2.06
  </rating>
  <reviews>
   216275
  </reviews>
  <new>
   -
  </new>
  <sporty>
   yes
  </sporty>
 </clothing>
 <clothing>
  <id>
   697897023
  </id>
  <name>
   Under Armour Sweater A-4675
  </name>
  <category>
   Sweater
  </category>
  <size>
   S
  </size>
  <color>
   Красный
  </color>
  <material>
   Нейлон
  </material>
  <price>
   782628
  </price>
  <rating>
   2.34
  </rating>
  <reviews>
   267434
  </reviews>
  <new>
   -
  </new>
  <exclusive>
   no
  </exclusive>
  <sporty>
   no
  </sporty>
 </clothing>
 <clothing>
  <id>
   138359343
  </id>
  <name>
   Nike Umbrellas G-1688
  </name>
  <category>
   Umbrellas
  </category>
  <size>
   L
  </size>
  <color>
   Голубой
  </color>
  <material>
   Хлопок
  </material>
  <price>
   881532
  </price>
  <rating>
   4.72
  </rating>
  <reviews>
   93723
  </reviews>
  <new>
   -
  </new>
 </clothing>
 <clothing>
  <id>
   264988987
  </id>
  <name>
   PleinSport Sweater G-3255
  </name>
  <category>
   Sweater
  </category>
  <size>
   XL
  </size>
  <color>
   Красный
  </color>
  <material>
   Хлопок
  </material>
  <price>
   922368
  </price>
  <rating>
   1.72
  </rating>
  <reviews>
   253813
  </reviews>
 </clothing>
 <clothing>
  <id>
   710935117
  </id>
  <name>
   Reebok Umbrellas K-4319
  </name>
  <category>
   Umbrellas
  </category>
  <size>
   XXL
  </size>
  <color>
   Синий
  </color>
  <material>
   Нейлон
  </material>
  <price>
   264679
  </price>
  <rating>
   2.54
  </rating>
  <reviews>
   463626
  </reviews>
  <exclusive>
   yes
  </exclusive>
  <sporty>
   yes
  </sporty>
 </clothing>
 <clothing>
  <id>
   486564847
  </id>
  <name>
   Under Armour Jacket N-3620
  </name>
  <category>
   Jacket
  </category>
  <size>
   XL
  </size>
  <color>
   Голубой
  </color>
  <material>
   Кожа
  </material>
  <price>
   406044
  </price>
  <rating>
   3.01
  </rating>
  <reviews>
   782445
  </reviews>
  <exclusive>
   no
  </exclusive>
  <sporty>
   yes
  </sporty>
 </clothing>
 <clothing>
  <id>
   159557749
  </id>
  <name>
   Fila Dress H-1485
  </name>
  <category>
   Dress
  </category>
  <size>
   S
  </size>
  <color>
   Синий
  </color>
  <material>
   Хлопок
  </material>
  <price>
   336017
  </price>
  <rating>
   1.3
  </rating>
  <reviews>
   23092
  </reviews>
  <new>
   +
  </new>
  <exclusive>
   yes
  </exclusive>
  <sporty>
   no
  </sporty>
 </clothing>
 <clothing>
  <id>
   904268618
  </id>
  <name>
   Puma Sweater I-1672
  </name>
  <category>
   Sweater
  </category>
  <size>
   M
  </size>
  <color>
   Красный
  </color>
  <material>
   Хлопок
  </material>
  <price>
   581853
  </price>
  <rating>
   1.03
  </rating>
  <reviews>
   425350
  </reviews>
  <new>
   -
  </new>
  <sporty>
   yes
  </sporty>
 </clothing>
 <clothing>
  <id>
   411305576
  </id>
  <name>
   Vans Hat O-6306
  </name>
  <category>
   Hat
  </category>
  <size>
   M
  </size>
  <color>
   Оранжевый
  </color>
  <material>
   Лен
  </material>
  <price>
   248115
  </price>
  <rating>
   1.94
  </rating>
  <reviews>
   291209
  </reviews>
  <exclusive>
   no
  </exclusive>
 </clothing>
 <clothing>
  <id>
   681449649
  </id>
  <name>
   Adidas Gloves F-1858
  </name>
  <category>
   Gloves
  </category>
  <size>
   L
  </size>
  <color>
   Желтый
  </color>
  <material>
   Кожа
  </material>
  <price>
   238048
  </price>
  <rating>
   3.85
  </rating>
  <reviews>
   660483
  </reviews>
  <new>
   -
  </new>
  <exclusive>
   yes
  </exclusive>
 </clothing>
 <clothing>
  <id>
   615575473
  </id>
  <name>
   Brooks Jacket T-7291
  </name>
  <category>
   Jacket
  </category>
  <size>
   M
  </size>
  <color>
   Красный
  </color>
  <material>
   Нейлон
  </material>
  <price>
   878368
  </price>
  <rating>
   4.3
  </rating>
  <reviews>
   121410
  </reviews>
  <sporty>
   no
  </sporty>
 </clothing>
 <clothing>
  <id>
   849367637
  </id>
  <name>
   Asics Belts J-5484
  </name>
  <category>
   Belts
  </category>
  <size>
   L
  </size>
  <color>
   Зеленый
  </color>
  <material>
   Шелк
  </material>
  <price>
   644667
  </price>
  <rating>
   4.1
  </rating>
  <reviews>
   971825
  </reviews>
  <exclusive>
   yes
  </exclusive>
 </clothing>
 <clothing>
  <id>
   571770044
  </id>
  <name>
   Nike Pants Z-6142
  </name>
  <category>
   Pants
  </category>
  <size>
   M
  </size>
  <color>
   Фиолетовый
  </color>
  <material>
   Полиэстер
  </material>
  <price>
   493683
  </price>
  <rating>
   3.29
  </rating>
  <reviews>
   22750
  </reviews>
  <exclusive>
   yes
  </exclusive>
 </clothing>
 <clothing>
  <id>
   953239223
  </id>
  <name>
   Vans Hat T-4292
  </name>
  <category>
   Hat
  </category>
  <size>
   S
  </size>
  <color>
   Красный
  </color>
  <material>
   Кожа
  </material>
  <price>
   178088
  </price>
  <rating>
   3.98
  </rating>
  <reviews>
   18901
  </reviews>
  <exclusive>
   no
  </exclusive>
 </clothing>
 <clothing>
  <id>
   382178348
  </id>
  <name>
   Vans Pants T-3189
  </name>
  <category>
   Pants
  </category>
  <size>
   M
  </size>
  <color>
   Фиолетовый
  </color>
  <material>
   Кожа
  </material>
  <price>
   854809
  </price>
  <rating>
   2.89
  </rating>
  <reviews>
   615043
  </reviews>
  <new>
   -
  </new>
  <exclusive>
   no
  </exclusive>
  <sporty>
   no
  </sporty>
 </clothing>
</clothing-items>
