<?xml version="1.0" encoding="utf-8"?>
<clothing-items>
 <clothing>
  <id>
   393515700
  </id>
  <name>
   Ellesse Shoes R-1467
  </name>
  <category>
   Shoes
  </category>
  <size>
   L
  </size>
  <color>
   Оранжевый
  </color>
  <material>
   Хлопок
  </material>
  <price>
   583958
  </price>
  <rating>
   3.69
  </rating>
  <reviews>
   485002
  </reviews>
  <new>
   +
  </new>
  <exclusive>
   yes
  </exclusive>
  <sporty>
   no
  </sporty>
 </clothing>
 <clothing>
  <id>
   354838581
  </id>
  <name>
   Asics Jeans V-7692
  </name>
  <category>
   Jeans
  </category>
  <size>
   L
  </size>
  <color>
   Желтый
  </color>
  <material>
   Лен
  </material>
  <price>
   571761
  </price>
  <rating>
   1.83
  </rating>
  <reviews>
   631547
  </reviews>
  <exclusive>
   no
  </exclusive>
 </clothing>
 <clothing>
  <id>
   941960634
  </id>
  <name>
   Ellesse Sweater J-2371
  </name>
  <category>
   Sweater
  </category>
  <size>
   XXL
  </size>
  <color>
   Синий
  </color>
  <material>
   Шерсть
  </material>
  <price>
   164073
  </price>
  <rating>
   3.87
  </rating>
  <reviews>
   878850
  </reviews>
  <new>
   -
  </new>
  <sporty>
   yes
  </sporty>
 </clothing>
 <clothing>
  <id>
   647595279
  </id>
  <name>
   Puma Skirt N-6879
  </name>
  <category>
   Skirt
  </category>
  <size>
   M
  </size>
  <color>
   Зеленый
  </color>
  <material>
   Хлопок
  </material>
  <price>
   967631
  </price>
  <rating>
   4.57
  </rating>
  <reviews>
   59339
  </reviews>
  <new>
   +
  </new>
 </clothing>
 <clothing>
  <id>
   746028271
  </id>
  <name>
   PleinSport Handbags T-5296
  </name>
  <category>
   Handbags
  </category>
  <size>
   XXL
  </size>
  <color>
   Фиолетовый
  </color>
  <material>
   Хлопок
  </material>
  <price>
   434368
  </price>
  <rating>
   1.06
  </rating>
  <reviews>
   29667
  </reviews>
  <new>
   +
  </new>
  <sporty>
   yes
  </sporty>
 </clothing>
 <clothing>
  <id>
   523957847
  </id>
  <name>
   Brooks Hat R-6389
  </name>
  <category>
   Hat
  </category>
  <size>
   M
  </size>
  <color>
   Оранжевый
  </color>
  <material>
   Шелк
  </material>
  <price>
   896772
  </price>
  <rating>
   3.79
  </rating>
  <reviews>
   175576
  </reviews>
  <new>
   -
  </new>
  <exclusive>
   no
  </exclusive>
  <sporty>
   no
  </sporty>
 </clothing>
 <clothing>
  <id>
   110875710
  </id>
  <name>
   Under Armour Pants F-3085
  </name>
  <category>
   Pants
  </category>
  <size>
   S
  </size>
  <color>
   Оранжевый
  </color>
  <material>
   Лен
  </material>
  <price>
   280826
  </price>
  <rating>
   3.71
  </rating>
  <reviews>
   708075
  </reviews>
  <exclusive>
   no
  </exclusive>
  <sporty>
   yes
  </sporty>
 </clothing>
 <clothing>
  <id>
   570242675
  </id>
  <name>
   Lacoste Socks R-5916
  </name>
  <category>
   Socks
  </category>
  <size>
   S
  </size>
  <color>
   Оранжевый
  </color>
  <material>
   Кожа
  </material>
  <price>
   923495
  </price>
  <rating>
   4.35
  </rating>
  <reviews>
   437602
  </reviews>
  <new>
   +
  </new>
  <exclusive>
   no
  </exclusive>
  <sporty>
   no
  </sporty>
 </clothing>
 <clothing>
  <id>
   838013296
  </id>
  <name>
   Under Armour Shoes T-1777
  </name>
  <category>
   Shoes
  </category>
  <size>
   XL
  </size>
  <color>
   Желтый
  </color>
  <material>
   Кожа
  </material>
  <price>
   434485
  </price>
  <rating>
   2.22
  </rating>
  <reviews>
   232446
  </reviews>
  <new>
   +
  </new>
  <exclusive>
   no
  </exclusive>
 </clothing>
 <clothing>
  <id>
   928425289
  </id>
  <name>
   Puma Sweater X-4756
  </name>
  <category>
   Sweater
  </category>
  <size>
   XXL
  </size>
  <color>
   Синий
  </color>
  <material>
   Полиэстер
  </material>
  <price>
   250046
  </price>
  <rating>
   1.33
  </rating>
  <reviews>
   4450
  </reviews>
  <new>
   -
  </new>
 </clothing>
 <clothing>
  <id>
   596044070
  </id>
  <name>
   DC Jacket N-7472
  </name>
  <category>
   Jacket
  </category>
  <size>
   XXL
  </size>
  <color>
   Зеленый
  </color>
  <material>
   Вискоза
  </material>
  <price>
   786794
  </price>
  <rating>
   2.8
  </rating>
  <reviews>
   401578
  </reviews>
  <exclusive>
   no
  </exclusive>
  <sporty>
   no
  </sporty>
 </clothing>
 <clothing>
  <id>
   436021407
  </id>
  <name>
   Under Armour Shoes E-5935
  </name>
  <category>
   Shoes
  </category>
  <size>
   L
  </size>
  <color>
   Желтый
  </color>
  <material>
   Лен
  </material>
  <price>
   661515
  </price>
  <rating>
   2.93
  </rating>
  <reviews>
   952090
  </reviews>
  <new>
   -
  </new>
 </clothing>
 <clothing>
  <id>
   489052781
  </id>
  <name>
   Puma Shirt T-8399
  </name>
  <category>
   Shirt
  </category>
  <size>
   S
  </size>
  <color>
   Красный
  </color>
  <material>
   Нейлон
  </material>
  <price>
   811605
  </price>
  <rating>
   3.35
  </rating>
  <reviews>
   496071
  </reviews>
  <exclusive>
   yes
  </exclusive>
 </clothing>
 <clothing>
  <id>
   650393354
  </id>
  <name>
   PleinSport Dress G-6833
  </name>
  <category>
   Dress
  </category>
  <size>
   M
  </size>
  <color>
   Желтый
  </color>
  <material>
   Вискоза
  </material>
  <price>
   377095
  </price>
  <rating>
   2.37
  </rating>
  <reviews>
   652543
  </reviews>
  <exclusive>
   no
  </exclusive>
 </clothing>
 <clothing>
  <id>
   310062268
  </id>
  <name>
   DC Pants A-1210
  </name>
  <category>
   Pants
  </category>
  <size>
   L
  </size>
  <color>
   Зеленый
  </color>
  <material>
   Лен
  </material>
  <price>
   262756
  </price>
  <rating>
   2.43
  </rating>
  <reviews>
   624231
  </reviews>
  <new>
   -
  </new>
  <exclusive>
   no
  </exclusive>
  <sporty>
   yes
  </sporty>
 </clothing>
 <clothing>
  <id>
   202821488
  </id>
  <name>
   Converse T-shirt V-5977
  </name>
  <category>
   T-shirt
  </category>
  <size>
   S
  </size>
  <color>
   Фиолетовый
  </color>
  <material>
   Шелк
  </material>
  <price>
   562964
  </price>
  <rating>
   1.96
  </rating>
  <reviews>
   210751
  </reviews>
  <exclusive>
   yes
  </exclusive>
  <sporty>
   no
  </sporty>
 </clothing>
 <clothing>
  <id>
   442910116
  </id>
  <name>
   Vans Socks Y-7183
  </name>
  <category>
   Socks
  </category>
  <size>
   M
  </size>
  <color>
   Голубой
  </color>
  <material>
   Вискоза
  </material>
  <price>
   645707
  </price>
  <rating>
   1.32
  </rating>
  <reviews>
   558322
  </reviews>
  <sporty>
   yes
  </sporty>
 </clothing>
 <clothing>
  <id>
   865991932
  </id>
  <name>
   Addidas Blouse R-5813
  </name>
  <category>
   Blouse
  </category>
  <size>
   L
  </size>
  <color>
   Желтый
  </color>
  <material>
   Полиэстер
  </material>
  <price>
   686927
  </price>
  <rating>
   1.64
  </rating>
  <reviews>
   521158
  </reviews>
  <new>
   +
  </new>
  <sporty>
   no
  </sporty>
 </clothing>
 <clothing>
  <id>
   518114245
  </id>
  <name>
   Vans Pants X-3887
  </name>
  <category>
   Pants
  </category>
  <size>
   S
  </size>
  <color>
   Красный
  </color>
  <material>
   Шерсть
  </material>
  <price>
   940126
  </price>
  <rating>
   1.74
  </rating>
  <reviews>
   484557
  </reviews>
  <exclusive>
   yes
  </exclusive>
 </clothing>
 <clothing>
  <id>
   272974696
  </id>
  <name>
   DC Dress R-4616
  </name>
  <category>
   Dress
  </category>
  <size>
   XL
  </size>
  <color>
   Зеленый
  </color>
  <material>
   Шерсть
  </material>
  <price>
   776417
  </price>
  <rating>
   3.51
  </rating>
  <reviews>
   263259
  </reviews>
  <new>
   -
  </new>
 </clothing>
 <clothing>
  <id>
   303601910
  </id>
  <name>
   Fila Handbags M-8677
  </name>
  <category>
   Handbags
  </category>
  <size>
   XXL
  </size>
  <color>
   Голубой
  </color>
  <material>
   Шерсть
  </material>
  <price>
   971966
  </price>
  <rating>
   4.71
  </rating>
  <reviews>
   84424
  </reviews>
  <new>
   +
  </new>
  <exclusive>
   no
  </exclusive>
  <sporty>
   yes
  </sporty>
 </clothing>
 <clothing>
  <id>
   581863212
  </id>
  <name>
   Under Armour Jeans X-9834
  </name>
  <category>
   Jeans
  </category>
  <size>
   XXL
  </size>
  <color>
   Синий
  </color>
  <material>
   Нейлон
  </material>
  <price>
   707754
  </price>
  <rating>
   1.27
  </rating>
  <reviews>
   771767
  </reviews>
  <sporty>
   yes
  </sporty>
 </clothing>
 <clothing>
  <id>
   812851304
  </id>
  <name>
   DC Shirt D-6903
  </name>
  <category>
   Shirt
  </category>
  <size>
   L
  </size>
  <color>
   Оранжевый
  </color>
  <material>
   Шелк
  </material>
  <price>
   637649
  </price>
  <rating>
   3.29
  </rating>
  <reviews>
   58210
  </reviews>
  <sporty>
   no
  </sporty>
 </clothing>
 <clothing>
  <id>
   762467398
  </id>
  <name>
   Converse Hat O-2911
  </name>
  <category>
   Hat
  </category>
  <size>
   L
  </size>
  <color>
   Синий
  </color>
  <material>
   Хлопок
  </material>
  <price>
   567424
  </price>
  <rating>
   3.55
  </rating>
  <reviews>
   903956
  </reviews>
  <new>
   -
  </new>
  <exclusive>
   no
  </exclusive>
 </clothing>
 <clothing>
  <id>
   591340676
  </id>
  <name>
   Asics Pants Z-1753
  </name>
  <category>
   Pants
  </category>
  <size>
   XXL
  </size>
  <color>
   Желтый
  </color>
  <material>
   Шелк
  </material>
  <price>
   997940
  </price>
  <rating>
   3.31
  </rating>
  <reviews>
   710252
  </reviews>
  <sporty>
   yes
  </sporty>
 </clothing>
 <clothing>
  <id>
   964635107
  </id>
  <name>
   Brooks Hat H-4403
  </name>
  <category>
   Hat
  </category>
  <size>
   M
  </size>
  <color>
   Желтый
  </color>
  <material>
   Полиэстер
  </material>
  <price>
   800105
  </price>
  <rating>
   2.7
  </rating>
  <reviews>
   67200
  </reviews>
  <new>
   -
  </new>
  <sporty>
   yes
  </sporty>
 </clothing>
 <clothing>
  <id>
   298443698
  </id>
  <name>
   Fila Jacket I-5457
  </name>
  <category>
   Jacket
  </category>
  <size>
   L
  </size>
  <color>
   Желтый
  </color>
  <material>
   Вискоза
  </material>
  <price>
   515623
  </price>
  <rating>
   1.47
  </rating>
  <reviews>
   52011
  </reviews>
  <new>
   -
  </new>
  <exclusive>
   no
  </exclusive>
  <sporty>
   no
  </sporty>
 </clothing>
 <clothing>
  <id>
   278330446
  </id>
  <name>
   PleinSport Umbrellas D-1550
  </name>
  <category>
   Umbrellas
  </category>
  <size>
   M
  </size>
  <color>
   Зеленый
  </color>
  <material>
   Лен
  </material>
  <price>
   842396
  </price>
  <rating>
   3.05
  </rating>
  <reviews>
   645873
  </reviews>
  <new>
   -
  </new>
 </clothing>
 <clothing>
  <id>
   454835693
  </id>
  <name>
   Lacoste Pants G-3945
  </name>
  <category>
   Pants
  </category>
  <size>
   S
  </size>
  <color>
   Фиолетовый
  </color>
  <material>
   Лен
  </material>
  <price>
   822827
  </price>
  <rating>
   1.67
  </rating>
  <reviews>
   561632
  </reviews>
  <new>
   +
  </new>
  <exclusive>
   yes
  </exclusive>
 </clothing>
 <clothing>
  <id>
   877192127
  </id>
  <name>
   Vans Blouse E-8153
  </name>
  <category>
   Blouse
  </category>
  <size>
   XL
  </size>
  <color>
   Красный
  </color>
  <material>
   Шелк
  </material>
  <price>
   471783
  </price>
  <rating>
   4.44
  </rating>
  <reviews>
   545519
  </reviews>
  <sporty>
   yes
  </sporty>
 </clothing>
 <clothing>
  <id>
   737625259
  </id>
  <name>
   New Balance Gloves J-1122
  </name>
  <category>
   Gloves
  </category>
  <size>
   XL
  </size>
  <color>
   Синий
  </color>
  <material>
   Хлопок
  </material>
  <price>
   666335
  </price>
  <rating>
   1.6
  </rating>
  <reviews>
   19789
  </reviews>
 </clothing>
 <clothing>
  <id>
   749325926
  </id>
  <name>
   Converse Gloves Q-4299
  </name>
  <category>
   Gloves
  </category>
  <size>
   XXL
  </size>
  <color>
   Оранжевый
  </color>
  <material>
   Шелк
  </material>
  <price>
   296651
  </price>
  <rating>
   1.1
  </rating>
  <reviews>
   31006
  </reviews>
  <exclusive>
   no
  </exclusive>
  <sporty>
   no
  </sporty>
 </clothing>
 <clothing>
  <id>
   315431918
  </id>
  <name>
   New Balance Jeans Y-6902
  </name>
  <category>
   Jeans
  </category>
  <size>
   XXL
  </size>
  <color>
   Желтый
  </color>
  <material>
   Шерсть
  </material>
  <price>
   951213
  </price>
  <rating>
   4.54
  </rating>
  <reviews>
   651106
  </reviews>
  <new>
   -
  </new>
  <exclusive>
   yes
  </exclusive>
 </clothing>
 <clothing>
  <id>
   154030779
  </id>
  <name>
   Addidas Dress A-1384
  </name>
  <category>
   Dress
  </category>
  <size>
   XL
  </size>
  <color>
   Голубой
  </color>
  <material>
   Нейлон
  </material>
  <price>
   376466
  </price>
  <rating>
   2.35
  </rating>
  <reviews>
   986206
  </reviews>
 </clothing>
 <clothing>
  <id>
   775406109
  </id>
  <name>
   Nike Gloves G-8484
  </name>
  <category>
   Gloves
  </category>
  <size>
   XXL
  </size>
  <color>
   Желтый
  </color>
  <material>
   Хлопок
  </material>
  <price>
   665351
  </price>
  <rating>
   4.48
  </rating>
  <reviews>
   528402
  </reviews>
  <new>
   +
  </new>
  <sporty>
   no
  </sporty>
 </clothing>
 <clothing>
  <id>
   254369991
  </id>
  <name>
   DC Umbrellas A-5541
  </name>
  <category>
   Umbrellas
  </category>
  <size>
   L
  </size>
  <color>
   Желтый
  </color>
  <material>
   Шелк
  </material>
  <price>
   940660
  </price>
  <rating>
   4.74
  </rating>
  <reviews>
   383346
  </reviews>
  <new>
   -
  </new>
  <sporty>
   no
  </sporty>
 </clothing>
 <clothing>
  <id>
   432735842
  </id>
  <name>
   Reebok Jacket X-6246
  </name>
  <category>
   Jacket
  </category>
  <size>
   XL
  </size>
  <color>
   Фиолетовый
  </color>
  <material>
   Нейлон
  </material>
  <price>
   306966
  </price>
  <rating>
   3.47
  </rating>
  <reviews>
   390649
  </reviews>
  <new>
   -
  </new>
  <exclusive>
   no
  </exclusive>
  <sporty>
   yes
  </sporty>
 </clothing>
 <clothing>
  <id>
   887230686
  </id>
  <name>
   New Balance Jacket H-5899
  </name>
  <category>
   Jacket
  </category>
  <size>
   L
  </size>
  <color>
   Оранжевый
  </color>
  <material>
   Нейлон
  </material>
  <price>
   401157
  </price>
  <rating>
   3.93
  </rating>
  <reviews>
   258188
  </reviews>
  <new>
   -
  </new>
  <exclusive>
   no
  </exclusive>
  <sporty>
   no
  </sporty>
 </clothing>
 <clothing>
  <id>
   320710262
  </id>
  <name>
   Vans Hat S-4424
  </name>
  <category>
   Hat
  </category>
  <size>
   M
  </size>
  <color>
   Красный
  </color>
  <material>
   Шерсть
  </material>
  <price>
   778773
  </price>
  <rating>
   2.98
  </rating>
  <reviews>
   551431
  </reviews>
  <new>
   -
  </new>
 </clothing>
 <clothing>
  <id>
   364730776
  </id>
  <name>
   Vans Skirt P-4072
  </name>
  <category>
   Skirt
  </category>
  <size>
   L
  </size>
  <color>
   Зеленый
  </color>
  <material>
   Нейлон
  </material>
  <price>
   329742
  </price>
  <rating>
   4.68
  </rating>
  <reviews>
   999237
  </reviews>
 </clothing>
 <clothing>
  <id>
   640030037
  </id>
  <name>
   Converse Dress Y-9429
  </name>
  <category>
   Dress
  </category>
  <size>
   XXL
  </size>
  <color>
   Желтый
  </color>
  <material>
   Шерсть
  </material>
  <price>
   105764
  </price>
  <rating>
   3.07
  </rating>
  <reviews>
   850822
  </reviews>
  <exclusive>
   yes
  </exclusive>
 </clothing>
 <clothing>
  <id>
   232984539
  </id>
  <name>
   New Balance Jeans J-7655
  </name>
  <category>
   Jeans
  </category>
  <size>
   M
  </size>
  <color>
   Желтый
  </color>
  <material>
   Полиэстер
  </material>
  <price>
   544120
  </price>
  <rating>
   4.19
  </rating>
  <reviews>
   639045
  </reviews>
  <new>
   -
  </new>
  <sporty>
   no
  </sporty>
 </clothing>
</clothing-items>
