<?xml version="1.0" encoding="utf-8"?>
<clothing-items>
 <clothing>
  <id>
   651333957
  </id>
  <name>
   DC Umbrellas U-8199
  </name>
  <category>
   Umbrellas
  </category>
  <size>
   XL
  </size>
  <color>
   Синий
  </color>
  <material>
   Лен
  </material>
  <price>
   996521
  </price>
  <rating>
   2.81
  </rating>
  <reviews>
   590184
  </reviews>
  <new>
   +
  </new>
 </clothing>
 <clothing>
  <id>
   736659050
  </id>
  <name>
   Lacoste Pants F-2838
  </name>
  <category>
   Pants
  </category>
  <size>
   S
  </size>
  <color>
   Синий
  </color>
  <material>
   Хлопок
  </material>
  <price>
   420576
  </price>
  <rating>
   3.68
  </rating>
  <reviews>
   116110
  </reviews>
  <new>
   +
  </new>
  <exclusive>
   yes
  </exclusive>
  <sporty>
   no
  </sporty>
 </clothing>
 <clothing>
  <id>
   289469488
  </id>
  <name>
   Nike Belts P-6371
  </name>
  <category>
   Belts
  </category>
  <size>
   L
  </size>
  <color>
   Фиолетовый
  </color>
  <material>
   Нейлон
  </material>
  <price>
   532483
  </price>
  <rating>
   4.34
  </rating>
  <reviews>
   700454
  </reviews>
  <sporty>
   no
  </sporty>
 </clothing>
 <clothing>
  <id>
   875024957
  </id>
  <name>
   Nike Skirt C-2444
  </name>
  <category>
   Skirt
  </category>
  <size>
   L
  </size>
  <color>
   Красный
  </color>
  <material>
   Кожа
  </material>
  <price>
   811564
  </price>
  <rating>
   2.88
  </rating>
  <reviews>
   863360
  </reviews>
  <exclusive>
   no
  </exclusive>
  <sporty>
   yes
  </sporty>
 </clothing>
 <clothing>
  <id>
   875634260
  </id>
  <name>
   Converse Pants R-9359
  </name>
  <category>
   Pants
  </category>
  <size>
   L
  </size>
  <color>
   Фиолетовый
  </color>
  <material>
   Хлопок
  </material>
  <price>
   186951
  </price>
  <rating>
   3.83
  </rating>
  <reviews>
   573779
  </reviews>
  <sporty>
   no
  </sporty>
 </clothing>
 <clothing>
  <id>
   439060661
  </id>
  <name>
   Addidas Belts O-7794
  </name>
  <category>
   Belts
  </category>
  <size>
   M
  </size>
  <color>
   Оранжевый
  </color>
  <material>
   Шерсть
  </material>
  <price>
   705874
  </price>
  <rating>
   1.8
  </rating>
  <reviews>
   585729
  </reviews>
  <new>
   +
  </new>
 </clothing>
 <clothing>
  <id>
   464940982
  </id>
  <name>
   PleinSport T-shirt V-1074
  </name>
  <category>
   T-shirt
  </category>
  <size>
   M
  </size>
  <color>
   Оранжевый
  </color>
  <material>
   Хлопок
  </material>
  <price>
   627641
  </price>
  <rating>
   2.09
  </rating>
  <reviews>
   701121
  </reviews>
  <new>
   -
  </new>
  <exclusive>
   no
  </exclusive>
  <sporty>
   yes
  </sporty>
 </clothing>
 <clothing>
  <id>
   279730396
  </id>
  <name>
   Converse Shoes K-4414
  </name>
  <category>
   Shoes
  </category>
  <size>
   S
  </size>
  <color>
   Фиолетовый
  </color>
  <material>
   Шелк
  </material>
  <price>
   227102
  </price>
  <rating>
   1.72
  </rating>
  <reviews>
   864153
  </reviews>
  <new>
   -
  </new>
  <sporty>
   yes
  </sporty>
 </clothing>
 <clothing>
  <id>
   406557617
  </id>
  <name>
   Reebok Blouse V-8402
  </name>
  <category>
   Blouse
  </category>
  <size>
   XXL
  </size>
  <color>
   Зеленый
  </color>
  <material>
   Нейлон
  </material>
  <price>
   673145
  </price>
  <rating>
   4.0
  </rating>
  <reviews>
   782744
  </reviews>
  <new>
   -
  </new>
  <sporty>
   yes
  </sporty>
 </clothing>
 <clothing>
  <id>
   450671034
  </id>
  <name>
   Vans Jeans A-1790
  </name>
  <category>
   Jeans
  </category>
  <size>
   S
  </size>
  <color>
   Синий
  </color>
  <material>
   Вискоза
  </material>
  <price>
   353219
  </price>
  <rating>
   4.71
  </rating>
  <reviews>
   175996
  </reviews>
  <new>
   -
  </new>
  <sporty>
   no
  </sporty>
 </clothing>
 <clothing>
  <id>
   461436769
  </id>
  <name>
   Ellesse Handbags M-7460
  </name>
  <category>
   Handbags
  </category>
  <size>
   S
  </size>
  <color>
   Фиолетовый
  </color>
  <material>
   Хлопок
  </material>
  <price>
   467139
  </price>
  <rating>
   4.79
  </rating>
  <reviews>
   772760
  </reviews>
  <new>
   -
  </new>
  <sporty>
   yes
  </sporty>
 </clothing>
 <clothing>
  <id>
   309066420
  </id>
  <name>
   Vans Handbags Q-1088
  </name>
  <category>
   Handbags
  </category>
  <size>
   L
  </size>
  <color>
   Желтый
  </color>
  <material>
   Лен
  </material>
  <price>
   455617
  </price>
  <rating>
   1.94
  </rating>
  <reviews>
   366291
  </reviews>
  <new>
   +
  </new>
  <exclusive>
   yes
  </exclusive>
 </clothing>
 <clothing>
  <id>
   868150673
  </id>
  <name>
   DC Sweater L-7316
  </name>
  <category>
   Sweater
  </category>
  <size>
   L
  </size>
  <color>
   Голубой
  </color>
  <material>
   Лен
  </material>
  <price>
   292787
  </price>
  <rating>
   2.72
  </rating>
  <reviews>
   549273
  </reviews>
  <new>
   -
  </new>
  <exclusive>
   yes
  </exclusive>
  <sporty>
   yes
  </sporty>
 </clothing>
 <clothing>
  <id>
   739240737
  </id>
  <name>
   Reebok Handbags G-8382
  </name>
  <category>
   Handbags
  </category>
  <size>
   XL
  </size>
  <color>
   Зеленый
  </color>
  <material>
   Хлопок
  </material>
  <price>
   334296
  </price>
  <rating>
   4.89
  </rating>
  <reviews>
   24244
  </reviews>
  <new>
   -
  </new>
  <exclusive>
   yes
  </exclusive>
 </clothing>
 <clothing>
  <id>
   118513863
  </id>
  <name>
   New Balance Shirt W-8240
  </name>
  <category>
   Shirt
  </category>
  <size>
   XL
  </size>
  <color>
   Оранжевый
  </color>
  <material>
   Шерсть
  </material>
  <price>
   832712
  </price>
  <rating>
   2.76
  </rating>
  <reviews>
   117863
  </reviews>
  <new>
   -
  </new>
  <exclusive>
   no
  </exclusive>
 </clothing>
</clothing-items>
