<?xml version="1.0" encoding="utf-8"?>
<clothing-items>
 <clothing>
  <id>
   354390328
  </id>
  <name>
   PleinSport Handbags T-2647
  </name>
  <category>
   Handbags
  </category>
  <size>
   L
  </size>
  <color>
   Голубой
  </color>
  <material>
   Лен
  </material>
  <price>
   673497
  </price>
  <rating>
   1.51
  </rating>
  <reviews>
   550510
  </reviews>
  <new>
   -
  </new>
  <exclusive>
   no
  </exclusive>
  <sporty>
   yes
  </sporty>
 </clothing>
 <clothing>
  <id>
   160963377
  </id>
  <name>
   Adidas Hat G-7136
  </name>
  <category>
   Hat
  </category>
  <size>
   M
  </size>
  <color>
   Оранжевый
  </color>
  <material>
   Лен
  </material>
  <price>
   675713
  </price>
  <rating>
   1.42
  </rating>
  <reviews>
   558614
  </reviews>
  <exclusive>
   no
  </exclusive>
  <sporty>
   no
  </sporty>
 </clothing>
 <clothing>
  <id>
   446537888
  </id>
  <name>
   Under Armour Sweater D-6338
  </name>
  <category>
   Sweater
  </category>
  <size>
   XXL
  </size>
  <color>
   Оранжевый
  </color>
  <material>
   Нейлон
  </material>
  <price>
   848798
  </price>
  <rating>
   1.71
  </rating>
  <reviews>
   122576
  </reviews>
  <new>
   -
  </new>
  <exclusive>
   no
  </exclusive>
 </clothing>
 <clothing>
  <id>
   214899844
  </id>
  <name>
   DC Jeans T-3830
  </name>
  <category>
   Jeans
  </category>
  <size>
   M
  </size>
  <color>
   Голубой
  </color>
  <material>
   Хлопок
  </material>
  <price>
   996849
  </price>
  <rating>
   1.07
  </rating>
  <reviews>
   579877
  </reviews>
  <new>
   -
  </new>
  <exclusive>
   no
  </exclusive>
 </clothing>
 <clothing>
  <id>
   355835768
  </id>
  <name>
   Vans Belts L-7296
  </name>
  <category>
   Belts
  </category>
  <size>
   XL
  </size>
  <color>
   Зеленый
  </color>
  <material>
   Вискоза
  </material>
  <price>
   144909
  </price>
  <rating>
   2.35
  </rating>
  <reviews>
   389927
  </reviews>
  <new>
   -
  </new>
  <exclusive>
   no
  </exclusive>
 </clothing>
 <clothing>
  <id>
   761915254
  </id>
  <name>
   Brooks Hat L-8950
  </name>
  <category>
   Hat
  </category>
  <size>
   XXL
  </size>
  <color>
   Голубой
  </color>
  <material>
   Нейлон
  </material>
  <price>
   784235
  </price>
  <rating>
   1.26
  </rating>
  <reviews>
   287994
  </reviews>
  <new>
   +
  </new>
  <exclusive>
   no
  </exclusive>
 </clothing>
 <clothing>
  <id>
   684688587
  </id>
  <name>
   Nike Umbrellas F-8365
  </name>
  <category>
   Umbrellas
  </category>
  <size>
   XL
  </size>
  <color>
   Синий
  </color>
  <material>
   Шелк
  </material>
  <price>
   354486
  </price>
  <rating>
   2.18
  </rating>
  <reviews>
   357056
  </reviews>
  <new>
   -
  </new>
  <exclusive>
   no
  </exclusive>
 </clothing>
 <clothing>
  <id>
   713067330
  </id>
  <name>
   Under Armour Handbags F-1017
  </name>
  <category>
   Handbags
  </category>
  <size>
   XL
  </size>
  <color>
   Синий
  </color>
  <material>
   Лен
  </material>
  <price>
   314181
  </price>
  <rating>
   3.34
  </rating>
  <reviews>
   347492
  </reviews>
  <exclusive>
   yes
  </exclusive>
 </clothing>
 <clothing>
  <id>
   637381801
  </id>
  <name>
   Lacoste Gloves Q-2542
  </name>
  <category>
   Gloves
  </category>
  <size>
   XXL
  </size>
  <color>
   Желтый
  </color>
  <material>
   Полиэстер
  </material>
  <price>
   176163
  </price>
  <rating>
   2.87
  </rating>
  <reviews>
   150704
  </reviews>
  <sporty>
   yes
  </sporty>
 </clothing>
 <clothing>
  <id>
   610891511
  </id>
  <name>
   Fila Jacket Q-3439
  </name>
  <category>
   Jacket
  </category>
  <size>
   XL
  </size>
  <color>
   Голубой
  </color>
  <material>
   Лен
  </material>
  <price>
   627265
  </price>
  <rating>
   2.66
  </rating>
  <reviews>
   505569
  </reviews>
  <exclusive>
   no
  </exclusive>
 </clothing>
 <clothing>
  <id>
   444859471
  </id>
  <name>
   Addidas Dress L-5769
  </name>
  <category>
   Dress
  </category>
  <size>
   M
  </size>
  <color>
   Голубой
  </color>
  <material>
   Шелк
  </material>
  <price>
   521510
  </price>
  <rating>
   3.08
  </rating>
  <reviews>
   39300
  </reviews>
  <exclusive>
   yes
  </exclusive>
  <sporty>
   yes
  </sporty>
 </clothing>
 <clothing>
  <id>
   520754975
  </id>
  <name>
   DC Dress L-1814
  </name>
  <category>
   Dress
  </category>
  <size>
   L
  </size>
  <color>
   Красный
  </color>
  <material>
   Лен
  </material>
  <price>
   792151
  </price>
  <rating>
   1.26
  </rating>
  <reviews>
   798938
  </reviews>
  <new>
   -
  </new>
  <exclusive>
   yes
  </exclusive>
 </clothing>
 <clothing>
  <id>
   534708636
  </id>
  <name>
   Lacoste Hat Q-7322
  </name>
  <category>
   Hat
  </category>
  <size>
   XL
  </size>
  <color>
   Синий
  </color>
  <material>
   Кожа
  </material>
  <price>
   780221
  </price>
  <rating>
   2.25
  </rating>
  <reviews>
   142553
  </reviews>
  <new>
   +
  </new>
  <sporty>
   yes
  </sporty>
 </clothing>
 <clothing>
  <id>
   569060409
  </id>
  <name>
   Lacoste Shirt O-5745
  </name>
  <category>
   Shirt
  </category>
  <size>
   L
  </size>
  <color>
   Красный
  </color>
  <material>
   Кожа
  </material>
  <price>
   439434
  </price>
  <rating>
   3.03
  </rating>
  <reviews>
   621506
  </reviews>
  <exclusive>
   yes
  </exclusive>
 </clothing>
 <clothing>
  <id>
   604288090
  </id>
  <name>
   Lacoste Gloves Q-6139
  </name>
  <category>
   Gloves
  </category>
  <size>
   XXL
  </size>
  <color>
   Красный
  </color>
  <material>
   Шелк
  </material>
  <price>
   589378
  </price>
  <rating>
   4.93
  </rating>
  <reviews>
   234043
  </reviews>
  <new>
   -
  </new>
 </clothing>
 <clothing>
  <id>
   695409336
  </id>
  <name>
   New Balance Jacket C-2628
  </name>
  <category>
   Jacket
  </category>
  <size>
   M
  </size>
  <color>
   Голубой
  </color>
  <material>
   Вискоза
  </material>
  <price>
   800799
  </price>
  <rating>
   3.76
  </rating>
  <reviews>
   148396
  </reviews>
  <new>
   -
  </new>
  <exclusive>
   no
  </exclusive>
  <sporty>
   no
  </sporty>
 </clothing>
 <clothing>
  <id>
   722007595
  </id>
  <name>
   Brooks Sweater O-8599
  </name>
  <category>
   Sweater
  </category>
  <size>
   S
  </size>
  <color>
   Зеленый
  </color>
  <material>
   Хлопок
  </material>
  <price>
   737421
  </price>
  <rating>
   2.51
  </rating>
  <reviews>
   922417
  </reviews>
  <new>
   -
  </new>
  <exclusive>
   yes
  </exclusive>
  <sporty>
   yes
  </sporty>
 </clothing>
 <clothing>
  <id>
   384527698
  </id>
  <name>
   PleinSport Blouse L-3877
  </name>
  <category>
   Blouse
  </category>
  <size>
   L
  </size>
  <color>
   Фиолетовый
  </color>
  <material>
   Хлопок
  </material>
  <price>
   167168
  </price>
  <rating>
   3.87
  </rating>
  <reviews>
   424326
  </reviews>
  <new>
   -
  </new>
  <exclusive>
   no
  </exclusive>
  <sporty>
   no
  </sporty>
 </clothing>
 <clothing>
  <id>
   433495899
  </id>
  <name>
   Puma T-shirt S-6363
  </name>
  <category>
   T-shirt
  </category>
  <size>
   L
  </size>
  <color>
   Голубой
  </color>
  <material>
   Нейлон
  </material>
  <price>
   626258
  </price>
  <rating>
   1.92
  </rating>
  <reviews>
   363377
  </reviews>
  <new>
   -
  </new>
 </clothing>
 <clothing>
  <id>
   447581469
  </id>
  <name>
   Brooks Pants Z-3997
  </name>
  <category>
   Pants
  </category>
  <size>
   L
  </size>
  <color>
   Синий
  </color>
  <material>
   Полиэстер
  </material>
  <price>
   769505
  </price>
  <rating>
   1.63
  </rating>
  <reviews>
   497912
  </reviews>
  <exclusive>
   yes
  </exclusive>
  <sporty>
   no
  </sporty>
 </clothing>
 <clothing>
  <id>
   783636064
  </id>
  <name>
   Nike Socks T-6880
  </name>
  <category>
   Socks
  </category>
  <size>
   S
  </size>
  <color>
   Оранжевый
  </color>
  <material>
   Вискоза
  </material>
  <price>
   268646
  </price>
  <rating>
   1.62
  </rating>
  <reviews>
   900269
  </reviews>
  <new>
   -
  </new>
 </clothing>
 <clothing>
  <id>
   829516459
  </id>
  <name>
   DC Pants A-9228
  </name>
  <category>
   Pants
  </category>
  <size>
   M
  </size>
  <color>
   Оранжевый
  </color>
  <material>
   Вискоза
  </material>
  <price>
   611065
  </price>
  <rating>
   2.02
  </rating>
  <reviews>
   546143
  </reviews>
  <sporty>
   no
  </sporty>
 </clothing>
 <clothing>
  <id>
   524507558
  </id>
  <name>
   Addidas Jeans U-8426
  </name>
  <category>
   Jeans
  </category>
  <size>
   XL
  </size>
  <color>
   Красный
  </color>
  <material>
   Полиэстер
  </material>
  <price>
   606076
  </price>
  <rating>
   2.17
  </rating>
  <reviews>
   87707
  </reviews>
  <new>
   -
  </new>
  <exclusive>
   yes
  </exclusive>
 </clothing>
</clothing-items>
