<?xml version="1.0" encoding="utf-8"?>
<clothing-items>
 <clothing>
  <id>
   244381005
  </id>
  <name>
   Brooks Jacket Y-9808
  </name>
  <category>
   Jacket
  </category>
  <size>
   L
  </size>
  <color>
   Фиолетовый
  </color>
  <material>
   Лен
  </material>
  <price>
   886305
  </price>
  <rating>
   3.28
  </rating>
  <reviews>
   658108
  </reviews>
  <exclusive>
   yes
  </exclusive>
 </clothing>
 <clothing>
  <id>
   910234549
  </id>
  <name>
   Adidas Skirt Y-1488
  </name>
  <category>
   Skirt
  </category>
  <size>
   L
  </size>
  <color>
   Зеленый
  </color>
  <material>
   Шелк
  </material>
  <price>
   968528
  </price>
  <rating>
   3.81
  </rating>
  <reviews>
   339412
  </reviews>
  <new>
   +
  </new>
  <exclusive>
   no
  </exclusive>
 </clothing>
 <clothing>
  <id>
   266913311
  </id>
  <name>
   Adidas Gloves H-3798
  </name>
  <category>
   Gloves
  </category>
  <size>
   S
  </size>
  <color>
   Синий
  </color>
  <material>
   Кожа
  </material>
  <price>
   127518
  </price>
  <rating>
   1.34
  </rating>
  <reviews>
   201478
  </reviews>
  <new>
   -
  </new>
  <exclusive>
   no
  </exclusive>
  <sporty>
   yes
  </sporty>
 </clothing>
 <clothing>
  <id>
   123938925
  </id>
  <name>
   Converse Skirt W-4572
  </name>
  <category>
   Skirt
  </category>
  <size>
   L
  </size>
  <color>
   Оранжевый
  </color>
  <material>
   Кожа
  </material>
  <price>
   153688
  </price>
  <rating>
   3.85
  </rating>
  <reviews>
   873253
  </reviews>
  <new>
   -
  </new>
  <exclusive>
   no
  </exclusive>
  <sporty>
   no
  </sporty>
 </clothing>
 <clothing>
  <id>
   503210495
  </id>
  <name>
   Brooks Shirt K-8787
  </name>
  <category>
   Shirt
  </category>
  <size>
   S
  </size>
  <color>
   Фиолетовый
  </color>
  <material>
   Кожа
  </material>
  <price>
   549996
  </price>
  <rating>
   4.52
  </rating>
  <reviews>
   446080
  </reviews>
 </clothing>
 <clothing>
  <id>
   593247761
  </id>
  <name>
   Adidas Dress B-3799
  </name>
  <category>
   Dress
  </category>
  <size>
   XXL
  </size>
  <color>
   Голубой
  </color>
  <material>
   Шелк
  </material>
  <price>
   861340
  </price>
  <rating>
   2.41
  </rating>
  <reviews>
   536576
  </reviews>
  <new>
   +
  </new>
  <sporty>
   yes
  </sporty>
 </clothing>
 <clothing>
  <id>
   245682429
  </id>
  <name>
   DC Socks R-2520
  </name>
  <category>
   Socks
  </category>
  <size>
   S
  </size>
  <color>
   Желтый
  </color>
  <material>
   Полиэстер
  </material>
  <price>
   809951
  </price>
  <rating>
   4.18
  </rating>
  <reviews>
   450054
  </reviews>
  <new>
   +
  </new>
  <exclusive>
   no
  </exclusive>
 </clothing>
 <clothing>
  <id>
   553126199
  </id>
  <name>
   Ellesse Belts Y-8256
  </name>
  <category>
   Belts
  </category>
  <size>
   M
  </size>
  <color>
   Зеленый
  </color>
  <material>
   Хлопок
  </material>
  <price>
   622411
  </price>
  <rating>
   4.33
  </rating>
  <reviews>
   599981
  </reviews>
  <exclusive>
   no
  </exclusive>
  <sporty>
   yes
  </sporty>
 </clothing>
 <clothing>
  <id>
   688568904
  </id>
  <name>
   PleinSport Hat O-7969
  </name>
  <category>
   Hat
  </category>
  <size>
   XXL
  </size>
  <color>
   Фиолетовый
  </color>
  <material>
   Кожа
  </material>
  <price>
   506009
  </price>
  <rating>
   3.18
  </rating>
  <reviews>
   226355
  </reviews>
  <new>
   -
  </new>
  <exclusive>
   no
  </exclusive>
  <sporty>
   no
  </sporty>
 </clothing>
 <clothing>
  <id>
   654172209
  </id>
  <name>
   DC Jeans F-4352
  </name>
  <category>
   Jeans
  </category>
  <size>
   XL
  </size>
  <color>
   Красный
  </color>
  <material>
   Шелк
  </material>
  <price>
   300301
  </price>
  <rating>
   2.08
  </rating>
  <reviews>
   600798
  </reviews>
  <new>
   +
  </new>
 </clothing>
 <clothing>
  <id>
   370241556
  </id>
  <name>
   Asics Jeans J-4987
  </name>
  <category>
   Jeans
  </category>
  <size>
   XL
  </size>
  <color>
   Голубой
  </color>
  <material>
   Лен
  </material>
  <price>
   306870
  </price>
  <rating>
   2.65
  </rating>
  <reviews>
   93569
  </reviews>
  <sporty>
   yes
  </sporty>
 </clothing>
 <clothing>
  <id>
   400163090
  </id>
  <name>
   Puma Skirt C-9342
  </name>
  <category>
   Skirt
  </category>
  <size>
   XL
  </size>
  <color>
   Фиолетовый
  </color>
  <material>
   Полиэстер
  </material>
  <price>
   979605
  </price>
  <rating>
   4.4
  </rating>
  <reviews>
   132959
  </reviews>
  <sporty>
   no
  </sporty>
 </clothing>
 <clothing>
  <id>
   202439544
  </id>
  <name>
   PleinSport Umbrellas O-6143
  </name>
  <category>
   Umbrellas
  </category>
  <size>
   XXL
  </size>
  <color>
   Фиолетовый
  </color>
  <material>
   Хлопок
  </material>
  <price>
   423295
  </price>
  <rating>
   2.81
  </rating>
  <reviews>
   850853
  </reviews>
  <new>
   -
  </new>
  <exclusive>
   no
  </exclusive>
  <sporty>
   yes
  </sporty>
 </clothing>
 <clothing>
  <id>
   356112517
  </id>
  <name>
   Adidas Shirt J-6533
  </name>
  <category>
   Shirt
  </category>
  <size>
   M
  </size>
  <color>
   Желтый
  </color>
  <material>
   Вискоза
  </material>
  <price>
   288843
  </price>
  <rating>
   1.31
  </rating>
  <reviews>
   350721
  </reviews>
  <exclusive>
   no
  </exclusive>
 </clothing>
 <clothing>
  <id>
   985474360
  </id>
  <name>
   PleinSport Blouse Y-9246
  </name>
  <category>
   Blouse
  </category>
  <size>
   S
  </size>
  <color>
   Оранжевый
  </color>
  <material>
   Полиэстер
  </material>
  <price>
   137016
  </price>
  <rating>
   3.36
  </rating>
  <reviews>
   227980
  </reviews>
  <new>
   -
  </new>
 </clothing>
 <clothing>
  <id>
   140784882
  </id>
  <name>
   Under Armour Jeans C-3197
  </name>
  <category>
   Jeans
  </category>
  <size>
   L
  </size>
  <color>
   Голубой
  </color>
  <material>
   Нейлон
  </material>
  <price>
   847822
  </price>
  <rating>
   4.7
  </rating>
  <reviews>
   40495
  </reviews>
  <exclusive>
   yes
  </exclusive>
 </clothing>
 <clothing>
  <id>
   999187068
  </id>
  <name>
   Under Armour Sweater P-7921
  </name>
  <category>
   Sweater
  </category>
  <size>
   S
  </size>
  <color>
   Зеленый
  </color>
  <material>
   Хлопок
  </material>
  <price>
   437143
  </price>
  <rating>
   2.43
  </rating>
  <reviews>
   234325
  </reviews>
  <new>
   +
  </new>
  <sporty>
   no
  </sporty>
 </clothing>
 <clothing>
  <id>
   850464205
  </id>
  <name>
   Fila Dress J-5988
  </name>
  <category>
   Dress
  </category>
  <size>
   XXL
  </size>
  <color>
   Голубой
  </color>
  <material>
   Полиэстер
  </material>
  <price>
   702573
  </price>
  <rating>
   4.88
  </rating>
  <reviews>
   905123
  </reviews>
  <new>
   -
  </new>
 </clothing>
 <clothing>
  <id>
   437764557
  </id>
  <name>
   Under Armour Gloves Q-7004
  </name>
  <category>
   Gloves
  </category>
  <size>
   XL
  </size>
  <color>
   Голубой
  </color>
  <material>
   Кожа
  </material>
  <price>
   366497
  </price>
  <rating>
   3.68
  </rating>
  <reviews>
   246801
  </reviews>
  <sporty>
   yes
  </sporty>
 </clothing>
 <clothing>
  <id>
   450992520
  </id>
  <name>
   Vans Jacket S-8245
  </name>
  <category>
   Jacket
  </category>
  <size>
   M
  </size>
  <color>
   Голубой
  </color>
  <material>
   Лен
  </material>
  <price>
   130093
  </price>
  <rating>
   2.06
  </rating>
  <reviews>
   673945
  </reviews>
  <new>
   -
  </new>
  <exclusive>
   no
  </exclusive>
  <sporty>
   no
  </sporty>
 </clothing>
 <clothing>
  <id>
   773641514
  </id>
  <name>
   Fila Skirt N-1173
  </name>
  <category>
   Skirt
  </category>
  <size>
   M
  </size>
  <color>
   Зеленый
  </color>
  <material>
   Кожа
  </material>
  <price>
   354644
  </price>
  <rating>
   3.25
  </rating>
  <reviews>
   936673
  </reviews>
  <sporty>
   no
  </sporty>
 </clothing>
 <clothing>
  <id>
   433207858
  </id>
  <name>
   Fila Sweater Y-1230
  </name>
  <category>
   Sweater
  </category>
  <size>
   M
  </size>
  <color>
   Красный
  </color>
  <material>
   Полиэстер
  </material>
  <price>
   683714
  </price>
  <rating>
   3.08
  </rating>
  <reviews>
   526988
  </reviews>
  <new>
   +
  </new>
  <sporty>
   no
  </sporty>
 </clothing>
 <clothing>
  <id>
   812172733
  </id>
  <name>
   DC Belts T-8687
  </name>
  <category>
   Belts
  </category>
  <size>
   L
  </size>
  <color>
   Красный
  </color>
  <material>
   Полиэстер
  </material>
  <price>
   632532
  </price>
  <rating>
   1.21
  </rating>
  <reviews>
   472231
  </reviews>
  <new>
   +
  </new>
  <exclusive>
   yes
  </exclusive>
 </clothing>
 <clothing>
  <id>
   653014540
  </id>
  <name>
   Vans Skirt N-7909
  </name>
  <category>
   Skirt
  </category>
  <size>
   XXL
  </size>
  <color>
   Красный
  </color>
  <material>
   Шерсть
  </material>
  <price>
   555668
  </price>
  <rating>
   3.8
  </rating>
  <reviews>
   159318
  </reviews>
  <sporty>
   yes
  </sporty>
 </clothing>
 <clothing>
  <id>
   333590763
  </id>
  <name>
   Under Armour Shirt Y-3550
  </name>
  <category>
   Shirt
  </category>
  <size>
   M
  </size>
  <color>
   Желтый
  </color>
  <material>
   Лен
  </material>
  <price>
   313840
  </price>
  <rating>
   1.65
  </rating>
  <reviews>
   920283
  </reviews>
  <new>
   -
  </new>
  <exclusive>
   no
  </exclusive>
  <sporty>
   no
  </sporty>
 </clothing>
 <clothing>
  <id>
   529514295
  </id>
  <name>
   Asics Pants O-9116
  </name>
  <category>
   Pants
  </category>
  <size>
   M
  </size>
  <color>
   Фиолетовый
  </color>
  <material>
   Полиэстер
  </material>
  <price>
   359159
  </price>
  <rating>
   2.12
  </rating>
  <reviews>
   360294
  </reviews>
  <new>
   -
  </new>
  <exclusive>
   no
  </exclusive>
  <sporty>
   no
  </sporty>
 </clothing>
 <clothing>
  <id>
   236489464
  </id>
  <name>
   Vans Gloves A-8638
  </name>
  <category>
   Gloves
  </category>
  <size>
   M
  </size>
  <color>
   Желтый
  </color>
  <material>
   Вискоза
  </material>
  <price>
   250767
  </price>
  <rating>
   2.3
  </rating>
  <reviews>
   992906
  </reviews>
 </clothing>
 <clothing>
  <id>
   706899849
  </id>
  <name>
   DC Belts S-5889
  </name>
  <category>
   Belts
  </category>
  <size>
   L
  </size>
  <color>
   Синий
  </color>
  <material>
   Нейлон
  </material>
  <price>
   651583
  </price>
  <rating>
   1.63
  </rating>
  <reviews>
   780658
  </reviews>
  <new>
   +
  </new>
  <exclusive>
   yes
  </exclusive>
  <sporty>
   no
  </sporty>
 </clothing>
 <clothing>
  <id>
   909754420
  </id>
  <name>
   New Balance Belts J-8345
  </name>
  <category>
   Belts
  </category>
  <size>
   M
  </size>
  <color>
   Зеленый
  </color>
  <material>
   Шелк
  </material>
  <price>
   849489
  </price>
  <rating>
   2.11
  </rating>
  <reviews>
   367017
  </reviews>
  <new>
   +
  </new>
  <exclusive>
   no
  </exclusive>
  <sporty>
   no
  </sporty>
 </clothing>
 <clothing>
  <id>
   319334143
  </id>
  <name>
   Lacoste Umbrellas M-7858
  </name>
  <category>
   Umbrellas
  </category>
  <size>
   XL
  </size>
  <color>
   Оранжевый
  </color>
  <material>
   Полиэстер
  </material>
  <price>
   482044
  </price>
  <rating>
   1.93
  </rating>
  <reviews>
   354415
  </reviews>
  <new>
   -
  </new>
  <exclusive>
   yes
  </exclusive>
 </clothing>
 <clothing>
  <id>
   511570486
  </id>
  <name>
   Adidas Skirt N-8728
  </name>
  <category>
   Skirt
  </category>
  <size>
   S
  </size>
  <color>
   Зеленый
  </color>
  <material>
   Кожа
  </material>
  <price>
   776408
  </price>
  <rating>
   4.81
  </rating>
  <reviews>
   747972
  </reviews>
  <new>
   +
  </new>
  <exclusive>
   no
  </exclusive>
 </clothing>
</clothing-items>
