<?xml version="1.0" encoding="utf-8"?>
<clothing-items>
 <clothing>
  <id>
   436382835
  </id>
  <name>
   New Balance Handbags F-7970
  </name>
  <category>
   Handbags
  </category>
  <size>
   L
  </size>
  <color>
   Красный
  </color>
  <material>
   Хлопок
  </material>
  <price>
   814851
  </price>
  <rating>
   1.98
  </rating>
  <reviews>
   655851
  </reviews>
  <new>
   -
  </new>
 </clothing>
 <clothing>
  <id>
   131496018
  </id>
  <name>
   Under Armour Umbrellas F-8152
  </name>
  <category>
   Umbrellas
  </category>
  <size>
   M
  </size>
  <color>
   Красный
  </color>
  <material>
   Шерсть
  </material>
  <price>
   139011
  </price>
  <rating>
   3.02
  </rating>
  <reviews>
   305458
  </reviews>
  <sporty>
   no
  </sporty>
 </clothing>
 <clothing>
  <id>
   947621374
  </id>
  <name>
   Vans Jeans A-5194
  </name>
  <category>
   Jeans
  </category>
  <size>
   S
  </size>
  <color>
   Оранжевый
  </color>
  <material>
   Кожа
  </material>
  <price>
   903019
  </price>
  <rating>
   2.89
  </rating>
  <reviews>
   368016
  </reviews>
  <new>
   -
  </new>
  <sporty>
   no
  </sporty>
 </clothing>
 <clothing>
  <id>
   524325236
  </id>
  <name>
   Brooks Handbags N-8666
  </name>
  <category>
   Handbags
  </category>
  <size>
   S
  </size>
  <color>
   Оранжевый
  </color>
  <material>
   Шерсть
  </material>
  <price>
   824549
  </price>
  <rating>
   2.63
  </rating>
  <reviews>
   279516
  </reviews>
  <new>
   -
  </new>
  <exclusive>
   yes
  </exclusive>
  <sporty>
   yes
  </sporty>
 </clothing>
 <clothing>
  <id>
   911739704
  </id>
  <name>
   Under Armour Hat D-4120
  </name>
  <category>
   Hat
  </category>
  <size>
   XL
  </size>
  <color>
   Зеленый
  </color>
  <material>
   Лен
  </material>
  <price>
   685200
  </price>
  <rating>
   4.43
  </rating>
  <reviews>
   577053
  </reviews>
  <new>
   +
  </new>
  <exclusive>
   yes
  </exclusive>
  <sporty>
   yes
  </sporty>
 </clothing>
 <clothing>
  <id>
   572401806
  </id>
  <name>
   Adidas Shoes H-1483
  </name>
  <category>
   Shoes
  </category>
  <size>
   XL
  </size>
  <color>
   Синий
  </color>
  <material>
   Нейлон
  </material>
  <price>
   907288
  </price>
  <rating>
   4.55
  </rating>
  <reviews>
   602148
  </reviews>
  <exclusive>
   no
  </exclusive>
  <sporty>
   yes
  </sporty>
 </clothing>
 <clothing>
  <id>
   855794214
  </id>
  <name>
   Fila Hat C-8095
  </name>
  <category>
   Hat
  </category>
  <size>
   L
  </size>
  <color>
   Зеленый
  </color>
  <material>
   Нейлон
  </material>
  <price>
   899332
  </price>
  <rating>
   4.08
  </rating>
  <reviews>
   938020
  </reviews>
  <new>
   +
  </new>
  <exclusive>
   yes
  </exclusive>
  <sporty>
   no
  </sporty>
 </clothing>
 <clothing>
  <id>
   497021529
  </id>
  <name>
   Reebok Umbrellas H-4600
  </name>
  <category>
   Umbrellas
  </category>
  <size>
   M
  </size>
  <color>
   Фиолетовый
  </color>
  <material>
   Шелк
  </material>
  <price>
   597541
  </price>
  <rating>
   3.89
  </rating>
  <reviews>
   480955
  </reviews>
  <new>
   +
  </new>
 </clothing>
 <clothing>
  <id>
   924317939
  </id>
  <name>
   Adidas Jeans J-2387
  </name>
  <category>
   Jeans
  </category>
  <size>
   M
  </size>
  <color>
   Желтый
  </color>
  <material>
   Кожа
  </material>
  <price>
   520358
  </price>
  <rating>
   1.64
  </rating>
  <reviews>
   870817
  </reviews>
  <new>
   +
  </new>
  <exclusive>
   yes
  </exclusive>
  <sporty>
   yes
  </sporty>
 </clothing>
 <clothing>
  <id>
   491503811
  </id>
  <name>
   Lacoste Handbags W-1930
  </name>
  <category>
   Handbags
  </category>
  <size>
   M
  </size>
  <color>
   Оранжевый
  </color>
  <material>
   Хлопок
  </material>
  <price>
   854834
  </price>
  <rating>
   1.55
  </rating>
  <reviews>
   159729
  </reviews>
 </clothing>
 <clothing>
  <id>
   773775106
  </id>
  <name>
   Fila Skirt O-7406
  </name>
  <category>
   Skirt
  </category>
  <size>
   XXL
  </size>
  <color>
   Желтый
  </color>
  <material>
   Полиэстер
  </material>
  <price>
   944677
  </price>
  <rating>
   1.82
  </rating>
  <reviews>
   424393
  </reviews>
  <new>
   +
  </new>
  <sporty>
   no
  </sporty>
 </clothing>
 <clothing>
  <id>
   483821109
  </id>
  <name>
   Lacoste Jeans G-6464
  </name>
  <category>
   Jeans
  </category>
  <size>
   XL
  </size>
  <color>
   Зеленый
  </color>
  <material>
   Вискоза
  </material>
  <price>
   827705
  </price>
  <rating>
   3.48
  </rating>
  <reviews>
   978053
  </reviews>
  <exclusive>
   no
  </exclusive>
 </clothing>
 <clothing>
  <id>
   425224610
  </id>
  <name>
   Adidas Socks R-1241
  </name>
  <category>
   Socks
  </category>
  <size>
   XXL
  </size>
  <color>
   Синий
  </color>
  <material>
   Хлопок
  </material>
  <price>
   637515
  </price>
  <rating>
   1.29
  </rating>
  <reviews>
   255206
  </reviews>
  <exclusive>
   no
  </exclusive>
  <sporty>
   no
  </sporty>
 </clothing>
 <clothing>
  <id>
   554374549
  </id>
  <name>
   DC Shirt G-2826
  </name>
  <category>
   Shirt
  </category>
  <size>
   M
  </size>
  <color>
   Голубой
  </color>
  <material>
   Лен
  </material>
  <price>
   739911
  </price>
  <rating>
   1.19
  </rating>
  <reviews>
   840490
  </reviews>
  <exclusive>
   no
  </exclusive>
 </clothing>
 <clothing>
  <id>
   481644500
  </id>
  <name>
   DC Hat Z-4565
  </name>
  <category>
   Hat
  </category>
  <size>
   L
  </size>
  <color>
   Желтый
  </color>
  <material>
   Лен
  </material>
  <price>
   840251
  </price>
  <rating>
   1.91
  </rating>
  <reviews>
   665221
  </reviews>
  <new>
   +
  </new>
  <exclusive>
   no
  </exclusive>
  <sporty>
   no
  </sporty>
 </clothing>
 <clothing>
  <id>
   985497537
  </id>
  <name>
   Converse Umbrellas M-7424
  </name>
  <category>
   Umbrellas
  </category>
  <size>
   XXL
  </size>
  <color>
   Оранжевый
  </color>
  <material>
   Нейлон
  </material>
  <price>
   748241
  </price>
  <rating>
   2.3
  </rating>
  <reviews>
   830969
  </reviews>
  <new>
   +
  </new>
  <exclusive>
   no
  </exclusive>
 </clothing>
 <clothing>
  <id>
   680746447
  </id>
  <name>
   Under Armour Belts N-3340
  </name>
  <category>
   Belts
  </category>
  <size>
   S
  </size>
  <color>
   Желтый
  </color>
  <material>
   Хлопок
  </material>
  <price>
   547895
  </price>
  <rating>
   4.5
  </rating>
  <reviews>
   994414
  </reviews>
  <new>
   +
  </new>
  <exclusive>
   no
  </exclusive>
 </clothing>
 <clothing>
  <id>
   468994333
  </id>
  <name>
   Asics Handbags P-2857
  </name>
  <category>
   Handbags
  </category>
  <size>
   S
  </size>
  <color>
   Красный
  </color>
  <material>
   Вискоза
  </material>
  <price>
   859082
  </price>
  <rating>
   4.68
  </rating>
  <reviews>
   830035
  </reviews>
  <exclusive>
   no
  </exclusive>
 </clothing>
 <clothing>
  <id>
   360672970
  </id>
  <name>
   Under Armour Shirt D-5647
  </name>
  <category>
   Shirt
  </category>
  <size>
   XL
  </size>
  <color>
   Синий
  </color>
  <material>
   Шерсть
  </material>
  <price>
   569139
  </price>
  <rating>
   2.56
  </rating>
  <reviews>
   958059
  </reviews>
  <new>
   -
  </new>
  <exclusive>
   no
  </exclusive>
  <sporty>
   yes
  </sporty>
 </clothing>
 <clothing>
  <id>
   845554223
  </id>
  <name>
   Converse Dress N-2692
  </name>
  <category>
   Dress
  </category>
  <size>
   M
  </size>
  <color>
   Оранжевый
  </color>
  <material>
   Лен
  </material>
  <price>
   671306
  </price>
  <rating>
   3.32
  </rating>
  <reviews>
   568197
  </reviews>
  <exclusive>
   no
  </exclusive>
  <sporty>
   yes
  </sporty>
 </clothing>
 <clothing>
  <id>
   729992734
  </id>
  <name>
   Adidas Hat C-5512
  </name>
  <category>
   Hat
  </category>
  <size>
   L
  </size>
  <color>
   Голубой
  </color>
  <material>
   Вискоза
  </material>
  <price>
   205422
  </price>
  <rating>
   4.09
  </rating>
  <reviews>
   348971
  </reviews>
  <new>
   -
  </new>
 </clothing>
 <clothing>
  <id>
   182713758
  </id>
  <name>
   Ellesse Blouse F-4968
  </name>
  <category>
   Blouse
  </category>
  <size>
   M
  </size>
  <color>
   Красный
  </color>
  <material>
   Шелк
  </material>
  <price>
   927153
  </price>
  <rating>
   1.05
  </rating>
  <reviews>
   109185
  </reviews>
  <new>
   -
  </new>
  <sporty>
   no
  </sporty>
 </clothing>
 <clothing>
  <id>
   799098781
  </id>
  <name>
   DC T-shirt L-4552
  </name>
  <category>
   T-shirt
  </category>
  <size>
   L
  </size>
  <color>
   Оранжевый
  </color>
  <material>
   Лен
  </material>
  <price>
   359185
  </price>
  <rating>
   4.37
  </rating>
  <reviews>
   241057
  </reviews>
  <new>
   -
  </new>
  <sporty>
   no
  </sporty>
 </clothing>
 <clothing>
  <id>
   671826280
  </id>
  <name>
   Nike T-shirt C-5785
  </name>
  <category>
   T-shirt
  </category>
  <size>
   XXL
  </size>
  <color>
   Оранжевый
  </color>
  <material>
   Нейлон
  </material>
  <price>
   521543
  </price>
  <rating>
   2.95
  </rating>
  <reviews>
   794475
  </reviews>
  <new>
   -
  </new>
  <sporty>
   no
  </sporty>
 </clothing>
 <clothing>
  <id>
   679797565
  </id>
  <name>
   DC Gloves E-6904
  </name>
  <category>
   Gloves
  </category>
  <size>
   M
  </size>
  <color>
   Желтый
  </color>
  <material>
   Полиэстер
  </material>
  <price>
   878240
  </price>
  <rating>
   4.68
  </rating>
  <reviews>
   654261
  </reviews>
  <exclusive>
   yes
  </exclusive>
  <sporty>
   no
  </sporty>
 </clothing>
 <clothing>
  <id>
   800994276
  </id>
  <name>
   Puma Shirt X-2044
  </name>
  <category>
   Shirt
  </category>
  <size>
   L
  </size>
  <color>
   Красный
  </color>
  <material>
   Шерсть
  </material>
  <price>
   693987
  </price>
  <rating>
   1.58
  </rating>
  <reviews>
   16539
  </reviews>
  <new>
   +
  </new>
  <sporty>
   yes
  </sporty>
 </clothing>
 <clothing>
  <id>
   362805192
  </id>
  <name>
   Fila Handbags P-7294
  </name>
  <category>
   Handbags
  </category>
  <size>
   M
  </size>
  <color>
   Красный
  </color>
  <material>
   Хлопок
  </material>
  <price>
   500129
  </price>
  <rating>
   3.91
  </rating>
  <reviews>
   454150
  </reviews>
  <exclusive>
   yes
  </exclusive>
 </clothing>
 <clothing>
  <id>
   287345036
  </id>
  <name>
   Ellesse Sweater B-2357
  </name>
  <category>
   Sweater
  </category>
  <size>
   M
  </size>
  <color>
   Желтый
  </color>
  <material>
   Полиэстер
  </material>
  <price>
   553133
  </price>
  <rating>
   4.45
  </rating>
  <reviews>
   452969
  </reviews>
 </clothing>
 <clothing>
  <id>
   884987421
  </id>
  <name>
   Addidas Pants D-1279
  </name>
  <category>
   Pants
  </category>
  <size>
   S
  </size>
  <color>
   Зеленый
  </color>
  <material>
   Хлопок
  </material>
  <price>
   817722
  </price>
  <rating>
   2.41
  </rating>
  <reviews>
   337329
  </reviews>
  <new>
   +
  </new>
  <exclusive>
   yes
  </exclusive>
  <sporty>
   no
  </sporty>
 </clothing>
 <clothing>
  <id>
   890219222
  </id>
  <name>
   Reebok Hat M-1810
  </name>
  <category>
   Hat
  </category>
  <size>
   S
  </size>
  <color>
   Голубой
  </color>
  <material>
   Шелк
  </material>
  <price>
   314421
  </price>
  <rating>
   3.63
  </rating>
  <reviews>
   424144
  </reviews>
  <exclusive>
   no
  </exclusive>
  <sporty>
   no
  </sporty>
 </clothing>
 <clothing>
  <id>
   749889699
  </id>
  <name>
   Ellesse Belts W-6326
  </name>
  <category>
   Belts
  </category>
  <size>
   XXL
  </size>
  <color>
   Фиолетовый
  </color>
  <material>
   Шерсть
  </material>
  <price>
   674545
  </price>
  <rating>
   1.58
  </rating>
  <reviews>
   119102
  </reviews>
  <new>
   -
  </new>
  <sporty>
   yes
  </sporty>
 </clothing>
 <clothing>
  <id>
   995694384
  </id>
  <name>
   New Balance Shirt J-2999
  </name>
  <category>
   Shirt
  </category>
  <size>
   XXL
  </size>
  <color>
   Голубой
  </color>
  <material>
   Лен
  </material>
  <price>
   289036
  </price>
  <rating>
   1.32
  </rating>
  <reviews>
   168776
  </reviews>
 </clothing>
 <clothing>
  <id>
   737981189
  </id>
  <name>
   New Balance Shoes X-3531
  </name>
  <category>
   Shoes
  </category>
  <size>
   XXL
  </size>
  <color>
   Голубой
  </color>
  <material>
   Нейлон
  </material>
  <price>
   346950
  </price>
  <rating>
   3.73
  </rating>
  <reviews>
   512796
  </reviews>
  <new>
   +
  </new>
  <exclusive>
   no
  </exclusive>
  <sporty>
   yes
  </sporty>
 </clothing>
 <clothing>
  <id>
   113028257
  </id>
  <name>
   Brooks Umbrellas A-6521
  </name>
  <category>
   Umbrellas
  </category>
  <size>
   XL
  </size>
  <color>
   Синий
  </color>
  <material>
   Полиэстер
  </material>
  <price>
   720954
  </price>
  <rating>
   4.37
  </rating>
  <reviews>
   821771
  </reviews>
  <exclusive>
   yes
  </exclusive>
  <sporty>
   no
  </sporty>
 </clothing>
 <clothing>
  <id>
   803587520
  </id>
  <name>
   Under Armour Umbrellas Z-4952
  </name>
  <category>
   Umbrellas
  </category>
  <size>
   XXL
  </size>
  <color>
   Синий
  </color>
  <material>
   Шелк
  </material>
  <price>
   152443
  </price>
  <rating>
   2.51
  </rating>
  <reviews>
   901519
  </reviews>
  <exclusive>
   yes
  </exclusive>
 </clothing>
 <clothing>
  <id>
   662344089
  </id>
  <name>
   Under Armour Umbrellas Y-2057
  </name>
  <category>
   Umbrellas
  </category>
  <size>
   L
  </size>
  <color>
   Голубой
  </color>
  <material>
   Полиэстер
  </material>
  <price>
   297571
  </price>
  <rating>
   1.64
  </rating>
  <reviews>
   425062
  </reviews>
  <new>
   +
  </new>
  <exclusive>
   yes
  </exclusive>
  <sporty>
   yes
  </sporty>
 </clothing>
 <clothing>
  <id>
   691198062
  </id>
  <name>
   Addidas Skirt A-3960
  </name>
  <category>
   Skirt
  </category>
  <size>
   M
  </size>
  <color>
   Красный
  </color>
  <material>
   Шерсть
  </material>
  <price>
   969642
  </price>
  <rating>
   4.13
  </rating>
  <reviews>
   723886
  </reviews>
  <new>
   +
  </new>
  <sporty>
   no
  </sporty>
 </clothing>
 <clothing>
  <id>
   912439911
  </id>
  <name>
   Ellesse Socks C-1100
  </name>
  <category>
   Socks
  </category>
  <size>
   XL
  </size>
  <color>
   Оранжевый
  </color>
  <material>
   Полиэстер
  </material>
  <price>
   618112
  </price>
  <rating>
   2.29
  </rating>
  <reviews>
   98446
  </reviews>
  <new>
   +
  </new>
  <exclusive>
   no
  </exclusive>
  <sporty>
   no
  </sporty>
 </clothing>
 <clothing>
  <id>
   959109600
  </id>
  <name>
   Reebok Jacket N-7424
  </name>
  <category>
   Jacket
  </category>
  <size>
   XL
  </size>
  <color>
   Желтый
  </color>
  <material>
   Лен
  </material>
  <price>
   529150
  </price>
  <rating>
   2.97
  </rating>
  <reviews>
   514433
  </reviews>
  <new>
   +
  </new>
 </clothing>
 <clothing>
  <id>
   543731780
  </id>
  <name>
   Vans Dress U-7457
  </name>
  <category>
   Dress
  </category>
  <size>
   XL
  </size>
  <color>
   Желтый
  </color>
  <material>
   Нейлон
  </material>
  <price>
   876371
  </price>
  <rating>
   1.16
  </rating>
  <reviews>
   29149
  </reviews>
  <new>
   -
  </new>
  <sporty>
   no
  </sporty>
 </clothing>
 <clothing>
  <id>
   611585670
  </id>
  <name>
   PleinSport Umbrellas B-5844
  </name>
  <category>
   Umbrellas
  </category>
  <size>
   XL
  </size>
  <color>
   Красный
  </color>
  <material>
   Шелк
  </material>
  <price>
   623330
  </price>
  <rating>
   4.33
  </rating>
  <reviews>
   430876
  </reviews>
  <new>
   -
  </new>
  <exclusive>
   yes
  </exclusive>
 </clothing>
 <clothing>
  <id>
   554788328
  </id>
  <name>
   Brooks Umbrellas O-4453
  </name>
  <category>
   Umbrellas
  </category>
  <size>
   XL
  </size>
  <color>
   Синий
  </color>
  <material>
   Вискоза
  </material>
  <price>
   314236
  </price>
  <rating>
   3.3
  </rating>
  <reviews>
   372851
  </reviews>
  <new>
   +
  </new>
  <exclusive>
   yes
  </exclusive>
 </clothing>
 <clothing>
  <id>
   957742661
  </id>
  <name>
   Ellesse Shirt T-6307
  </name>
  <category>
   Shirt
  </category>
  <size>
   XL
  </size>
  <color>
   Зеленый
  </color>
  <material>
   Полиэстер
  </material>
  <price>
   400171
  </price>
  <rating>
   2.36
  </rating>
  <reviews>
   468688
  </reviews>
 </clothing>
 <clothing>
  <id>
   138107747
  </id>
  <name>
   Vans Jeans J-4917
  </name>
  <category>
   Jeans
  </category>
  <size>
   S
  </size>
  <color>
   Красный
  </color>
  <material>
   Вискоза
  </material>
  <price>
   604683
  </price>
  <rating>
   1.69
  </rating>
  <reviews>
   304868
  </reviews>
  <new>
   -
  </new>
  <exclusive>
   no
  </exclusive>
 </clothing>
 <clothing>
  <id>
   578130926
  </id>
  <name>
   PleinSport Shoes O-1760
  </name>
  <category>
   Shoes
  </category>
  <size>
   S
  </size>
  <color>
   Красный
  </color>
  <material>
   Полиэстер
  </material>
  <price>
   787146
  </price>
  <rating>
   2.19
  </rating>
  <reviews>
   453287
  </reviews>
  <new>
   +
  </new>
  <exclusive>
   yes
  </exclusive>
  <sporty>
   no
  </sporty>
 </clothing>
 <clothing>
  <id>
   842571770
  </id>
  <name>
   New Balance Jeans X-6470
  </name>
  <category>
   Jeans
  </category>
  <size>
   M
  </size>
  <color>
   Фиолетовый
  </color>
  <material>
   Шерсть
  </material>
  <price>
   905650
  </price>
  <rating>
   2.09
  </rating>
  <reviews>
   346376
  </reviews>
  <new>
   -
  </new>
  <exclusive>
   no
  </exclusive>
 </clothing>
 <clothing>
  <id>
   734685412
  </id>
  <name>
   Brooks Handbags M-8480
  </name>
  <category>
   Handbags
  </category>
  <size>
   S
  </size>
  <color>
   Фиолетовый
  </color>
  <material>
   Полиэстер
  </material>
  <price>
   364513
  </price>
  <rating>
   4.84
  </rating>
  <reviews>
   956933
  </reviews>
  <new>
   +
  </new>
  <exclusive>
   yes
  </exclusive>
  <sporty>
   no
  </sporty>
 </clothing>
</clothing-items>
