<?xml version="1.0" encoding="utf-8"?>
<clothing-items>
 <clothing>
  <id>
   185747999
  </id>
  <name>
   Converse Handbags P-1518
  </name>
  <category>
   Handbags
  </category>
  <size>
   M
  </size>
  <color>
   Красный
  </color>
  <material>
   Полиэстер
  </material>
  <price>
   437796
  </price>
  <rating>
   1.52
  </rating>
  <reviews>
   581965
  </reviews>
  <sporty>
   yes
  </sporty>
 </clothing>
 <clothing>
  <id>
   868399617
  </id>
  <name>
   Ellesse Sweater V-3189
  </name>
  <category>
   Sweater
  </category>
  <size>
   M
  </size>
  <color>
   Голубой
  </color>
  <material>
   Полиэстер
  </material>
  <price>
   703107
  </price>
  <rating>
   1.16
  </rating>
  <reviews>
   977753
  </reviews>
  <exclusive>
   yes
  </exclusive>
 </clothing>
 <clothing>
  <id>
   148195818
  </id>
  <name>
   Puma Dress V-5608
  </name>
  <category>
   Dress
  </category>
  <size>
   S
  </size>
  <color>
   Синий
  </color>
  <material>
   Нейлон
  </material>
  <price>
   218673
  </price>
  <rating>
   3.04
  </rating>
  <reviews>
   646264
  </reviews>
 </clothing>
 <clothing>
  <id>
   671483006
  </id>
  <name>
   DC Skirt F-8067
  </name>
  <category>
   Skirt
  </category>
  <size>
   M
  </size>
  <color>
   Оранжевый
  </color>
  <material>
   Шелк
  </material>
  <price>
   721532
  </price>
  <rating>
   4.8
  </rating>
  <reviews>
   373364
  </reviews>
  <exclusive>
   yes
  </exclusive>
 </clothing>
 <clothing>
  <id>
   288395470
  </id>
  <name>
   Under Armour Shirt M-6303
  </name>
  <category>
   Shirt
  </category>
  <size>
   L
  </size>
  <color>
   Зеленый
  </color>
  <material>
   Кожа
  </material>
  <price>
   405423
  </price>
  <rating>
   4.39
  </rating>
  <reviews>
   662850
  </reviews>
  <new>
   -
  </new>
 </clothing>
 <clothing>
  <id>
   879731641
  </id>
  <name>
   Nike Shoes S-2384
  </name>
  <category>
   Shoes
  </category>
  <size>
   S
  </size>
  <color>
   Красный
  </color>
  <material>
   Шерсть
  </material>
  <price>
   147658
  </price>
  <rating>
   4.22
  </rating>
  <reviews>
   838681
  </reviews>
  <new>
   -
  </new>
 </clothing>
 <clothing>
  <id>
   825146898
  </id>
  <name>
   Nike Pants B-9577
  </name>
  <category>
   Pants
  </category>
  <size>
   L
  </size>
  <color>
   Желтый
  </color>
  <material>
   Полиэстер
  </material>
  <price>
   574690
  </price>
  <rating>
   1.62
  </rating>
  <reviews>
   496902
  </reviews>
  <new>
   -
  </new>
  <sporty>
   no
  </sporty>
 </clothing>
 <clothing>
  <id>
   611620396
  </id>
  <name>
   Under Armour Jacket X-9440
  </name>
  <category>
   Jacket
  </category>
  <size>
   XL
  </size>
  <color>
   Фиолетовый
  </color>
  <material>
   Кожа
  </material>
  <price>
   212753
  </price>
  <rating>
   4.27
  </rating>
  <reviews>
   653857
  </reviews>
  <new>
   +
  </new>
  <exclusive>
   yes
  </exclusive>
  <sporty>
   yes
  </sporty>
 </clothing>
 <clothing>
  <id>
   702227080
  </id>
  <name>
   Nike Umbrellas D-5032
  </name>
  <category>
   Umbrellas
  </category>
  <size>
   L
  </size>
  <color>
   Голубой
  </color>
  <material>
   Кожа
  </material>
  <price>
   488686
  </price>
  <rating>
   1.66
  </rating>
  <reviews>
   216697
  </reviews>
  <exclusive>
   no
  </exclusive>
  <sporty>
   no
  </sporty>
 </clothing>
 <clothing>
  <id>
   640619409
  </id>
  <name>
   Under Armour Hat V-4985
  </name>
  <category>
   Hat
  </category>
  <size>
   L
  </size>
  <color>
   Синий
  </color>
  <material>
   Кожа
  </material>
  <price>
   615141
  </price>
  <rating>
   2.68
  </rating>
  <reviews>
   491588
  </reviews>
 </clothing>
 <clothing>
  <id>
   928625588
  </id>
  <name>
   Nike T-shirt O-4737
  </name>
  <category>
   T-shirt
  </category>
  <size>
   XL
  </size>
  <color>
   Фиолетовый
  </color>
  <material>
   Шелк
  </material>
  <price>
   145478
  </price>
  <rating>
   1.11
  </rating>
  <reviews>
   991517
  </reviews>
  <sporty>
   yes
  </sporty>
 </clothing>
 <clothing>
  <id>
   361547378
  </id>
  <name>
   Under Armour Sweater A-1485
  </name>
  <category>
   Sweater
  </category>
  <size>
   XXL
  </size>
  <color>
   Зеленый
  </color>
  <material>
   Шелк
  </material>
  <price>
   105044
  </price>
  <rating>
   2.6
  </rating>
  <reviews>
   938319
  </reviews>
 </clothing>
 <clothing>
  <id>
   476248889
  </id>
  <name>
   New Balance Sweater G-6750
  </name>
  <category>
   Sweater
  </category>
  <size>
   S
  </size>
  <color>
   Фиолетовый
  </color>
  <material>
   Полиэстер
  </material>
  <price>
   582383
  </price>
  <rating>
   2.52
  </rating>
  <reviews>
   666871
  </reviews>
  <new>
   -
  </new>
  <exclusive>
   no
  </exclusive>
 </clothing>
 <clothing>
  <id>
   679889728
  </id>
  <name>
   Vans Gloves J-1320
  </name>
  <category>
   Gloves
  </category>
  <size>
   S
  </size>
  <color>
   Желтый
  </color>
  <material>
   Хлопок
  </material>
  <price>
   850574
  </price>
  <rating>
   3.68
  </rating>
  <reviews>
   488516
  </reviews>
  <new>
   -
  </new>
  <sporty>
   no
  </sporty>
 </clothing>
 <clothing>
  <id>
   810884387
  </id>
  <name>
   Under Armour Hat C-4259
  </name>
  <category>
   Hat
  </category>
  <size>
   XXL
  </size>
  <color>
   Красный
  </color>
  <material>
   Вискоза
  </material>
  <price>
   881118
  </price>
  <rating>
   2.14
  </rating>
  <reviews>
   380371
  </reviews>
  <sporty>
   yes
  </sporty>
 </clothing>
 <clothing>
  <id>
   125422707
  </id>
  <name>
   Lacoste Shirt D-6067
  </name>
  <category>
   Shirt
  </category>
  <size>
   L
  </size>
  <color>
   Красный
  </color>
  <material>
   Лен
  </material>
  <price>
   674703
  </price>
  <rating>
   4.87
  </rating>
  <reviews>
   605519
  </reviews>
 </clothing>
 <clothing>
  <id>
   909107266
  </id>
  <name>
   New Balance Blouse M-2815
  </name>
  <category>
   Blouse
  </category>
  <size>
   L
  </size>
  <color>
   Красный
  </color>
  <material>
   Кожа
  </material>
  <price>
   116372
  </price>
  <rating>
   3.95
  </rating>
  <reviews>
   477075
  </reviews>
  <new>
   +
  </new>
  <sporty>
   yes
  </sporty>
 </clothing>
 <clothing>
  <id>
   594450638
  </id>
  <name>
   Lacoste Handbags H-1258
  </name>
  <category>
   Handbags
  </category>
  <size>
   S
  </size>
  <color>
   Синий
  </color>
  <material>
   Хлопок
  </material>
  <price>
   798103
  </price>
  <rating>
   1.71
  </rating>
  <reviews>
   880200
  </reviews>
  <new>
   -
  </new>
  <sporty>
   yes
  </sporty>
 </clothing>
 <clothing>
  <id>
   802141584
  </id>
  <name>
   New Balance Blouse O-8789
  </name>
  <category>
   Blouse
  </category>
  <size>
   L
  </size>
  <color>
   Зеленый
  </color>
  <material>
   Нейлон
  </material>
  <price>
   266947
  </price>
  <rating>
   3.65
  </rating>
  <reviews>
   605798
  </reviews>
  <new>
   +
  </new>
  <exclusive>
   yes
  </exclusive>
  <sporty>
   no
  </sporty>
 </clothing>
 <clothing>
  <id>
   835823747
  </id>
  <name>
   Nike Socks T-1280
  </name>
  <category>
   Socks
  </category>
  <size>
   XL
  </size>
  <color>
   Зеленый
  </color>
  <material>
   Кожа
  </material>
  <price>
   774286
  </price>
  <rating>
   3.83
  </rating>
  <reviews>
   81185
  </reviews>
  <new>
   +
  </new>
  <sporty>
   no
  </sporty>
 </clothing>
 <clothing>
  <id>
   208373671
  </id>
  <name>
   Asics Dress B-5463
  </name>
  <category>
   Dress
  </category>
  <size>
   XXL
  </size>
  <color>
   Голубой
  </color>
  <material>
   Вискоза
  </material>
  <price>
   325290
  </price>
  <rating>
   2.31
  </rating>
  <reviews>
   478018
  </reviews>
  <exclusive>
   no
  </exclusive>
 </clothing>
 <clothing>
  <id>
   723650294
  </id>
  <name>
   Vans Hat D-7068
  </name>
  <category>
   Hat
  </category>
  <size>
   L
  </size>
  <color>
   Синий
  </color>
  <material>
   Вискоза
  </material>
  <price>
   988350
  </price>
  <rating>
   4.59
  </rating>
  <reviews>
   273954
  </reviews>
  <exclusive>
   no
  </exclusive>
  <sporty>
   yes
  </sporty>
 </clothing>
 <clothing>
  <id>
   552130918
  </id>
  <name>
   Reebok Jacket W-7904
  </name>
  <category>
   Jacket
  </category>
  <size>
   L
  </size>
  <color>
   Желтый
  </color>
  <material>
   Лен
  </material>
  <price>
   584232
  </price>
  <rating>
   3.56
  </rating>
  <reviews>
   811759
  </reviews>
  <new>
   -
  </new>
  <exclusive>
   yes
  </exclusive>
 </clothing>
 <clothing>
  <id>
   552880204
  </id>
  <name>
   New Balance Skirt E-5413
  </name>
  <category>
   Skirt
  </category>
  <size>
   XXL
  </size>
  <color>
   Желтый
  </color>
  <material>
   Кожа
  </material>
  <price>
   441282
  </price>
  <rating>
   1.16
  </rating>
  <reviews>
   99464
  </reviews>
  <new>
   -
  </new>
  <exclusive>
   no
  </exclusive>
 </clothing>
 <clothing>
  <id>
   476869460
  </id>
  <name>
   Under Armour Jacket E-7822
  </name>
  <category>
   Jacket
  </category>
  <size>
   S
  </size>
  <color>
   Красный
  </color>
  <material>
   Шелк
  </material>
  <price>
   865475
  </price>
  <rating>
   3.12
  </rating>
  <reviews>
   445312
  </reviews>
  <new>
   +
  </new>
  <sporty>
   no
  </sporty>
 </clothing>
 <clothing>
  <id>
   742220572
  </id>
  <name>
   Vans Handbags E-4542
  </name>
  <category>
   Handbags
  </category>
  <size>
   XXL
  </size>
  <color>
   Фиолетовый
  </color>
  <material>
   Нейлон
  </material>
  <price>
   722177
  </price>
  <rating>
   4.76
  </rating>
  <reviews>
   417430
  </reviews>
  <new>
   +
  </new>
  <exclusive>
   no
  </exclusive>
  <sporty>
   no
  </sporty>
 </clothing>
 <clothing>
  <id>
   161061945
  </id>
  <name>
   Asics Dress C-1631
  </name>
  <category>
   Dress
  </category>
  <size>
   XL
  </size>
  <color>
   Фиолетовый
  </color>
  <material>
   Полиэстер
  </material>
  <price>
   462681
  </price>
  <rating>
   2.38
  </rating>
  <reviews>
   88975
  </reviews>
  <sporty>
   no
  </sporty>
 </clothing>
 <clothing>
  <id>
   876844045
  </id>
  <name>
   Fila Skirt Z-9923
  </name>
  <category>
   Skirt
  </category>
  <size>
   XL
  </size>
  <color>
   Оранжевый
  </color>
  <material>
   Полиэстер
  </material>
  <price>
   896482
  </price>
  <rating>
   1.53
  </rating>
  <reviews>
   627843
  </reviews>
  <exclusive>
   no
  </exclusive>
  <sporty>
   no
  </sporty>
 </clothing>
 <clothing>
  <id>
   609342474
  </id>
  <name>
   New Balance Skirt G-3370
  </name>
  <category>
   Skirt
  </category>
  <size>
   XL
  </size>
  <color>
   Голубой
  </color>
  <material>
   Полиэстер
  </material>
  <price>
   210559
  </price>
  <rating>
   2.46
  </rating>
  <reviews>
   181241
  </reviews>
  <new>
   -
  </new>
  <exclusive>
   no
  </exclusive>
 </clothing>
 <clothing>
  <id>
   435616282
  </id>
  <name>
   PleinSport Dress I-7856
  </name>
  <category>
   Dress
  </category>
  <size>
   XL
  </size>
  <color>
   Зеленый
  </color>
  <material>
   Полиэстер
  </material>
  <price>
   116824
  </price>
  <rating>
   3.76
  </rating>
  <reviews>
   877987
  </reviews>
  <new>
   -
  </new>
  <exclusive>
   no
  </exclusive>
  <sporty>
   no
  </sporty>
 </clothing>
 <clothing>
  <id>
   410791218
  </id>
  <name>
   DC Jacket B-3786
  </name>
  <category>
   Jacket
  </category>
  <size>
   XL
  </size>
  <color>
   Зеленый
  </color>
  <material>
   Хлопок
  </material>
  <price>
   665896
  </price>
  <rating>
   4.5
  </rating>
  <reviews>
   932826
  </reviews>
  <new>
   -
  </new>
  <exclusive>
   no
  </exclusive>
  <sporty>
   no
  </sporty>
 </clothing>
 <clothing>
  <id>
   912382720
  </id>
  <name>
   Fila Sweater M-2759
  </name>
  <category>
   Sweater
  </category>
  <size>
   M
  </size>
  <color>
   Красный
  </color>
  <material>
   Шерсть
  </material>
  <price>
   664648
  </price>
  <rating>
   4.5
  </rating>
  <reviews>
   45218
  </reviews>
  <new>
   +
  </new>
  <exclusive>
   no
  </exclusive>
  <sporty>
   no
  </sporty>
 </clothing>
 <clothing>
  <id>
   701193534
  </id>
  <name>
   PleinSport Shoes W-9231
  </name>
  <category>
   Shoes
  </category>
  <size>
   S
  </size>
  <color>
   Зеленый
  </color>
  <material>
   Лен
  </material>
  <price>
   943985
  </price>
  <rating>
   4.91
  </rating>
  <reviews>
   636341
  </reviews>
  <sporty>
   no
  </sporty>
 </clothing>
 <clothing>
  <id>
   740609231
  </id>
  <name>
   Brooks Shirt V-5407
  </name>
  <category>
   Shirt
  </category>
  <size>
   XXL
  </size>
  <color>
   Голубой
  </color>
  <material>
   Шелк
  </material>
  <price>
   970320
  </price>
  <rating>
   3.4
  </rating>
  <reviews>
   564725
  </reviews>
  <new>
   +
  </new>
  <exclusive>
   no
  </exclusive>
 </clothing>
 <clothing>
  <id>
   887146705
  </id>
  <name>
   Vans T-shirt N-2220
  </name>
  <category>
   T-shirt
  </category>
  <size>
   S
  </size>
  <color>
   Красный
  </color>
  <material>
   Хлопок
  </material>
  <price>
   471459
  </price>
  <rating>
   1.65
  </rating>
  <reviews>
   439763
  </reviews>
  <exclusive>
   no
  </exclusive>
  <sporty>
   no
  </sporty>
 </clothing>
 <clothing>
  <id>
   250086685
  </id>
  <name>
   DC Sweater N-2054
  </name>
  <category>
   Sweater
  </category>
  <size>
   S
  </size>
  <color>
   Зеленый
  </color>
  <material>
   Кожа
  </material>
  <price>
   548815
  </price>
  <rating>
   1.81
  </rating>
  <reviews>
   688937
  </reviews>
  <new>
   -
  </new>
  <exclusive>
   no
  </exclusive>
 </clothing>
 <clothing>
  <id>
   150771399
  </id>
  <name>
   New Balance Hat E-5139
  </name>
  <category>
   Hat
  </category>
  <size>
   S
  </size>
  <color>
   Зеленый
  </color>
  <material>
   Шелк
  </material>
  <price>
   929318
  </price>
  <rating>
   1.46
  </rating>
  <reviews>
   203209
  </reviews>
  <new>
   -
  </new>
  <sporty>
   no
  </sporty>
 </clothing>
 <clothing>
  <id>
   708081007
  </id>
  <name>
   Adidas Hat R-3711
  </name>
  <category>
   Hat
  </category>
  <size>
   M
  </size>
  <color>
   Голубой
  </color>
  <material>
   Лен
  </material>
  <price>
   349232
  </price>
  <rating>
   1.79
  </rating>
  <reviews>
   735904
  </reviews>
  <exclusive>
   no
  </exclusive>
  <sporty>
   no
  </sporty>
 </clothing>
 <clothing>
  <id>
   343015434
  </id>
  <name>
   New Balance Blouse K-5513
  </name>
  <category>
   Blouse
  </category>
  <size>
   S
  </size>
  <color>
   Голубой
  </color>
  <material>
   Лен
  </material>
  <price>
   841245
  </price>
  <rating>
   2.46
  </rating>
  <reviews>
   572892
  </reviews>
  <new>
   -
  </new>
  <exclusive>
   no
  </exclusive>
 </clothing>
 <clothing>
  <id>
   106644927
  </id>
  <name>
   Converse Umbrellas X-2683
  </name>
  <category>
   Umbrellas
  </category>
  <size>
   M
  </size>
  <color>
   Синий
  </color>
  <material>
   Шелк
  </material>
  <price>
   892271
  </price>
  <rating>
   3.82
  </rating>
  <reviews>
   270616
  </reviews>
  <new>
   +
  </new>
  <exclusive>
   yes
  </exclusive>
  <sporty>
   no
  </sporty>
 </clothing>
 <clothing>
  <id>
   525748980
  </id>
  <name>
   Asics Pants R-4801
  </name>
  <category>
   Pants
  </category>
  <size>
   L
  </size>
  <color>
   Синий
  </color>
  <material>
   Нейлон
  </material>
  <price>
   251915
  </price>
  <rating>
   1.86
  </rating>
  <reviews>
   732185
  </reviews>
  <new>
   -
  </new>
  <exclusive>
   yes
  </exclusive>
 </clothing>
 <clothing>
  <id>
   658203167
  </id>
  <name>
   Addidas Belts V-4859
  </name>
  <category>
   Belts
  </category>
  <size>
   XXL
  </size>
  <color>
   Синий
  </color>
  <material>
   Кожа
  </material>
  <price>
   235837
  </price>
  <rating>
   1.49
  </rating>
  <reviews>
   322482
  </reviews>
  <new>
   -
  </new>
  <sporty>
   no
  </sporty>
 </clothing>
</clothing-items>
