<?xml version="1.0" encoding="utf-8"?>
<clothing-items>
 <clothing>
  <id>
   652035627
  </id>
  <name>
   PleinSport Pants A-6145
  </name>
  <category>
   Pants
  </category>
  <size>
   M
  </size>
  <color>
   Красный
  </color>
  <material>
   Полиэстер
  </material>
  <price>
   997155
  </price>
  <rating>
   3.43
  </rating>
  <reviews>
   133102
  </reviews>
  <sporty>
   no
  </sporty>
 </clothing>
 <clothing>
  <id>
   666784176
  </id>
  <name>
   Under Armour Shirt P-3540
  </name>
  <category>
   Shirt
  </category>
  <size>
   S
  </size>
  <color>
   Фиолетовый
  </color>
  <material>
   Шелк
  </material>
  <price>
   528327
  </price>
  <rating>
   2.3
  </rating>
  <reviews>
   418099
  </reviews>
  <sporty>
   yes
  </sporty>
 </clothing>
 <clothing>
  <id>
   563736851
  </id>
  <name>
   Adidas Handbags M-2381
  </name>
  <category>
   Handbags
  </category>
  <size>
   S
  </size>
  <color>
   Оранжевый
  </color>
  <material>
   Шерсть
  </material>
  <price>
   658653
  </price>
  <rating>
   2.73
  </rating>
  <reviews>
   937501
  </reviews>
  <exclusive>
   no
  </exclusive>
  <sporty>
   no
  </sporty>
 </clothing>
 <clothing>
  <id>
   270671811
  </id>
  <name>
   Vans Umbrellas S-7636
  </name>
  <category>
   Umbrellas
  </category>
  <size>
   S
  </size>
  <color>
   Фиолетовый
  </color>
  <material>
   Лен
  </material>
  <price>
   470391
  </price>
  <rating>
   1.12
  </rating>
  <reviews>
   970113
  </reviews>
  <new>
   +
  </new>
  <exclusive>
   no
  </exclusive>
 </clothing>
 <clothing>
  <id>
   567636411
  </id>
  <name>
   Lacoste Umbrellas Y-1618
  </name>
  <category>
   Umbrellas
  </category>
  <size>
   M
  </size>
  <color>
   Синий
  </color>
  <material>
   Полиэстер
  </material>
  <price>
   400815
  </price>
  <rating>
   3.0
  </rating>
  <reviews>
   549550
  </reviews>
 </clothing>
 <clothing>
  <id>
   476147382
  </id>
  <name>
   New Balance Shirt L-7315
  </name>
  <category>
   Shirt
  </category>
  <size>
   XL
  </size>
  <color>
   Фиолетовый
  </color>
  <material>
   Лен
  </material>
  <price>
   944148
  </price>
  <rating>
   2.39
  </rating>
  <reviews>
   937243
  </reviews>
  <sporty>
   yes
  </sporty>
 </clothing>
 <clothing>
  <id>
   313143987
  </id>
  <name>
   Lacoste Gloves Q-8620
  </name>
  <category>
   Gloves
  </category>
  <size>
   XL
  </size>
  <color>
   Фиолетовый
  </color>
  <material>
   Кожа
  </material>
  <price>
   231663
  </price>
  <rating>
   4.49
  </rating>
  <reviews>
   661129
  </reviews>
  <new>
   -
  </new>
  <sporty>
   no
  </sporty>
 </clothing>
 <clothing>
  <id>
   819885290
  </id>
  <name>
   Brooks T-shirt S-5117
  </name>
  <category>
   T-shirt
  </category>
  <size>
   XXL
  </size>
  <color>
   Желтый
  </color>
  <material>
   Шелк
  </material>
  <price>
   568211
  </price>
  <rating>
   1.35
  </rating>
  <reviews>
   926694
  </reviews>
  <new>
   +
  </new>
  <exclusive>
   no
  </exclusive>
  <sporty>
   yes
  </sporty>
 </clothing>
 <clothing>
  <id>
   253494562
  </id>
  <name>
   DC Umbrellas B-5448
  </name>
  <category>
   Umbrellas
  </category>
  <size>
   L
  </size>
  <color>
   Красный
  </color>
  <material>
   Нейлон
  </material>
  <price>
   239916
  </price>
  <rating>
   2.87
  </rating>
  <reviews>
   596593
  </reviews>
  <exclusive>
   no
  </exclusive>
  <sporty>
   yes
  </sporty>
 </clothing>
 <clothing>
  <id>
   782981144
  </id>
  <name>
   Reebok Socks R-9042
  </name>
  <category>
   Socks
  </category>
  <size>
   M
  </size>
  <color>
   Синий
  </color>
  <material>
   Шерсть
  </material>
  <price>
   806639
  </price>
  <rating>
   1.33
  </rating>
  <reviews>
   911433
  </reviews>
  <new>
   -
  </new>
  <exclusive>
   no
  </exclusive>
  <sporty>
   yes
  </sporty>
 </clothing>
 <clothing>
  <id>
   804075164
  </id>
  <name>
   Ellesse Sweater U-6483
  </name>
  <category>
   Sweater
  </category>
  <size>
   XXL
  </size>
  <color>
   Зеленый
  </color>
  <material>
   Вискоза
  </material>
  <price>
   607987
  </price>
  <rating>
   2.13
  </rating>
  <reviews>
   188593
  </reviews>
  <new>
   +
  </new>
  <exclusive>
   no
  </exclusive>
  <sporty>
   no
  </sporty>
 </clothing>
 <clothing>
  <id>
   685497887
  </id>
  <name>
   Lacoste Handbags E-1840
  </name>
  <category>
   Handbags
  </category>
  <size>
   L
  </size>
  <color>
   Зеленый
  </color>
  <material>
   Шерсть
  </material>
  <price>
   380843
  </price>
  <rating>
   1.42
  </rating>
  <reviews>
   341584
  </reviews>
  <new>
   +
  </new>
  <exclusive>
   yes
  </exclusive>
 </clothing>
 <clothing>
  <id>
   398571697
  </id>
  <name>
   Addidas Skirt Q-4675
  </name>
  <category>
   Skirt
  </category>
  <size>
   XXL
  </size>
  <color>
   Синий
  </color>
  <material>
   Полиэстер
  </material>
  <price>
   917582
  </price>
  <rating>
   4.96
  </rating>
  <reviews>
   556046
  </reviews>
  <exclusive>
   no
  </exclusive>
  <sporty>
   yes
  </sporty>
 </clothing>
 <clothing>
  <id>
   450388139
  </id>
  <name>
   Under Armour Shirt J-9828
  </name>
  <category>
   Shirt
  </category>
  <size>
   M
  </size>
  <color>
   Фиолетовый
  </color>
  <material>
   Вискоза
  </material>
  <price>
   863416
  </price>
  <rating>
   1.6
  </rating>
  <reviews>
   326145
  </reviews>
  <new>
   -
  </new>
  <exclusive>
   no
  </exclusive>
 </clothing>
 <clothing>
  <id>
   286050541
  </id>
  <name>
   Asics Shoes O-6239
  </name>
  <category>
   Shoes
  </category>
  <size>
   XL
  </size>
  <color>
   Оранжевый
  </color>
  <material>
   Кожа
  </material>
  <price>
   499901
  </price>
  <rating>
   1.55
  </rating>
  <reviews>
   397118
  </reviews>
  <new>
   -
  </new>
  <exclusive>
   no
  </exclusive>
  <sporty>
   no
  </sporty>
 </clothing>
 <clothing>
  <id>
   609093560
  </id>
  <name>
   Vans Belts T-4507
  </name>
  <category>
   Belts
  </category>
  <size>
   L
  </size>
  <color>
   Оранжевый
  </color>
  <material>
   Хлопок
  </material>
  <price>
   584441
  </price>
  <rating>
   2.85
  </rating>
  <reviews>
   787388
  </reviews>
  <new>
   -
  </new>
  <sporty>
   yes
  </sporty>
 </clothing>
 <clothing>
  <id>
   613693994
  </id>
  <name>
   Asics Blouse Q-3165
  </name>
  <category>
   Blouse
  </category>
  <size>
   M
  </size>
  <color>
   Зеленый
  </color>
  <material>
   Полиэстер
  </material>
  <price>
   257703
  </price>
  <rating>
   1.73
  </rating>
  <reviews>
   628661
  </reviews>
  <exclusive>
   no
  </exclusive>
  <sporty>
   yes
  </sporty>
 </clothing>
 <clothing>
  <id>
   358441596
  </id>
  <name>
   Puma Dress D-7306
  </name>
  <category>
   Dress
  </category>
  <size>
   L
  </size>
  <color>
   Синий
  </color>
  <material>
   Вискоза
  </material>
  <price>
   671257
  </price>
  <rating>
   3.67
  </rating>
  <reviews>
   920020
  </reviews>
  <new>
   +
  </new>
  <exclusive>
   yes
  </exclusive>
  <sporty>
   yes
  </sporty>
 </clothing>
 <clothing>
  <id>
   219505544
  </id>
  <name>
   DC Jacket M-1284
  </name>
  <category>
   Jacket
  </category>
  <size>
   L
  </size>
  <color>
   Желтый
  </color>
  <material>
   Нейлон
  </material>
  <price>
   663276
  </price>
  <rating>
   4.33
  </rating>
  <reviews>
   846783
  </reviews>
  <exclusive>
   yes
  </exclusive>
  <sporty>
   no
  </sporty>
 </clothing>
 <clothing>
  <id>
   915206888
  </id>
  <name>
   DC Belts W-9938
  </name>
  <category>
   Belts
  </category>
  <size>
   XXL
  </size>
  <color>
   Красный
  </color>
  <material>
   Вискоза
  </material>
  <price>
   420462
  </price>
  <rating>
   3.5
  </rating>
  <reviews>
   327495
  </reviews>
  <new>
   +
  </new>
  <exclusive>
   no
  </exclusive>
  <sporty>
   yes
  </sporty>
 </clothing>
 <clothing>
  <id>
   268899802
  </id>
  <name>
   Brooks Jeans B-1251
  </name>
  <category>
   Jeans
  </category>
  <size>
   M
  </size>
  <color>
   Зеленый
  </color>
  <material>
   Вискоза
  </material>
  <price>
   443883
  </price>
  <rating>
   2.51
  </rating>
  <reviews>
   433541
  </reviews>
  <new>
   +
  </new>
  <sporty>
   yes
  </sporty>
 </clothing>
 <clothing>
  <id>
   970014773
  </id>
  <name>
   Brooks Jacket G-6210
  </name>
  <category>
   Jacket
  </category>
  <size>
   L
  </size>
  <color>
   Зеленый
  </color>
  <material>
   Вискоза
  </material>
  <price>
   200299
  </price>
  <rating>
   1.46
  </rating>
  <reviews>
   432821
  </reviews>
  <new>
   +
  </new>
  <sporty>
   no
  </sporty>
 </clothing>
 <clothing>
  <id>
   331119131
  </id>
  <name>
   New Balance Skirt V-9746
  </name>
  <category>
   Skirt
  </category>
  <size>
   M
  </size>
  <color>
   Фиолетовый
  </color>
  <material>
   Шелк
  </material>
  <price>
   655477
  </price>
  <rating>
   2.03
  </rating>
  <reviews>
   318000
  </reviews>
  <sporty>
   no
  </sporty>
 </clothing>
 <clothing>
  <id>
   594364391
  </id>
  <name>
   Addidas Gloves B-8021
  </name>
  <category>
   Gloves
  </category>
  <size>
   M
  </size>
  <color>
   Фиолетовый
  </color>
  <material>
   Лен
  </material>
  <price>
   775136
  </price>
  <rating>
   1.3
  </rating>
  <reviews>
   294311
  </reviews>
  <new>
   -
  </new>
  <exclusive>
   no
  </exclusive>
  <sporty>
   no
  </sporty>
 </clothing>
 <clothing>
  <id>
   612913631
  </id>
  <name>
   Ellesse Jeans T-6768
  </name>
  <category>
   Jeans
  </category>
  <size>
   S
  </size>
  <color>
   Синий
  </color>
  <material>
   Кожа
  </material>
  <price>
   103397
  </price>
  <rating>
   2.9
  </rating>
  <reviews>
   994596
  </reviews>
  <new>
   -
  </new>
  <exclusive>
   no
  </exclusive>
 </clothing>
 <clothing>
  <id>
   837225249
  </id>
  <name>
   Under Armour Shoes N-7466
  </name>
  <category>
   Shoes
  </category>
  <size>
   M
  </size>
  <color>
   Оранжевый
  </color>
  <material>
   Шерсть
  </material>
  <price>
   855086
  </price>
  <rating>
   3.82
  </rating>
  <reviews>
   620998
  </reviews>
  <sporty>
   no
  </sporty>
 </clothing>
 <clothing>
  <id>
   687885675
  </id>
  <name>
   Converse Jacket X-8701
  </name>
  <category>
   Jacket
  </category>
  <size>
   S
  </size>
  <color>
   Красный
  </color>
  <material>
   Полиэстер
  </material>
  <price>
   628293
  </price>
  <rating>
   2.67
  </rating>
  <reviews>
   586060
  </reviews>
 </clothing>
 <clothing>
  <id>
   632720851
  </id>
  <name>
   Adidas Jeans U-9204
  </name>
  <category>
   Jeans
  </category>
  <size>
   XL
  </size>
  <color>
   Синий
  </color>
  <material>
   Кожа
  </material>
  <price>
   668285
  </price>
  <rating>
   2.39
  </rating>
  <reviews>
   981540
  </reviews>
  <new>
   -
  </new>
  <exclusive>
   yes
  </exclusive>
 </clothing>
 <clothing>
  <id>
   380645254
  </id>
  <name>
   Fila Dress E-5686
  </name>
  <category>
   Dress
  </category>
  <size>
   XL
  </size>
  <color>
   Фиолетовый
  </color>
  <material>
   Лен
  </material>
  <price>
   652872
  </price>
  <rating>
   4.25
  </rating>
  <reviews>
   420543
  </reviews>
  <exclusive>
   yes
  </exclusive>
  <sporty>
   yes
  </sporty>
 </clothing>
 <clothing>
  <id>
   819344923
  </id>
  <name>
   PleinSport Sweater Q-4622
  </name>
  <category>
   Sweater
  </category>
  <size>
   XL
  </size>
  <color>
   Голубой
  </color>
  <material>
   Полиэстер
  </material>
  <price>
   322552
  </price>
  <rating>
   4.32
  </rating>
  <reviews>
   885993
  </reviews>
  <sporty>
   no
  </sporty>
 </clothing>
 <clothing>
  <id>
   102317584
  </id>
  <name>
   Puma Pants C-6795
  </name>
  <category>
   Pants
  </category>
  <size>
   XXL
  </size>
  <color>
   Оранжевый
  </color>
  <material>
   Хлопок
  </material>
  <price>
   559025
  </price>
  <rating>
   4.5
  </rating>
  <reviews>
   772980
  </reviews>
  <new>
   -
  </new>
  <sporty>
   yes
  </sporty>
 </clothing>
 <clothing>
  <id>
   174507655
  </id>
  <name>
   Under Armour Shirt E-4637
  </name>
  <category>
   Shirt
  </category>
  <size>
   XL
  </size>
  <color>
   Синий
  </color>
  <material>
   Лен
  </material>
  <price>
   869381
  </price>
  <rating>
   2.72
  </rating>
  <reviews>
   130194
  </reviews>
  <new>
   -
  </new>
  <exclusive>
   no
  </exclusive>
 </clothing>
 <clothing>
  <id>
   979535063
  </id>
  <name>
   Lacoste Sweater B-6755
  </name>
  <category>
   Sweater
  </category>
  <size>
   M
  </size>
  <color>
   Синий
  </color>
  <material>
   Шелк
  </material>
  <price>
   627355
  </price>
  <rating>
   1.17
  </rating>
  <reviews>
   270504
  </reviews>
  <exclusive>
   no
  </exclusive>
  <sporty>
   no
  </sporty>
 </clothing>
 <clothing>
  <id>
   939939743
  </id>
  <name>
   New Balance Hat X-6070
  </name>
  <category>
   Hat
  </category>
  <size>
   S
  </size>
  <color>
   Зеленый
  </color>
  <material>
   Полиэстер
  </material>
  <price>
   977296
  </price>
  <rating>
   2.78
  </rating>
  <reviews>
   958104
  </reviews>
  <new>
   -
  </new>
 </clothing>
 <clothing>
  <id>
   204924137
  </id>
  <name>
   Fila Handbags K-1856
  </name>
  <category>
   Handbags
  </category>
  <size>
   L
  </size>
  <color>
   Желтый
  </color>
  <material>
   Полиэстер
  </material>
  <price>
   659473
  </price>
  <rating>
   1.04
  </rating>
  <reviews>
   491256
  </reviews>
 </clothing>
</clothing-items>
