<?xml version="1.0" encoding="utf-8"?>
<clothing-items>
 <clothing>
  <id>
   524484494
  </id>
  <name>
   PleinSport Blouse W-1904
  </name>
  <category>
   Blouse
  </category>
  <size>
   XXL
  </size>
  <color>
   Желтый
  </color>
  <material>
   Нейлон
  </material>
  <price>
   809299
  </price>
  <rating>
   1.98
  </rating>
  <reviews>
   159666
  </reviews>
  <exclusive>
   no
  </exclusive>
 </clothing>
 <clothing>
  <id>
   662113335
  </id>
  <name>
   PleinSport Hat Z-7398
  </name>
  <category>
   Hat
  </category>
  <size>
   S
  </size>
  <color>
   Оранжевый
  </color>
  <material>
   Полиэстер
  </material>
  <price>
   517231
  </price>
  <rating>
   3.8
  </rating>
  <reviews>
   743946
  </reviews>
  <new>
   -
  </new>
  <exclusive>
   yes
  </exclusive>
 </clothing>
 <clothing>
  <id>
   810452576
  </id>
  <name>
   New Balance Shoes N-5496
  </name>
  <category>
   Shoes
  </category>
  <size>
   XL
  </size>
  <color>
   Красный
  </color>
  <material>
   Полиэстер
  </material>
  <price>
   484113
  </price>
  <rating>
   4.13
  </rating>
  <reviews>
   920038
  </reviews>
  <new>
   +
  </new>
 </clothing>
 <clothing>
  <id>
   591608748
  </id>
  <name>
   New Balance Socks K-5081
  </name>
  <category>
   Socks
  </category>
  <size>
   S
  </size>
  <color>
   Оранжевый
  </color>
  <material>
   Хлопок
  </material>
  <price>
   498287
  </price>
  <rating>
   3.55
  </rating>
  <reviews>
   620979
  </reviews>
  <new>
   +
  </new>
  <exclusive>
   yes
  </exclusive>
 </clothing>
 <clothing>
  <id>
   415975097
  </id>
  <name>
   Asics Skirt V-4202
  </name>
  <category>
   Skirt
  </category>
  <size>
   S
  </size>
  <color>
   Зеленый
  </color>
  <material>
   Кожа
  </material>
  <price>
   328619
  </price>
  <rating>
   1.94
  </rating>
  <reviews>
   822140
  </reviews>
  <new>
   -
  </new>
  <sporty>
   yes
  </sporty>
 </clothing>
 <clothing>
  <id>
   477798740
  </id>
  <name>
   New Balance T-shirt O-5347
  </name>
  <category>
   T-shirt
  </category>
  <size>
   S
  </size>
  <color>
   Желтый
  </color>
  <material>
   Шерсть
  </material>
  <price>
   402536
  </price>
  <rating>
   2.19
  </rating>
  <reviews>
   869529
  </reviews>
  <exclusive>
   yes
  </exclusive>
  <sporty>
   no
  </sporty>
 </clothing>
 <clothing>
  <id>
   353759103
  </id>
  <name>
   Brooks Jacket I-6353
  </name>
  <category>
   Jacket
  </category>
  <size>
   M
  </size>
  <color>
   Оранжевый
  </color>
  <material>
   Вискоза
  </material>
  <price>
   324145
  </price>
  <rating>
   3.67
  </rating>
  <reviews>
   101731
  </reviews>
  <new>
   -
  </new>
 </clothing>
 <clothing>
  <id>
   811754659
  </id>
  <name>
   Puma Socks T-6294
  </name>
  <category>
   Socks
  </category>
  <size>
   XXL
  </size>
  <color>
   Синий
  </color>
  <material>
   Кожа
  </material>
  <price>
   363886
  </price>
  <rating>
   1.5
  </rating>
  <reviews>
   244530
  </reviews>
 </clothing>
 <clothing>
  <id>
   301776297
  </id>
  <name>
   Fila Blouse Z-2108
  </name>
  <category>
   Blouse
  </category>
  <size>
   XL
  </size>
  <color>
   Зеленый
  </color>
  <material>
   Хлопок
  </material>
  <price>
   893749
  </price>
  <rating>
   1.8
  </rating>
  <reviews>
   473188
  </reviews>
  <new>
   -
  </new>
  <exclusive>
   yes
  </exclusive>
 </clothing>
 <clothing>
  <id>
   214151929
  </id>
  <name>
   Nike Shoes E-3700
  </name>
  <category>
   Shoes
  </category>
  <size>
   L
  </size>
  <color>
   Желтый
  </color>
  <material>
   Полиэстер
  </material>
  <price>
   420198
  </price>
  <rating>
   1.18
  </rating>
  <reviews>
   84482
  </reviews>
  <exclusive>
   yes
  </exclusive>
 </clothing>
 <clothing>
  <id>
   833068455
  </id>
  <name>
   Under Armour Sweater B-9415
  </name>
  <category>
   Sweater
  </category>
  <size>
   M
  </size>
  <color>
   Фиолетовый
  </color>
  <material>
   Кожа
  </material>
  <price>
   687188
  </price>
  <rating>
   2.86
  </rating>
  <reviews>
   110257
  </reviews>
  <new>
   -
  </new>
  <exclusive>
   no
  </exclusive>
 </clothing>
 <clothing>
  <id>
   190735220
  </id>
  <name>
   Fila Hat F-1689
  </name>
  <category>
   Hat
  </category>
  <size>
   XL
  </size>
  <color>
   Синий
  </color>
  <material>
   Нейлон
  </material>
  <price>
   400029
  </price>
  <rating>
   1.62
  </rating>
  <reviews>
   792548
  </reviews>
  <exclusive>
   yes
  </exclusive>
  <sporty>
   yes
  </sporty>
 </clothing>
 <clothing>
  <id>
   340418070
  </id>
  <name>
   Vans Handbags E-1535
  </name>
  <category>
   Handbags
  </category>
  <size>
   XL
  </size>
  <color>
   Зеленый
  </color>
  <material>
   Лен
  </material>
  <price>
   905364
  </price>
  <rating>
   3.54
  </rating>
  <reviews>
   750597
  </reviews>
  <exclusive>
   yes
  </exclusive>
  <sporty>
   no
  </sporty>
 </clothing>
 <clothing>
  <id>
   433207864
  </id>
  <name>
   Reebok Shoes C-5216
  </name>
  <category>
   Shoes
  </category>
  <size>
   M
  </size>
  <color>
   Красный
  </color>
  <material>
   Шелк
  </material>
  <price>
   321900
  </price>
  <rating>
   4.75
  </rating>
  <reviews>
   519418
  </reviews>
  <sporty>
   yes
  </sporty>
 </clothing>
</clothing-items>
