<?xml version="1.0" encoding="utf-8"?>
<clothing-items>
 <clothing>
  <id>
   165412007
  </id>
  <name>
   Under Armour Gloves U-9808
  </name>
  <category>
   Gloves
  </category>
  <size>
   S
  </size>
  <color>
   Голубой
  </color>
  <material>
   Кожа
  </material>
  <price>
   400571
  </price>
  <rating>
   2.53
  </rating>
  <reviews>
   462915
  </reviews>
  <new>
   +
  </new>
  <sporty>
   no
  </sporty>
 </clothing>
 <clothing>
  <id>
   242823486
  </id>
  <name>
   PleinSport Belts V-5457
  </name>
  <category>
   Belts
  </category>
  <size>
   M
  </size>
  <color>
   Синий
  </color>
  <material>
   Хлопок
  </material>
  <price>
   406493
  </price>
  <rating>
   3.71
  </rating>
  <reviews>
   140453
  </reviews>
  <new>
   -
  </new>
 </clothing>
 <clothing>
  <id>
   255381901
  </id>
  <name>
   DC Blouse F-2544
  </name>
  <category>
   Blouse
  </category>
  <size>
   S
  </size>
  <color>
   Оранжевый
  </color>
  <material>
   Шелк
  </material>
  <price>
   907073
  </price>
  <rating>
   4.89
  </rating>
  <reviews>
   860683
  </reviews>
  <sporty>
   no
  </sporty>
 </clothing>
 <clothing>
  <id>
   940940009
  </id>
  <name>
   Fila Dress S-2927
  </name>
  <category>
   Dress
  </category>
  <size>
   XL
  </size>
  <color>
   Оранжевый
  </color>
  <material>
   Хлопок
  </material>
  <price>
   140376
  </price>
  <rating>
   3.83
  </rating>
  <reviews>
   276516
  </reviews>
  <exclusive>
   no
  </exclusive>
  <sporty>
   no
  </sporty>
 </clothing>
 <clothing>
  <id>
   429002526
  </id>
  <name>
   Nike Pants H-7693
  </name>
  <category>
   Pants
  </category>
  <size>
   XL
  </size>
  <color>
   Синий
  </color>
  <material>
   Хлопок
  </material>
  <price>
   358154
  </price>
  <rating>
   1.71
  </rating>
  <reviews>
   296034
  </reviews>
  <new>
   +
  </new>
 </clothing>
 <clothing>
  <id>
   833362813
  </id>
  <name>
   Reebok T-shirt O-2660
  </name>
  <category>
   T-shirt
  </category>
  <size>
   L
  </size>
  <color>
   Голубой
  </color>
  <material>
   Шелк
  </material>
  <price>
   495496
  </price>
  <rating>
   4.03
  </rating>
  <reviews>
   22909
  </reviews>
  <exclusive>
   no
  </exclusive>
  <sporty>
   no
  </sporty>
 </clothing>
 <clothing>
  <id>
   821032708
  </id>
  <name>
   Asics T-shirt J-7545
  </name>
  <category>
   T-shirt
  </category>
  <size>
   XL
  </size>
  <color>
   Зеленый
  </color>
  <material>
   Кожа
  </material>
  <price>
   349495
  </price>
  <rating>
   4.11
  </rating>
  <reviews>
   429667
  </reviews>
  <new>
   -
  </new>
  <exclusive>
   no
  </exclusive>
  <sporty>
   no
  </sporty>
 </clothing>
 <clothing>
  <id>
   724315399
  </id>
  <name>
   Ellesse Hat B-7954
  </name>
  <category>
   Hat
  </category>
  <size>
   M
  </size>
  <color>
   Зеленый
  </color>
  <material>
   Лен
  </material>
  <price>
   882795
  </price>
  <rating>
   2.48
  </rating>
  <reviews>
   317975
  </reviews>
  <new>
   +
  </new>
  <exclusive>
   no
  </exclusive>
  <sporty>
   no
  </sporty>
 </clothing>
 <clothing>
  <id>
   687283778
  </id>
  <name>
   Ellesse Jeans K-6020
  </name>
  <category>
   Jeans
  </category>
  <size>
   XXL
  </size>
  <color>
   Фиолетовый
  </color>
  <material>
   Шерсть
  </material>
  <price>
   347177
  </price>
  <rating>
   1.98
  </rating>
  <reviews>
   692943
  </reviews>
  <new>
   -
  </new>
  <sporty>
   no
  </sporty>
 </clothing>
 <clothing>
  <id>
   369955756
  </id>
  <name>
   Addidas Hat S-9819
  </name>
  <category>
   Hat
  </category>
  <size>
   S
  </size>
  <color>
   Синий
  </color>
  <material>
   Вискоза
  </material>
  <price>
   985677
  </price>
  <rating>
   3.02
  </rating>
  <reviews>
   824121
  </reviews>
  <new>
   +
  </new>
  <exclusive>
   no
  </exclusive>
  <sporty>
   yes
  </sporty>
 </clothing>
 <clothing>
  <id>
   363116827
  </id>
  <name>
   Reebok Hat V-6850
  </name>
  <category>
   Hat
  </category>
  <size>
   XL
  </size>
  <color>
   Оранжевый
  </color>
  <material>
   Лен
  </material>
  <price>
   152614
  </price>
  <rating>
   4.46
  </rating>
  <reviews>
   585774
  </reviews>
  <new>
   -
  </new>
  <sporty>
   no
  </sporty>
 </clothing>
 <clothing>
  <id>
   129366656
  </id>
  <name>
   PleinSport Sweater N-9854
  </name>
  <category>
   Sweater
  </category>
  <size>
   L
  </size>
  <color>
   Оранжевый
  </color>
  <material>
   Вискоза
  </material>
  <price>
   618840
  </price>
  <rating>
   3.54
  </rating>
  <reviews>
   830415
  </reviews>
  <new>
   +
  </new>
  <exclusive>
   no
  </exclusive>
 </clothing>
 <clothing>
  <id>
   876223633
  </id>
  <name>
   Fila Jacket G-2195
  </name>
  <category>
   Jacket
  </category>
  <size>
   XXL
  </size>
  <color>
   Оранжевый
  </color>
  <material>
   Шерсть
  </material>
  <price>
   688819
  </price>
  <rating>
   3.94
  </rating>
  <reviews>
   2307
  </reviews>
  <exclusive>
   no
  </exclusive>
  <sporty>
   no
  </sporty>
 </clothing>
 <clothing>
  <id>
   433855102
  </id>
  <name>
   Ellesse Shirt B-1071
  </name>
  <category>
   Shirt
  </category>
  <size>
   M
  </size>
  <color>
   Красный
  </color>
  <material>
   Шелк
  </material>
  <price>
   447089
  </price>
  <rating>
   1.84
  </rating>
  <reviews>
   379617
  </reviews>
  <new>
   +
  </new>
 </clothing>
</clothing-items>
