<?xml version="1.0" encoding="utf-8"?>
<clothing-items>
 <clothing>
  <id>
   872628463
  </id>
  <name>
   Converse Umbrellas A-4599
  </name>
  <category>
   Umbrellas
  </category>
  <size>
   XL
  </size>
  <color>
   Оранжевый
  </color>
  <material>
   Хлопок
  </material>
  <price>
   773635
  </price>
  <rating>
   1.1
  </rating>
  <reviews>
   520990
  </reviews>
 </clothing>
 <clothing>
  <id>
   822000660
  </id>
  <name>
   Vans Shirt O-3798
  </name>
  <category>
   Shirt
  </category>
  <size>
   M
  </size>
  <color>
   Красный
  </color>
  <material>
   Нейлон
  </material>
  <price>
   678284
  </price>
  <rating>
   3.39
  </rating>
  <reviews>
   943579
  </reviews>
  <new>
   +
  </new>
  <exclusive>
   yes
  </exclusive>
 </clothing>
 <clothing>
  <id>
   281447125
  </id>
  <name>
   Reebok Sweater P-3545
  </name>
  <category>
   Sweater
  </category>
  <size>
   M
  </size>
  <color>
   Фиолетовый
  </color>
  <material>
   Шерсть
  </material>
  <price>
   276549
  </price>
  <rating>
   4.57
  </rating>
  <reviews>
   483273
  </reviews>
  <new>
   +
  </new>
 </clothing>
 <clothing>
  <id>
   393154583
  </id>
  <name>
   Asics Hat V-9784
  </name>
  <category>
   Hat
  </category>
  <size>
   M
  </size>
  <color>
   Голубой
  </color>
  <material>
   Хлопок
  </material>
  <price>
   535234
  </price>
  <rating>
   1.44
  </rating>
  <reviews>
   620011
  </reviews>
 </clothing>
 <clothing>
  <id>
   362004372
  </id>
  <name>
   Fila Jacket Y-1847
  </name>
  <category>
   Jacket
  </category>
  <size>
   M
  </size>
  <color>
   Красный
  </color>
  <material>
   Полиэстер
  </material>
  <price>
   120134
  </price>
  <rating>
   4.01
  </rating>
  <reviews>
   978337
  </reviews>
  <sporty>
   no
  </sporty>
 </clothing>
 <clothing>
  <id>
   256063439
  </id>
  <name>
   Ellesse Umbrellas P-2433
  </name>
  <category>
   Umbrellas
  </category>
  <size>
   S
  </size>
  <color>
   Синий
  </color>
  <material>
   Лен
  </material>
  <price>
   798722
  </price>
  <rating>
   3.98
  </rating>
  <reviews>
   418618
  </reviews>
  <exclusive>
   no
  </exclusive>
 </clothing>
 <clothing>
  <id>
   754729001
  </id>
  <name>
   Adidas Gloves Z-4566
  </name>
  <category>
   Gloves
  </category>
  <size>
   M
  </size>
  <color>
   Желтый
  </color>
  <material>
   Полиэстер
  </material>
  <price>
   208951
  </price>
  <rating>
   3.58
  </rating>
  <reviews>
   489027
  </reviews>
  <new>
   -
  </new>
  <sporty>
   no
  </sporty>
 </clothing>
 <clothing>
  <id>
   705387825
  </id>
  <name>
   Adidas Pants J-2604
  </name>
  <category>
   Pants
  </category>
  <size>
   M
  </size>
  <color>
   Желтый
  </color>
  <material>
   Хлопок
  </material>
  <price>
   713967
  </price>
  <rating>
   3.62
  </rating>
  <reviews>
   118457
  </reviews>
 </clothing>
 <clothing>
  <id>
   672997185
  </id>
  <name>
   Nike T-shirt J-2331
  </name>
  <category>
   T-shirt
  </category>
  <size>
   M
  </size>
  <color>
   Голубой
  </color>
  <material>
   Вискоза
  </material>
  <price>
   827529
  </price>
  <rating>
   2.57
  </rating>
  <reviews>
   871336
  </reviews>
  <new>
   +
  </new>
  <exclusive>
   no
  </exclusive>
 </clothing>
 <clothing>
  <id>
   846194982
  </id>
  <name>
   Brooks Hat F-7742
  </name>
  <category>
   Hat
  </category>
  <size>
   XL
  </size>
  <color>
   Зеленый
  </color>
  <material>
   Нейлон
  </material>
  <price>
   294272
  </price>
  <rating>
   2.6
  </rating>
  <reviews>
   394516
  </reviews>
  <sporty>
   no
  </sporty>
 </clothing>
 <clothing>
  <id>
   726007254
  </id>
  <name>
   Reebok Handbags L-3262
  </name>
  <category>
   Handbags
  </category>
  <size>
   XXL
  </size>
  <color>
   Фиолетовый
  </color>
  <material>
   Вискоза
  </material>
  <price>
   336643
  </price>
  <rating>
   3.99
  </rating>
  <reviews>
   180611
  </reviews>
  <sporty>
   no
  </sporty>
 </clothing>
 <clothing>
  <id>
   697134395
  </id>
  <name>
   Puma T-shirt D-5432
  </name>
  <category>
   T-shirt
  </category>
  <size>
   M
  </size>
  <color>
   Голубой
  </color>
  <material>
   Шелк
  </material>
  <price>
   831028
  </price>
  <rating>
   2.55
  </rating>
  <reviews>
   443983
  </reviews>
  <sporty>
   no
  </sporty>
 </clothing>
 <clothing>
  <id>
   901522866
  </id>
  <name>
   Nike Gloves R-8589
  </name>
  <category>
   Gloves
  </category>
  <size>
   M
  </size>
  <color>
   Голубой
  </color>
  <material>
   Полиэстер
  </material>
  <price>
   291398
  </price>
  <rating>
   3.47
  </rating>
  <reviews>
   667538
  </reviews>
  <new>
   -
  </new>
  <exclusive>
   no
  </exclusive>
  <sporty>
   no
  </sporty>
 </clothing>
 <clothing>
  <id>
   619414142
  </id>
  <name>
   DC Dress P-2581
  </name>
  <category>
   Dress
  </category>
  <size>
   XL
  </size>
  <color>
   Желтый
  </color>
  <material>
   Хлопок
  </material>
  <price>
   723268
  </price>
  <rating>
   1.26
  </rating>
  <reviews>
   402014
  </reviews>
  <new>
   -
  </new>
  <exclusive>
   no
  </exclusive>
 </clothing>
 <clothing>
  <id>
   644244929
  </id>
  <name>
   Asics Sweater Q-2117
  </name>
  <category>
   Sweater
  </category>
  <size>
   S
  </size>
  <color>
   Синий
  </color>
  <material>
   Вискоза
  </material>
  <price>
   954265
  </price>
  <rating>
   1.74
  </rating>
  <reviews>
   103432
  </reviews>
  <exclusive>
   no
  </exclusive>
  <sporty>
   yes
  </sporty>
 </clothing>
 <clothing>
  <id>
   360960114
  </id>
  <name>
   Under Armour Jeans A-7058
  </name>
  <category>
   Jeans
  </category>
  <size>
   XL
  </size>
  <color>
   Красный
  </color>
  <material>
   Лен
  </material>
  <price>
   312260
  </price>
  <rating>
   1.29
  </rating>
  <reviews>
   868459
  </reviews>
  <new>
   -
  </new>
  <sporty>
   no
  </sporty>
 </clothing>
 <clothing>
  <id>
   880792480
  </id>
  <name>
   Vans Gloves O-1212
  </name>
  <category>
   Gloves
  </category>
  <size>
   S
  </size>
  <color>
   Зеленый
  </color>
  <material>
   Лен
  </material>
  <price>
   949621
  </price>
  <rating>
   2.67
  </rating>
  <reviews>
   617561
  </reviews>
  <new>
   +
  </new>
 </clothing>
 <clothing>
  <id>
   244410094
  </id>
  <name>
   Adidas Skirt Y-5658
  </name>
  <category>
   Skirt
  </category>
  <size>
   S
  </size>
  <color>
   Голубой
  </color>
  <material>
   Полиэстер
  </material>
  <price>
   845367
  </price>
  <rating>
   2.38
  </rating>
  <reviews>
   746959
  </reviews>
  <new>
   -
  </new>
  <exclusive>
   no
  </exclusive>
 </clothing>
 <clothing>
  <id>
   572592177
  </id>
  <name>
   New Balance T-shirt G-5799
  </name>
  <category>
   T-shirt
  </category>
  <size>
   XL
  </size>
  <color>
   Оранжевый
  </color>
  <material>
   Полиэстер
  </material>
  <price>
   623616
  </price>
  <rating>
   3.88
  </rating>
  <reviews>
   449593
  </reviews>
  <new>
   +
  </new>
  <exclusive>
   no
  </exclusive>
 </clothing>
 <clothing>
  <id>
   545763079
  </id>
  <name>
   Nike Pants H-8390
  </name>
  <category>
   Pants
  </category>
  <size>
   XXL
  </size>
  <color>
   Зеленый
  </color>
  <material>
   Шерсть
  </material>
  <price>
   625231
  </price>
  <rating>
   3.32
  </rating>
  <reviews>
   369299
  </reviews>
  <sporty>
   no
  </sporty>
 </clothing>
 <clothing>
  <id>
   154658544
  </id>
  <name>
   PleinSport T-shirt B-1354
  </name>
  <category>
   T-shirt
  </category>
  <size>
   S
  </size>
  <color>
   Голубой
  </color>
  <material>
   Вискоза
  </material>
  <price>
   175736
  </price>
  <rating>
   2.76
  </rating>
  <reviews>
   935079
  </reviews>
  <new>
   -
  </new>
  <exclusive>
   no
  </exclusive>
  <sporty>
   no
  </sporty>
 </clothing>
 <clothing>
  <id>
   675900897
  </id>
  <name>
   Brooks Blouse P-4235
  </name>
  <category>
   Blouse
  </category>
  <size>
   M
  </size>
  <color>
   Фиолетовый
  </color>
  <material>
   Вискоза
  </material>
  <price>
   548422
  </price>
  <rating>
   3.61
  </rating>
  <reviews>
   34781
  </reviews>
  <new>
   +
  </new>
  <exclusive>
   yes
  </exclusive>
 </clothing>
 <clothing>
  <id>
   565094122
  </id>
  <name>
   Nike Jeans F-4345
  </name>
  <category>
   Jeans
  </category>
  <size>
   S
  </size>
  <color>
   Зеленый
  </color>
  <material>
   Хлопок
  </material>
  <price>
   499998
  </price>
  <rating>
   3.17
  </rating>
  <reviews>
   814151
  </reviews>
  <new>
   +
  </new>
  <sporty>
   no
  </sporty>
 </clothing>
 <clothing>
  <id>
   744507216
  </id>
  <name>
   Converse Skirt B-9560
  </name>
  <category>
   Skirt
  </category>
  <size>
   XXL
  </size>
  <color>
   Голубой
  </color>
  <material>
   Хлопок
  </material>
  <price>
   626333
  </price>
  <rating>
   3.61
  </rating>
  <reviews>
   80191
  </reviews>
  <new>
   -
  </new>
  <exclusive>
   yes
  </exclusive>
 </clothing>
 <clothing>
  <id>
   168256484
  </id>
  <name>
   Brooks Skirt G-9419
  </name>
  <category>
   Skirt
  </category>
  <size>
   XL
  </size>
  <color>
   Зеленый
  </color>
  <material>
   Хлопок
  </material>
  <price>
   449316
  </price>
  <rating>
   1.59
  </rating>
  <reviews>
   431884
  </reviews>
  <exclusive>
   yes
  </exclusive>
  <sporty>
   yes
  </sporty>
 </clothing>
 <clothing>
  <id>
   368325265
  </id>
  <name>
   Lacoste Skirt I-4434
  </name>
  <category>
   Skirt
  </category>
  <size>
   S
  </size>
  <color>
   Синий
  </color>
  <material>
   Лен
  </material>
  <price>
   990994
  </price>
  <rating>
   1.27
  </rating>
  <reviews>
   12132
  </reviews>
  <new>
   -
  </new>
  <exclusive>
   no
  </exclusive>
  <sporty>
   no
  </sporty>
 </clothing>
 <clothing>
  <id>
   911249082
  </id>
  <name>
   Brooks Pants F-1609
  </name>
  <category>
   Pants
  </category>
  <size>
   S
  </size>
  <color>
   Фиолетовый
  </color>
  <material>
   Шелк
  </material>
  <price>
   681244
  </price>
  <rating>
   4.23
  </rating>
  <reviews>
   480505
  </reviews>
  <new>
   +
  </new>
  <exclusive>
   yes
  </exclusive>
  <sporty>
   no
  </sporty>
 </clothing>
 <clothing>
  <id>
   359218595
  </id>
  <name>
   Puma Handbags W-1061
  </name>
  <category>
   Handbags
  </category>
  <size>
   XXL
  </size>
  <color>
   Желтый
  </color>
  <material>
   Шерсть
  </material>
  <price>
   536038
  </price>
  <rating>
   3.7
  </rating>
  <reviews>
   888785
  </reviews>
  <new>
   -
  </new>
  <exclusive>
   no
  </exclusive>
 </clothing>
 <clothing>
  <id>
   661455948
  </id>
  <name>
   Lacoste Belts E-7552
  </name>
  <category>
   Belts
  </category>
  <size>
   XL
  </size>
  <color>
   Оранжевый
  </color>
  <material>
   Полиэстер
  </material>
  <price>
   868103
  </price>
  <rating>
   2.2
  </rating>
  <reviews>
   444149
  </reviews>
  <exclusive>
   yes
  </exclusive>
  <sporty>
   no
  </sporty>
 </clothing>
 <clothing>
  <id>
   998010272
  </id>
  <name>
   Addidas Umbrellas S-4593
  </name>
  <category>
   Umbrellas
  </category>
  <size>
   L
  </size>
  <color>
   Синий
  </color>
  <material>
   Лен
  </material>
  <price>
   834347
  </price>
  <rating>
   2.7
  </rating>
  <reviews>
   388245
  </reviews>
  <new>
   -
  </new>
  <exclusive>
   yes
  </exclusive>
 </clothing>
 <clothing>
  <id>
   691453510
  </id>
  <name>
   Fila Belts E-4469
  </name>
  <category>
   Belts
  </category>
  <size>
   XXL
  </size>
  <color>
   Зеленый
  </color>
  <material>
   Нейлон
  </material>
  <price>
   729419
  </price>
  <rating>
   2.86
  </rating>
  <reviews>
   778295
  </reviews>
  <new>
   -
  </new>
  <sporty>
   no
  </sporty>
 </clothing>
 <clothing>
  <id>
   672945717
  </id>
  <name>
   Under Armour Shirt J-9803
  </name>
  <category>
   Shirt
  </category>
  <size>
   L
  </size>
  <color>
   Голубой
  </color>
  <material>
   Вискоза
  </material>
  <price>
   682977
  </price>
  <rating>
   2.17
  </rating>
  <reviews>
   847584
  </reviews>
  <exclusive>
   yes
  </exclusive>
  <sporty>
   yes
  </sporty>
 </clothing>
 <clothing>
  <id>
   716812530
  </id>
  <name>
   Converse Jeans V-7773
  </name>
  <category>
   Jeans
  </category>
  <size>
   S
  </size>
  <color>
   Оранжевый
  </color>
  <material>
   Полиэстер
  </material>
  <price>
   520051
  </price>
  <rating>
   4.88
  </rating>
  <reviews>
   569811
  </reviews>
  <new>
   -
  </new>
  <sporty>
   yes
  </sporty>
 </clothing>
</clothing-items>
