<?xml version="1.0" encoding="utf-8"?>
<clothing-items>
 <clothing>
  <id>
   297185591
  </id>
  <name>
   Puma Hat Y-3299
  </name>
  <category>
   Hat
  </category>
  <size>
   S
  </size>
  <color>
   Фиолетовый
  </color>
  <material>
   Полиэстер
  </material>
  <price>
   293320
  </price>
  <rating>
   4.61
  </rating>
  <reviews>
   494600
  </reviews>
  <exclusive>
   no
  </exclusive>
 </clothing>
 <clothing>
  <id>
   357640473
  </id>
  <name>
   Ellesse Socks L-7728
  </name>
  <category>
   Socks
  </category>
  <size>
   S
  </size>
  <color>
   Синий
  </color>
  <material>
   Лен
  </material>
  <price>
   653175
  </price>
  <rating>
   4.25
  </rating>
  <reviews>
   607613
  </reviews>
  <exclusive>
   yes
  </exclusive>
  <sporty>
   no
  </sporty>
 </clothing>
 <clothing>
  <id>
   701861774
  </id>
  <name>
   Brooks Jacket K-3986
  </name>
  <category>
   Jacket
  </category>
  <size>
   XL
  </size>
  <color>
   Фиолетовый
  </color>
  <material>
   Лен
  </material>
  <price>
   887245
  </price>
  <rating>
   3.39
  </rating>
  <reviews>
   600812
  </reviews>
  <sporty>
   no
  </sporty>
 </clothing>
 <clothing>
  <id>
   869186691
  </id>
  <name>
   Reebok Skirt V-4375
  </name>
  <category>
   Skirt
  </category>
  <size>
   S
  </size>
  <color>
   Голубой
  </color>
  <material>
   Шелк
  </material>
  <price>
   940050
  </price>
  <rating>
   4.66
  </rating>
  <reviews>
   127747
  </reviews>
  <new>
   -
  </new>
  <exclusive>
   yes
  </exclusive>
  <sporty>
   yes
  </sporty>
 </clothing>
 <clothing>
  <id>
   811607553
  </id>
  <name>
   New Balance Handbags R-1014
  </name>
  <category>
   Handbags
  </category>
  <size>
   XL
  </size>
  <color>
   Зеленый
  </color>
  <material>
   Вискоза
  </material>
  <price>
   501486
  </price>
  <rating>
   2.21
  </rating>
  <reviews>
   948559
  </reviews>
  <new>
   -
  </new>
  <exclusive>
   no
  </exclusive>
 </clothing>
 <clothing>
  <id>
   807528592
  </id>
  <name>
   DC Skirt O-7350
  </name>
  <category>
   Skirt
  </category>
  <size>
   XL
  </size>
  <color>
   Синий
  </color>
  <material>
   Шерсть
  </material>
  <price>
   177746
  </price>
  <rating>
   4.9
  </rating>
  <reviews>
   642774
  </reviews>
  <new>
   -
  </new>
  <exclusive>
   no
  </exclusive>
  <sporty>
   no
  </sporty>
 </clothing>
 <clothing>
  <id>
   715704410
  </id>
  <name>
   DC T-shirt K-4840
  </name>
  <category>
   T-shirt
  </category>
  <size>
   S
  </size>
  <color>
   Синий
  </color>
  <material>
   Хлопок
  </material>
  <price>
   590017
  </price>
  <rating>
   1.16
  </rating>
  <reviews>
   742699
  </reviews>
  <new>
   +
  </new>
  <exclusive>
   no
  </exclusive>
  <sporty>
   no
  </sporty>
 </clothing>
 <clothing>
  <id>
   220418369
  </id>
  <name>
   Reebok Jeans N-9326
  </name>
  <category>
   Jeans
  </category>
  <size>
   XXL
  </size>
  <color>
   Зеленый
  </color>
  <material>
   Полиэстер
  </material>
  <price>
   904459
  </price>
  <rating>
   3.13
  </rating>
  <reviews>
   417382
  </reviews>
  <sporty>
   no
  </sporty>
 </clothing>
 <clothing>
  <id>
   653039108
  </id>
  <name>
   Adidas Gloves H-6037
  </name>
  <category>
   Gloves
  </category>
  <size>
   XXL
  </size>
  <color>
   Голубой
  </color>
  <material>
   Полиэстер
  </material>
  <price>
   262865
  </price>
  <rating>
   1.99
  </rating>
  <reviews>
   363520
  </reviews>
  <new>
   +
  </new>
  <exclusive>
   no
  </exclusive>
 </clothing>
 <clothing>
  <id>
   686103648
  </id>
  <name>
   PleinSport Sweater P-4528
  </name>
  <category>
   Sweater
  </category>
  <size>
   L
  </size>
  <color>
   Зеленый
  </color>
  <material>
   Лен
  </material>
  <price>
   779455
  </price>
  <rating>
   4.5
  </rating>
  <reviews>
   230850
  </reviews>
  <new>
   -
  </new>
  <sporty>
   no
  </sporty>
 </clothing>
 <clothing>
  <id>
   172511360
  </id>
  <name>
   Ellesse Hat E-2023
  </name>
  <category>
   Hat
  </category>
  <size>
   S
  </size>
  <color>
   Голубой
  </color>
  <material>
   Лен
  </material>
  <price>
   119503
  </price>
  <rating>
   2.13
  </rating>
  <reviews>
   949791
  </reviews>
 </clothing>
 <clothing>
  <id>
   631518405
  </id>
  <name>
   Puma Sweater Z-4830
  </name>
  <category>
   Sweater
  </category>
  <size>
   S
  </size>
  <color>
   Зеленый
  </color>
  <material>
   Вискоза
  </material>
  <price>
   241622
  </price>
  <rating>
   4.2
  </rating>
  <reviews>
   530283
  </reviews>
  <new>
   -
  </new>
  <sporty>
   yes
  </sporty>
 </clothing>
 <clothing>
  <id>
   877510974
  </id>
  <name>
   Ellesse Sweater T-8241
  </name>
  <category>
   Sweater
  </category>
  <size>
   XXL
  </size>
  <color>
   Красный
  </color>
  <material>
   Шерсть
  </material>
  <price>
   374951
  </price>
  <rating>
   3.13
  </rating>
  <reviews>
   33079
  </reviews>
  <exclusive>
   no
  </exclusive>
  <sporty>
   no
  </sporty>
 </clothing>
 <clothing>
  <id>
   102049591
  </id>
  <name>
   Brooks Gloves K-2970
  </name>
  <category>
   Gloves
  </category>
  <size>
   L
  </size>
  <color>
   Красный
  </color>
  <material>
   Кожа
  </material>
  <price>
   402275
  </price>
  <rating>
   1.42
  </rating>
  <reviews>
   932819
  </reviews>
  <new>
   -
  </new>
  <exclusive>
   no
  </exclusive>
 </clothing>
 <clothing>
  <id>
   996111265
  </id>
  <name>
   Lacoste Umbrellas G-4801
  </name>
  <category>
   Umbrellas
  </category>
  <size>
   L
  </size>
  <color>
   Зеленый
  </color>
  <material>
   Лен
  </material>
  <price>
   725020
  </price>
  <rating>
   1.98
  </rating>
  <reviews>
   610802
  </reviews>
  <new>
   +
  </new>
  <exclusive>
   no
  </exclusive>
  <sporty>
   no
  </sporty>
 </clothing>
 <clothing>
  <id>
   572118078
  </id>
  <name>
   Addidas Umbrellas R-6147
  </name>
  <category>
   Umbrellas
  </category>
  <size>
   M
  </size>
  <color>
   Зеленый
  </color>
  <material>
   Хлопок
  </material>
  <price>
   116839
  </price>
  <rating>
   4.71
  </rating>
  <reviews>
   249603
  </reviews>
  <new>
   -
  </new>
  <exclusive>
   no
  </exclusive>
  <sporty>
   yes
  </sporty>
 </clothing>
 <clothing>
  <id>
   967994991
  </id>
  <name>
   Under Armour Jeans G-4342
  </name>
  <category>
   Jeans
  </category>
  <size>
   S
  </size>
  <color>
   Голубой
  </color>
  <material>
   Шелк
  </material>
  <price>
   187916
  </price>
  <rating>
   1.65
  </rating>
  <reviews>
   16037
  </reviews>
  <new>
   -
  </new>
  <exclusive>
   yes
  </exclusive>
  <sporty>
   yes
  </sporty>
 </clothing>
 <clothing>
  <id>
   145115451
  </id>
  <name>
   Nike Dress D-5942
  </name>
  <category>
   Dress
  </category>
  <size>
   M
  </size>
  <color>
   Желтый
  </color>
  <material>
   Кожа
  </material>
  <price>
   955942
  </price>
  <rating>
   4.7
  </rating>
  <reviews>
   898645
  </reviews>
  <exclusive>
   yes
  </exclusive>
  <sporty>
   yes
  </sporty>
 </clothing>
 <clothing>
  <id>
   325707011
  </id>
  <name>
   Reebok T-shirt Q-4260
  </name>
  <category>
   T-shirt
  </category>
  <size>
   L
  </size>
  <color>
   Красный
  </color>
  <material>
   Кожа
  </material>
  <price>
   251028
  </price>
  <rating>
   4.45
  </rating>
  <reviews>
   544057
  </reviews>
  <new>
   -
  </new>
  <exclusive>
   yes
  </exclusive>
  <sporty>
   yes
  </sporty>
 </clothing>
 <clothing>
  <id>
   832430863
  </id>
  <name>
   Addidas Jacket Q-2699
  </name>
  <category>
   Jacket
  </category>
  <size>
   S
  </size>
  <color>
   Зеленый
  </color>
  <material>
   Нейлон
  </material>
  <price>
   819851
  </price>
  <rating>
   2.23
  </rating>
  <reviews>
   969475
  </reviews>
  <new>
   -
  </new>
  <exclusive>
   no
  </exclusive>
  <sporty>
   no
  </sporty>
 </clothing>
 <clothing>
  <id>
   424664109
  </id>
  <name>
   Puma Shoes J-7344
  </name>
  <category>
   Shoes
  </category>
  <size>
   S
  </size>
  <color>
   Оранжевый
  </color>
  <material>
   Лен
  </material>
  <price>
   262274
  </price>
  <rating>
   3.32
  </rating>
  <reviews>
   682700
  </reviews>
  <new>
   +
  </new>
 </clothing>
 <clothing>
  <id>
   527530254
  </id>
  <name>
   Lacoste Socks P-2904
  </name>
  <category>
   Socks
  </category>
  <size>
   M
  </size>
  <color>
   Красный
  </color>
  <material>
   Кожа
  </material>
  <price>
   693659
  </price>
  <rating>
   3.06
  </rating>
  <reviews>
   523404
  </reviews>
  <new>
   +
  </new>
  <exclusive>
   no
  </exclusive>
 </clothing>
 <clothing>
  <id>
   151554051
  </id>
  <name>
   Converse Gloves K-4448
  </name>
  <category>
   Gloves
  </category>
  <size>
   XXL
  </size>
  <color>
   Фиолетовый
  </color>
  <material>
   Вискоза
  </material>
  <price>
   635768
  </price>
  <rating>
   1.33
  </rating>
  <reviews>
   552378
  </reviews>
  <new>
   -
  </new>
  <exclusive>
   no
  </exclusive>
  <sporty>
   yes
  </sporty>
 </clothing>
 <clothing>
  <id>
   323979024
  </id>
  <name>
   Converse Dress P-8926
  </name>
  <category>
   Dress
  </category>
  <size>
   L
  </size>
  <color>
   Зеленый
  </color>
  <material>
   Полиэстер
  </material>
  <price>
   665681
  </price>
  <rating>
   1.63
  </rating>
  <reviews>
   245921
  </reviews>
  <exclusive>
   no
  </exclusive>
  <sporty>
   yes
  </sporty>
 </clothing>
 <clothing>
  <id>
   527404331
  </id>
  <name>
   Addidas Dress L-5720
  </name>
  <category>
   Dress
  </category>
  <size>
   XXL
  </size>
  <color>
   Красный
  </color>
  <material>
   Шелк
  </material>
  <price>
   181741
  </price>
  <rating>
   3.33
  </rating>
  <reviews>
   836693
  </reviews>
  <exclusive>
   no
  </exclusive>
 </clothing>
 <clothing>
  <id>
   225187306
  </id>
  <name>
   DC Handbags Y-5666
  </name>
  <category>
   Handbags
  </category>
  <size>
   M
  </size>
  <color>
   Желтый
  </color>
  <material>
   Полиэстер
  </material>
  <price>
   766567
  </price>
  <rating>
   1.89
  </rating>
  <reviews>
   490502
  </reviews>
  <exclusive>
   yes
  </exclusive>
  <sporty>
   no
  </sporty>
 </clothing>
 <clothing>
  <id>
   451976513
  </id>
  <name>
   Nike Sweater C-8350
  </name>
  <category>
   Sweater
  </category>
  <size>
   M
  </size>
  <color>
   Желтый
  </color>
  <material>
   Шелк
  </material>
  <price>
   508499
  </price>
  <rating>
   2.54
  </rating>
  <reviews>
   292302
  </reviews>
  <new>
   -
  </new>
  <exclusive>
   yes
  </exclusive>
  <sporty>
   yes
  </sporty>
 </clothing>
 <clothing>
  <id>
   615010666
  </id>
  <name>
   Addidas Skirt P-7469
  </name>
  <category>
   Skirt
  </category>
  <size>
   XXL
  </size>
  <color>
   Фиолетовый
  </color>
  <material>
   Лен
  </material>
  <price>
   228586
  </price>
  <rating>
   1.76
  </rating>
  <reviews>
   844204
  </reviews>
  <new>
   -
  </new>
  <sporty>
   no
  </sporty>
 </clothing>
 <clothing>
  <id>
   917273920
  </id>
  <name>
   PleinSport Hat N-6355
  </name>
  <category>
   Hat
  </category>
  <size>
   XL
  </size>
  <color>
   Голубой
  </color>
  <material>
   Шерсть
  </material>
  <price>
   144411
  </price>
  <rating>
   2.35
  </rating>
  <reviews>
   245645
  </reviews>
 </clothing>
 <clothing>
  <id>
   293050055
  </id>
  <name>
   Asics Socks K-9248
  </name>
  <category>
   Socks
  </category>
  <size>
   XXL
  </size>
  <color>
   Красный
  </color>
  <material>
   Кожа
  </material>
  <price>
   933511
  </price>
  <rating>
   1.81
  </rating>
  <reviews>
   172026
  </reviews>
  <exclusive>
   no
  </exclusive>
  <sporty>
   no
  </sporty>
 </clothing>
 <clothing>
  <id>
   148177490
  </id>
  <name>
   Vans Hat C-8455
  </name>
  <category>
   Hat
  </category>
  <size>
   M
  </size>
  <color>
   Фиолетовый
  </color>
  <material>
   Вискоза
  </material>
  <price>
   150540
  </price>
  <rating>
   1.5
  </rating>
  <reviews>
   995534
  </reviews>
  <new>
   -
  </new>
 </clothing>
 <clothing>
  <id>
   284459595
  </id>
  <name>
   Ellesse Gloves S-5602
  </name>
  <category>
   Gloves
  </category>
  <size>
   M
  </size>
  <color>
   Зеленый
  </color>
  <material>
   Шелк
  </material>
  <price>
   289564
  </price>
  <rating>
   4.25
  </rating>
  <reviews>
   888191
  </reviews>
  <exclusive>
   yes
  </exclusive>
  <sporty>
   no
  </sporty>
 </clothing>
 <clothing>
  <id>
   639934598
  </id>
  <name>
   Vans Socks A-6941
  </name>
  <category>
   Socks
  </category>
  <size>
   XL
  </size>
  <color>
   Желтый
  </color>
  <material>
   Хлопок
  </material>
  <price>
   389890
  </price>
  <rating>
   2.64
  </rating>
  <reviews>
   212749
  </reviews>
  <new>
   -
  </new>
  <exclusive>
   yes
  </exclusive>
 </clothing>
 <clothing>
  <id>
   116728909
  </id>
  <name>
   Asics Jacket S-9395
  </name>
  <category>
   Jacket
  </category>
  <size>
   XXL
  </size>
  <color>
   Красный
  </color>
  <material>
   Шерсть
  </material>
  <price>
   565635
  </price>
  <rating>
   4.23
  </rating>
  <reviews>
   11317
  </reviews>
  <exclusive>
   no
  </exclusive>
  <sporty>
   no
  </sporty>
 </clothing>
 <clothing>
  <id>
   345353683
  </id>
  <name>
   DC Umbrellas G-9847
  </name>
  <category>
   Umbrellas
  </category>
  <size>
   S
  </size>
  <color>
   Оранжевый
  </color>
  <material>
   Нейлон
  </material>
  <price>
   758959
  </price>
  <rating>
   2.85
  </rating>
  <reviews>
   828832
  </reviews>
  <new>
   -
  </new>
  <exclusive>
   yes
  </exclusive>
  <sporty>
   yes
  </sporty>
 </clothing>
 <clothing>
  <id>
   637760444
  </id>
  <name>
   Vans Jeans J-1182
  </name>
  <category>
   Jeans
  </category>
  <size>
   M
  </size>
  <color>
   Красный
  </color>
  <material>
   Шерсть
  </material>
  <price>
   312641
  </price>
  <rating>
   3.0
  </rating>
  <reviews>
   72949
  </reviews>
  <exclusive>
   no
  </exclusive>
 </clothing>
</clothing-items>
