<?xml version="1.0" encoding="utf-8"?>
<clothing-items>
 <clothing>
  <id>
   907971721
  </id>
  <name>
   Nike Shoes H-7961
  </name>
  <category>
   Shoes
  </category>
  <size>
   XL
  </size>
  <color>
   Желтый
  </color>
  <material>
   Хлопок
  </material>
  <price>
   455769
  </price>
  <rating>
   1.94
  </rating>
  <reviews>
   769037
  </reviews>
  <new>
   -
  </new>
 </clothing>
 <clothing>
  <id>
   170412820
  </id>
  <name>
   Lacoste Pants V-7542
  </name>
  <category>
   Pants
  </category>
  <size>
   S
  </size>
  <color>
   Зеленый
  </color>
  <material>
   Полиэстер
  </material>
  <price>
   974891
  </price>
  <rating>
   2.86
  </rating>
  <reviews>
   100548
  </reviews>
  <sporty>
   no
  </sporty>
 </clothing>
 <clothing>
  <id>
   762066060
  </id>
  <name>
   Reebok Socks O-6145
  </name>
  <category>
   Socks
  </category>
  <size>
   XXL
  </size>
  <color>
   Фиолетовый
  </color>
  <material>
   Лен
  </material>
  <price>
   879548
  </price>
  <rating>
   1.73
  </rating>
  <reviews>
   46540
  </reviews>
  <exclusive>
   yes
  </exclusive>
 </clothing>
 <clothing>
  <id>
   462821275
  </id>
  <name>
   DC Socks O-9958
  </name>
  <category>
   Socks
  </category>
  <size>
   M
  </size>
  <color>
   Фиолетовый
  </color>
  <material>
   Шелк
  </material>
  <price>
   330201
  </price>
  <rating>
   3.3
  </rating>
  <reviews>
   64250
  </reviews>
  <exclusive>
   no
  </exclusive>
  <sporty>
   yes
  </sporty>
 </clothing>
 <clothing>
  <id>
   295232159
  </id>
  <name>
   Puma Sweater U-7321
  </name>
  <category>
   Sweater
  </category>
  <size>
   S
  </size>
  <color>
   Зеленый
  </color>
  <material>
   Шерсть
  </material>
  <price>
   227983
  </price>
  <rating>
   2.15
  </rating>
  <reviews>
   219031
  </reviews>
  <new>
   -
  </new>
  <exclusive>
   no
  </exclusive>
 </clothing>
 <clothing>
  <id>
   747849934
  </id>
  <name>
   DC Jacket W-1487
  </name>
  <category>
   Jacket
  </category>
  <size>
   XXL
  </size>
  <color>
   Оранжевый
  </color>
  <material>
   Хлопок
  </material>
  <price>
   347603
  </price>
  <rating>
   1.61
  </rating>
  <reviews>
   678404
  </reviews>
  <new>
   +
  </new>
  <exclusive>
   yes
  </exclusive>
  <sporty>
   yes
  </sporty>
 </clothing>
 <clothing>
  <id>
   176722420
  </id>
  <name>
   Adidas Handbags N-9357
  </name>
  <category>
   Handbags
  </category>
  <size>
   XXL
  </size>
  <color>
   Оранжевый
  </color>
  <material>
   Хлопок
  </material>
  <price>
   294020
  </price>
  <rating>
   2.1
  </rating>
  <reviews>
   396501
  </reviews>
  <sporty>
   no
  </sporty>
 </clothing>
 <clothing>
  <id>
   990151233
  </id>
  <name>
   Vans T-shirt E-4209
  </name>
  <category>
   T-shirt
  </category>
  <size>
   M
  </size>
  <color>
   Оранжевый
  </color>
  <material>
   Полиэстер
  </material>
  <price>
   554442
  </price>
  <rating>
   4.38
  </rating>
  <reviews>
   718087
  </reviews>
  <exclusive>
   yes
  </exclusive>
  <sporty>
   no
  </sporty>
 </clothing>
 <clothing>
  <id>
   198412853
  </id>
  <name>
   Nike Sweater P-5306
  </name>
  <category>
   Sweater
  </category>
  <size>
   L
  </size>
  <color>
   Синий
  </color>
  <material>
   Полиэстер
  </material>
  <price>
   751156
  </price>
  <rating>
   3.27
  </rating>
  <reviews>
   585361
  </reviews>
  <sporty>
   yes
  </sporty>
 </clothing>
 <clothing>
  <id>
   799391806
  </id>
  <name>
   Brooks Umbrellas C-1390
  </name>
  <category>
   Umbrellas
  </category>
  <size>
   XXL
  </size>
  <color>
   Желтый
  </color>
  <material>
   Вискоза
  </material>
  <price>
   398527
  </price>
  <rating>
   2.71
  </rating>
  <reviews>
   951295
  </reviews>
  <new>
   -
  </new>
  <sporty>
   no
  </sporty>
 </clothing>
 <clothing>
  <id>
   871486045
  </id>
  <name>
   Ellesse Jeans X-1427
  </name>
  <category>
   Jeans
  </category>
  <size>
   M
  </size>
  <color>
   Зеленый
  </color>
  <material>
   Хлопок
  </material>
  <price>
   393839
  </price>
  <rating>
   1.13
  </rating>
  <reviews>
   698700
  </reviews>
  <exclusive>
   yes
  </exclusive>
  <sporty>
   no
  </sporty>
 </clothing>
 <clothing>
  <id>
   334822478
  </id>
  <name>
   Addidas Shoes F-9347
  </name>
  <category>
   Shoes
  </category>
  <size>
   XL
  </size>
  <color>
   Синий
  </color>
  <material>
   Полиэстер
  </material>
  <price>
   652521
  </price>
  <rating>
   2.4
  </rating>
  <reviews>
   211625
  </reviews>
  <new>
   -
  </new>
  <sporty>
   yes
  </sporty>
 </clothing>
 <clothing>
  <id>
   627065781
  </id>
  <name>
   Under Armour Shoes V-5845
  </name>
  <category>
   Shoes
  </category>
  <size>
   XXL
  </size>
  <color>
   Синий
  </color>
  <material>
   Шерсть
  </material>
  <price>
   956503
  </price>
  <rating>
   2.21
  </rating>
  <reviews>
   601736
  </reviews>
  <sporty>
   yes
  </sporty>
 </clothing>
</clothing-items>
