<?xml version="1.0" encoding="utf-8"?>
<clothing-items>
 <clothing>
  <id>
   278897704
  </id>
  <name>
   Brooks Hat A-5890
  </name>
  <category>
   Hat
  </category>
  <size>
   S
  </size>
  <color>
   Синий
  </color>
  <material>
   Вискоза
  </material>
  <price>
   670350
  </price>
  <rating>
   4.54
  </rating>
  <reviews>
   707462
  </reviews>
 </clothing>
 <clothing>
  <id>
   297853925
  </id>
  <name>
   Brooks Shoes R-6850
  </name>
  <category>
   Shoes
  </category>
  <size>
   M
  </size>
  <color>
   Оранжевый
  </color>
  <material>
   Хлопок
  </material>
  <price>
   649337
  </price>
  <rating>
   2.46
  </rating>
  <reviews>
   396690
  </reviews>
  <exclusive>
   yes
  </exclusive>
  <sporty>
   yes
  </sporty>
 </clothing>
 <clothing>
  <id>
   909412480
  </id>
  <name>
   Ellesse Socks I-9961
  </name>
  <category>
   Socks
  </category>
  <size>
   XXL
  </size>
  <color>
   Зеленый
  </color>
  <material>
   Лен
  </material>
  <price>
   893019
  </price>
  <rating>
   1.13
  </rating>
  <reviews>
   695217
  </reviews>
  <new>
   +
  </new>
 </clothing>
 <clothing>
  <id>
   442377139
  </id>
  <name>
   Converse Belts N-2151
  </name>
  <category>
   Belts
  </category>
  <size>
   XL
  </size>
  <color>
   Оранжевый
  </color>
  <material>
   Шерсть
  </material>
  <price>
   690925
  </price>
  <rating>
   1.48
  </rating>
  <reviews>
   880746
  </reviews>
  <exclusive>
   yes
  </exclusive>
  <sporty>
   no
  </sporty>
 </clothing>
 <clothing>
  <id>
   484070294
  </id>
  <name>
   Reebok T-shirt U-1622
  </name>
  <category>
   T-shirt
  </category>
  <size>
   XL
  </size>
  <color>
   Оранжевый
  </color>
  <material>
   Кожа
  </material>
  <price>
   764150
  </price>
  <rating>
   2.49
  </rating>
  <reviews>
   51828
  </reviews>
  <exclusive>
   yes
  </exclusive>
 </clothing>
 <clothing>
  <id>
   548028542
  </id>
  <name>
   Lacoste Pants R-2636
  </name>
  <category>
   Pants
  </category>
  <size>
   L
  </size>
  <color>
   Красный
  </color>
  <material>
   Вискоза
  </material>
  <price>
   614894
  </price>
  <rating>
   3.48
  </rating>
  <reviews>
   798776
  </reviews>
  <new>
   -
  </new>
  <exclusive>
   no
  </exclusive>
  <sporty>
   no
  </sporty>
 </clothing>
 <clothing>
  <id>
   214663398
  </id>
  <name>
   Ellesse Gloves X-7860
  </name>
  <category>
   Gloves
  </category>
  <size>
   XL
  </size>
  <color>
   Красный
  </color>
  <material>
   Кожа
  </material>
  <price>
   794210
  </price>
  <rating>
   2.86
  </rating>
  <reviews>
   928546
  </reviews>
  <new>
   -
  </new>
 </clothing>
 <clothing>
  <id>
   281645560
  </id>
  <name>
   Under Armour Shoes X-3156
  </name>
  <category>
   Shoes
  </category>
  <size>
   L
  </size>
  <color>
   Оранжевый
  </color>
  <material>
   Вискоза
  </material>
  <price>
   332383
  </price>
  <rating>
   2.66
  </rating>
  <reviews>
   932970
  </reviews>
  <new>
   -
  </new>
  <exclusive>
   yes
  </exclusive>
  <sporty>
   no
  </sporty>
 </clothing>
 <clothing>
  <id>
   256900143
  </id>
  <name>
   Under Armour Skirt Z-2478
  </name>
  <category>
   Skirt
  </category>
  <size>
   XXL
  </size>
  <color>
   Зеленый
  </color>
  <material>
   Шерсть
  </material>
  <price>
   435807
  </price>
  <rating>
   1.82
  </rating>
  <reviews>
   904542
  </reviews>
  <new>
   -
  </new>
 </clothing>
 <clothing>
  <id>
   442827871
  </id>
  <name>
   Lacoste Pants N-2349
  </name>
  <category>
   Pants
  </category>
  <size>
   L
  </size>
  <color>
   Фиолетовый
  </color>
  <material>
   Нейлон
  </material>
  <price>
   643815
  </price>
  <rating>
   4.7
  </rating>
  <reviews>
   830501
  </reviews>
  <exclusive>
   no
  </exclusive>
 </clothing>
 <clothing>
  <id>
   237348516
  </id>
  <name>
   New Balance Sweater K-8256
  </name>
  <category>
   Sweater
  </category>
  <size>
   XXL
  </size>
  <color>
   Зеленый
  </color>
  <material>
   Шелк
  </material>
  <price>
   606216
  </price>
  <rating>
   1.08
  </rating>
  <reviews>
   348728
  </reviews>
  <new>
   +
  </new>
 </clothing>
 <clothing>
  <id>
   747194809
  </id>
  <name>
   Addidas Sweater E-4887
  </name>
  <category>
   Sweater
  </category>
  <size>
   L
  </size>
  <color>
   Красный
  </color>
  <material>
   Хлопок
  </material>
  <price>
   681189
  </price>
  <rating>
   2.59
  </rating>
  <reviews>
   553445
  </reviews>
  <exclusive>
   yes
  </exclusive>
 </clothing>
 <clothing>
  <id>
   441638597
  </id>
  <name>
   Nike Socks I-5426
  </name>
  <category>
   Socks
  </category>
  <size>
   M
  </size>
  <color>
   Голубой
  </color>
  <material>
   Лен
  </material>
  <price>
   468454
  </price>
  <rating>
   1.51
  </rating>
  <reviews>
   973341
  </reviews>
  <exclusive>
   no
  </exclusive>
 </clothing>
 <clothing>
  <id>
   993316100
  </id>
  <name>
   Lacoste Jeans A-3958
  </name>
  <category>
   Jeans
  </category>
  <size>
   S
  </size>
  <color>
   Фиолетовый
  </color>
  <material>
   Нейлон
  </material>
  <price>
   484409
  </price>
  <rating>
   4.7
  </rating>
  <reviews>
   317852
  </reviews>
  <new>
   -
  </new>
  <exclusive>
   yes
  </exclusive>
 </clothing>
 <clothing>
  <id>
   123110694
  </id>
  <name>
   Under Armour Belts Z-7163
  </name>
  <category>
   Belts
  </category>
  <size>
   XXL
  </size>
  <color>
   Желтый
  </color>
  <material>
   Нейлон
  </material>
  <price>
   750978
  </price>
  <rating>
   3.61
  </rating>
  <reviews>
   267149
  </reviews>
  <new>
   -
  </new>
  <sporty>
   no
  </sporty>
 </clothing>
 <clothing>
  <id>
   971578954
  </id>
  <name>
   Puma Pants N-9433
  </name>
  <category>
   Pants
  </category>
  <size>
   S
  </size>
  <color>
   Голубой
  </color>
  <material>
   Нейлон
  </material>
  <price>
   856948
  </price>
  <rating>
   4.32
  </rating>
  <reviews>
   790248
  </reviews>
  <exclusive>
   yes
  </exclusive>
 </clothing>
 <clothing>
  <id>
   710094154
  </id>
  <name>
   Nike Dress T-6836
  </name>
  <category>
   Dress
  </category>
  <size>
   XL
  </size>
  <color>
   Красный
  </color>
  <material>
   Хлопок
  </material>
  <price>
   299099
  </price>
  <rating>
   2.6
  </rating>
  <reviews>
   781799
  </reviews>
  <new>
   +
  </new>
  <sporty>
   no
  </sporty>
 </clothing>
 <clothing>
  <id>
   841182072
  </id>
  <name>
   PleinSport Handbags F-2588
  </name>
  <category>
   Handbags
  </category>
  <size>
   XXL
  </size>
  <color>
   Желтый
  </color>
  <material>
   Вискоза
  </material>
  <price>
   559561
  </price>
  <rating>
   1.14
  </rating>
  <reviews>
   523903
  </reviews>
  <exclusive>
   yes
  </exclusive>
 </clothing>
 <clothing>
  <id>
   545622269
  </id>
  <name>
   Lacoste Jacket R-3245
  </name>
  <category>
   Jacket
  </category>
  <size>
   XL
  </size>
  <color>
   Голубой
  </color>
  <material>
   Лен
  </material>
  <price>
   454163
  </price>
  <rating>
   3.05
  </rating>
  <reviews>
   641500
  </reviews>
  <new>
   -
  </new>
  <exclusive>
   no
  </exclusive>
  <sporty>
   no
  </sporty>
 </clothing>
 <clothing>
  <id>
   862583300
  </id>
  <name>
   Adidas Belts M-1168
  </name>
  <category>
   Belts
  </category>
  <size>
   S
  </size>
  <color>
   Оранжевый
  </color>
  <material>
   Кожа
  </material>
  <price>
   907629
  </price>
  <rating>
   3.35
  </rating>
  <reviews>
   421510
  </reviews>
  <new>
   -
  </new>
  <exclusive>
   no
  </exclusive>
  <sporty>
   yes
  </sporty>
 </clothing>
 <clothing>
  <id>
   500773878
  </id>
  <name>
   Puma Handbags Y-9520
  </name>
  <category>
   Handbags
  </category>
  <size>
   S
  </size>
  <color>
   Красный
  </color>
  <material>
   Кожа
  </material>
  <price>
   170100
  </price>
  <rating>
   4.8
  </rating>
  <reviews>
   519101
  </reviews>
  <new>
   -
  </new>
 </clothing>
 <clothing>
  <id>
   488700477
  </id>
  <name>
   Vans Blouse Z-2830
  </name>
  <category>
   Blouse
  </category>
  <size>
   M
  </size>
  <color>
   Оранжевый
  </color>
  <material>
   Шерсть
  </material>
  <price>
   943945
  </price>
  <rating>
   4.92
  </rating>
  <reviews>
   440323
  </reviews>
  <exclusive>
   no
  </exclusive>
  <sporty>
   no
  </sporty>
 </clothing>
</clothing-items>
