<?xml version="1.0" encoding="utf-8"?>
<clothing-items>
 <clothing>
  <id>
   548638472
  </id>
  <name>
   DC Jacket O-8944
  </name>
  <category>
   Jacket
  </category>
  <size>
   XXL
  </size>
  <color>
   Оранжевый
  </color>
  <material>
   Кожа
  </material>
  <price>
   564001
  </price>
  <rating>
   2.45
  </rating>
  <reviews>
   197147
  </reviews>
  <new>
   +
  </new>
  <exclusive>
   yes
  </exclusive>
  <sporty>
   yes
  </sporty>
 </clothing>
 <clothing>
  <id>
   121794564
  </id>
  <name>
   New Balance Jeans U-3557
  </name>
  <category>
   Jeans
  </category>
  <size>
   L
  </size>
  <color>
   Оранжевый
  </color>
  <material>
   Кожа
  </material>
  <price>
   628237
  </price>
  <rating>
   2.02
  </rating>
  <reviews>
   253923
  </reviews>
  <new>
   -
  </new>
  <exclusive>
   yes
  </exclusive>
 </clothing>
 <clothing>
  <id>
   433340466
  </id>
  <name>
   Ellesse Shirt W-7535
  </name>
  <category>
   Shirt
  </category>
  <size>
   S
  </size>
  <color>
   Синий
  </color>
  <material>
   Кожа
  </material>
  <price>
   640369
  </price>
  <rating>
   1.04
  </rating>
  <reviews>
   969440
  </reviews>
  <new>
   +
  </new>
  <exclusive>
   no
  </exclusive>
  <sporty>
   no
  </sporty>
 </clothing>
 <clothing>
  <id>
   811260746
  </id>
  <name>
   Addidas Pants Z-7874
  </name>
  <category>
   Pants
  </category>
  <size>
   XXL
  </size>
  <color>
   Оранжевый
  </color>
  <material>
   Лен
  </material>
  <price>
   263097
  </price>
  <rating>
   1.53
  </rating>
  <reviews>
   404635
  </reviews>
  <new>
   +
  </new>
  <exclusive>
   yes
  </exclusive>
  <sporty>
   yes
  </sporty>
 </clothing>
 <clothing>
  <id>
   421954038
  </id>
  <name>
   Under Armour Pants W-5921
  </name>
  <category>
   Pants
  </category>
  <size>
   XXL
  </size>
  <color>
   Синий
  </color>
  <material>
   Хлопок
  </material>
  <price>
   535136
  </price>
  <rating>
   3.65
  </rating>
  <reviews>
   520242
  </reviews>
  <sporty>
   no
  </sporty>
 </clothing>
 <clothing>
  <id>
   718076454
  </id>
  <name>
   Converse Umbrellas U-5353
  </name>
  <category>
   Umbrellas
  </category>
  <size>
   M
  </size>
  <color>
   Красный
  </color>
  <material>
   Нейлон
  </material>
  <price>
   722898
  </price>
  <rating>
   4.06
  </rating>
  <reviews>
   529509
  </reviews>
 </clothing>
 <clothing>
  <id>
   727141530
  </id>
  <name>
   Asics Socks M-2835
  </name>
  <category>
   Socks
  </category>
  <size>
   S
  </size>
  <color>
   Зеленый
  </color>
  <material>
   Шерсть
  </material>
  <price>
   345463
  </price>
  <rating>
   3.33
  </rating>
  <reviews>
   532550
  </reviews>
  <exclusive>
   no
  </exclusive>
  <sporty>
   no
  </sporty>
 </clothing>
 <clothing>
  <id>
   338318600
  </id>
  <name>
   Asics Sweater G-9808
  </name>
  <category>
   Sweater
  </category>
  <size>
   L
  </size>
  <color>
   Оранжевый
  </color>
  <material>
   Нейлон
  </material>
  <price>
   475328
  </price>
  <rating>
   2.57
  </rating>
  <reviews>
   492421
  </reviews>
  <new>
   +
  </new>
  <sporty>
   no
  </sporty>
 </clothing>
 <clothing>
  <id>
   480283714
  </id>
  <name>
   Fila Umbrellas B-3462
  </name>
  <category>
   Umbrellas
  </category>
  <size>
   XXL
  </size>
  <color>
   Голубой
  </color>
  <material>
   Нейлон
  </material>
  <price>
   840232
  </price>
  <rating>
   1.38
  </rating>
  <reviews>
   957460
  </reviews>
  <new>
   +
  </new>
  <exclusive>
   no
  </exclusive>
  <sporty>
   no
  </sporty>
 </clothing>
 <clothing>
  <id>
   144625993
  </id>
  <name>
   Nike Handbags P-1382
  </name>
  <category>
   Handbags
  </category>
  <size>
   XL
  </size>
  <color>
   Синий
  </color>
  <material>
   Нейлон
  </material>
  <price>
   632802
  </price>
  <rating>
   2.48
  </rating>
  <reviews>
   59236
  </reviews>
  <new>
   -
  </new>
  <exclusive>
   no
  </exclusive>
 </clothing>
 <clothing>
  <id>
   121029331
  </id>
  <name>
   New Balance Sweater T-7582
  </name>
  <category>
   Sweater
  </category>
  <size>
   S
  </size>
  <color>
   Голубой
  </color>
  <material>
   Хлопок
  </material>
  <price>
   935104
  </price>
  <rating>
   1.27
  </rating>
  <reviews>
   393477
  </reviews>
 </clothing>
 <clothing>
  <id>
   847432281
  </id>
  <name>
   Under Armour Dress N-5901
  </name>
  <category>
   Dress
  </category>
  <size>
   M
  </size>
  <color>
   Фиолетовый
  </color>
  <material>
   Вискоза
  </material>
  <price>
   338346
  </price>
  <rating>
   4.88
  </rating>
  <reviews>
   533733
  </reviews>
  <new>
   -
  </new>
  <sporty>
   no
  </sporty>
 </clothing>
 <clothing>
  <id>
   162561328
  </id>
  <name>
   Ellesse Dress Q-6776
  </name>
  <category>
   Dress
  </category>
  <size>
   L
  </size>
  <color>
   Фиолетовый
  </color>
  <material>
   Шелк
  </material>
  <price>
   256125
  </price>
  <rating>
   1.17
  </rating>
  <reviews>
   904667
  </reviews>
  <new>
   -
  </new>
 </clothing>
 <clothing>
  <id>
   555341971
  </id>
  <name>
   DC Blouse G-2746
  </name>
  <category>
   Blouse
  </category>
  <size>
   XL
  </size>
  <color>
   Фиолетовый
  </color>
  <material>
   Нейлон
  </material>
  <price>
   740034
  </price>
  <rating>
   2.23
  </rating>
  <reviews>
   952391
  </reviews>
  <exclusive>
   no
  </exclusive>
  <sporty>
   yes
  </sporty>
 </clothing>
 <clothing>
  <id>
   512764730
  </id>
  <name>
   Adidas Gloves J-6595
  </name>
  <category>
   Gloves
  </category>
  <size>
   L
  </size>
  <color>
   Зеленый
  </color>
  <material>
   Хлопок
  </material>
  <price>
   939872
  </price>
  <rating>
   1.34
  </rating>
  <reviews>
   29855
  </reviews>
  <new>
   -
  </new>
  <sporty>
   no
  </sporty>
 </clothing>
 <clothing>
  <id>
   888404425
  </id>
  <name>
   Vans Handbags R-6963
  </name>
  <category>
   Handbags
  </category>
  <size>
   M
  </size>
  <color>
   Синий
  </color>
  <material>
   Нейлон
  </material>
  <price>
   769667
  </price>
  <rating>
   2.38
  </rating>
  <reviews>
   31131
  </reviews>
  <exclusive>
   no
  </exclusive>
  <sporty>
   yes
  </sporty>
 </clothing>
 <clothing>
  <id>
   943994315
  </id>
  <name>
   New Balance Pants F-1843
  </name>
  <category>
   Pants
  </category>
  <size>
   M
  </size>
  <color>
   Желтый
  </color>
  <material>
   Шерсть
  </material>
  <price>
   214566
  </price>
  <rating>
   4.71
  </rating>
  <reviews>
   275143
  </reviews>
  <new>
   +
  </new>
 </clothing>
 <clothing>
  <id>
   608840827
  </id>
  <name>
   Adidas Belts V-9682
  </name>
  <category>
   Belts
  </category>
  <size>
   XXL
  </size>
  <color>
   Голубой
  </color>
  <material>
   Шерсть
  </material>
  <price>
   709975
  </price>
  <rating>
   1.66
  </rating>
  <reviews>
   412825
  </reviews>
  <new>
   +
  </new>
  <sporty>
   no
  </sporty>
 </clothing>
 <clothing>
  <id>
   582904983
  </id>
  <name>
   Adidas T-shirt D-8741
  </name>
  <category>
   T-shirt
  </category>
  <size>
   L
  </size>
  <color>
   Оранжевый
  </color>
  <material>
   Кожа
  </material>
  <price>
   551134
  </price>
  <rating>
   3.89
  </rating>
  <reviews>
   560324
  </reviews>
  <new>
   +
  </new>
 </clothing>
 <clothing>
  <id>
   488870344
  </id>
  <name>
   Reebok Skirt S-7244
  </name>
  <category>
   Skirt
  </category>
  <size>
   S
  </size>
  <color>
   Зеленый
  </color>
  <material>
   Хлопок
  </material>
  <price>
   344058
  </price>
  <rating>
   4.94
  </rating>
  <reviews>
   596210
  </reviews>
  <new>
   -
  </new>
  <exclusive>
   no
  </exclusive>
  <sporty>
   yes
  </sporty>
 </clothing>
 <clothing>
  <id>
   563224501
  </id>
  <name>
   Puma Umbrellas D-7549
  </name>
  <category>
   Umbrellas
  </category>
  <size>
   M
  </size>
  <color>
   Зеленый
  </color>
  <material>
   Нейлон
  </material>
  <price>
   393501
  </price>
  <rating>
   1.95
  </rating>
  <reviews>
   131346
  </reviews>
  <new>
   -
  </new>
  <sporty>
   yes
  </sporty>
 </clothing>
 <clothing>
  <id>
   215659544
  </id>
  <name>
   Vans Shirt B-5499
  </name>
  <category>
   Shirt
  </category>
  <size>
   M
  </size>
  <color>
   Красный
  </color>
  <material>
   Нейлон
  </material>
  <price>
   265760
  </price>
  <rating>
   1.77
  </rating>
  <reviews>
   870367
  </reviews>
  <new>
   -
  </new>
  <exclusive>
   no
  </exclusive>
  <sporty>
   no
  </sporty>
 </clothing>
 <clothing>
  <id>
   399462252
  </id>
  <name>
   Adidas Shoes R-8505
  </name>
  <category>
   Shoes
  </category>
  <size>
   XL
  </size>
  <color>
   Желтый
  </color>
  <material>
   Шерсть
  </material>
  <price>
   837137
  </price>
  <rating>
   4.69
  </rating>
  <reviews>
   351906
  </reviews>
  <exclusive>
   no
  </exclusive>
  <sporty>
   no
  </sporty>
 </clothing>
 <clothing>
  <id>
   527340634
  </id>
  <name>
   Puma Umbrellas T-2006
  </name>
  <category>
   Umbrellas
  </category>
  <size>
   XL
  </size>
  <color>
   Красный
  </color>
  <material>
   Хлопок
  </material>
  <price>
   485367
  </price>
  <rating>
   4.51
  </rating>
  <reviews>
   678608
  </reviews>
  <new>
   -
  </new>
  <sporty>
   yes
  </sporty>
 </clothing>
 <clothing>
  <id>
   905686641
  </id>
  <name>
   Asics Jacket M-2588
  </name>
  <category>
   Jacket
  </category>
  <size>
   L
  </size>
  <color>
   Голубой
  </color>
  <material>
   Вискоза
  </material>
  <price>
   267241
  </price>
  <rating>
   1.56
  </rating>
  <reviews>
   911737
  </reviews>
  <new>
   -
  </new>
  <exclusive>
   no
  </exclusive>
  <sporty>
   no
  </sporty>
 </clothing>
 <clothing>
  <id>
   786060747
  </id>
  <name>
   Ellesse Blouse G-7523
  </name>
  <category>
   Blouse
  </category>
  <size>
   M
  </size>
  <color>
   Фиолетовый
  </color>
  <material>
   Шелк
  </material>
  <price>
   660652
  </price>
  <rating>
   2.55
  </rating>
  <reviews>
   762032
  </reviews>
  <new>
   -
  </new>
 </clothing>
 <clothing>
  <id>
   511689318
  </id>
  <name>
   Lacoste Socks T-4480
  </name>
  <category>
   Socks
  </category>
  <size>
   L
  </size>
  <color>
   Фиолетовый
  </color>
  <material>
   Шелк
  </material>
  <price>
   501507
  </price>
  <rating>
   3.44
  </rating>
  <reviews>
   98198
  </reviews>
  <exclusive>
   yes
  </exclusive>
  <sporty>
   no
  </sporty>
 </clothing>
</clothing-items>
