<?xml version="1.0" encoding="utf-8"?>
<clothing-items>
 <clothing>
  <id>
   245683839
  </id>
  <name>
   Puma Shirt F-1986
  </name>
  <category>
   Shirt
  </category>
  <size>
   S
  </size>
  <color>
   Фиолетовый
  </color>
  <material>
   Хлопок
  </material>
  <price>
   934811
  </price>
  <rating>
   2.39
  </rating>
  <reviews>
   787318
  </reviews>
  <new>
   -
  </new>
  <exclusive>
   no
  </exclusive>
  <sporty>
   no
  </sporty>
 </clothing>
 <clothing>
  <id>
   601402093
  </id>
  <name>
   New Balance Jacket S-5321
  </name>
  <category>
   Jacket
  </category>
  <size>
   L
  </size>
  <color>
   Синий
  </color>
  <material>
   Полиэстер
  </material>
  <price>
   701140
  </price>
  <rating>
   1.6
  </rating>
  <reviews>
   302621
  </reviews>
  <new>
   -
  </new>
  <exclusive>
   no
  </exclusive>
  <sporty>
   no
  </sporty>
 </clothing>
 <clothing>
  <id>
   927014321
  </id>
  <name>
   New Balance Umbrellas R-3328
  </name>
  <category>
   Umbrellas
  </category>
  <size>
   XL
  </size>
  <color>
   Голубой
  </color>
  <material>
   Полиэстер
  </material>
  <price>
   523302
  </price>
  <rating>
   4.16
  </rating>
  <reviews>
   436322
  </reviews>
  <exclusive>
   yes
  </exclusive>
  <sporty>
   no
  </sporty>
 </clothing>
 <clothing>
  <id>
   657081382
  </id>
  <name>
   Puma T-shirt O-7052
  </name>
  <category>
   T-shirt
  </category>
  <size>
   M
  </size>
  <color>
   Синий
  </color>
  <material>
   Вискоза
  </material>
  <price>
   460528
  </price>
  <rating>
   1.79
  </rating>
  <reviews>
   572439
  </reviews>
  <new>
   +
  </new>
  <exclusive>
   no
  </exclusive>
  <sporty>
   no
  </sporty>
 </clothing>
 <clothing>
  <id>
   243644599
  </id>
  <name>
   Lacoste Socks Q-2894
  </name>
  <category>
   Socks
  </category>
  <size>
   XL
  </size>
  <color>
   Красный
  </color>
  <material>
   Кожа
  </material>
  <price>
   778010
  </price>
  <rating>
   5.0
  </rating>
  <reviews>
   305582
  </reviews>
  <new>
   -
  </new>
  <exclusive>
   yes
  </exclusive>
 </clothing>
 <clothing>
  <id>
   323708419
  </id>
  <name>
   PleinSport Hat O-7751
  </name>
  <category>
   Hat
  </category>
  <size>
   XXL
  </size>
  <color>
   Желтый
  </color>
  <material>
   Вискоза
  </material>
  <price>
   997347
  </price>
  <rating>
   2.48
  </rating>
  <reviews>
   792991
  </reviews>
  <new>
   -
  </new>
 </clothing>
 <clothing>
  <id>
   498359548
  </id>
  <name>
   Vans Gloves N-6888
  </name>
  <category>
   Gloves
  </category>
  <size>
   L
  </size>
  <color>
   Желтый
  </color>
  <material>
   Нейлон
  </material>
  <price>
   775447
  </price>
  <rating>
   3.89
  </rating>
  <reviews>
   242841
  </reviews>
  <exclusive>
   yes
  </exclusive>
 </clothing>
 <clothing>
  <id>
   316363742
  </id>
  <name>
   Lacoste Pants Y-1221
  </name>
  <category>
   Pants
  </category>
  <size>
   L
  </size>
  <color>
   Зеленый
  </color>
  <material>
   Шерсть
  </material>
  <price>
   984646
  </price>
  <rating>
   2.31
  </rating>
  <reviews>
   61696
  </reviews>
  <new>
   +
  </new>
  <sporty>
   no
  </sporty>
 </clothing>
 <clothing>
  <id>
   751255096
  </id>
  <name>
   Vans Gloves Y-3741
  </name>
  <category>
   Gloves
  </category>
  <size>
   XL
  </size>
  <color>
   Зеленый
  </color>
  <material>
   Шелк
  </material>
  <price>
   112046
  </price>
  <rating>
   4.7
  </rating>
  <reviews>
   54201
  </reviews>
  <sporty>
   no
  </sporty>
 </clothing>
 <clothing>
  <id>
   721056772
  </id>
  <name>
   Fila Blouse Z-2564
  </name>
  <category>
   Blouse
  </category>
  <size>
   M
  </size>
  <color>
   Красный
  </color>
  <material>
   Шелк
  </material>
  <price>
   526746
  </price>
  <rating>
   3.89
  </rating>
  <reviews>
   506625
  </reviews>
  <exclusive>
   yes
  </exclusive>
 </clothing>
 <clothing>
  <id>
   329798235
  </id>
  <name>
   Reebok Handbags I-4161
  </name>
  <category>
   Handbags
  </category>
  <size>
   S
  </size>
  <color>
   Красный
  </color>
  <material>
   Полиэстер
  </material>
  <price>
   626925
  </price>
  <rating>
   2.98
  </rating>
  <reviews>
   482290
  </reviews>
 </clothing>
</clothing-items>
