<?xml version="1.0" encoding="utf-8"?>
<clothing-items>
 <clothing>
  <id>
   387857725
  </id>
  <name>
   Brooks Socks U-4164
  </name>
  <category>
   Socks
  </category>
  <size>
   L
  </size>
  <color>
   Красный
  </color>
  <material>
   Полиэстер
  </material>
  <price>
   422773
  </price>
  <rating>
   1.83
  </rating>
  <reviews>
   659986
  </reviews>
  <new>
   +
  </new>
  <exclusive>
   no
  </exclusive>
  <sporty>
   no
  </sporty>
 </clothing>
 <clothing>
  <id>
   938485729
  </id>
  <name>
   New Balance Sweater E-6910
  </name>
  <category>
   Sweater
  </category>
  <size>
   XXL
  </size>
  <color>
   Желтый
  </color>
  <material>
   Полиэстер
  </material>
  <price>
   405839
  </price>
  <rating>
   1.97
  </rating>
  <reviews>
   624171
  </reviews>
  <new>
   -
  </new>
 </clothing>
 <clothing>
  <id>
   911958811
  </id>
  <name>
   PleinSport Jacket W-6056
  </name>
  <category>
   Jacket
  </category>
  <size>
   XXL
  </size>
  <color>
   Зеленый
  </color>
  <material>
   Кожа
  </material>
  <price>
   998069
  </price>
  <rating>
   2.91
  </rating>
  <reviews>
   618132
  </reviews>
  <exclusive>
   yes
  </exclusive>
  <sporty>
   yes
  </sporty>
 </clothing>
 <clothing>
  <id>
   909368372
  </id>
  <name>
   Lacoste Socks B-3765
  </name>
  <category>
   Socks
  </category>
  <size>
   XXL
  </size>
  <color>
   Голубой
  </color>
  <material>
   Вискоза
  </material>
  <price>
   395700
  </price>
  <rating>
   3.75
  </rating>
  <reviews>
   407312
  </reviews>
  <sporty>
   yes
  </sporty>
 </clothing>
 <clothing>
  <id>
   213861569
  </id>
  <name>
   New Balance Dress F-6730
  </name>
  <category>
   Dress
  </category>
  <size>
   L
  </size>
  <color>
   Голубой
  </color>
  <material>
   Шелк
  </material>
  <price>
   249497
  </price>
  <rating>
   1.99
  </rating>
  <reviews>
   428742
  </reviews>
  <new>
   -
  </new>
  <exclusive>
   yes
  </exclusive>
 </clothing>
 <clothing>
  <id>
   493723756
  </id>
  <name>
   Addidas Handbags T-4215
  </name>
  <category>
   Handbags
  </category>
  <size>
   S
  </size>
  <color>
   Голубой
  </color>
  <material>
   Шерсть
  </material>
  <price>
   743281
  </price>
  <rating>
   1.89
  </rating>
  <reviews>
   732045
  </reviews>
 </clothing>
 <clothing>
  <id>
   684609428
  </id>
  <name>
   Fila Shoes J-1840
  </name>
  <category>
   Shoes
  </category>
  <size>
   L
  </size>
  <color>
   Голубой
  </color>
  <material>
   Лен
  </material>
  <price>
   166599
  </price>
  <rating>
   4.78
  </rating>
  <reviews>
   378380
  </reviews>
  <exclusive>
   yes
  </exclusive>
 </clothing>
 <clothing>
  <id>
   588809198
  </id>
  <name>
   Fila Socks A-5577
  </name>
  <category>
   Socks
  </category>
  <size>
   M
  </size>
  <color>
   Зеленый
  </color>
  <material>
   Лен
  </material>
  <price>
   863428
  </price>
  <rating>
   1.07
  </rating>
  <reviews>
   706187
  </reviews>
 </clothing>
 <clothing>
  <id>
   158828415
  </id>
  <name>
   Adidas Hat C-7968
  </name>
  <category>
   Hat
  </category>
  <size>
   L
  </size>
  <color>
   Красный
  </color>
  <material>
   Шелк
  </material>
  <price>
   692580
  </price>
  <rating>
   1.2
  </rating>
  <reviews>
   693935
  </reviews>
  <sporty>
   no
  </sporty>
 </clothing>
 <clothing>
  <id>
   222671454
  </id>
  <name>
   Ellesse Pants M-3174
  </name>
  <category>
   Pants
  </category>
  <size>
   XXL
  </size>
  <color>
   Голубой
  </color>
  <material>
   Вискоза
  </material>
  <price>
   217397
  </price>
  <rating>
   1.39
  </rating>
  <reviews>
   188927
  </reviews>
  <new>
   -
  </new>
  <sporty>
   yes
  </sporty>
 </clothing>
 <clothing>
  <id>
   606925101
  </id>
  <name>
   Reebok Hat Y-7987
  </name>
  <category>
   Hat
  </category>
  <size>
   M
  </size>
  <color>
   Желтый
  </color>
  <material>
   Кожа
  </material>
  <price>
   360326
  </price>
  <rating>
   2.85
  </rating>
  <reviews>
   719837
  </reviews>
  <new>
   -
  </new>
  <exclusive>
   no
  </exclusive>
  <sporty>
   no
  </sporty>
 </clothing>
 <clothing>
  <id>
   567907187
  </id>
  <name>
   Adidas Blouse Z-6195
  </name>
  <category>
   Blouse
  </category>
  <size>
   XL
  </size>
  <color>
   Голубой
  </color>
  <material>
   Шелк
  </material>
  <price>
   747760
  </price>
  <rating>
   2.33
  </rating>
  <reviews>
   368299
  </reviews>
 </clothing>
 <clothing>
  <id>
   794883230
  </id>
  <name>
   Nike Skirt T-2643
  </name>
  <category>
   Skirt
  </category>
  <size>
   S
  </size>
  <color>
   Зеленый
  </color>
  <material>
   Нейлон
  </material>
  <price>
   237872
  </price>
  <rating>
   3.65
  </rating>
  <reviews>
   641662
  </reviews>
  <new>
   +
  </new>
 </clothing>
 <clothing>
  <id>
   174319362
  </id>
  <name>
   PleinSport Sweater Q-8907
  </name>
  <category>
   Sweater
  </category>
  <size>
   XL
  </size>
  <color>
   Голубой
  </color>
  <material>
   Вискоза
  </material>
  <price>
   738841
  </price>
  <rating>
   1.01
  </rating>
  <reviews>
   389695
  </reviews>
  <sporty>
   no
  </sporty>
 </clothing>
 <clothing>
  <id>
   494141575
  </id>
  <name>
   DC Shirt T-6101
  </name>
  <category>
   Shirt
  </category>
  <size>
   M
  </size>
  <color>
   Фиолетовый
  </color>
  <material>
   Лен
  </material>
  <price>
   181320
  </price>
  <rating>
   4.31
  </rating>
  <reviews>
   497658
  </reviews>
  <new>
   -
  </new>
  <exclusive>
   yes
  </exclusive>
  <sporty>
   yes
  </sporty>
 </clothing>
 <clothing>
  <id>
   257593473
  </id>
  <name>
   DC Jeans O-1737
  </name>
  <category>
   Jeans
  </category>
  <size>
   M
  </size>
  <color>
   Оранжевый
  </color>
  <material>
   Шерсть
  </material>
  <price>
   235230
  </price>
  <rating>
   3.67
  </rating>
  <reviews>
   542256
  </reviews>
  <new>
   -
  </new>
  <sporty>
   yes
  </sporty>
 </clothing>
</clothing-items>
