<?xml version="1.0" encoding="utf-8"?>
<clothing-items>
 <clothing>
  <id>
   444504382
  </id>
  <name>
   Asics Shoes O-1435
  </name>
  <category>
   Shoes
  </category>
  <size>
   L
  </size>
  <color>
   Зеленый
  </color>
  <material>
   Лен
  </material>
  <price>
   570013
  </price>
  <rating>
   4.34
  </rating>
  <reviews>
   577318
  </reviews>
  <exclusive>
   no
  </exclusive>
  <sporty>
   no
  </sporty>
 </clothing>
 <clothing>
  <id>
   220741259
  </id>
  <name>
   Ellesse Socks Z-9564
  </name>
  <category>
   Socks
  </category>
  <size>
   S
  </size>
  <color>
   Желтый
  </color>
  <material>
   Хлопок
  </material>
  <price>
   566212
  </price>
  <rating>
   2.71
  </rating>
  <reviews>
   459408
  </reviews>
  <new>
   -
  </new>
 </clothing>
 <clothing>
  <id>
   822488952
  </id>
  <name>
   PleinSport Handbags Y-9441
  </name>
  <category>
   Handbags
  </category>
  <size>
   M
  </size>
  <color>
   Красный
  </color>
  <material>
   Лен
  </material>
  <price>
   972483
  </price>
  <rating>
   4.75
  </rating>
  <reviews>
   771488
  </reviews>
  <new>
   -
  </new>
  <exclusive>
   no
  </exclusive>
 </clothing>
 <clothing>
  <id>
   477701764
  </id>
  <name>
   Nike Umbrellas C-4729
  </name>
  <category>
   Umbrellas
  </category>
  <size>
   S
  </size>
  <color>
   Оранжевый
  </color>
  <material>
   Полиэстер
  </material>
  <price>
   747271
  </price>
  <rating>
   4.18
  </rating>
  <reviews>
   179732
  </reviews>
 </clothing>
 <clothing>
  <id>
   221239943
  </id>
  <name>
   DC Belts J-8512
  </name>
  <category>
   Belts
  </category>
  <size>
   L
  </size>
  <color>
   Зеленый
  </color>
  <material>
   Полиэстер
  </material>
  <price>
   841747
  </price>
  <rating>
   1.23
  </rating>
  <reviews>
   466066
  </reviews>
  <new>
   -
  </new>
  <exclusive>
   no
  </exclusive>
 </clothing>
 <clothing>
  <id>
   392374235
  </id>
  <name>
   Vans Dress D-1636
  </name>
  <category>
   Dress
  </category>
  <size>
   L
  </size>
  <color>
   Синий
  </color>
  <material>
   Полиэстер
  </material>
  <price>
   997581
  </price>
  <rating>
   2.99
  </rating>
  <reviews>
   910951
  </reviews>
  <exclusive>
   no
  </exclusive>
  <sporty>
   yes
  </sporty>
 </clothing>
 <clothing>
  <id>
   616157033
  </id>
  <name>
   Asics Sweater J-1581
  </name>
  <category>
   Sweater
  </category>
  <size>
   L
  </size>
  <color>
   Фиолетовый
  </color>
  <material>
   Нейлон
  </material>
  <price>
   513023
  </price>
  <rating>
   4.59
  </rating>
  <reviews>
   663348
  </reviews>
  <exclusive>
   no
  </exclusive>
  <sporty>
   no
  </sporty>
 </clothing>
 <clothing>
  <id>
   273120966
  </id>
  <name>
   Asics Skirt M-3821
  </name>
  <category>
   Skirt
  </category>
  <size>
   S
  </size>
  <color>
   Зеленый
  </color>
  <material>
   Нейлон
  </material>
  <price>
   317161
  </price>
  <rating>
   3.33
  </rating>
  <reviews>
   917826
  </reviews>
 </clothing>
 <clothing>
  <id>
   457388208
  </id>
  <name>
   Reebok Jacket Z-4946
  </name>
  <category>
   Jacket
  </category>
  <size>
   L
  </size>
  <color>
   Синий
  </color>
  <material>
   Хлопок
  </material>
  <price>
   840195
  </price>
  <rating>
   1.8
  </rating>
  <reviews>
   758306
  </reviews>
  <new>
   +
  </new>
 </clothing>
 <clothing>
  <id>
   311954068
  </id>
  <name>
   Fila Gloves I-3495
  </name>
  <category>
   Gloves
  </category>
  <size>
   XXL
  </size>
  <color>
   Желтый
  </color>
  <material>
   Лен
  </material>
  <price>
   429101
  </price>
  <rating>
   2.86
  </rating>
  <reviews>
   451999
  </reviews>
  <new>
   +
  </new>
  <exclusive>
   no
  </exclusive>
  <sporty>
   no
  </sporty>
 </clothing>
 <clothing>
  <id>
   272205606
  </id>
  <name>
   Converse Shoes S-4588
  </name>
  <category>
   Shoes
  </category>
  <size>
   XXL
  </size>
  <color>
   Синий
  </color>
  <material>
   Полиэстер
  </material>
  <price>
   304157
  </price>
  <rating>
   3.26
  </rating>
  <reviews>
   832573
  </reviews>
  <exclusive>
   yes
  </exclusive>
  <sporty>
   no
  </sporty>
 </clothing>
 <clothing>
  <id>
   886914590
  </id>
  <name>
   Adidas Umbrellas W-3619
  </name>
  <category>
   Umbrellas
  </category>
  <size>
   XXL
  </size>
  <color>
   Красный
  </color>
  <material>
   Кожа
  </material>
  <price>
   501286
  </price>
  <rating>
   1.93
  </rating>
  <reviews>
   556412
  </reviews>
  <new>
   -
  </new>
  <sporty>
   no
  </sporty>
 </clothing>
 <clothing>
  <id>
   664639794
  </id>
  <name>
   Brooks Belts N-9488
  </name>
  <category>
   Belts
  </category>
  <size>
   XL
  </size>
  <color>
   Красный
  </color>
  <material>
   Вискоза
  </material>
  <price>
   412764
  </price>
  <rating>
   3.94
  </rating>
  <reviews>
   68095
  </reviews>
  <new>
   -
  </new>
  <exclusive>
   no
  </exclusive>
  <sporty>
   no
  </sporty>
 </clothing>
 <clothing>
  <id>
   252933621
  </id>
  <name>
   Fila Belts M-3199
  </name>
  <category>
   Belts
  </category>
  <size>
   XXL
  </size>
  <color>
   Зеленый
  </color>
  <material>
   Шерсть
  </material>
  <price>
   174326
  </price>
  <rating>
   1.6
  </rating>
  <reviews>
   869433
  </reviews>
  <exclusive>
   yes
  </exclusive>
  <sporty>
   yes
  </sporty>
 </clothing>
 <clothing>
  <id>
   772589632
  </id>
  <name>
   Addidas Socks C-6688
  </name>
  <category>
   Socks
  </category>
  <size>
   XL
  </size>
  <color>
   Фиолетовый
  </color>
  <material>
   Шелк
  </material>
  <price>
   658624
  </price>
  <rating>
   2.7
  </rating>
  <reviews>
   484879
  </reviews>
 </clothing>
 <clothing>
  <id>
   686749790
  </id>
  <name>
   Asics Jeans F-8544
  </name>
  <category>
   Jeans
  </category>
  <size>
   M
  </size>
  <color>
   Зеленый
  </color>
  <material>
   Лен
  </material>
  <price>
   426203
  </price>
  <rating>
   1.49
  </rating>
  <reviews>
   579197
  </reviews>
  <sporty>
   no
  </sporty>
 </clothing>
 <clothing>
  <id>
   124744002
  </id>
  <name>
   Brooks Jeans X-8235
  </name>
  <category>
   Jeans
  </category>
  <size>
   M
  </size>
  <color>
   Синий
  </color>
  <material>
   Шелк
  </material>
  <price>
   407929
  </price>
  <rating>
   2.04
  </rating>
  <reviews>
   620147
  </reviews>
 </clothing>
 <clothing>
  <id>
   312768148
  </id>
  <name>
   Puma T-shirt V-1750
  </name>
  <category>
   T-shirt
  </category>
  <size>
   L
  </size>
  <color>
   Желтый
  </color>
  <material>
   Кожа
  </material>
  <price>
   159661
  </price>
  <rating>
   3.69
  </rating>
  <reviews>
   477464
  </reviews>
  <new>
   -
  </new>
  <sporty>
   yes
  </sporty>
 </clothing>
 <clothing>
  <id>
   120537883
  </id>
  <name>
   Lacoste Blouse X-5319
  </name>
  <category>
   Blouse
  </category>
  <size>
   XXL
  </size>
  <color>
   Красный
  </color>
  <material>
   Кожа
  </material>
  <price>
   702198
  </price>
  <rating>
   1.7
  </rating>
  <reviews>
   639491
  </reviews>
  <new>
   -
  </new>
  <sporty>
   no
  </sporty>
 </clothing>
 <clothing>
  <id>
   274083547
  </id>
  <name>
   Fila T-shirt F-4807
  </name>
  <category>
   T-shirt
  </category>
  <size>
   S
  </size>
  <color>
   Оранжевый
  </color>
  <material>
   Шелк
  </material>
  <price>
   568714
  </price>
  <rating>
   3.2
  </rating>
  <reviews>
   545424
  </reviews>
  <new>
   +
  </new>
  <sporty>
   no
  </sporty>
 </clothing>
 <clothing>
  <id>
   835912829
  </id>
  <name>
   Brooks Gloves J-3694
  </name>
  <category>
   Gloves
  </category>
  <size>
   XL
  </size>
  <color>
   Фиолетовый
  </color>
  <material>
   Кожа
  </material>
  <price>
   668383
  </price>
  <rating>
   2.17
  </rating>
  <reviews>
   794815
  </reviews>
  <new>
   -
  </new>
  <sporty>
   no
  </sporty>
 </clothing>
 <clothing>
  <id>
   360323919
  </id>
  <name>
   Adidas Socks J-5147
  </name>
  <category>
   Socks
  </category>
  <size>
   L
  </size>
  <color>
   Оранжевый
  </color>
  <material>
   Вискоза
  </material>
  <price>
   916898
  </price>
  <rating>
   4.86
  </rating>
  <reviews>
   249408
  </reviews>
  <exclusive>
   no
  </exclusive>
  <sporty>
   yes
  </sporty>
 </clothing>
 <clothing>
  <id>
   515358274
  </id>
  <name>
   Fila Sweater C-3866
  </name>
  <category>
   Sweater
  </category>
  <size>
   M
  </size>
  <color>
   Оранжевый
  </color>
  <material>
   Нейлон
  </material>
  <price>
   238409
  </price>
  <rating>
   2.98
  </rating>
  <reviews>
   974730
  </reviews>
  <new>
   -
  </new>
  <exclusive>
   yes
  </exclusive>
 </clothing>
 <clothing>
  <id>
   875490361
  </id>
  <name>
   Adidas Dress F-5563
  </name>
  <category>
   Dress
  </category>
  <size>
   L
  </size>
  <color>
   Синий
  </color>
  <material>
   Вискоза
  </material>
  <price>
   222641
  </price>
  <rating>
   4.93
  </rating>
  <reviews>
   578911
  </reviews>
  <new>
   +
  </new>
  <sporty>
   no
  </sporty>
 </clothing>
 <clothing>
  <id>
   427814502
  </id>
  <name>
   Fila Socks M-9275
  </name>
  <category>
   Socks
  </category>
  <size>
   M
  </size>
  <color>
   Красный
  </color>
  <material>
   Лен
  </material>
  <price>
   779387
  </price>
  <rating>
   1.93
  </rating>
  <reviews>
   484087
  </reviews>
  <new>
   +
  </new>
  <exclusive>
   no
  </exclusive>
  <sporty>
   no
  </sporty>
 </clothing>
 <clothing>
  <id>
   494434423
  </id>
  <name>
   Lacoste Blouse E-2307
  </name>
  <category>
   Blouse
  </category>
  <size>
   S
  </size>
  <color>
   Красный
  </color>
  <material>
   Лен
  </material>
  <price>
   488234
  </price>
  <rating>
   3.63
  </rating>
  <reviews>
   782674
  </reviews>
  <exclusive>
   no
  </exclusive>
  <sporty>
   yes
  </sporty>
 </clothing>
 <clothing>
  <id>
   965929746
  </id>
  <name>
   Vans Hat M-3065
  </name>
  <category>
   Hat
  </category>
  <size>
   XXL
  </size>
  <color>
   Оранжевый
  </color>
  <material>
   Хлопок
  </material>
  <price>
   634161
  </price>
  <rating>
   4.97
  </rating>
  <reviews>
   253593
  </reviews>
  <new>
   +
  </new>
  <exclusive>
   yes
  </exclusive>
  <sporty>
   yes
  </sporty>
 </clothing>
 <clothing>
  <id>
   798397764
  </id>
  <name>
   DC Jacket W-1393
  </name>
  <category>
   Jacket
  </category>
  <size>
   L
  </size>
  <color>
   Красный
  </color>
  <material>
   Шерсть
  </material>
  <price>
   238352
  </price>
  <rating>
   1.09
  </rating>
  <reviews>
   530165
  </reviews>
  <exclusive>
   no
  </exclusive>
  <sporty>
   yes
  </sporty>
 </clothing>
 <clothing>
  <id>
   372413074
  </id>
  <name>
   Reebok Shoes R-1284
  </name>
  <category>
   Shoes
  </category>
  <size>
   L
  </size>
  <color>
   Оранжевый
  </color>
  <material>
   Нейлон
  </material>
  <price>
   760079
  </price>
  <rating>
   4.2
  </rating>
  <reviews>
   119512
  </reviews>
  <exclusive>
   yes
  </exclusive>
  <sporty>
   yes
  </sporty>
 </clothing>
 <clothing>
  <id>
   252178064
  </id>
  <name>
   Nike T-shirt V-5239
  </name>
  <category>
   T-shirt
  </category>
  <size>
   L
  </size>
  <color>
   Желтый
  </color>
  <material>
   Шерсть
  </material>
  <price>
   608190
  </price>
  <rating>
   3.39
  </rating>
  <reviews>
   95334
  </reviews>
  <sporty>
   no
  </sporty>
 </clothing>
 <clothing>
  <id>
   460102395
  </id>
  <name>
   New Balance Blouse Z-3753
  </name>
  <category>
   Blouse
  </category>
  <size>
   XL
  </size>
  <color>
   Оранжевый
  </color>
  <material>
   Хлопок
  </material>
  <price>
   288522
  </price>
  <rating>
   4.54
  </rating>
  <reviews>
   574608
  </reviews>
  <exclusive>
   no
  </exclusive>
  <sporty>
   yes
  </sporty>
 </clothing>
 <clothing>
  <id>
   285274918
  </id>
  <name>
   Under Armour Belts B-9063
  </name>
  <category>
   Belts
  </category>
  <size>
   XXL
  </size>
  <color>
   Зеленый
  </color>
  <material>
   Хлопок
  </material>
  <price>
   961462
  </price>
  <rating>
   3.32
  </rating>
  <reviews>
   73899
  </reviews>
  <new>
   +
  </new>
  <sporty>
   no
  </sporty>
 </clothing>
 <clothing>
  <id>
   520138799
  </id>
  <name>
   Ellesse Shirt F-1070
  </name>
  <category>
   Shirt
  </category>
  <size>
   M
  </size>
  <color>
   Синий
  </color>
  <material>
   Лен
  </material>
  <price>
   810658
  </price>
  <rating>
   2.66
  </rating>
  <reviews>
   625029
  </reviews>
  <exclusive>
   yes
  </exclusive>
  <sporty>
   no
  </sporty>
 </clothing>
 <clothing>
  <id>
   352985302
  </id>
  <name>
   Nike Blouse I-9924
  </name>
  <category>
   Blouse
  </category>
  <size>
   XL
  </size>
  <color>
   Синий
  </color>
  <material>
   Полиэстер
  </material>
  <price>
   256750
  </price>
  <rating>
   2.72
  </rating>
  <reviews>
   352656
  </reviews>
  <new>
   +
  </new>
  <exclusive>
   no
  </exclusive>
 </clothing>
 <clothing>
  <id>
   418861490
  </id>
  <name>
   Asics Handbags Y-6045
  </name>
  <category>
   Handbags
  </category>
  <size>
   XL
  </size>
  <color>
   Оранжевый
  </color>
  <material>
   Хлопок
  </material>
  <price>
   234965
  </price>
  <rating>
   1.88
  </rating>
  <reviews>
   566475
  </reviews>
  <new>
   +
  </new>
  <sporty>
   yes
  </sporty>
 </clothing>
 <clothing>
  <id>
   462110608
  </id>
  <name>
   Under Armour Jeans L-2116
  </name>
  <category>
   Jeans
  </category>
  <size>
   XL
  </size>
  <color>
   Голубой
  </color>
  <material>
   Вискоза
  </material>
  <price>
   778757
  </price>
  <rating>
   3.49
  </rating>
  <reviews>
   864640
  </reviews>
  <sporty>
   yes
  </sporty>
 </clothing>
 <clothing>
  <id>
   737182729
  </id>
  <name>
   Adidas Sweater I-2116
  </name>
  <category>
   Sweater
  </category>
  <size>
   M
  </size>
  <color>
   Красный
  </color>
  <material>
   Кожа
  </material>
  <price>
   874792
  </price>
  <rating>
   2.99
  </rating>
  <reviews>
   959284
  </reviews>
 </clothing>
 <clothing>
  <id>
   917762341
  </id>
  <name>
   Fila Belts P-2893
  </name>
  <category>
   Belts
  </category>
  <size>
   XXL
  </size>
  <color>
   Желтый
  </color>
  <material>
   Шелк
  </material>
  <price>
   815103
  </price>
  <rating>
   2.74
  </rating>
  <reviews>
   381194
  </reviews>
  <new>
   -
  </new>
  <exclusive>
   yes
  </exclusive>
 </clothing>
 <clothing>
  <id>
   423799840
  </id>
  <name>
   Under Armour Skirt G-8992
  </name>
  <category>
   Skirt
  </category>
  <size>
   XL
  </size>
  <color>
   Оранжевый
  </color>
  <material>
   Шерсть
  </material>
  <price>
   292972
  </price>
  <rating>
   3.92
  </rating>
  <reviews>
   51460
  </reviews>
  <new>
   -
  </new>
  <exclusive>
   no
  </exclusive>
  <sporty>
   yes
  </sporty>
 </clothing>
</clothing-items>
