<?xml version="1.0" encoding="utf-8"?>
<clothing-items>
 <clothing>
  <id>
   261308697
  </id>
  <name>
   Nike Umbrellas V-6574
  </name>
  <category>
   Umbrellas
  </category>
  <size>
   XXL
  </size>
  <color>
   Желтый
  </color>
  <material>
   Хлопок
  </material>
  <price>
   482005
  </price>
  <rating>
   2.01
  </rating>
  <reviews>
   661100
  </reviews>
  <exclusive>
   yes
  </exclusive>
  <sporty>
   yes
  </sporty>
 </clothing>
 <clothing>
  <id>
   744691876
  </id>
  <name>
   Brooks Umbrellas T-2054
  </name>
  <category>
   Umbrellas
  </category>
  <size>
   M
  </size>
  <color>
   Оранжевый
  </color>
  <material>
   Полиэстер
  </material>
  <price>
   113633
  </price>
  <rating>
   4.79
  </rating>
  <reviews>
   641129
  </reviews>
  <exclusive>
   yes
  </exclusive>
  <sporty>
   yes
  </sporty>
 </clothing>
 <clothing>
  <id>
   141515398
  </id>
  <name>
   Adidas Jeans M-8529
  </name>
  <category>
   Jeans
  </category>
  <size>
   L
  </size>
  <color>
   Фиолетовый
  </color>
  <material>
   Нейлон
  </material>
  <price>
   733653
  </price>
  <rating>
   2.12
  </rating>
  <reviews>
   901034
  </reviews>
  <new>
   -
  </new>
  <exclusive>
   no
  </exclusive>
 </clothing>
 <clothing>
  <id>
   815925766
  </id>
  <name>
   Lacoste Shirt J-1871
  </name>
  <category>
   Shirt
  </category>
  <size>
   XXL
  </size>
  <color>
   Зеленый
  </color>
  <material>
   Лен
  </material>
  <price>
   215465
  </price>
  <rating>
   3.04
  </rating>
  <reviews>
   803865
  </reviews>
  <new>
   -
  </new>
  <exclusive>
   no
  </exclusive>
  <sporty>
   yes
  </sporty>
 </clothing>
 <clothing>
  <id>
   153408839
  </id>
  <name>
   New Balance Shoes Z-9997
  </name>
  <category>
   Shoes
  </category>
  <size>
   L
  </size>
  <color>
   Оранжевый
  </color>
  <material>
   Хлопок
  </material>
  <price>
   613638
  </price>
  <rating>
   1.08
  </rating>
  <reviews>
   534291
  </reviews>
  <new>
   -
  </new>
  <exclusive>
   no
  </exclusive>
  <sporty>
   no
  </sporty>
 </clothing>
 <clothing>
  <id>
   672068011
  </id>
  <name>
   Adidas Dress P-8420
  </name>
  <category>
   Dress
  </category>
  <size>
   M
  </size>
  <color>
   Зеленый
  </color>
  <material>
   Кожа
  </material>
  <price>
   525854
  </price>
  <rating>
   2.54
  </rating>
  <reviews>
   250453
  </reviews>
  <exclusive>
   no
  </exclusive>
 </clothing>
 <clothing>
  <id>
   843106492
  </id>
  <name>
   Adidas Pants O-4302
  </name>
  <category>
   Pants
  </category>
  <size>
   XL
  </size>
  <color>
   Желтый
  </color>
  <material>
   Кожа
  </material>
  <price>
   916183
  </price>
  <rating>
   3.54
  </rating>
  <reviews>
   48577
  </reviews>
  <exclusive>
   no
  </exclusive>
 </clothing>
 <clothing>
  <id>
   946909381
  </id>
  <name>
   Fila Pants I-9845
  </name>
  <category>
   Pants
  </category>
  <size>
   XL
  </size>
  <color>
   Красный
  </color>
  <material>
   Нейлон
  </material>
  <price>
   217252
  </price>
  <rating>
   3.55
  </rating>
  <reviews>
   394519
  </reviews>
  <sporty>
   no
  </sporty>
 </clothing>
 <clothing>
  <id>
   900721611
  </id>
  <name>
   Nike Blouse R-2878
  </name>
  <category>
   Blouse
  </category>
  <size>
   L
  </size>
  <color>
   Зеленый
  </color>
  <material>
   Вискоза
  </material>
  <price>
   892734
  </price>
  <rating>
   1.62
  </rating>
  <reviews>
   835974
  </reviews>
  <sporty>
   yes
  </sporty>
 </clothing>
 <clothing>
  <id>
   543045212
  </id>
  <name>
   New Balance Jeans Y-6999
  </name>
  <category>
   Jeans
  </category>
  <size>
   M
  </size>
  <color>
   Фиолетовый
  </color>
  <material>
   Вискоза
  </material>
  <price>
   871221
  </price>
  <rating>
   3.81
  </rating>
  <reviews>
   118255
  </reviews>
  <exclusive>
   yes
  </exclusive>
 </clothing>
 <clothing>
  <id>
   930810722
  </id>
  <name>
   Converse Sweater W-6700
  </name>
  <category>
   Sweater
  </category>
  <size>
   S
  </size>
  <color>
   Фиолетовый
  </color>
  <material>
   Шелк
  </material>
  <price>
   209191
  </price>
  <rating>
   1.54
  </rating>
  <reviews>
   786735
  </reviews>
  <new>
   -
  </new>
  <exclusive>
   yes
  </exclusive>
  <sporty>
   yes
  </sporty>
 </clothing>
 <clothing>
  <id>
   139805772
  </id>
  <name>
   Lacoste Gloves C-9468
  </name>
  <category>
   Gloves
  </category>
  <size>
   XL
  </size>
  <color>
   Желтый
  </color>
  <material>
   Шерсть
  </material>
  <price>
   666508
  </price>
  <rating>
   2.65
  </rating>
  <reviews>
   174177
  </reviews>
  <exclusive>
   yes
  </exclusive>
  <sporty>
   no
  </sporty>
 </clothing>
 <clothing>
  <id>
   810452453
  </id>
  <name>
   Adidas Gloves Z-1659
  </name>
  <category>
   Gloves
  </category>
  <size>
   S
  </size>
  <color>
   Фиолетовый
  </color>
  <material>
   Хлопок
  </material>
  <price>
   134499
  </price>
  <rating>
   3.96
  </rating>
  <reviews>
   197854
  </reviews>
  <exclusive>
   yes
  </exclusive>
 </clothing>
 <clothing>
  <id>
   293618177
  </id>
  <name>
   Asics Shoes W-7412
  </name>
  <category>
   Shoes
  </category>
  <size>
   XXL
  </size>
  <color>
   Оранжевый
  </color>
  <material>
   Шерсть
  </material>
  <price>
   644640
  </price>
  <rating>
   1.74
  </rating>
  <reviews>
   273283
  </reviews>
  <new>
   +
  </new>
  <exclusive>
   yes
  </exclusive>
  <sporty>
   no
  </sporty>
 </clothing>
 <clothing>
  <id>
   672992583
  </id>
  <name>
   DC Pants K-9826
  </name>
  <category>
   Pants
  </category>
  <size>
   S
  </size>
  <color>
   Желтый
  </color>
  <material>
   Лен
  </material>
  <price>
   530877
  </price>
  <rating>
   2.59
  </rating>
  <reviews>
   49669
  </reviews>
  <new>
   -
  </new>
  <exclusive>
   yes
  </exclusive>
 </clothing>
</clothing-items>
