<?xml version="1.0" encoding="utf-8"?>
<clothing-items>
 <clothing>
  <id>
   303743655
  </id>
  <name>
   Under Armour Pants Q-4373
  </name>
  <category>
   Pants
  </category>
  <size>
   XL
  </size>
  <color>
   Фиолетовый
  </color>
  <material>
   Лен
  </material>
  <price>
   465119
  </price>
  <rating>
   4.95
  </rating>
  <reviews>
   200747
  </reviews>
  <new>
   -
  </new>
  <sporty>
   yes
  </sporty>
 </clothing>
 <clothing>
  <id>
   653937337
  </id>
  <name>
   New Balance Pants E-3755
  </name>
  <category>
   Pants
  </category>
  <size>
   L
  </size>
  <color>
   Оранжевый
  </color>
  <material>
   Кожа
  </material>
  <price>
   276465
  </price>
  <rating>
   1.8
  </rating>
  <reviews>
   584612
  </reviews>
  <new>
   +
  </new>
 </clothing>
 <clothing>
  <id>
   628593028
  </id>
  <name>
   Puma Gloves Y-5741
  </name>
  <category>
   Gloves
  </category>
  <size>
   S
  </size>
  <color>
   Зеленый
  </color>
  <material>
   Шелк
  </material>
  <price>
   966197
  </price>
  <rating>
   3.06
  </rating>
  <reviews>
   447698
  </reviews>
 </clothing>
 <clothing>
  <id>
   256611052
  </id>
  <name>
   Nike T-shirt G-8749
  </name>
  <category>
   T-shirt
  </category>
  <size>
   XXL
  </size>
  <color>
   Зеленый
  </color>
  <material>
   Хлопок
  </material>
  <price>
   889223
  </price>
  <rating>
   2.02
  </rating>
  <reviews>
   650097
  </reviews>
  <sporty>
   no
  </sporty>
 </clothing>
 <clothing>
  <id>
   187663721
  </id>
  <name>
   Addidas Hat N-8864
  </name>
  <category>
   Hat
  </category>
  <size>
   XL
  </size>
  <color>
   Красный
  </color>
  <material>
   Вискоза
  </material>
  <price>
   282324
  </price>
  <rating>
   4.7
  </rating>
  <reviews>
   899045
  </reviews>
  <new>
   -
  </new>
  <sporty>
   no
  </sporty>
 </clothing>
 <clothing>
  <id>
   486322229
  </id>
  <name>
   Lacoste T-shirt W-8150
  </name>
  <category>
   T-shirt
  </category>
  <size>
   XL
  </size>
  <color>
   Синий
  </color>
  <material>
   Шерсть
  </material>
  <price>
   597755
  </price>
  <rating>
   1.89
  </rating>
  <reviews>
   721176
  </reviews>
  <new>
   -
  </new>
  <sporty>
   yes
  </sporty>
 </clothing>
 <clothing>
  <id>
   476218089
  </id>
  <name>
   Ellesse Jacket J-8822
  </name>
  <category>
   Jacket
  </category>
  <size>
   L
  </size>
  <color>
   Фиолетовый
  </color>
  <material>
   Лен
  </material>
  <price>
   505723
  </price>
  <rating>
   2.17
  </rating>
  <reviews>
   388849
  </reviews>
  <sporty>
   no
  </sporty>
 </clothing>
 <clothing>
  <id>
   374278785
  </id>
  <name>
   Brooks Shirt W-1881
  </name>
  <category>
   Shirt
  </category>
  <size>
   M
  </size>
  <color>
   Синий
  </color>
  <material>
   Лен
  </material>
  <price>
   809807
  </price>
  <rating>
   3.01
  </rating>
  <reviews>
   92615
  </reviews>
  <new>
   -
  </new>
  <sporty>
   yes
  </sporty>
 </clothing>
 <clothing>
  <id>
   752735840
  </id>
  <name>
   Fila Skirt M-8146
  </name>
  <category>
   Skirt
  </category>
  <size>
   XL
  </size>
  <color>
   Желтый
  </color>
  <material>
   Полиэстер
  </material>
  <price>
   920088
  </price>
  <rating>
   1.97
  </rating>
  <reviews>
   441978
  </reviews>
  <new>
   -
  </new>
 </clothing>
 <clothing>
  <id>
   821901838
  </id>
  <name>
   Ellesse Shirt S-8505
  </name>
  <category>
   Shirt
  </category>
  <size>
   S
  </size>
  <color>
   Синий
  </color>
  <material>
   Нейлон
  </material>
  <price>
   153018
  </price>
  <rating>
   1.57
  </rating>
  <reviews>
   330555
  </reviews>
  <new>
   -
  </new>
  <exclusive>
   yes
  </exclusive>
  <sporty>
   no
  </sporty>
 </clothing>
 <clothing>
  <id>
   267942554
  </id>
  <name>
   Lacoste Pants C-7055
  </name>
  <category>
   Pants
  </category>
  <size>
   M
  </size>
  <color>
   Красный
  </color>
  <material>
   Полиэстер
  </material>
  <price>
   984324
  </price>
  <rating>
   4.39
  </rating>
  <reviews>
   802508
  </reviews>
  <new>
   -
  </new>
  <exclusive>
   no
  </exclusive>
  <sporty>
   yes
  </sporty>
 </clothing>
 <clothing>
  <id>
   663342814
  </id>
  <name>
   Puma Hat T-4518
  </name>
  <category>
   Hat
  </category>
  <size>
   XL
  </size>
  <color>
   Зеленый
  </color>
  <material>
   Лен
  </material>
  <price>
   669815
  </price>
  <rating>
   1.43
  </rating>
  <reviews>
   550774
  </reviews>
  <new>
   +
  </new>
  <exclusive>
   yes
  </exclusive>
  <sporty>
   no
  </sporty>
 </clothing>
 <clothing>
  <id>
   929164602
  </id>
  <name>
   Nike Skirt U-6155
  </name>
  <category>
   Skirt
  </category>
  <size>
   XL
  </size>
  <color>
   Красный
  </color>
  <material>
   Полиэстер
  </material>
  <price>
   172933
  </price>
  <rating>
   2.05
  </rating>
  <reviews>
   733380
  </reviews>
  <exclusive>
   no
  </exclusive>
 </clothing>
 <clothing>
  <id>
   252237511
  </id>
  <name>
   New Balance Socks Z-8432
  </name>
  <category>
   Socks
  </category>
  <size>
   M
  </size>
  <color>
   Оранжевый
  </color>
  <material>
   Шерсть
  </material>
  <price>
   983187
  </price>
  <rating>
   1.23
  </rating>
  <reviews>
   925461
  </reviews>
  <new>
   +
  </new>
  <exclusive>
   yes
  </exclusive>
 </clothing>
 <clothing>
  <id>
   235044355
  </id>
  <name>
   Fila Pants L-3908
  </name>
  <category>
   Pants
  </category>
  <size>
   XXL
  </size>
  <color>
   Фиолетовый
  </color>
  <material>
   Лен
  </material>
  <price>
   986190
  </price>
  <rating>
   3.63
  </rating>
  <reviews>
   130154
  </reviews>
  <new>
   +
  </new>
  <exclusive>
   yes
  </exclusive>
  <sporty>
   yes
  </sporty>
 </clothing>
</clothing-items>
