<?xml version="1.0" encoding="utf-8"?>
<clothing-items>
 <clothing>
  <id>
   339830534
  </id>
  <name>
   Adidas Dress Z-1585
  </name>
  <category>
   Dress
  </category>
  <size>
   M
  </size>
  <color>
   Красный
  </color>
  <material>
   Полиэстер
  </material>
  <price>
   427065
  </price>
  <rating>
   1.91
  </rating>
  <reviews>
   579250
  </reviews>
  <new>
   +
  </new>
  <exclusive>
   yes
  </exclusive>
  <sporty>
   no
  </sporty>
 </clothing>
 <clothing>
  <id>
   898440001
  </id>
  <name>
   Ellesse Gloves G-7054
  </name>
  <category>
   Gloves
  </category>
  <size>
   XXL
  </size>
  <color>
   Оранжевый
  </color>
  <material>
   Вискоза
  </material>
  <price>
   565932
  </price>
  <rating>
   3.47
  </rating>
  <reviews>
   373067
  </reviews>
  <new>
   -
  </new>
  <exclusive>
   no
  </exclusive>
  <sporty>
   yes
  </sporty>
 </clothing>
 <clothing>
  <id>
   695815063
  </id>
  <name>
   Under Armour Jeans V-4411
  </name>
  <category>
   Jeans
  </category>
  <size>
   XXL
  </size>
  <color>
   Голубой
  </color>
  <material>
   Шерсть
  </material>
  <price>
   728259
  </price>
  <rating>
   3.76
  </rating>
  <reviews>
   185629
  </reviews>
  <new>
   +
  </new>
  <exclusive>
   no
  </exclusive>
  <sporty>
   yes
  </sporty>
 </clothing>
 <clothing>
  <id>
   440988655
  </id>
  <name>
   Fila Dress H-2518
  </name>
  <category>
   Dress
  </category>
  <size>
   XXL
  </size>
  <color>
   Фиолетовый
  </color>
  <material>
   Хлопок
  </material>
  <price>
   427936
  </price>
  <rating>
   2.8
  </rating>
  <reviews>
   379669
  </reviews>
  <new>
   -
  </new>
  <exclusive>
   no
  </exclusive>
 </clothing>
 <clothing>
  <id>
   387613490
  </id>
  <name>
   DC Shirt W-1725
  </name>
  <category>
   Shirt
  </category>
  <size>
   S
  </size>
  <color>
   Красный
  </color>
  <material>
   Нейлон
  </material>
  <price>
   579271
  </price>
  <rating>
   3.03
  </rating>
  <reviews>
   330534
  </reviews>
  <new>
   -
  </new>
  <sporty>
   no
  </sporty>
 </clothing>
 <clothing>
  <id>
   407284917
  </id>
  <name>
   Adidas Skirt Z-2125
  </name>
  <category>
   Skirt
  </category>
  <size>
   S
  </size>
  <color>
   Синий
  </color>
  <material>
   Шелк
  </material>
  <price>
   619851
  </price>
  <rating>
   3.5
  </rating>
  <reviews>
   634865
  </reviews>
  <new>
   +
  </new>
  <exclusive>
   yes
  </exclusive>
  <sporty>
   no
  </sporty>
 </clothing>
 <clothing>
  <id>
   497912250
  </id>
  <name>
   Ellesse Dress G-3100
  </name>
  <category>
   Dress
  </category>
  <size>
   XXL
  </size>
  <color>
   Зеленый
  </color>
  <material>
   Лен
  </material>
  <price>
   971643
  </price>
  <rating>
   3.77
  </rating>
  <reviews>
   739079
  </reviews>
  <new>
   -
  </new>
  <sporty>
   yes
  </sporty>
 </clothing>
 <clothing>
  <id>
   480601833
  </id>
  <name>
   Converse Sweater D-8832
  </name>
  <category>
   Sweater
  </category>
  <size>
   L
  </size>
  <color>
   Красный
  </color>
  <material>
   Лен
  </material>
  <price>
   291043
  </price>
  <rating>
   2.11
  </rating>
  <reviews>
   717870
  </reviews>
  <sporty>
   yes
  </sporty>
 </clothing>
 <clothing>
  <id>
   453489747
  </id>
  <name>
   Puma Dress G-2027
  </name>
  <category>
   Dress
  </category>
  <size>
   XL
  </size>
  <color>
   Красный
  </color>
  <material>
   Вискоза
  </material>
  <price>
   262946
  </price>
  <rating>
   2.29
  </rating>
  <reviews>
   561688
  </reviews>
 </clothing>
 <clothing>
  <id>
   801381888
  </id>
  <name>
   Asics Jeans J-6726
  </name>
  <category>
   Jeans
  </category>
  <size>
   M
  </size>
  <color>
   Желтый
  </color>
  <material>
   Полиэстер
  </material>
  <price>
   711101
  </price>
  <rating>
   3.09
  </rating>
  <reviews>
   873486
  </reviews>
  <new>
   -
  </new>
 </clothing>
 <clothing>
  <id>
   821646296
  </id>
  <name>
   DC Blouse I-7181
  </name>
  <category>
   Blouse
  </category>
  <size>
   XXL
  </size>
  <color>
   Голубой
  </color>
  <material>
   Шелк
  </material>
  <price>
   438251
  </price>
  <rating>
   3.96
  </rating>
  <reviews>
   844561
  </reviews>
  <new>
   +
  </new>
  <sporty>
   yes
  </sporty>
 </clothing>
 <clothing>
  <id>
   752702120
  </id>
  <name>
   Addidas Shirt Q-7473
  </name>
  <category>
   Shirt
  </category>
  <size>
   S
  </size>
  <color>
   Голубой
  </color>
  <material>
   Шерсть
  </material>
  <price>
   581386
  </price>
  <rating>
   4.58
  </rating>
  <reviews>
   422033
  </reviews>
  <sporty>
   no
  </sporty>
 </clothing>
 <clothing>
  <id>
   787801017
  </id>
  <name>
   Asics Skirt C-6017
  </name>
  <category>
   Skirt
  </category>
  <size>
   S
  </size>
  <color>
   Оранжевый
  </color>
  <material>
   Шерсть
  </material>
  <price>
   723629
  </price>
  <rating>
   1.08
  </rating>
  <reviews>
   858241
  </reviews>
  <new>
   +
  </new>
  <exclusive>
   yes
  </exclusive>
  <sporty>
   no
  </sporty>
 </clothing>
 <clothing>
  <id>
   435639298
  </id>
  <name>
   Fila Jeans L-8805
  </name>
  <category>
   Jeans
  </category>
  <size>
   L
  </size>
  <color>
   Зеленый
  </color>
  <material>
   Шелк
  </material>
  <price>
   563639
  </price>
  <rating>
   3.99
  </rating>
  <reviews>
   596124
  </reviews>
  <new>
   -
  </new>
  <exclusive>
   yes
  </exclusive>
  <sporty>
   no
  </sporty>
 </clothing>
 <clothing>
  <id>
   960642805
  </id>
  <name>
   DC T-shirt E-1317
  </name>
  <category>
   T-shirt
  </category>
  <size>
   XL
  </size>
  <color>
   Фиолетовый
  </color>
  <material>
   Лен
  </material>
  <price>
   771735
  </price>
  <rating>
   3.95
  </rating>
  <reviews>
   555424
  </reviews>
  <new>
   +
  </new>
  <sporty>
   yes
  </sporty>
 </clothing>
 <clothing>
  <id>
   690357639
  </id>
  <name>
   Fila T-shirt B-7951
  </name>
  <category>
   T-shirt
  </category>
  <size>
   L
  </size>
  <color>
   Голубой
  </color>
  <material>
   Полиэстер
  </material>
  <price>
   793973
  </price>
  <rating>
   4.32
  </rating>
  <reviews>
   570597
  </reviews>
  <new>
   -
  </new>
  <exclusive>
   yes
  </exclusive>
 </clothing>
 <clothing>
  <id>
   322260968
  </id>
  <name>
   Lacoste Jacket R-5785
  </name>
  <category>
   Jacket
  </category>
  <size>
   XL
  </size>
  <color>
   Желтый
  </color>
  <material>
   Лен
  </material>
  <price>
   920106
  </price>
  <rating>
   3.38
  </rating>
  <reviews>
   265258
  </reviews>
  <new>
   +
  </new>
 </clothing>
 <clothing>
  <id>
   719967680
  </id>
  <name>
   Reebok Sweater A-4966
  </name>
  <category>
   Sweater
  </category>
  <size>
   XXL
  </size>
  <color>
   Голубой
  </color>
  <material>
   Нейлон
  </material>
  <price>
   818708
  </price>
  <rating>
   1.17
  </rating>
  <reviews>
   681454
  </reviews>
  <new>
   -
  </new>
  <sporty>
   yes
  </sporty>
 </clothing>
 <clothing>
  <id>
   500814083
  </id>
  <name>
   Vans Handbags Y-4160
  </name>
  <category>
   Handbags
  </category>
  <size>
   M
  </size>
  <color>
   Фиолетовый
  </color>
  <material>
   Шерсть
  </material>
  <price>
   798025
  </price>
  <rating>
   3.16
  </rating>
  <reviews>
   309868
  </reviews>
  <exclusive>
   yes
  </exclusive>
 </clothing>
 <clothing>
  <id>
   373106367
  </id>
  <name>
   Nike Belts R-9019
  </name>
  <category>
   Belts
  </category>
  <size>
   XXL
  </size>
  <color>
   Красный
  </color>
  <material>
   Шерсть
  </material>
  <price>
   901584
  </price>
  <rating>
   3.51
  </rating>
  <reviews>
   258019
  </reviews>
  <new>
   -
  </new>
  <sporty>
   no
  </sporty>
 </clothing>
 <clothing>
  <id>
   694397956
  </id>
  <name>
   Adidas T-shirt T-6469
  </name>
  <category>
   T-shirt
  </category>
  <size>
   XL
  </size>
  <color>
   Голубой
  </color>
  <material>
   Лен
  </material>
  <price>
   279591
  </price>
  <rating>
   2.98
  </rating>
  <reviews>
   895540
  </reviews>
  <new>
   -
  </new>
  <exclusive>
   no
  </exclusive>
  <sporty>
   yes
  </sporty>
 </clothing>
 <clothing>
  <id>
   535051212
  </id>
  <name>
   Puma Belts W-2289
  </name>
  <category>
   Belts
  </category>
  <size>
   XL
  </size>
  <color>
   Зеленый
  </color>
  <material>
   Шелк
  </material>
  <price>
   886755
  </price>
  <rating>
   1.32
  </rating>
  <reviews>
   538446
  </reviews>
  <new>
   -
  </new>
  <exclusive>
   no
  </exclusive>
  <sporty>
   yes
  </sporty>
 </clothing>
 <clothing>
  <id>
   375209049
  </id>
  <name>
   Ellesse Belts L-8463
  </name>
  <category>
   Belts
  </category>
  <size>
   XL
  </size>
  <color>
   Оранжевый
  </color>
  <material>
   Шелк
  </material>
  <price>
   640064
  </price>
  <rating>
   1.57
  </rating>
  <reviews>
   448932
  </reviews>
  <new>
   +
  </new>
  <exclusive>
   yes
  </exclusive>
 </clothing>
 <clothing>
  <id>
   149109868
  </id>
  <name>
   New Balance Jacket C-6919
  </name>
  <category>
   Jacket
  </category>
  <size>
   S
  </size>
  <color>
   Синий
  </color>
  <material>
   Вискоза
  </material>
  <price>
   107052
  </price>
  <rating>
   4.38
  </rating>
  <reviews>
   226166
  </reviews>
  <exclusive>
   no
  </exclusive>
  <sporty>
   yes
  </sporty>
 </clothing>
 <clothing>
  <id>
   499486968
  </id>
  <name>
   Addidas T-shirt M-4681
  </name>
  <category>
   T-shirt
  </category>
  <size>
   L
  </size>
  <color>
   Зеленый
  </color>
  <material>
   Полиэстер
  </material>
  <price>
   389609
  </price>
  <rating>
   2.36
  </rating>
  <reviews>
   276944
  </reviews>
  <new>
   +
  </new>
  <exclusive>
   no
  </exclusive>
 </clothing>
 <clothing>
  <id>
   565765724
  </id>
  <name>
   Under Armour Shirt W-3304
  </name>
  <category>
   Shirt
  </category>
  <size>
   M
  </size>
  <color>
   Синий
  </color>
  <material>
   Шерсть
  </material>
  <price>
   433134
  </price>
  <rating>
   2.11
  </rating>
  <reviews>
   794154
  </reviews>
  <new>
   -
  </new>
  <exclusive>
   no
  </exclusive>
  <sporty>
   yes
  </sporty>
 </clothing>
 <clothing>
  <id>
   721575065
  </id>
  <name>
   Puma T-shirt H-2962
  </name>
  <category>
   T-shirt
  </category>
  <size>
   M
  </size>
  <color>
   Красный
  </color>
  <material>
   Нейлон
  </material>
  <price>
   245259
  </price>
  <rating>
   4.29
  </rating>
  <reviews>
   389587
  </reviews>
 </clothing>
 <clothing>
  <id>
   519618583
  </id>
  <name>
   Puma Sweater X-7329
  </name>
  <category>
   Sweater
  </category>
  <size>
   S
  </size>
  <color>
   Голубой
  </color>
  <material>
   Лен
  </material>
  <price>
   121823
  </price>
  <rating>
   3.75
  </rating>
  <reviews>
   324966
  </reviews>
  <new>
   -
  </new>
  <sporty>
   yes
  </sporty>
 </clothing>
 <clothing>
  <id>
   151467260
  </id>
  <name>
   Fila Shirt M-7351
  </name>
  <category>
   Shirt
  </category>
  <size>
   L
  </size>
  <color>
   Синий
  </color>
  <material>
   Вискоза
  </material>
  <price>
   611002
  </price>
  <rating>
   4.47
  </rating>
  <reviews>
   599680
  </reviews>
  <new>
   -
  </new>
  <sporty>
   yes
  </sporty>
 </clothing>
 <clothing>
  <id>
   230908114
  </id>
  <name>
   Puma Skirt A-1016
  </name>
  <category>
   Skirt
  </category>
  <size>
   S
  </size>
  <color>
   Голубой
  </color>
  <material>
   Шелк
  </material>
  <price>
   313001
  </price>
  <rating>
   4.68
  </rating>
  <reviews>
   180003
  </reviews>
  <new>
   +
  </new>
 </clothing>
 <clothing>
  <id>
   184255895
  </id>
  <name>
   Vans T-shirt F-4035
  </name>
  <category>
   T-shirt
  </category>
  <size>
   L
  </size>
  <color>
   Оранжевый
  </color>
  <material>
   Кожа
  </material>
  <price>
   182903
  </price>
  <rating>
   4.61
  </rating>
  <reviews>
   681269
  </reviews>
  <sporty>
   no
  </sporty>
 </clothing>
 <clothing>
  <id>
   131068310
  </id>
  <name>
   Nike Handbags W-1747
  </name>
  <category>
   Handbags
  </category>
  <size>
   XXL
  </size>
  <color>
   Голубой
  </color>
  <material>
   Полиэстер
  </material>
  <price>
   332383
  </price>
  <rating>
   4.1
  </rating>
  <reviews>
   101474
  </reviews>
  <new>
   +
  </new>
  <exclusive>
   no
  </exclusive>
 </clothing>
 <clothing>
  <id>
   659749248
  </id>
  <name>
   Brooks Pants D-7363
  </name>
  <category>
   Pants
  </category>
  <size>
   XL
  </size>
  <color>
   Зеленый
  </color>
  <material>
   Шелк
  </material>
  <price>
   797447
  </price>
  <rating>
   2.27
  </rating>
  <reviews>
   619854
  </reviews>
  <exclusive>
   yes
  </exclusive>
 </clothing>
 <clothing>
  <id>
   851304431
  </id>
  <name>
   Converse Shoes P-2949
  </name>
  <category>
   Shoes
  </category>
  <size>
   M
  </size>
  <color>
   Фиолетовый
  </color>
  <material>
   Шелк
  </material>
  <price>
   831733
  </price>
  <rating>
   2.13
  </rating>
  <reviews>
   522108
  </reviews>
  <exclusive>
   no
  </exclusive>
 </clothing>
 <clothing>
  <id>
   762128276
  </id>
  <name>
   Nike Pants B-1089
  </name>
  <category>
   Pants
  </category>
  <size>
   L
  </size>
  <color>
   Фиолетовый
  </color>
  <material>
   Полиэстер
  </material>
  <price>
   644463
  </price>
  <rating>
   4.21
  </rating>
  <reviews>
   870268
  </reviews>
 </clothing>
 <clothing>
  <id>
   229930977
  </id>
  <name>
   New Balance Shoes T-6329
  </name>
  <category>
   Shoes
  </category>
  <size>
   XXL
  </size>
  <color>
   Желтый
  </color>
  <material>
   Шелк
  </material>
  <price>
   493946
  </price>
  <rating>
   3.0
  </rating>
  <reviews>
   535957
  </reviews>
  <exclusive>
   no
  </exclusive>
  <sporty>
   no
  </sporty>
 </clothing>
 <clothing>
  <id>
   147036088
  </id>
  <name>
   Ellesse Sweater M-3375
  </name>
  <category>
   Sweater
  </category>
  <size>
   XXL
  </size>
  <color>
   Желтый
  </color>
  <material>
   Вискоза
  </material>
  <price>
   462746
  </price>
  <rating>
   1.26
  </rating>
  <reviews>
   930114
  </reviews>
  <sporty>
   no
  </sporty>
 </clothing>
 <clothing>
  <id>
   834005059
  </id>
  <name>
   DC Pants S-9558
  </name>
  <category>
   Pants
  </category>
  <size>
   XXL
  </size>
  <color>
   Зеленый
  </color>
  <material>
   Лен
  </material>
  <price>
   966187
  </price>
  <rating>
   2.58
  </rating>
  <reviews>
   167179
  </reviews>
  <exclusive>
   yes
  </exclusive>
  <sporty>
   no
  </sporty>
 </clothing>
 <clothing>
  <id>
   854783698
  </id>
  <name>
   Ellesse Belts P-2644
  </name>
  <category>
   Belts
  </category>
  <size>
   XL
  </size>
  <color>
   Фиолетовый
  </color>
  <material>
   Хлопок
  </material>
  <price>
   835248
  </price>
  <rating>
   3.59
  </rating>
  <reviews>
   720781
  </reviews>
  <new>
   +
  </new>
  <exclusive>
   no
  </exclusive>
 </clothing>
 <clothing>
  <id>
   683760560
  </id>
  <name>
   Nike Jacket K-2396
  </name>
  <category>
   Jacket
  </category>
  <size>
   M
  </size>
  <color>
   Красный
  </color>
  <material>
   Лен
  </material>
  <price>
   431357
  </price>
  <rating>
   3.69
  </rating>
  <reviews>
   833001
  </reviews>
  <new>
   +
  </new>
  <sporty>
   no
  </sporty>
 </clothing>
</clothing-items>
