<?xml version="1.0" encoding="utf-8"?>
<clothing-items>
 <clothing>
  <id>
   669424140
  </id>
  <name>
   Adidas Belts I-7362
  </name>
  <category>
   Belts
  </category>
  <size>
   M
  </size>
  <color>
   Зеленый
  </color>
  <material>
   Нейлон
  </material>
  <price>
   913346
  </price>
  <rating>
   2.19
  </rating>
  <reviews>
   917413
  </reviews>
  <sporty>
   no
  </sporty>
 </clothing>
 <clothing>
  <id>
   271620282
  </id>
  <name>
   Ellesse Dress H-6899
  </name>
  <category>
   Dress
  </category>
  <size>
   M
  </size>
  <color>
   Оранжевый
  </color>
  <material>
   Шерсть
  </material>
  <price>
   207051
  </price>
  <rating>
   1.86
  </rating>
  <reviews>
   720038
  </reviews>
  <new>
   +
  </new>
  <sporty>
   yes
  </sporty>
 </clothing>
 <clothing>
  <id>
   655907102
  </id>
  <name>
   Reebok Handbags E-3930
  </name>
  <category>
   Handbags
  </category>
  <size>
   S
  </size>
  <color>
   Красный
  </color>
  <material>
   Нейлон
  </material>
  <price>
   661903
  </price>
  <rating>
   3.88
  </rating>
  <reviews>
   819513
  </reviews>
  <new>
   +
  </new>
 </clothing>
 <clothing>
  <id>
   223333505
  </id>
  <name>
   Fila Pants A-8352
  </name>
  <category>
   Pants
  </category>
  <size>
   M
  </size>
  <color>
   Красный
  </color>
  <material>
   Вискоза
  </material>
  <price>
   106050
  </price>
  <rating>
   4.69
  </rating>
  <reviews>
   433901
  </reviews>
 </clothing>
 <clothing>
  <id>
   870166997
  </id>
  <name>
   Asics Belts P-1908
  </name>
  <category>
   Belts
  </category>
  <size>
   XXL
  </size>
  <color>
   Красный
  </color>
  <material>
   Хлопок
  </material>
  <price>
   323953
  </price>
  <rating>
   3.47
  </rating>
  <reviews>
   265140
  </reviews>
  <new>
   +
  </new>
  <exclusive>
   yes
  </exclusive>
  <sporty>
   yes
  </sporty>
 </clothing>
 <clothing>
  <id>
   840042189
  </id>
  <name>
   Puma Skirt R-4910
  </name>
  <category>
   Skirt
  </category>
  <size>
   L
  </size>
  <color>
   Желтый
  </color>
  <material>
   Хлопок
  </material>
  <price>
   500235
  </price>
  <rating>
   4.75
  </rating>
  <reviews>
   416312
  </reviews>
  <exclusive>
   no
  </exclusive>
  <sporty>
   no
  </sporty>
 </clothing>
 <clothing>
  <id>
   547792167
  </id>
  <name>
   DC Shoes X-1566
  </name>
  <category>
   Shoes
  </category>
  <size>
   S
  </size>
  <color>
   Красный
  </color>
  <material>
   Лен
  </material>
  <price>
   758370
  </price>
  <rating>
   3.09
  </rating>
  <reviews>
   107441
  </reviews>
  <new>
   -
  </new>
  <exclusive>
   no
  </exclusive>
  <sporty>
   yes
  </sporty>
 </clothing>
 <clothing>
  <id>
   945790738
  </id>
  <name>
   Under Armour Socks T-5717
  </name>
  <category>
   Socks
  </category>
  <size>
   XXL
  </size>
  <color>
   Красный
  </color>
  <material>
   Нейлон
  </material>
  <price>
   849141
  </price>
  <rating>
   4.7
  </rating>
  <reviews>
   826423
  </reviews>
  <new>
   +
  </new>
  <sporty>
   yes
  </sporty>
 </clothing>
 <clothing>
  <id>
   778637450
  </id>
  <name>
   Asics Shoes M-1598
  </name>
  <category>
   Shoes
  </category>
  <size>
   L
  </size>
  <color>
   Красный
  </color>
  <material>
   Лен
  </material>
  <price>
   107599
  </price>
  <rating>
   3.83
  </rating>
  <reviews>
   670010
  </reviews>
  <new>
   -
  </new>
  <exclusive>
   no
  </exclusive>
  <sporty>
   no
  </sporty>
 </clothing>
 <clothing>
  <id>
   216569532
  </id>
  <name>
   Addidas Belts X-3028
  </name>
  <category>
   Belts
  </category>
  <size>
   XL
  </size>
  <color>
   Синий
  </color>
  <material>
   Лен
  </material>
  <price>
   656914
  </price>
  <rating>
   3.73
  </rating>
  <reviews>
   942336
  </reviews>
  <new>
   -
  </new>
  <exclusive>
   yes
  </exclusive>
 </clothing>
 <clothing>
  <id>
   618713720
  </id>
  <name>
   Ellesse Jeans Y-6417
  </name>
  <category>
   Jeans
  </category>
  <size>
   XL
  </size>
  <color>
   Красный
  </color>
  <material>
   Лен
  </material>
  <price>
   982631
  </price>
  <rating>
   1.56
  </rating>
  <reviews>
   596831
  </reviews>
  <exclusive>
   no
  </exclusive>
  <sporty>
   no
  </sporty>
 </clothing>
 <clothing>
  <id>
   329966414
  </id>
  <name>
   Brooks Socks W-4162
  </name>
  <category>
   Socks
  </category>
  <size>
   L
  </size>
  <color>
   Желтый
  </color>
  <material>
   Хлопок
  </material>
  <price>
   498294
  </price>
  <rating>
   1.66
  </rating>
  <reviews>
   876793
  </reviews>
  <new>
   -
  </new>
 </clothing>
 <clothing>
  <id>
   892524015
  </id>
  <name>
   DC Dress O-1157
  </name>
  <category>
   Dress
  </category>
  <size>
   M
  </size>
  <color>
   Желтый
  </color>
  <material>
   Шелк
  </material>
  <price>
   685071
  </price>
  <rating>
   4.76
  </rating>
  <reviews>
   281287
  </reviews>
  <new>
   -
  </new>
 </clothing>
 <clothing>
  <id>
   536641695
  </id>
  <name>
   DC Blouse D-2700
  </name>
  <category>
   Blouse
  </category>
  <size>
   S
  </size>
  <color>
   Оранжевый
  </color>
  <material>
   Вискоза
  </material>
  <price>
   489998
  </price>
  <rating>
   1.39
  </rating>
  <reviews>
   482677
  </reviews>
  <new>
   +
  </new>
 </clothing>
 <clothing>
  <id>
   670251349
  </id>
  <name>
   Converse T-shirt V-4693
  </name>
  <category>
   T-shirt
  </category>
  <size>
   S
  </size>
  <color>
   Фиолетовый
  </color>
  <material>
   Полиэстер
  </material>
  <price>
   987057
  </price>
  <rating>
   1.89
  </rating>
  <reviews>
   85774
  </reviews>
  <new>
   -
  </new>
  <sporty>
   yes
  </sporty>
 </clothing>
 <clothing>
  <id>
   723898402
  </id>
  <name>
   New Balance Blouse L-1083
  </name>
  <category>
   Blouse
  </category>
  <size>
   S
  </size>
  <color>
   Оранжевый
  </color>
  <material>
   Шерсть
  </material>
  <price>
   816813
  </price>
  <rating>
   2.94
  </rating>
  <reviews>
   313107
  </reviews>
  <exclusive>
   no
  </exclusive>
  <sporty>
   no
  </sporty>
 </clothing>
 <clothing>
  <id>
   484215950
  </id>
  <name>
   New Balance Sweater E-5443
  </name>
  <category>
   Sweater
  </category>
  <size>
   XL
  </size>
  <color>
   Зеленый
  </color>
  <material>
   Шелк
  </material>
  <price>
   263003
  </price>
  <rating>
   1.65
  </rating>
  <reviews>
   392553
  </reviews>
  <new>
   -
  </new>
  <exclusive>
   no
  </exclusive>
  <sporty>
   yes
  </sporty>
 </clothing>
 <clothing>
  <id>
   704057292
  </id>
  <name>
   Lacoste Dress L-8732
  </name>
  <category>
   Dress
  </category>
  <size>
   S
  </size>
  <color>
   Фиолетовый
  </color>
  <material>
   Лен
  </material>
  <price>
   950855
  </price>
  <rating>
   1.87
  </rating>
  <reviews>
   591816
  </reviews>
  <new>
   +
  </new>
  <exclusive>
   yes
  </exclusive>
 </clothing>
 <clothing>
  <id>
   996506856
  </id>
  <name>
   PleinSport Hat N-4603
  </name>
  <category>
   Hat
  </category>
  <size>
   M
  </size>
  <color>
   Синий
  </color>
  <material>
   Шелк
  </material>
  <price>
   162752
  </price>
  <rating>
   1.7
  </rating>
  <reviews>
   939268
  </reviews>
  <new>
   -
  </new>
  <exclusive>
   no
  </exclusive>
  <sporty>
   yes
  </sporty>
 </clothing>
 <clothing>
  <id>
   436912688
  </id>
  <name>
   Asics Hat E-3920
  </name>
  <category>
   Hat
  </category>
  <size>
   L
  </size>
  <color>
   Красный
  </color>
  <material>
   Шелк
  </material>
  <price>
   804741
  </price>
  <rating>
   1.09
  </rating>
  <reviews>
   187205
  </reviews>
  <new>
   +
  </new>
  <sporty>
   no
  </sporty>
 </clothing>
 <clothing>
  <id>
   713756437
  </id>
  <name>
   Fila Skirt Z-7779
  </name>
  <category>
   Skirt
  </category>
  <size>
   M
  </size>
  <color>
   Голубой
  </color>
  <material>
   Кожа
  </material>
  <price>
   836761
  </price>
  <rating>
   3.14
  </rating>
  <reviews>
   675016
  </reviews>
  <sporty>
   yes
  </sporty>
 </clothing>
 <clothing>
  <id>
   645571725
  </id>
  <name>
   Fila Umbrellas N-9237
  </name>
  <category>
   Umbrellas
  </category>
  <size>
   S
  </size>
  <color>
   Желтый
  </color>
  <material>
   Хлопок
  </material>
  <price>
   135773
  </price>
  <rating>
   4.84
  </rating>
  <reviews>
   669281
  </reviews>
  <new>
   +
  </new>
  <sporty>
   yes
  </sporty>
 </clothing>
 <clothing>
  <id>
   461485633
  </id>
  <name>
   PleinSport Pants R-6525
  </name>
  <category>
   Pants
  </category>
  <size>
   XL
  </size>
  <color>
   Фиолетовый
  </color>
  <material>
   Нейлон
  </material>
  <price>
   793099
  </price>
  <rating>
   3.29
  </rating>
  <reviews>
   50014
  </reviews>
  <new>
   -
  </new>
 </clothing>
 <clothing>
  <id>
   890447526
  </id>
  <name>
   DC Blouse C-6089
  </name>
  <category>
   Blouse
  </category>
  <size>
   M
  </size>
  <color>
   Синий
  </color>
  <material>
   Полиэстер
  </material>
  <price>
   595283
  </price>
  <rating>
   2.35
  </rating>
  <reviews>
   969822
  </reviews>
  <new>
   -
  </new>
  <exclusive>
   yes
  </exclusive>
 </clothing>
 <clothing>
  <id>
   685018034
  </id>
  <name>
   Vans Jeans I-9141
  </name>
  <category>
   Jeans
  </category>
  <size>
   XL
  </size>
  <color>
   Синий
  </color>
  <material>
   Хлопок
  </material>
  <price>
   980459
  </price>
  <rating>
   3.13
  </rating>
  <reviews>
   837134
  </reviews>
  <exclusive>
   yes
  </exclusive>
  <sporty>
   no
  </sporty>
 </clothing>
 <clothing>
  <id>
   973718138
  </id>
  <name>
   DC Socks M-1786
  </name>
  <category>
   Socks
  </category>
  <size>
   L
  </size>
  <color>
   Зеленый
  </color>
  <material>
   Хлопок
  </material>
  <price>
   575310
  </price>
  <rating>
   1.81
  </rating>
  <reviews>
   401103
  </reviews>
  <sporty>
   no
  </sporty>
 </clothing>
 <clothing>
  <id>
   315462100
  </id>
  <name>
   New Balance Handbags T-3941
  </name>
  <category>
   Handbags
  </category>
  <size>
   M
  </size>
  <color>
   Синий
  </color>
  <material>
   Шерсть
  </material>
  <price>
   370376
  </price>
  <rating>
   1.78
  </rating>
  <reviews>
   755357
  </reviews>
  <new>
   -
  </new>
  <exclusive>
   no
  </exclusive>
  <sporty>
   no
  </sporty>
 </clothing>
 <clothing>
  <id>
   940336781
  </id>
  <name>
   Fila Jacket C-6661
  </name>
  <category>
   Jacket
  </category>
  <size>
   M
  </size>
  <color>
   Фиолетовый
  </color>
  <material>
   Полиэстер
  </material>
  <price>
   543220
  </price>
  <rating>
   4.24
  </rating>
  <reviews>
   40881
  </reviews>
  <sporty>
   yes
  </sporty>
 </clothing>
 <clothing>
  <id>
   223525198
  </id>
  <name>
   Converse Pants A-3239
  </name>
  <category>
   Pants
  </category>
  <size>
   XXL
  </size>
  <color>
   Фиолетовый
  </color>
  <material>
   Кожа
  </material>
  <price>
   234800
  </price>
  <rating>
   1.29
  </rating>
  <reviews>
   464019
  </reviews>
  <new>
   -
  </new>
 </clothing>
 <clothing>
  <id>
   948577065
  </id>
  <name>
   Fila Belts P-7198
  </name>
  <category>
   Belts
  </category>
  <size>
   XL
  </size>
  <color>
   Фиолетовый
  </color>
  <material>
   Лен
  </material>
  <price>
   886276
  </price>
  <rating>
   1.98
  </rating>
  <reviews>
   977127
  </reviews>
  <new>
   +
  </new>
  <sporty>
   no
  </sporty>
 </clothing>
 <clothing>
  <id>
   273421881
  </id>
  <name>
   Ellesse Belts H-3353
  </name>
  <category>
   Belts
  </category>
  <size>
   M
  </size>
  <color>
   Оранжевый
  </color>
  <material>
   Кожа
  </material>
  <price>
   137754
  </price>
  <rating>
   2.06
  </rating>
  <reviews>
   504889
  </reviews>
  <exclusive>
   no
  </exclusive>
 </clothing>
 <clothing>
  <id>
   411336543
  </id>
  <name>
   Ellesse Hat H-8197
  </name>
  <category>
   Hat
  </category>
  <size>
   S
  </size>
  <color>
   Фиолетовый
  </color>
  <material>
   Шелк
  </material>
  <price>
   896922
  </price>
  <rating>
   2.0
  </rating>
  <reviews>
   942319
  </reviews>
  <new>
   +
  </new>
  <exclusive>
   yes
  </exclusive>
 </clothing>
 <clothing>
  <id>
   479199129
  </id>
  <name>
   Under Armour Shirt Q-2970
  </name>
  <category>
   Shirt
  </category>
  <size>
   S
  </size>
  <color>
   Зеленый
  </color>
  <material>
   Лен
  </material>
  <price>
   911696
  </price>
  <rating>
   3.54
  </rating>
  <reviews>
   997168
  </reviews>
  <sporty>
   yes
  </sporty>
 </clothing>
 <clothing>
  <id>
   235995708
  </id>
  <name>
   PleinSport Belts V-2507
  </name>
  <category>
   Belts
  </category>
  <size>
   XL
  </size>
  <color>
   Желтый
  </color>
  <material>
   Шерсть
  </material>
  <price>
   150079
  </price>
  <rating>
   1.85
  </rating>
  <reviews>
   931937
  </reviews>
  <new>
   +
  </new>
  <exclusive>
   yes
  </exclusive>
 </clothing>
 <clothing>
  <id>
   845309233
  </id>
  <name>
   Vans Pants R-6050
  </name>
  <category>
   Pants
  </category>
  <size>
   XL
  </size>
  <color>
   Голубой
  </color>
  <material>
   Шелк
  </material>
  <price>
   419817
  </price>
  <rating>
   4.08
  </rating>
  <reviews>
   519031
  </reviews>
 </clothing>
 <clothing>
  <id>
   419694935
  </id>
  <name>
   Fila Jeans S-9098
  </name>
  <category>
   Jeans
  </category>
  <size>
   XL
  </size>
  <color>
   Голубой
  </color>
  <material>
   Нейлон
  </material>
  <price>
   258206
  </price>
  <rating>
   3.8
  </rating>
  <reviews>
   814579
  </reviews>
  <new>
   -
  </new>
  <sporty>
   no
  </sporty>
 </clothing>
 <clothing>
  <id>
   789173311
  </id>
  <name>
   Addidas Umbrellas M-1990
  </name>
  <category>
   Umbrellas
  </category>
  <size>
   M
  </size>
  <color>
   Фиолетовый
  </color>
  <material>
   Нейлон
  </material>
  <price>
   846318
  </price>
  <rating>
   4.44
  </rating>
  <reviews>
   553213
  </reviews>
  <exclusive>
   no
  </exclusive>
 </clothing>
 <clothing>
  <id>
   804840048
  </id>
  <name>
   Nike Blouse K-5404
  </name>
  <category>
   Blouse
  </category>
  <size>
   M
  </size>
  <color>
   Желтый
  </color>
  <material>
   Нейлон
  </material>
  <price>
   951476
  </price>
  <rating>
   1.6
  </rating>
  <reviews>
   213410
  </reviews>
  <sporty>
   yes
  </sporty>
 </clothing>
 <clothing>
  <id>
   398014681
  </id>
  <name>
   Lacoste Jacket S-7956
  </name>
  <category>
   Jacket
  </category>
  <size>
   XXL
  </size>
  <color>
   Синий
  </color>
  <material>
   Хлопок
  </material>
  <price>
   404960
  </price>
  <rating>
   4.24
  </rating>
  <reviews>
   920100
  </reviews>
  <new>
   +
  </new>
  <sporty>
   no
  </sporty>
 </clothing>
 <clothing>
  <id>
   379660741
  </id>
  <name>
   Ellesse Socks V-7794
  </name>
  <category>
   Socks
  </category>
  <size>
   M
  </size>
  <color>
   Голубой
  </color>
  <material>
   Лен
  </material>
  <price>
   963902
  </price>
  <rating>
   2.1
  </rating>
  <reviews>
   908186
  </reviews>
  <new>
   +
  </new>
  <exclusive>
   no
  </exclusive>
  <sporty>
   no
  </sporty>
 </clothing>
 <clothing>
  <id>
   700582526
  </id>
  <name>
   Fila Umbrellas I-4988
  </name>
  <category>
   Umbrellas
  </category>
  <size>
   L
  </size>
  <color>
   Голубой
  </color>
  <material>
   Полиэстер
  </material>
  <price>
   265826
  </price>
  <rating>
   2.53
  </rating>
  <reviews>
   224233
  </reviews>
  <sporty>
   no
  </sporty>
 </clothing>
 <clothing>
  <id>
   844415820
  </id>
  <name>
   DC Sweater M-2140
  </name>
  <category>
   Sweater
  </category>
  <size>
   XXL
  </size>
  <color>
   Синий
  </color>
  <material>
   Шелк
  </material>
  <price>
   179246
  </price>
  <rating>
   2.65
  </rating>
  <reviews>
   890808
  </reviews>
  <new>
   -
  </new>
  <sporty>
   yes
  </sporty>
 </clothing>
</clothing-items>
