<?xml version="1.0" encoding="utf-8"?>
<clothing-items>
 <clothing>
  <id>
   749255345
  </id>
  <name>
   Fila Sweater X-5959
  </name>
  <category>
   Sweater
  </category>
  <size>
   XL
  </size>
  <color>
   Фиолетовый
  </color>
  <material>
   Кожа
  </material>
  <price>
   560751
  </price>
  <rating>
   4.45
  </rating>
  <reviews>
   273042
  </reviews>
  <new>
   +
  </new>
  <exclusive>
   yes
  </exclusive>
 </clothing>
 <clothing>
  <id>
   364155754
  </id>
  <name>
   Vans Shoes Z-8809
  </name>
  <category>
   Shoes
  </category>
  <size>
   M
  </size>
  <color>
   Красный
  </color>
  <material>
   Полиэстер
  </material>
  <price>
   735994
  </price>
  <rating>
   3.54
  </rating>
  <reviews>
   801926
  </reviews>
  <new>
   -
  </new>
  <exclusive>
   yes
  </exclusive>
 </clothing>
 <clothing>
  <id>
   916893550
  </id>
  <name>
   New Balance Gloves L-2829
  </name>
  <category>
   Gloves
  </category>
  <size>
   L
  </size>
  <color>
   Желтый
  </color>
  <material>
   Полиэстер
  </material>
  <price>
   121086
  </price>
  <rating>
   3.92
  </rating>
  <reviews>
   110141
  </reviews>
  <new>
   -
  </new>
  <exclusive>
   no
  </exclusive>
  <sporty>
   no
  </sporty>
 </clothing>
 <clothing>
  <id>
   927096822
  </id>
  <name>
   Lacoste Belts X-5320
  </name>
  <category>
   Belts
  </category>
  <size>
   L
  </size>
  <color>
   Зеленый
  </color>
  <material>
   Вискоза
  </material>
  <price>
   635396
  </price>
  <rating>
   3.34
  </rating>
  <reviews>
   666009
  </reviews>
  <sporty>
   yes
  </sporty>
 </clothing>
 <clothing>
  <id>
   179485864
  </id>
  <name>
   Ellesse Skirt L-1528
  </name>
  <category>
   Skirt
  </category>
  <size>
   L
  </size>
  <color>
   Желтый
  </color>
  <material>
   Хлопок
  </material>
  <price>
   803599
  </price>
  <rating>
   3.04
  </rating>
  <reviews>
   180153
  </reviews>
  <exclusive>
   no
  </exclusive>
  <sporty>
   no
  </sporty>
 </clothing>
 <clothing>
  <id>
   717850531
  </id>
  <name>
   Converse Skirt T-5489
  </name>
  <category>
   Skirt
  </category>
  <size>
   S
  </size>
  <color>
   Зеленый
  </color>
  <material>
   Шелк
  </material>
  <price>
   878224
  </price>
  <rating>
   3.39
  </rating>
  <reviews>
   374505
  </reviews>
  <sporty>
   yes
  </sporty>
 </clothing>
 <clothing>
  <id>
   123349890
  </id>
  <name>
   Brooks Handbags H-1603
  </name>
  <category>
   Handbags
  </category>
  <size>
   L
  </size>
  <color>
   Синий
  </color>
  <material>
   Нейлон
  </material>
  <price>
   967147
  </price>
  <rating>
   4.41
  </rating>
  <reviews>
   734687
  </reviews>
  <sporty>
   no
  </sporty>
 </clothing>
 <clothing>
  <id>
   141150778
  </id>
  <name>
   PleinSport Jeans H-2430
  </name>
  <category>
   Jeans
  </category>
  <size>
   L
  </size>
  <color>
   Синий
  </color>
  <material>
   Хлопок
  </material>
  <price>
   498517
  </price>
  <rating>
   3.02
  </rating>
  <reviews>
   189917
  </reviews>
  <new>
   -
  </new>
  <exclusive>
   yes
  </exclusive>
 </clothing>
 <clothing>
  <id>
   893441685
  </id>
  <name>
   Nike Shoes S-5777
  </name>
  <category>
   Shoes
  </category>
  <size>
   XXL
  </size>
  <color>
   Желтый
  </color>
  <material>
   Хлопок
  </material>
  <price>
   494097
  </price>
  <rating>
   4.63
  </rating>
  <reviews>
   561982
  </reviews>
  <new>
   +
  </new>
  <exclusive>
   no
  </exclusive>
  <sporty>
   no
  </sporty>
 </clothing>
 <clothing>
  <id>
   520250366
  </id>
  <name>
   Ellesse Dress A-5527
  </name>
  <category>
   Dress
  </category>
  <size>
   L
  </size>
  <color>
   Фиолетовый
  </color>
  <material>
   Лен
  </material>
  <price>
   465490
  </price>
  <rating>
   4.27
  </rating>
  <reviews>
   304966
  </reviews>
  <exclusive>
   no
  </exclusive>
  <sporty>
   yes
  </sporty>
 </clothing>
 <clothing>
  <id>
   787260204
  </id>
  <name>
   Nike Shoes E-1196
  </name>
  <category>
   Shoes
  </category>
  <size>
   M
  </size>
  <color>
   Голубой
  </color>
  <material>
   Полиэстер
  </material>
  <price>
   877619
  </price>
  <rating>
   2.44
  </rating>
  <reviews>
   252090
  </reviews>
  <exclusive>
   no
  </exclusive>
  <sporty>
   no
  </sporty>
 </clothing>
 <clothing>
  <id>
   816756205
  </id>
  <name>
   Fila Skirt V-9822
  </name>
  <category>
   Skirt
  </category>
  <size>
   S
  </size>
  <color>
   Желтый
  </color>
  <material>
   Шерсть
  </material>
  <price>
   676899
  </price>
  <rating>
   3.8
  </rating>
  <reviews>
   445185
  </reviews>
  <new>
   -
  </new>
  <exclusive>
   no
  </exclusive>
 </clothing>
 <clothing>
  <id>
   381848373
  </id>
  <name>
   DC Skirt S-1203
  </name>
  <category>
   Skirt
  </category>
  <size>
   M
  </size>
  <color>
   Синий
  </color>
  <material>
   Кожа
  </material>
  <price>
   691862
  </price>
  <rating>
   1.78
  </rating>
  <reviews>
   456550
  </reviews>
  <new>
   -
  </new>
  <exclusive>
   yes
  </exclusive>
 </clothing>
 <clothing>
  <id>
   148345721
  </id>
  <name>
   Fila T-shirt Z-3202
  </name>
  <category>
   T-shirt
  </category>
  <size>
   M
  </size>
  <color>
   Красный
  </color>
  <material>
   Лен
  </material>
  <price>
   429437
  </price>
  <rating>
   3.71
  </rating>
  <reviews>
   163618
  </reviews>
  <sporty>
   yes
  </sporty>
 </clothing>
 <clothing>
  <id>
   536579428
  </id>
  <name>
   Under Armour T-shirt R-4551
  </name>
  <category>
   T-shirt
  </category>
  <size>
   XXL
  </size>
  <color>
   Оранжевый
  </color>
  <material>
   Нейлон
  </material>
  <price>
   173644
  </price>
  <rating>
   4.1
  </rating>
  <reviews>
   206134
  </reviews>
  <new>
   -
  </new>
  <exclusive>
   no
  </exclusive>
  <sporty>
   yes
  </sporty>
 </clothing>
 <clothing>
  <id>
   141366544
  </id>
  <name>
   Ellesse Hat H-4334
  </name>
  <category>
   Hat
  </category>
  <size>
   XXL
  </size>
  <color>
   Желтый
  </color>
  <material>
   Нейлон
  </material>
  <price>
   423285
  </price>
  <rating>
   1.36
  </rating>
  <reviews>
   481411
  </reviews>
  <new>
   +
  </new>
  <exclusive>
   yes
  </exclusive>
 </clothing>
 <clothing>
  <id>
   771090927
  </id>
  <name>
   Vans Jeans Z-2203
  </name>
  <category>
   Jeans
  </category>
  <size>
   M
  </size>
  <color>
   Красный
  </color>
  <material>
   Шелк
  </material>
  <price>
   927850
  </price>
  <rating>
   1.17
  </rating>
  <reviews>
   953057
  </reviews>
  <new>
   +
  </new>
  <exclusive>
   yes
  </exclusive>
 </clothing>
 <clothing>
  <id>
   498217427
  </id>
  <name>
   Ellesse Dress H-7490
  </name>
  <category>
   Dress
  </category>
  <size>
   L
  </size>
  <color>
   Красный
  </color>
  <material>
   Полиэстер
  </material>
  <price>
   874752
  </price>
  <rating>
   2.7
  </rating>
  <reviews>
   29880
  </reviews>
  <new>
   -
  </new>
  <exclusive>
   yes
  </exclusive>
 </clothing>
 <clothing>
  <id>
   597378847
  </id>
  <name>
   Lacoste Shoes G-2842
  </name>
  <category>
   Shoes
  </category>
  <size>
   M
  </size>
  <color>
   Фиолетовый
  </color>
  <material>
   Вискоза
  </material>
  <price>
   147320
  </price>
  <rating>
   4.64
  </rating>
  <reviews>
   592486
  </reviews>
  <new>
   +
  </new>
  <exclusive>
   no
  </exclusive>
  <sporty>
   no
  </sporty>
 </clothing>
 <clothing>
  <id>
   174469036
  </id>
  <name>
   Puma Socks Q-9549
  </name>
  <category>
   Socks
  </category>
  <size>
   M
  </size>
  <color>
   Синий
  </color>
  <material>
   Шелк
  </material>
  <price>
   974198
  </price>
  <rating>
   4.44
  </rating>
  <reviews>
   350674
  </reviews>
  <new>
   -
  </new>
  <exclusive>
   no
  </exclusive>
  <sporty>
   no
  </sporty>
 </clothing>
 <clothing>
  <id>
   136481719
  </id>
  <name>
   Vans Dress O-1439
  </name>
  <category>
   Dress
  </category>
  <size>
   M
  </size>
  <color>
   Синий
  </color>
  <material>
   Вискоза
  </material>
  <price>
   656331
  </price>
  <rating>
   3.86
  </rating>
  <reviews>
   270642
  </reviews>
  <new>
   -
  </new>
  <exclusive>
   yes
  </exclusive>
 </clothing>
 <clothing>
  <id>
   930650810
  </id>
  <name>
   Reebok Blouse A-5816
  </name>
  <category>
   Blouse
  </category>
  <size>
   XL
  </size>
  <color>
   Голубой
  </color>
  <material>
   Нейлон
  </material>
  <price>
   573056
  </price>
  <rating>
   3.32
  </rating>
  <reviews>
   489853
  </reviews>
  <exclusive>
   no
  </exclusive>
  <sporty>
   no
  </sporty>
 </clothing>
 <clothing>
  <id>
   428186872
  </id>
  <name>
   Adidas Hat N-2666
  </name>
  <category>
   Hat
  </category>
  <size>
   XL
  </size>
  <color>
   Фиолетовый
  </color>
  <material>
   Шерсть
  </material>
  <price>
   962908
  </price>
  <rating>
   4.52
  </rating>
  <reviews>
   595461
  </reviews>
  <exclusive>
   no
  </exclusive>
 </clothing>
 <clothing>
  <id>
   144998214
  </id>
  <name>
   Fila Handbags E-1542
  </name>
  <category>
   Handbags
  </category>
  <size>
   L
  </size>
  <color>
   Зеленый
  </color>
  <material>
   Кожа
  </material>
  <price>
   913910
  </price>
  <rating>
   3.85
  </rating>
  <reviews>
   323049
  </reviews>
  <new>
   -
  </new>
  <exclusive>
   no
  </exclusive>
 </clothing>
 <clothing>
  <id>
   779393913
  </id>
  <name>
   Lacoste Handbags I-5494
  </name>
  <category>
   Handbags
  </category>
  <size>
   L
  </size>
  <color>
   Фиолетовый
  </color>
  <material>
   Кожа
  </material>
  <price>
   713664
  </price>
  <rating>
   4.4
  </rating>
  <reviews>
   780149
  </reviews>
  <new>
   -
  </new>
 </clothing>
 <clothing>
  <id>
   232555660
  </id>
  <name>
   Addidas Blouse U-8287
  </name>
  <category>
   Blouse
  </category>
  <size>
   S
  </size>
  <color>
   Зеленый
  </color>
  <material>
   Шерсть
  </material>
  <price>
   854456
  </price>
  <rating>
   2.44
  </rating>
  <reviews>
   407175
  </reviews>
  <new>
   -
  </new>
  <exclusive>
   no
  </exclusive>
  <sporty>
   no
  </sporty>
 </clothing>
 <clothing>
  <id>
   735082455
  </id>
  <name>
   Fila Dress T-1515
  </name>
  <category>
   Dress
  </category>
  <size>
   L
  </size>
  <color>
   Синий
  </color>
  <material>
   Хлопок
  </material>
  <price>
   368854
  </price>
  <rating>
   4.48
  </rating>
  <reviews>
   353316
  </reviews>
  <new>
   +
  </new>
 </clothing>
 <clothing>
  <id>
   178743985
  </id>
  <name>
   New Balance Socks L-4589
  </name>
  <category>
   Socks
  </category>
  <size>
   S
  </size>
  <color>
   Синий
  </color>
  <material>
   Вискоза
  </material>
  <price>
   474182
  </price>
  <rating>
   3.25
  </rating>
  <reviews>
   973308
  </reviews>
  <new>
   +
  </new>
 </clothing>
 <clothing>
  <id>
   897520951
  </id>
  <name>
   Adidas Shirt J-3048
  </name>
  <category>
   Shirt
  </category>
  <size>
   S
  </size>
  <color>
   Зеленый
  </color>
  <material>
   Лен
  </material>
  <price>
   128307
  </price>
  <rating>
   4.71
  </rating>
  <reviews>
   734580
  </reviews>
  <new>
   -
  </new>
  <sporty>
   no
  </sporty>
 </clothing>
 <clothing>
  <id>
   768635729
  </id>
  <name>
   Reebok Pants H-1043
  </name>
  <category>
   Pants
  </category>
  <size>
   L
  </size>
  <color>
   Зеленый
  </color>
  <material>
   Кожа
  </material>
  <price>
   941688
  </price>
  <rating>
   4.41
  </rating>
  <reviews>
   977537
  </reviews>
  <new>
   +
  </new>
  <exclusive>
   yes
  </exclusive>
 </clothing>
 <clothing>
  <id>
   551414720
  </id>
  <name>
   New Balance Shirt N-5297
  </name>
  <category>
   Shirt
  </category>
  <size>
   XL
  </size>
  <color>
   Зеленый
  </color>
  <material>
   Хлопок
  </material>
  <price>
   389265
  </price>
  <rating>
   4.71
  </rating>
  <reviews>
   739941
  </reviews>
  <exclusive>
   yes
  </exclusive>
  <sporty>
   no
  </sporty>
 </clothing>
</clothing-items>
