<?xml version="1.0" encoding="utf-8"?>
<clothing-items>
 <clothing>
  <id>
   823737073
  </id>
  <name>
   Under Armour Blouse E-9653
  </name>
  <category>
   Blouse
  </category>
  <size>
   XXL
  </size>
  <color>
   Фиолетовый
  </color>
  <material>
   Полиэстер
  </material>
  <price>
   429043
  </price>
  <rating>
   2.14
  </rating>
  <reviews>
   72990
  </reviews>
  <exclusive>
   no
  </exclusive>
  <sporty>
   no
  </sporty>
 </clothing>
 <clothing>
  <id>
   844925006
  </id>
  <name>
   Asics Jacket F-7768
  </name>
  <category>
   Jacket
  </category>
  <size>
   XL
  </size>
  <color>
   Красный
  </color>
  <material>
   Шелк
  </material>
  <price>
   898617
  </price>
  <rating>
   2.73
  </rating>
  <reviews>
   296959
  </reviews>
  <exclusive>
   no
  </exclusive>
  <sporty>
   no
  </sporty>
 </clothing>
 <clothing>
  <id>
   831222728
  </id>
  <name>
   Brooks Gloves I-5431
  </name>
  <category>
   Gloves
  </category>
  <size>
   L
  </size>
  <color>
   Зеленый
  </color>
  <material>
   Нейлон
  </material>
  <price>
   554489
  </price>
  <rating>
   2.41
  </rating>
  <reviews>
   516973
  </reviews>
  <new>
   -
  </new>
  <exclusive>
   no
  </exclusive>
  <sporty>
   yes
  </sporty>
 </clothing>
 <clothing>
  <id>
   223973422
  </id>
  <name>
   Fila Belts S-7872
  </name>
  <category>
   Belts
  </category>
  <size>
   XXL
  </size>
  <color>
   Голубой
  </color>
  <material>
   Кожа
  </material>
  <price>
   478888
  </price>
  <rating>
   2.1
  </rating>
  <reviews>
   77176
  </reviews>
  <new>
   -
  </new>
  <sporty>
   yes
  </sporty>
 </clothing>
 <clothing>
  <id>
   193225874
  </id>
  <name>
   Under Armour Pants Z-9619
  </name>
  <category>
   Pants
  </category>
  <size>
   XXL
  </size>
  <color>
   Желтый
  </color>
  <material>
   Нейлон
  </material>
  <price>
   983694
  </price>
  <rating>
   3.86
  </rating>
  <reviews>
   327510
  </reviews>
  <new>
   +
  </new>
  <exclusive>
   no
  </exclusive>
  <sporty>
   no
  </sporty>
 </clothing>
 <clothing>
  <id>
   242939892
  </id>
  <name>
   Lacoste Pants L-1689
  </name>
  <category>
   Pants
  </category>
  <size>
   XXL
  </size>
  <color>
   Оранжевый
  </color>
  <material>
   Нейлон
  </material>
  <price>
   144010
  </price>
  <rating>
   2.93
  </rating>
  <reviews>
   11273
  </reviews>
  <exclusive>
   no
  </exclusive>
 </clothing>
 <clothing>
  <id>
   946781908
  </id>
  <name>
   Brooks Socks D-6854
  </name>
  <category>
   Socks
  </category>
  <size>
   S
  </size>
  <color>
   Синий
  </color>
  <material>
   Кожа
  </material>
  <price>
   728974
  </price>
  <rating>
   4.84
  </rating>
  <reviews>
   508783
  </reviews>
  <new>
   -
  </new>
 </clothing>
 <clothing>
  <id>
   454330803
  </id>
  <name>
   Ellesse Shirt K-7900
  </name>
  <category>
   Shirt
  </category>
  <size>
   XXL
  </size>
  <color>
   Фиолетовый
  </color>
  <material>
   Хлопок
  </material>
  <price>
   529244
  </price>
  <rating>
   3.62
  </rating>
  <reviews>
   919761
  </reviews>
  <sporty>
   no
  </sporty>
 </clothing>
 <clothing>
  <id>
   367010464
  </id>
  <name>
   Converse Umbrellas H-2919
  </name>
  <category>
   Umbrellas
  </category>
  <size>
   L
  </size>
  <color>
   Фиолетовый
  </color>
  <material>
   Шелк
  </material>
  <price>
   633056
  </price>
  <rating>
   3.13
  </rating>
  <reviews>
   867276
  </reviews>
  <new>
   -
  </new>
  <exclusive>
   no
  </exclusive>
  <sporty>
   no
  </sporty>
 </clothing>
 <clothing>
  <id>
   625532854
  </id>
  <name>
   Ellesse Belts G-2318
  </name>
  <category>
   Belts
  </category>
  <size>
   L
  </size>
  <color>
   Голубой
  </color>
  <material>
   Шелк
  </material>
  <price>
   522781
  </price>
  <rating>
   3.91
  </rating>
  <reviews>
   237103
  </reviews>
  <new>
   -
  </new>
  <sporty>
   no
  </sporty>
 </clothing>
 <clothing>
  <id>
   972810353
  </id>
  <name>
   Reebok Skirt Y-3256
  </name>
  <category>
   Skirt
  </category>
  <size>
   XL
  </size>
  <color>
   Голубой
  </color>
  <material>
   Лен
  </material>
  <price>
   438967
  </price>
  <rating>
   1.11
  </rating>
  <reviews>
   816883
  </reviews>
  <exclusive>
   no
  </exclusive>
 </clothing>
 <clothing>
  <id>
   321364923
  </id>
  <name>
   PleinSport Handbags G-7993
  </name>
  <category>
   Handbags
  </category>
  <size>
   S
  </size>
  <color>
   Зеленый
  </color>
  <material>
   Нейлон
  </material>
  <price>
   701439
  </price>
  <rating>
   2.72
  </rating>
  <reviews>
   226668
  </reviews>
  <new>
   -
  </new>
  <exclusive>
   no
  </exclusive>
  <sporty>
   yes
  </sporty>
 </clothing>
 <clothing>
  <id>
   506615345
  </id>
  <name>
   New Balance Pants P-4526
  </name>
  <category>
   Pants
  </category>
  <size>
   XXL
  </size>
  <color>
   Красный
  </color>
  <material>
   Шелк
  </material>
  <price>
   410665
  </price>
  <rating>
   2.06
  </rating>
  <reviews>
   52673
  </reviews>
  <exclusive>
   yes
  </exclusive>
 </clothing>
 <clothing>
  <id>
   656451274
  </id>
  <name>
   Brooks T-shirt X-1350
  </name>
  <category>
   T-shirt
  </category>
  <size>
   S
  </size>
  <color>
   Фиолетовый
  </color>
  <material>
   Кожа
  </material>
  <price>
   885624
  </price>
  <rating>
   1.63
  </rating>
  <reviews>
   724029
  </reviews>
  <new>
   -
  </new>
  <sporty>
   no
  </sporty>
 </clothing>
 <clothing>
  <id>
   330956533
  </id>
  <name>
   Brooks Umbrellas A-7964
  </name>
  <category>
   Umbrellas
  </category>
  <size>
   M
  </size>
  <color>
   Красный
  </color>
  <material>
   Шелк
  </material>
  <price>
   323370
  </price>
  <rating>
   2.63
  </rating>
  <reviews>
   10822
  </reviews>
  <exclusive>
   no
  </exclusive>
 </clothing>
 <clothing>
  <id>
   350697391
  </id>
  <name>
   Lacoste Gloves S-6792
  </name>
  <category>
   Gloves
  </category>
  <size>
   L
  </size>
  <color>
   Голубой
  </color>
  <material>
   Шерсть
  </material>
  <price>
   964731
  </price>
  <rating>
   4.56
  </rating>
  <reviews>
   450210
  </reviews>
  <exclusive>
   no
  </exclusive>
  <sporty>
   no
  </sporty>
 </clothing>
 <clothing>
  <id>
   995873528
  </id>
  <name>
   Reebok Pants Q-5509
  </name>
  <category>
   Pants
  </category>
  <size>
   XL
  </size>
  <color>
   Синий
  </color>
  <material>
   Лен
  </material>
  <price>
   580327
  </price>
  <rating>
   4.01
  </rating>
  <reviews>
   96182
  </reviews>
 </clothing>
 <clothing>
  <id>
   492417903
  </id>
  <name>
   Reebok Gloves A-1838
  </name>
  <category>
   Gloves
  </category>
  <size>
   XXL
  </size>
  <color>
   Оранжевый
  </color>
  <material>
   Хлопок
  </material>
  <price>
   265845
  </price>
  <rating>
   3.06
  </rating>
  <reviews>
   517222
  </reviews>
  <exclusive>
   no
  </exclusive>
 </clothing>
 <clothing>
  <id>
   273568399
  </id>
  <name>
   Addidas Socks B-2680
  </name>
  <category>
   Socks
  </category>
  <size>
   S
  </size>
  <color>
   Зеленый
  </color>
  <material>
   Шелк
  </material>
  <price>
   535998
  </price>
  <rating>
   1.59
  </rating>
  <reviews>
   371305
  </reviews>
  <new>
   -
  </new>
  <exclusive>
   yes
  </exclusive>
  <sporty>
   no
  </sporty>
 </clothing>
 <clothing>
  <id>
   920195298
  </id>
  <name>
   Fila Sweater H-4376
  </name>
  <category>
   Sweater
  </category>
  <size>
   L
  </size>
  <color>
   Фиолетовый
  </color>
  <material>
   Вискоза
  </material>
  <price>
   918837
  </price>
  <rating>
   4.65
  </rating>
  <reviews>
   146608
  </reviews>
  <sporty>
   no
  </sporty>
 </clothing>
 <clothing>
  <id>
   108805014
  </id>
  <name>
   PleinSport Shoes O-5789
  </name>
  <category>
   Shoes
  </category>
  <size>
   XXL
  </size>
  <color>
   Фиолетовый
  </color>
  <material>
   Кожа
  </material>
  <price>
   679696
  </price>
  <rating>
   4.39
  </rating>
  <reviews>
   250482
  </reviews>
  <new>
   +
  </new>
  <exclusive>
   yes
  </exclusive>
  <sporty>
   no
  </sporty>
 </clothing>
 <clothing>
  <id>
   529985538
  </id>
  <name>
   Brooks Blouse N-1552
  </name>
  <category>
   Blouse
  </category>
  <size>
   M
  </size>
  <color>
   Фиолетовый
  </color>
  <material>
   Лен
  </material>
  <price>
   329385
  </price>
  <rating>
   3.51
  </rating>
  <reviews>
   203249
  </reviews>
  <new>
   -
  </new>
  <exclusive>
   yes
  </exclusive>
  <sporty>
   no
  </sporty>
 </clothing>
 <clothing>
  <id>
   418796624
  </id>
  <name>
   Reebok Dress Z-2503
  </name>
  <category>
   Dress
  </category>
  <size>
   L
  </size>
  <color>
   Желтый
  </color>
  <material>
   Хлопок
  </material>
  <price>
   985747
  </price>
  <rating>
   4.93
  </rating>
  <reviews>
   467171
  </reviews>
  <new>
   -
  </new>
  <exclusive>
   yes
  </exclusive>
 </clothing>
 <clothing>
  <id>
   279432261
  </id>
  <name>
   Addidas Gloves D-2261
  </name>
  <category>
   Gloves
  </category>
  <size>
   M
  </size>
  <color>
   Синий
  </color>
  <material>
   Нейлон
  </material>
  <price>
   954649
  </price>
  <rating>
   1.18
  </rating>
  <reviews>
   935149
  </reviews>
  <exclusive>
   no
  </exclusive>
  <sporty>
   yes
  </sporty>
 </clothing>
 <clothing>
  <id>
   912872663
  </id>
  <name>
   Vans Belts M-6678
  </name>
  <category>
   Belts
  </category>
  <size>
   XL
  </size>
  <color>
   Оранжевый
  </color>
  <material>
   Кожа
  </material>
  <price>
   351467
  </price>
  <rating>
   1.95
  </rating>
  <reviews>
   194644
  </reviews>
  <new>
   -
  </new>
  <exclusive>
   yes
  </exclusive>
  <sporty>
   yes
  </sporty>
 </clothing>
 <clothing>
  <id>
   812662905
  </id>
  <name>
   Adidas Gloves Z-4444
  </name>
  <category>
   Gloves
  </category>
  <size>
   M
  </size>
  <color>
   Фиолетовый
  </color>
  <material>
   Хлопок
  </material>
  <price>
   304005
  </price>
  <rating>
   2.72
  </rating>
  <reviews>
   651583
  </reviews>
  <new>
   -
  </new>
 </clothing>
 <clothing>
  <id>
   497042428
  </id>
  <name>
   Lacoste Handbags C-7342
  </name>
  <category>
   Handbags
  </category>
  <size>
   XXL
  </size>
  <color>
   Желтый
  </color>
  <material>
   Нейлон
  </material>
  <price>
   215740
  </price>
  <rating>
   3.19
  </rating>
  <reviews>
   577606
  </reviews>
  <new>
   +
  </new>
  <exclusive>
   no
  </exclusive>
  <sporty>
   yes
  </sporty>
 </clothing>
 <clothing>
  <id>
   321110626
  </id>
  <name>
   Ellesse Shoes Z-9545
  </name>
  <category>
   Shoes
  </category>
  <size>
   XL
  </size>
  <color>
   Фиолетовый
  </color>
  <material>
   Кожа
  </material>
  <price>
   601428
  </price>
  <rating>
   3.47
  </rating>
  <reviews>
   169681
  </reviews>
  <new>
   -
  </new>
  <exclusive>
   yes
  </exclusive>
  <sporty>
   no
  </sporty>
 </clothing>
 <clothing>
  <id>
   194379577
  </id>
  <name>
   Reebok Shirt K-9137
  </name>
  <category>
   Shirt
  </category>
  <size>
   L
  </size>
  <color>
   Красный
  </color>
  <material>
   Кожа
  </material>
  <price>
   915911
  </price>
  <rating>
   2.08
  </rating>
  <reviews>
   919690
  </reviews>
  <sporty>
   no
  </sporty>
 </clothing>
 <clothing>
  <id>
   956374793
  </id>
  <name>
   Adidas Dress P-2564
  </name>
  <category>
   Dress
  </category>
  <size>
   M
  </size>
  <color>
   Голубой
  </color>
  <material>
   Лен
  </material>
  <price>
   781972
  </price>
  <rating>
   4.51
  </rating>
  <reviews>
   504666
  </reviews>
  <sporty>
   no
  </sporty>
 </clothing>
 <clothing>
  <id>
   134595173
  </id>
  <name>
   Lacoste Blouse X-9407
  </name>
  <category>
   Blouse
  </category>
  <size>
   M
  </size>
  <color>
   Красный
  </color>
  <material>
   Нейлон
  </material>
  <price>
   481243
  </price>
  <rating>
   3.08
  </rating>
  <reviews>
   655181
  </reviews>
  <exclusive>
   no
  </exclusive>
 </clothing>
 <clothing>
  <id>
   158526915
  </id>
  <name>
   Asics Belts E-8613
  </name>
  <category>
   Belts
  </category>
  <size>
   L
  </size>
  <color>
   Желтый
  </color>
  <material>
   Кожа
  </material>
  <price>
   611866
  </price>
  <rating>
   3.61
  </rating>
  <reviews>
   584647
  </reviews>
  <new>
   -
  </new>
  <exclusive>
   yes
  </exclusive>
  <sporty>
   no
  </sporty>
 </clothing>
 <clothing>
  <id>
   418974620
  </id>
  <name>
   Under Armour Socks X-8334
  </name>
  <category>
   Socks
  </category>
  <size>
   M
  </size>
  <color>
   Оранжевый
  </color>
  <material>
   Нейлон
  </material>
  <price>
   228186
  </price>
  <rating>
   3.73
  </rating>
  <reviews>
   844110
  </reviews>
  <new>
   -
  </new>
  <exclusive>
   no
  </exclusive>
 </clothing>
 <clothing>
  <id>
   281240228
  </id>
  <name>
   Ellesse Gloves M-9830
  </name>
  <category>
   Gloves
  </category>
  <size>
   L
  </size>
  <color>
   Синий
  </color>
  <material>
   Полиэстер
  </material>
  <price>
   596836
  </price>
  <rating>
   4.25
  </rating>
  <reviews>
   316274
  </reviews>
  <new>
   -
  </new>
 </clothing>
 <clothing>
  <id>
   733807944
  </id>
  <name>
   Puma Hat V-1480
  </name>
  <category>
   Hat
  </category>
  <size>
   S
  </size>
  <color>
   Синий
  </color>
  <material>
   Шерсть
  </material>
  <price>
   742442
  </price>
  <rating>
   1.2
  </rating>
  <reviews>
   922592
  </reviews>
  <new>
   +
  </new>
 </clothing>
 <clothing>
  <id>
   959341626
  </id>
  <name>
   Brooks Shoes P-7444
  </name>
  <category>
   Shoes
  </category>
  <size>
   XL
  </size>
  <color>
   Зеленый
  </color>
  <material>
   Кожа
  </material>
  <price>
   646555
  </price>
  <rating>
   2.25
  </rating>
  <reviews>
   38620
  </reviews>
  <exclusive>
   no
  </exclusive>
  <sporty>
   no
  </sporty>
 </clothing>
 <clothing>
  <id>
   387440434
  </id>
  <name>
   Puma Shirt K-1855
  </name>
  <category>
   Shirt
  </category>
  <size>
   S
  </size>
  <color>
   Оранжевый
  </color>
  <material>
   Шелк
  </material>
  <price>
   550616
  </price>
  <rating>
   2.83
  </rating>
  <reviews>
   926232
  </reviews>
  <new>
   -
  </new>
  <exclusive>
   yes
  </exclusive>
  <sporty>
   no
  </sporty>
 </clothing>
 <clothing>
  <id>
   702751040
  </id>
  <name>
   Lacoste Shoes I-7200
  </name>
  <category>
   Shoes
  </category>
  <size>
   XXL
  </size>
  <color>
   Зеленый
  </color>
  <material>
   Шерсть
  </material>
  <price>
   180869
  </price>
  <rating>
   4.81
  </rating>
  <reviews>
   128327
  </reviews>
 </clothing>
 <clothing>
  <id>
   559462028
  </id>
  <name>
   Nike Handbags W-1795
  </name>
  <category>
   Handbags
  </category>
  <size>
   XL
  </size>
  <color>
   Зеленый
  </color>
  <material>
   Полиэстер
  </material>
  <price>
   586705
  </price>
  <rating>
   3.49
  </rating>
  <reviews>
   77322
  </reviews>
 </clothing>
 <clothing>
  <id>
   618111081
  </id>
  <name>
   Nike Socks T-7043
  </name>
  <category>
   Socks
  </category>
  <size>
   S
  </size>
  <color>
   Зеленый
  </color>
  <material>
   Вискоза
  </material>
  <price>
   262776
  </price>
  <rating>
   4.97
  </rating>
  <reviews>
   716258
  </reviews>
  <sporty>
   yes
  </sporty>
 </clothing>
 <clothing>
  <id>
   466238770
  </id>
  <name>
   Lacoste Umbrellas N-5843
  </name>
  <category>
   Umbrellas
  </category>
  <size>
   S
  </size>
  <color>
   Голубой
  </color>
  <material>
   Полиэстер
  </material>
  <price>
   503352
  </price>
  <rating>
   2.97
  </rating>
  <reviews>
   737590
  </reviews>
  <sporty>
   no
  </sporty>
 </clothing>
 <clothing>
  <id>
   433113976
  </id>
  <name>
   Addidas Shirt V-5807
  </name>
  <category>
   Shirt
  </category>
  <size>
   M
  </size>
  <color>
   Оранжевый
  </color>
  <material>
   Хлопок
  </material>
  <price>
   811101
  </price>
  <rating>
   2.39
  </rating>
  <reviews>
   848871
  </reviews>
  <new>
   +
  </new>
 </clothing>
 <clothing>
  <id>
   421000470
  </id>
  <name>
   Reebok Sweater A-7117
  </name>
  <category>
   Sweater
  </category>
  <size>
   XXL
  </size>
  <color>
   Синий
  </color>
  <material>
   Шерсть
  </material>
  <price>
   509027
  </price>
  <rating>
   1.03
  </rating>
  <reviews>
   861335
  </reviews>
  <new>
   -
  </new>
  <exclusive>
   no
  </exclusive>
 </clothing>
 <clothing>
  <id>
   228416821
  </id>
  <name>
   Lacoste Shoes T-6625
  </name>
  <category>
   Shoes
  </category>
  <size>
   S
  </size>
  <color>
   Зеленый
  </color>
  <material>
   Лен
  </material>
  <price>
   316678
  </price>
  <rating>
   4.4
  </rating>
  <reviews>
   579660
  </reviews>
  <exclusive>
   no
  </exclusive>
  <sporty>
   yes
  </sporty>
 </clothing>
 <clothing>
  <id>
   511141447
  </id>
  <name>
   Puma Jacket L-7549
  </name>
  <category>
   Jacket
  </category>
  <size>
   M
  </size>
  <color>
   Красный
  </color>
  <material>
   Шелк
  </material>
  <price>
   101991
  </price>
  <rating>
   4.7
  </rating>
  <reviews>
   368321
  </reviews>
  <new>
   +
  </new>
  <exclusive>
   yes
  </exclusive>
 </clothing>
</clothing-items>
