<?xml version="1.0" encoding="utf-8"?>
<clothing-items>
 <clothing>
  <id>
   180838837
  </id>
  <name>
   Vans Handbags N-4161
  </name>
  <category>
   Handbags
  </category>
  <size>
   L
  </size>
  <color>
   Оранжевый
  </color>
  <material>
   Хлопок
  </material>
  <price>
   585055
  </price>
  <rating>
   1.37
  </rating>
  <reviews>
   80109
  </reviews>
  <new>
   -
  </new>
  <exclusive>
   no
  </exclusive>
  <sporty>
   yes
  </sporty>
 </clothing>
 <clothing>
  <id>
   929438543
  </id>
  <name>
   PleinSport Pants I-9054
  </name>
  <category>
   Pants
  </category>
  <size>
   L
  </size>
  <color>
   Желтый
  </color>
  <material>
   Полиэстер
  </material>
  <price>
   544079
  </price>
  <rating>
   1.43
  </rating>
  <reviews>
   671393
  </reviews>
  <exclusive>
   no
  </exclusive>
 </clothing>
 <clothing>
  <id>
   122571209
  </id>
  <name>
   Under Armour Shoes G-9069
  </name>
  <category>
   Shoes
  </category>
  <size>
   XXL
  </size>
  <color>
   Оранжевый
  </color>
  <material>
   Нейлон
  </material>
  <price>
   550771
  </price>
  <rating>
   2.18
  </rating>
  <reviews>
   272540
  </reviews>
  <new>
   +
  </new>
  <exclusive>
   no
  </exclusive>
 </clothing>
 <clothing>
  <id>
   410651684
  </id>
  <name>
   Ellesse Socks Z-8866
  </name>
  <category>
   Socks
  </category>
  <size>
   L
  </size>
  <color>
   Оранжевый
  </color>
  <material>
   Нейлон
  </material>
  <price>
   475772
  </price>
  <rating>
   3.42
  </rating>
  <reviews>
   205248
  </reviews>
  <new>
   -
  </new>
  <exclusive>
   yes
  </exclusive>
  <sporty>
   no
  </sporty>
 </clothing>
 <clothing>
  <id>
   484659039
  </id>
  <name>
   Addidas Gloves H-8758
  </name>
  <category>
   Gloves
  </category>
  <size>
   XXL
  </size>
  <color>
   Синий
  </color>
  <material>
   Нейлон
  </material>
  <price>
   114616
  </price>
  <rating>
   1.76
  </rating>
  <reviews>
   150174
  </reviews>
  <new>
   -
  </new>
  <exclusive>
   yes
  </exclusive>
  <sporty>
   no
  </sporty>
 </clothing>
 <clothing>
  <id>
   107314173
  </id>
  <name>
   Addidas Handbags Z-2777
  </name>
  <category>
   Handbags
  </category>
  <size>
   XL
  </size>
  <color>
   Красный
  </color>
  <material>
   Полиэстер
  </material>
  <price>
   996021
  </price>
  <rating>
   4.76
  </rating>
  <reviews>
   894818
  </reviews>
  <new>
   +
  </new>
  <exclusive>
   yes
  </exclusive>
  <sporty>
   no
  </sporty>
 </clothing>
 <clothing>
  <id>
   523948123
  </id>
  <name>
   New Balance Belts J-4223
  </name>
  <category>
   Belts
  </category>
  <size>
   M
  </size>
  <color>
   Желтый
  </color>
  <material>
   Шерсть
  </material>
  <price>
   155234
  </price>
  <rating>
   3.51
  </rating>
  <reviews>
   446062
  </reviews>
  <sporty>
   yes
  </sporty>
 </clothing>
 <clothing>
  <id>
   602312335
  </id>
  <name>
   Under Armour Shirt V-7787
  </name>
  <category>
   Shirt
  </category>
  <size>
   M
  </size>
  <color>
   Зеленый
  </color>
  <material>
   Лен
  </material>
  <price>
   883487
  </price>
  <rating>
   2.65
  </rating>
  <reviews>
   914241
  </reviews>
  <exclusive>
   no
  </exclusive>
 </clothing>
 <clothing>
  <id>
   464436836
  </id>
  <name>
   Vans Jacket A-7100
  </name>
  <category>
   Jacket
  </category>
  <size>
   XXL
  </size>
  <color>
   Фиолетовый
  </color>
  <material>
   Вискоза
  </material>
  <price>
   211431
  </price>
  <rating>
   1.09
  </rating>
  <reviews>
   768305
  </reviews>
  <new>
   +
  </new>
  <sporty>
   yes
  </sporty>
 </clothing>
 <clothing>
  <id>
   352741098
  </id>
  <name>
   Asics T-shirt P-2888
  </name>
  <category>
   T-shirt
  </category>
  <size>
   L
  </size>
  <color>
   Синий
  </color>
  <material>
   Полиэстер
  </material>
  <price>
   935720
  </price>
  <rating>
   4.84
  </rating>
  <reviews>
   553451
  </reviews>
  <new>
   +
  </new>
  <exclusive>
   no
  </exclusive>
  <sporty>
   yes
  </sporty>
 </clothing>
</clothing-items>
