<?xml version="1.0" encoding="utf-8"?>
<clothing-items>
 <clothing>
  <id>
   819348961
  </id>
  <name>
   Under Armour Sweater D-5336
  </name>
  <category>
   Sweater
  </category>
  <size>
   L
  </size>
  <color>
   Оранжевый
  </color>
  <material>
   Лен
  </material>
  <price>
   929035
  </price>
  <rating>
   2.56
  </rating>
  <reviews>
   455868
  </reviews>
  <new>
   -
  </new>
 </clothing>
 <clothing>
  <id>
   985583201
  </id>
  <name>
   PleinSport Sweater B-9083
  </name>
  <category>
   Sweater
  </category>
  <size>
   L
  </size>
  <color>
   Желтый
  </color>
  <material>
   Кожа
  </material>
  <price>
   174160
  </price>
  <rating>
   2.7
  </rating>
  <reviews>
   727774
  </reviews>
  <new>
   -
  </new>
 </clothing>
 <clothing>
  <id>
   346123146
  </id>
  <name>
   Vans Belts S-3506
  </name>
  <category>
   Belts
  </category>
  <size>
   XL
  </size>
  <color>
   Оранжевый
  </color>
  <material>
   Шелк
  </material>
  <price>
   805680
  </price>
  <rating>
   3.65
  </rating>
  <reviews>
   434850
  </reviews>
  <new>
   +
  </new>
  <exclusive>
   yes
  </exclusive>
  <sporty>
   no
  </sporty>
 </clothing>
 <clothing>
  <id>
   550292653
  </id>
  <name>
   Adidas Blouse Y-9357
  </name>
  <category>
   Blouse
  </category>
  <size>
   S
  </size>
  <color>
   Синий
  </color>
  <material>
   Нейлон
  </material>
  <price>
   172916
  </price>
  <rating>
   2.82
  </rating>
  <reviews>
   203800
  </reviews>
  <exclusive>
   yes
  </exclusive>
  <sporty>
   yes
  </sporty>
 </clothing>
 <clothing>
  <id>
   425663662
  </id>
  <name>
   Lacoste Jacket P-1733
  </name>
  <category>
   Jacket
  </category>
  <size>
   S
  </size>
  <color>
   Голубой
  </color>
  <material>
   Шелк
  </material>
  <price>
   356996
  </price>
  <rating>
   3.61
  </rating>
  <reviews>
   814101
  </reviews>
  <new>
   +
  </new>
  <exclusive>
   no
  </exclusive>
  <sporty>
   no
  </sporty>
 </clothing>
 <clothing>
  <id>
   126172735
  </id>
  <name>
   Fila Dress M-2889
  </name>
  <category>
   Dress
  </category>
  <size>
   L
  </size>
  <color>
   Фиолетовый
  </color>
  <material>
   Полиэстер
  </material>
  <price>
   321269
  </price>
  <rating>
   4.71
  </rating>
  <reviews>
   14988
  </reviews>
  <new>
   +
  </new>
  <exclusive>
   no
  </exclusive>
 </clothing>
 <clothing>
  <id>
   591256649
  </id>
  <name>
   New Balance Blouse Q-6884
  </name>
  <category>
   Blouse
  </category>
  <size>
   XXL
  </size>
  <color>
   Оранжевый
  </color>
  <material>
   Шерсть
  </material>
  <price>
   930750
  </price>
  <rating>
   2.96
  </rating>
  <reviews>
   132545
  </reviews>
  <new>
   -
  </new>
 </clothing>
 <clothing>
  <id>
   674719211
  </id>
  <name>
   Adidas Hat S-2315
  </name>
  <category>
   Hat
  </category>
  <size>
   M
  </size>
  <color>
   Синий
  </color>
  <material>
   Хлопок
  </material>
  <price>
   996011
  </price>
  <rating>
   4.86
  </rating>
  <reviews>
   741736
  </reviews>
  <new>
   -
  </new>
  <exclusive>
   yes
  </exclusive>
 </clothing>
 <clothing>
  <id>
   107834953
  </id>
  <name>
   Brooks Skirt C-1848
  </name>
  <category>
   Skirt
  </category>
  <size>
   L
  </size>
  <color>
   Красный
  </color>
  <material>
   Кожа
  </material>
  <price>
   566095
  </price>
  <rating>
   4.04
  </rating>
  <reviews>
   663775
  </reviews>
  <exclusive>
   no
  </exclusive>
  <sporty>
   yes
  </sporty>
 </clothing>
 <clothing>
  <id>
   504694763
  </id>
  <name>
   Brooks Jacket T-7027
  </name>
  <category>
   Jacket
  </category>
  <size>
   XL
  </size>
  <color>
   Красный
  </color>
  <material>
   Полиэстер
  </material>
  <price>
   374505
  </price>
  <rating>
   2.22
  </rating>
  <reviews>
   191121
  </reviews>
  <new>
   -
  </new>
  <exclusive>
   no
  </exclusive>
 </clothing>
 <clothing>
  <id>
   945099377
  </id>
  <name>
   Converse Handbags J-7610
  </name>
  <category>
   Handbags
  </category>
  <size>
   XL
  </size>
  <color>
   Синий
  </color>
  <material>
   Шелк
  </material>
  <price>
   455447
  </price>
  <rating>
   3.92
  </rating>
  <reviews>
   745458
  </reviews>
  <new>
   -
  </new>
  <exclusive>
   yes
  </exclusive>
  <sporty>
   no
  </sporty>
 </clothing>
 <clothing>
  <id>
   830452855
  </id>
  <name>
   Converse T-shirt K-5568
  </name>
  <category>
   T-shirt
  </category>
  <size>
   M
  </size>
  <color>
   Фиолетовый
  </color>
  <material>
   Лен
  </material>
  <price>
   216659
  </price>
  <rating>
   3.84
  </rating>
  <reviews>
   345333
  </reviews>
  <new>
   +
  </new>
  <exclusive>
   no
  </exclusive>
  <sporty>
   no
  </sporty>
 </clothing>
 <clothing>
  <id>
   331712883
  </id>
  <name>
   PleinSport Jacket F-5117
  </name>
  <category>
   Jacket
  </category>
  <size>
   XXL
  </size>
  <color>
   Фиолетовый
  </color>
  <material>
   Хлопок
  </material>
  <price>
   846926
  </price>
  <rating>
   4.04
  </rating>
  <reviews>
   104334
  </reviews>
  <new>
   -
  </new>
  <exclusive>
   no
  </exclusive>
  <sporty>
   no
  </sporty>
 </clothing>
 <clothing>
  <id>
   448240235
  </id>
  <name>
   Vans Shirt N-7600
  </name>
  <category>
   Shirt
  </category>
  <size>
   L
  </size>
  <color>
   Синий
  </color>
  <material>
   Вискоза
  </material>
  <price>
   267006
  </price>
  <rating>
   1.53
  </rating>
  <reviews>
   398530
  </reviews>
  <exclusive>
   yes
  </exclusive>
  <sporty>
   no
  </sporty>
 </clothing>
 <clothing>
  <id>
   296682745
  </id>
  <name>
   PleinSport Jacket X-7119
  </name>
  <category>
   Jacket
  </category>
  <size>
   L
  </size>
  <color>
   Красный
  </color>
  <material>
   Шерсть
  </material>
  <price>
   515896
  </price>
  <rating>
   3.96
  </rating>
  <reviews>
   660287
  </reviews>
  <new>
   -
  </new>
 </clothing>
 <clothing>
  <id>
   359204435
  </id>
  <name>
   Fila Jacket Z-9441
  </name>
  <category>
   Jacket
  </category>
  <size>
   S
  </size>
  <color>
   Голубой
  </color>
  <material>
   Нейлон
  </material>
  <price>
   631657
  </price>
  <rating>
   1.87
  </rating>
  <reviews>
   646705
  </reviews>
  <new>
   +
  </new>
  <exclusive>
   no
  </exclusive>
  <sporty>
   no
  </sporty>
 </clothing>
 <clothing>
  <id>
   310523264
  </id>
  <name>
   Puma Gloves K-9735
  </name>
  <category>
   Gloves
  </category>
  <size>
   L
  </size>
  <color>
   Красный
  </color>
  <material>
   Хлопок
  </material>
  <price>
   173521
  </price>
  <rating>
   4.11
  </rating>
  <reviews>
   135244
  </reviews>
  <new>
   -
  </new>
  <exclusive>
   no
  </exclusive>
 </clothing>
 <clothing>
  <id>
   505568539
  </id>
  <name>
   Ellesse Jacket V-1752
  </name>
  <category>
   Jacket
  </category>
  <size>
   L
  </size>
  <color>
   Фиолетовый
  </color>
  <material>
   Лен
  </material>
  <price>
   845608
  </price>
  <rating>
   1.64
  </rating>
  <reviews>
   624990
  </reviews>
  <exclusive>
   no
  </exclusive>
  <sporty>
   no
  </sporty>
 </clothing>
 <clothing>
  <id>
   409298218
  </id>
  <name>
   Puma Pants M-2256
  </name>
  <category>
   Pants
  </category>
  <size>
   S
  </size>
  <color>
   Оранжевый
  </color>
  <material>
   Шерсть
  </material>
  <price>
   144062
  </price>
  <rating>
   2.97
  </rating>
  <reviews>
   430221
  </reviews>
  <new>
   +
  </new>
  <exclusive>
   yes
  </exclusive>
  <sporty>
   no
  </sporty>
 </clothing>
 <clothing>
  <id>
   650519499
  </id>
  <name>
   Fila Gloves G-6025
  </name>
  <category>
   Gloves
  </category>
  <size>
   XXL
  </size>
  <color>
   Голубой
  </color>
  <material>
   Лен
  </material>
  <price>
   284464
  </price>
  <rating>
   2.64
  </rating>
  <reviews>
   159973
  </reviews>
  <exclusive>
   yes
  </exclusive>
  <sporty>
   yes
  </sporty>
 </clothing>
</clothing-items>
