<?xml version="1.0" encoding="utf-8"?>
<clothing-items>
 <clothing>
  <id>
   809610859
  </id>
  <name>
   Lacoste Shoes X-3637
  </name>
  <category>
   Shoes
  </category>
  <size>
   XXL
  </size>
  <color>
   Фиолетовый
  </color>
  <material>
   Кожа
  </material>
  <price>
   995139
  </price>
  <rating>
   4.68
  </rating>
  <reviews>
   582584
  </reviews>
  <exclusive>
   yes
  </exclusive>
 </clothing>
 <clothing>
  <id>
   652720331
  </id>
  <name>
   Converse Umbrellas D-9127
  </name>
  <category>
   Umbrellas
  </category>
  <size>
   XL
  </size>
  <color>
   Красный
  </color>
  <material>
   Кожа
  </material>
  <price>
   782808
  </price>
  <rating>
   2.17
  </rating>
  <reviews>
   752274
  </reviews>
 </clothing>
 <clothing>
  <id>
   279969796
  </id>
  <name>
   Reebok Blouse N-4523
  </name>
  <category>
   Blouse
  </category>
  <size>
   S
  </size>
  <color>
   Синий
  </color>
  <material>
   Вискоза
  </material>
  <price>
   422472
  </price>
  <rating>
   3.91
  </rating>
  <reviews>
   991680
  </reviews>
 </clothing>
 <clothing>
  <id>
   563204478
  </id>
  <name>
   Addidas Pants H-4311
  </name>
  <category>
   Pants
  </category>
  <size>
   S
  </size>
  <color>
   Синий
  </color>
  <material>
   Вискоза
  </material>
  <price>
   839756
  </price>
  <rating>
   3.55
  </rating>
  <reviews>
   815918
  </reviews>
  <new>
   -
  </new>
  <exclusive>
   no
  </exclusive>
 </clothing>
 <clothing>
  <id>
   882628680
  </id>
  <name>
   Ellesse T-shirt M-8023
  </name>
  <category>
   T-shirt
  </category>
  <size>
   M
  </size>
  <color>
   Синий
  </color>
  <material>
   Лен
  </material>
  <price>
   537854
  </price>
  <rating>
   3.95
  </rating>
  <reviews>
   942961
  </reviews>
  <new>
   -
  </new>
  <sporty>
   yes
  </sporty>
 </clothing>
 <clothing>
  <id>
   286154862
  </id>
  <name>
   Addidas Hat H-7184
  </name>
  <category>
   Hat
  </category>
  <size>
   M
  </size>
  <color>
   Фиолетовый
  </color>
  <material>
   Шелк
  </material>
  <price>
   152621
  </price>
  <rating>
   4.58
  </rating>
  <reviews>
   268558
  </reviews>
  <exclusive>
   yes
  </exclusive>
  <sporty>
   yes
  </sporty>
 </clothing>
 <clothing>
  <id>
   727843864
  </id>
  <name>
   New Balance Jacket I-5556
  </name>
  <category>
   Jacket
  </category>
  <size>
   XL
  </size>
  <color>
   Голубой
  </color>
  <material>
   Кожа
  </material>
  <price>
   881545
  </price>
  <rating>
   1.06
  </rating>
  <reviews>
   787210
  </reviews>
  <new>
   +
  </new>
  <exclusive>
   no
  </exclusive>
  <sporty>
   yes
  </sporty>
 </clothing>
 <clothing>
  <id>
   930420073
  </id>
  <name>
   Addidas Socks S-8673
  </name>
  <category>
   Socks
  </category>
  <size>
   XL
  </size>
  <color>
   Синий
  </color>
  <material>
   Кожа
  </material>
  <price>
   621149
  </price>
  <rating>
   4.15
  </rating>
  <reviews>
   658846
  </reviews>
 </clothing>
 <clothing>
  <id>
   524303574
  </id>
  <name>
   PleinSport Gloves T-9223
  </name>
  <category>
   Gloves
  </category>
  <size>
   S
  </size>
  <color>
   Красный
  </color>
  <material>
   Кожа
  </material>
  <price>
   996980
  </price>
  <rating>
   4.79
  </rating>
  <reviews>
   38564
  </reviews>
  <new>
   +
  </new>
  <exclusive>
   no
  </exclusive>
  <sporty>
   no
  </sporty>
 </clothing>
 <clothing>
  <id>
   677636401
  </id>
  <name>
   PleinSport Umbrellas T-8927
  </name>
  <category>
   Umbrellas
  </category>
  <size>
   M
  </size>
  <color>
   Красный
  </color>
  <material>
   Лен
  </material>
  <price>
   772582
  </price>
  <rating>
   3.16
  </rating>
  <reviews>
   409985
  </reviews>
 </clothing>
 <clothing>
  <id>
   912723456
  </id>
  <name>
   Lacoste Jeans V-7353
  </name>
  <category>
   Jeans
  </category>
  <size>
   S
  </size>
  <color>
   Голубой
  </color>
  <material>
   Хлопок
  </material>
  <price>
   189673
  </price>
  <rating>
   1.85
  </rating>
  <reviews>
   533545
  </reviews>
  <new>
   +
  </new>
 </clothing>
</clothing-items>
