<?xml version="1.0" encoding="utf-8"?>
<clothing-items>
 <clothing>
  <id>
   157335629
  </id>
  <name>
   Nike T-shirt L-6856
  </name>
  <category>
   T-shirt
  </category>
  <size>
   XL
  </size>
  <color>
   Голубой
  </color>
  <material>
   Лен
  </material>
  <price>
   848344
  </price>
  <rating>
   3.91
  </rating>
  <reviews>
   306439
  </reviews>
  <sporty>
   no
  </sporty>
 </clothing>
 <clothing>
  <id>
   903393963
  </id>
  <name>
   New Balance Dress G-9334
  </name>
  <category>
   Dress
  </category>
  <size>
   M
  </size>
  <color>
   Фиолетовый
  </color>
  <material>
   Хлопок
  </material>
  <price>
   200931
  </price>
  <rating>
   3.88
  </rating>
  <reviews>
   818508
  </reviews>
  <sporty>
   yes
  </sporty>
 </clothing>
 <clothing>
  <id>
   637248655
  </id>
  <name>
   Nike Sweater Z-7793
  </name>
  <category>
   Sweater
  </category>
  <size>
   XXL
  </size>
  <color>
   Оранжевый
  </color>
  <material>
   Вискоза
  </material>
  <price>
   490973
  </price>
  <rating>
   2.59
  </rating>
  <reviews>
   246433
  </reviews>
  <new>
   -
  </new>
  <sporty>
   yes
  </sporty>
 </clothing>
 <clothing>
  <id>
   835632710
  </id>
  <name>
   Lacoste Belts J-4894
  </name>
  <category>
   Belts
  </category>
  <size>
   M
  </size>
  <color>
   Оранжевый
  </color>
  <material>
   Лен
  </material>
  <price>
   177194
  </price>
  <rating>
   4.95
  </rating>
  <reviews>
   985589
  </reviews>
  <exclusive>
   yes
  </exclusive>
 </clothing>
 <clothing>
  <id>
   729911982
  </id>
  <name>
   Ellesse Gloves Q-1011
  </name>
  <category>
   Gloves
  </category>
  <size>
   S
  </size>
  <color>
   Фиолетовый
  </color>
  <material>
   Кожа
  </material>
  <price>
   263438
  </price>
  <rating>
   3.01
  </rating>
  <reviews>
   190381
  </reviews>
  <new>
   -
  </new>
  <exclusive>
   yes
  </exclusive>
  <sporty>
   no
  </sporty>
 </clothing>
 <clothing>
  <id>
   500769704
  </id>
  <name>
   Lacoste Hat X-6753
  </name>
  <category>
   Hat
  </category>
  <size>
   L
  </size>
  <color>
   Зеленый
  </color>
  <material>
   Нейлон
  </material>
  <price>
   931817
  </price>
  <rating>
   4.48
  </rating>
  <reviews>
   961334
  </reviews>
  <exclusive>
   no
  </exclusive>
 </clothing>
 <clothing>
  <id>
   327779226
  </id>
  <name>
   Under Armour Socks S-3832
  </name>
  <category>
   Socks
  </category>
  <size>
   XL
  </size>
  <color>
   Красный
  </color>
  <material>
   Хлопок
  </material>
  <price>
   743915
  </price>
  <rating>
   3.98
  </rating>
  <reviews>
   721932
  </reviews>
  <exclusive>
   yes
  </exclusive>
  <sporty>
   yes
  </sporty>
 </clothing>
 <clothing>
  <id>
   240087594
  </id>
  <name>
   Fila Dress S-3836
  </name>
  <category>
   Dress
  </category>
  <size>
   L
  </size>
  <color>
   Красный
  </color>
  <material>
   Шелк
  </material>
  <price>
   842909
  </price>
  <rating>
   2.5
  </rating>
  <reviews>
   944406
  </reviews>
  <new>
   -
  </new>
  <sporty>
   yes
  </sporty>
 </clothing>
 <clothing>
  <id>
   305677142
  </id>
  <name>
   Nike Sweater T-5464
  </name>
  <category>
   Sweater
  </category>
  <size>
   S
  </size>
  <color>
   Желтый
  </color>
  <material>
   Нейлон
  </material>
  <price>
   526481
  </price>
  <rating>
   1.87
  </rating>
  <reviews>
   805370
  </reviews>
  <sporty>
   no
  </sporty>
 </clothing>
 <clothing>
  <id>
   960860473
  </id>
  <name>
   PleinSport Shoes Q-4443
  </name>
  <category>
   Shoes
  </category>
  <size>
   M
  </size>
  <color>
   Желтый
  </color>
  <material>
   Полиэстер
  </material>
  <price>
   487899
  </price>
  <rating>
   4.26
  </rating>
  <reviews>
   38714
  </reviews>
 </clothing>
</clothing-items>
