<?xml version="1.0" encoding="utf-8"?>
<clothing-items>
 <clothing>
  <id>
   758452846
  </id>
  <name>
   Nike Jeans D-4806
  </name>
  <category>
   Jeans
  </category>
  <size>
   XXL
  </size>
  <color>
   Оранжевый
  </color>
  <material>
   Полиэстер
  </material>
  <price>
   300715
  </price>
  <rating>
   4.96
  </rating>
  <reviews>
   64139
  </reviews>
  <new>
   +
  </new>
  <exclusive>
   yes
  </exclusive>
 </clothing>
 <clothing>
  <id>
   403640328
  </id>
  <name>
   Nike Hat F-6337
  </name>
  <category>
   Hat
  </category>
  <size>
   L
  </size>
  <color>
   Фиолетовый
  </color>
  <material>
   Кожа
  </material>
  <price>
   461386
  </price>
  <rating>
   1.67
  </rating>
  <reviews>
   866519
  </reviews>
  <new>
   -
  </new>
  <exclusive>
   yes
  </exclusive>
 </clothing>
 <clothing>
  <id>
   889044979
  </id>
  <name>
   New Balance Sweater B-2853
  </name>
  <category>
   Sweater
  </category>
  <size>
   XXL
  </size>
  <color>
   Красный
  </color>
  <material>
   Нейлон
  </material>
  <price>
   785649
  </price>
  <rating>
   1.59
  </rating>
  <reviews>
   828521
  </reviews>
  <new>
   -
  </new>
  <sporty>
   yes
  </sporty>
 </clothing>
 <clothing>
  <id>
   399170021
  </id>
  <name>
   Puma Shirt Y-5644
  </name>
  <category>
   Shirt
  </category>
  <size>
   XXL
  </size>
  <color>
   Синий
  </color>
  <material>
   Хлопок
  </material>
  <price>
   770965
  </price>
  <rating>
   4.26
  </rating>
  <reviews>
   406343
  </reviews>
  <new>
   +
  </new>
  <exclusive>
   yes
  </exclusive>
 </clothing>
 <clothing>
  <id>
   282405620
  </id>
  <name>
   Fila Jeans A-8408
  </name>
  <category>
   Jeans
  </category>
  <size>
   S
  </size>
  <color>
   Фиолетовый
  </color>
  <material>
   Лен
  </material>
  <price>
   789628
  </price>
  <rating>
   3.38
  </rating>
  <reviews>
   893982
  </reviews>
  <exclusive>
   yes
  </exclusive>
  <sporty>
   no
  </sporty>
 </clothing>
 <clothing>
  <id>
   318796968
  </id>
  <name>
   Fila Umbrellas P-3313
  </name>
  <category>
   Umbrellas
  </category>
  <size>
   S
  </size>
  <color>
   Синий
  </color>
  <material>
   Вискоза
  </material>
  <price>
   509026
  </price>
  <rating>
   4.41
  </rating>
  <reviews>
   691701
  </reviews>
  <new>
   +
  </new>
  <exclusive>
   yes
  </exclusive>
  <sporty>
   no
  </sporty>
 </clothing>
 <clothing>
  <id>
   984418417
  </id>
  <name>
   Addidas Umbrellas S-4654
  </name>
  <category>
   Umbrellas
  </category>
  <size>
   S
  </size>
  <color>
   Синий
  </color>
  <material>
   Полиэстер
  </material>
  <price>
   703263
  </price>
  <rating>
   1.4
  </rating>
  <reviews>
   434390
  </reviews>
  <exclusive>
   no
  </exclusive>
 </clothing>
 <clothing>
  <id>
   817481652
  </id>
  <name>
   Under Armour Pants C-8082
  </name>
  <category>
   Pants
  </category>
  <size>
   M
  </size>
  <color>
   Зеленый
  </color>
  <material>
   Хлопок
  </material>
  <price>
   444479
  </price>
  <rating>
   2.76
  </rating>
  <reviews>
   607771
  </reviews>
  <new>
   -
  </new>
  <exclusive>
   yes
  </exclusive>
  <sporty>
   no
  </sporty>
 </clothing>
 <clothing>
  <id>
   934984450
  </id>
  <name>
   DC Jeans S-8214
  </name>
  <category>
   Jeans
  </category>
  <size>
   XXL
  </size>
  <color>
   Голубой
  </color>
  <material>
   Полиэстер
  </material>
  <price>
   334848
  </price>
  <rating>
   1.75
  </rating>
  <reviews>
   151997
  </reviews>
  <new>
   +
  </new>
  <sporty>
   no
  </sporty>
 </clothing>
 <clothing>
  <id>
   557695664
  </id>
  <name>
   Addidas Hat P-6469
  </name>
  <category>
   Hat
  </category>
  <size>
   M
  </size>
  <color>
   Фиолетовый
  </color>
  <material>
   Шерсть
  </material>
  <price>
   879173
  </price>
  <rating>
   1.09
  </rating>
  <reviews>
   549733
  </reviews>
  <new>
   -
  </new>
  <exclusive>
   no
  </exclusive>
  <sporty>
   yes
  </sporty>
 </clothing>
 <clothing>
  <id>
   845676660
  </id>
  <name>
   Asics Socks E-5538
  </name>
  <category>
   Socks
  </category>
  <size>
   XL
  </size>
  <color>
   Синий
  </color>
  <material>
   Лен
  </material>
  <price>
   212257
  </price>
  <rating>
   3.52
  </rating>
  <reviews>
   252083
  </reviews>
  <new>
   +
  </new>
  <sporty>
   no
  </sporty>
 </clothing>
 <clothing>
  <id>
   946209167
  </id>
  <name>
   Addidas Shirt B-4718
  </name>
  <category>
   Shirt
  </category>
  <size>
   S
  </size>
  <color>
   Оранжевый
  </color>
  <material>
   Лен
  </material>
  <price>
   942790
  </price>
  <rating>
   4.5
  </rating>
  <reviews>
   608361
  </reviews>
  <new>
   -
  </new>
  <sporty>
   yes
  </sporty>
 </clothing>
 <clothing>
  <id>
   187685843
  </id>
  <name>
   Puma Pants E-5525
  </name>
  <category>
   Pants
  </category>
  <size>
   M
  </size>
  <color>
   Оранжевый
  </color>
  <material>
   Хлопок
  </material>
  <price>
   508068
  </price>
  <rating>
   4.51
  </rating>
  <reviews>
   120912
  </reviews>
  <new>
   +
  </new>
 </clothing>
 <clothing>
  <id>
   212319555
  </id>
  <name>
   Under Armour Shirt M-8096
  </name>
  <category>
   Shirt
  </category>
  <size>
   XL
  </size>
  <color>
   Зеленый
  </color>
  <material>
   Лен
  </material>
  <price>
   522059
  </price>
  <rating>
   4.75
  </rating>
  <reviews>
   756564
  </reviews>
  <new>
   -
  </new>
  <exclusive>
   yes
  </exclusive>
  <sporty>
   no
  </sporty>
 </clothing>
 <clothing>
  <id>
   812567913
  </id>
  <name>
   Converse Jacket R-4330
  </name>
  <category>
   Jacket
  </category>
  <size>
   L
  </size>
  <color>
   Красный
  </color>
  <material>
   Шерсть
  </material>
  <price>
   842265
  </price>
  <rating>
   2.57
  </rating>
  <reviews>
   799584
  </reviews>
 </clothing>
 <clothing>
  <id>
   659708062
  </id>
  <name>
   Adidas Umbrellas I-7626
  </name>
  <category>
   Umbrellas
  </category>
  <size>
   M
  </size>
  <color>
   Голубой
  </color>
  <material>
   Лен
  </material>
  <price>
   377640
  </price>
  <rating>
   2.23
  </rating>
  <reviews>
   40081
  </reviews>
 </clothing>
 <clothing>
  <id>
   196441540
  </id>
  <name>
   Converse Handbags F-7233
  </name>
  <category>
   Handbags
  </category>
  <size>
   XL
  </size>
  <color>
   Желтый
  </color>
  <material>
   Нейлон
  </material>
  <price>
   975400
  </price>
  <rating>
   4.94
  </rating>
  <reviews>
   399575
  </reviews>
 </clothing>
 <clothing>
  <id>
   997689759
  </id>
  <name>
   Reebok Jeans K-2925
  </name>
  <category>
   Jeans
  </category>
  <size>
   XXL
  </size>
  <color>
   Оранжевый
  </color>
  <material>
   Лен
  </material>
  <price>
   864925
  </price>
  <rating>
   3.99
  </rating>
  <reviews>
   825486
  </reviews>
  <sporty>
   yes
  </sporty>
 </clothing>
 <clothing>
  <id>
   859193522
  </id>
  <name>
   Fila Pants H-4325
  </name>
  <category>
   Pants
  </category>
  <size>
   L
  </size>
  <color>
   Зеленый
  </color>
  <material>
   Шелк
  </material>
  <price>
   894112
  </price>
  <rating>
   4.7
  </rating>
  <reviews>
   307853
  </reviews>
  <exclusive>
   yes
  </exclusive>
 </clothing>
 <clothing>
  <id>
   209768801
  </id>
  <name>
   PleinSport Shoes P-6276
  </name>
  <category>
   Shoes
  </category>
  <size>
   M
  </size>
  <color>
   Зеленый
  </color>
  <material>
   Вискоза
  </material>
  <price>
   288247
  </price>
  <rating>
   4.06
  </rating>
  <reviews>
   109669
  </reviews>
  <new>
   +
  </new>
  <sporty>
   no
  </sporty>
 </clothing>
 <clothing>
  <id>
   564364988
  </id>
  <name>
   Under Armour Gloves T-2590
  </name>
  <category>
   Gloves
  </category>
  <size>
   S
  </size>
  <color>
   Оранжевый
  </color>
  <material>
   Полиэстер
  </material>
  <price>
   156056
  </price>
  <rating>
   4.31
  </rating>
  <reviews>
   698445
  </reviews>
  <sporty>
   no
  </sporty>
 </clothing>
 <clothing>
  <id>
   140601132
  </id>
  <name>
   Brooks Socks Y-8349
  </name>
  <category>
   Socks
  </category>
  <size>
   M
  </size>
  <color>
   Оранжевый
  </color>
  <material>
   Шелк
  </material>
  <price>
   997045
  </price>
  <rating>
   3.3
  </rating>
  <reviews>
   682686
  </reviews>
  <new>
   -
  </new>
 </clothing>
 <clothing>
  <id>
   421937369
  </id>
  <name>
   Converse Gloves N-5175
  </name>
  <category>
   Gloves
  </category>
  <size>
   XL
  </size>
  <color>
   Голубой
  </color>
  <material>
   Вискоза
  </material>
  <price>
   611855
  </price>
  <rating>
   3.89
  </rating>
  <reviews>
   653743
  </reviews>
  <sporty>
   yes
  </sporty>
 </clothing>
 <clothing>
  <id>
   806732006
  </id>
  <name>
   Puma Socks E-8987
  </name>
  <category>
   Socks
  </category>
  <size>
   XL
  </size>
  <color>
   Синий
  </color>
  <material>
   Кожа
  </material>
  <price>
   789295
  </price>
  <rating>
   2.85
  </rating>
  <reviews>
   177398
  </reviews>
  <exclusive>
   no
  </exclusive>
  <sporty>
   yes
  </sporty>
 </clothing>
 <clothing>
  <id>
   136356788
  </id>
  <name>
   DC Belts V-2579
  </name>
  <category>
   Belts
  </category>
  <size>
   S
  </size>
  <color>
   Оранжевый
  </color>
  <material>
   Нейлон
  </material>
  <price>
   551596
  </price>
  <rating>
   2.53
  </rating>
  <reviews>
   923692
  </reviews>
  <exclusive>
   no
  </exclusive>
  <sporty>
   yes
  </sporty>
 </clothing>
 <clothing>
  <id>
   509243536
  </id>
  <name>
   Ellesse Umbrellas O-6464
  </name>
  <category>
   Umbrellas
  </category>
  <size>
   S
  </size>
  <color>
   Фиолетовый
  </color>
  <material>
   Вискоза
  </material>
  <price>
   193515
  </price>
  <rating>
   2.65
  </rating>
  <reviews>
   697253
  </reviews>
  <sporty>
   no
  </sporty>
 </clothing>
 <clothing>
  <id>
   967883453
  </id>
  <name>
   Converse Shoes U-2556
  </name>
  <category>
   Shoes
  </category>
  <size>
   XXL
  </size>
  <color>
   Желтый
  </color>
  <material>
   Шелк
  </material>
  <price>
   797364
  </price>
  <rating>
   4.78
  </rating>
  <reviews>
   92522
  </reviews>
  <exclusive>
   no
  </exclusive>
  <sporty>
   yes
  </sporty>
 </clothing>
 <clothing>
  <id>
   330740589
  </id>
  <name>
   Asics Gloves C-6637
  </name>
  <category>
   Gloves
  </category>
  <size>
   XL
  </size>
  <color>
   Фиолетовый
  </color>
  <material>
   Шерсть
  </material>
  <price>
   421726
  </price>
  <rating>
   1.18
  </rating>
  <reviews>
   556114
  </reviews>
  <new>
   +
  </new>
  <exclusive>
   no
  </exclusive>
  <sporty>
   no
  </sporty>
 </clothing>
</clothing-items>
