<?xml version="1.0" encoding="utf-8"?>
<clothing-items>
 <clothing>
  <id>
   473287422
  </id>
  <name>
   Nike Sweater I-1443
  </name>
  <category>
   Sweater
  </category>
  <size>
   S
  </size>
  <color>
   Оранжевый
  </color>
  <material>
   Вискоза
  </material>
  <price>
   248552
  </price>
  <rating>
   3.46
  </rating>
  <reviews>
   76220
  </reviews>
  <exclusive>
   no
  </exclusive>
  <sporty>
   no
  </sporty>
 </clothing>
 <clothing>
  <id>
   498168878
  </id>
  <name>
   Asics Hat F-8949
  </name>
  <category>
   Hat
  </category>
  <size>
   XL
  </size>
  <color>
   Оранжевый
  </color>
  <material>
   Шелк
  </material>
  <price>
   334108
  </price>
  <rating>
   3.97
  </rating>
  <reviews>
   253449
  </reviews>
  <exclusive>
   no
  </exclusive>
  <sporty>
   no
  </sporty>
 </clothing>
 <clothing>
  <id>
   594550686
  </id>
  <name>
   Under Armour Skirt V-9527
  </name>
  <category>
   Skirt
  </category>
  <size>
   XXL
  </size>
  <color>
   Желтый
  </color>
  <material>
   Кожа
  </material>
  <price>
   555272
  </price>
  <rating>
   1.33
  </rating>
  <reviews>
   878142
  </reviews>
  <new>
   -
  </new>
  <exclusive>
   no
  </exclusive>
 </clothing>
 <clothing>
  <id>
   477552584
  </id>
  <name>
   Nike Umbrellas Z-8855
  </name>
  <category>
   Umbrellas
  </category>
  <size>
   XXL
  </size>
  <color>
   Оранжевый
  </color>
  <material>
   Лен
  </material>
  <price>
   373734
  </price>
  <rating>
   3.74
  </rating>
  <reviews>
   712177
  </reviews>
  <exclusive>
   yes
  </exclusive>
  <sporty>
   yes
  </sporty>
 </clothing>
 <clothing>
  <id>
   731244007
  </id>
  <name>
   Lacoste Jacket I-6155
  </name>
  <category>
   Jacket
  </category>
  <size>
   M
  </size>
  <color>
   Желтый
  </color>
  <material>
   Шелк
  </material>
  <price>
   882128
  </price>
  <rating>
   3.9
  </rating>
  <reviews>
   917186
  </reviews>
  <exclusive>
   no
  </exclusive>
  <sporty>
   yes
  </sporty>
 </clothing>
 <clothing>
  <id>
   477839166
  </id>
  <name>
   Addidas Handbags B-4484
  </name>
  <category>
   Handbags
  </category>
  <size>
   S
  </size>
  <color>
   Желтый
  </color>
  <material>
   Полиэстер
  </material>
  <price>
   808164
  </price>
  <rating>
   2.24
  </rating>
  <reviews>
   643107
  </reviews>
  <new>
   -
  </new>
  <exclusive>
   no
  </exclusive>
  <sporty>
   no
  </sporty>
 </clothing>
 <clothing>
  <id>
   198306291
  </id>
  <name>
   Fila Gloves E-1134
  </name>
  <category>
   Gloves
  </category>
  <size>
   XL
  </size>
  <color>
   Фиолетовый
  </color>
  <material>
   Нейлон
  </material>
  <price>
   657387
  </price>
  <rating>
   4.81
  </rating>
  <reviews>
   632803
  </reviews>
  <new>
   +
  </new>
  <exclusive>
   no
  </exclusive>
  <sporty>
   yes
  </sporty>
 </clothing>
 <clothing>
  <id>
   777420855
  </id>
  <name>
   Ellesse T-shirt B-7530
  </name>
  <category>
   T-shirt
  </category>
  <size>
   XXL
  </size>
  <color>
   Синий
  </color>
  <material>
   Лен
  </material>
  <price>
   389251
  </price>
  <rating>
   2.67
  </rating>
  <reviews>
   466299
  </reviews>
  <sporty>
   yes
  </sporty>
 </clothing>
 <clothing>
  <id>
   847058868
  </id>
  <name>
   Lacoste Shirt V-8748
  </name>
  <category>
   Shirt
  </category>
  <size>
   M
  </size>
  <color>
   Желтый
  </color>
  <material>
   Хлопок
  </material>
  <price>
   545157
  </price>
  <rating>
   1.24
  </rating>
  <reviews>
   415129
  </reviews>
  <new>
   +
  </new>
 </clothing>
 <clothing>
  <id>
   965327551
  </id>
  <name>
   New Balance Blouse H-8508
  </name>
  <category>
   Blouse
  </category>
  <size>
   M
  </size>
  <color>
   Красный
  </color>
  <material>
   Вискоза
  </material>
  <price>
   472579
  </price>
  <rating>
   2.37
  </rating>
  <reviews>
   266855
  </reviews>
  <new>
   +
  </new>
  <sporty>
   no
  </sporty>
 </clothing>
 <clothing>
  <id>
   142535305
  </id>
  <name>
   Converse Sweater R-8474
  </name>
  <category>
   Sweater
  </category>
  <size>
   M
  </size>
  <color>
   Желтый
  </color>
  <material>
   Кожа
  </material>
  <price>
   869995
  </price>
  <rating>
   3.2
  </rating>
  <reviews>
   949279
  </reviews>
  <new>
   +
  </new>
  <exclusive>
   no
  </exclusive>
  <sporty>
   yes
  </sporty>
 </clothing>
 <clothing>
  <id>
   364490903
  </id>
  <name>
   DC Dress A-4833
  </name>
  <category>
   Dress
  </category>
  <size>
   L
  </size>
  <color>
   Синий
  </color>
  <material>
   Полиэстер
  </material>
  <price>
   289020
  </price>
  <rating>
   1.78
  </rating>
  <reviews>
   525684
  </reviews>
  <new>
   -
  </new>
  <exclusive>
   no
  </exclusive>
  <sporty>
   no
  </sporty>
 </clothing>
 <clothing>
  <id>
   462048049
  </id>
  <name>
   Nike Sweater T-7993
  </name>
  <category>
   Sweater
  </category>
  <size>
   S
  </size>
  <color>
   Зеленый
  </color>
  <material>
   Нейлон
  </material>
  <price>
   615424
  </price>
  <rating>
   3.61
  </rating>
  <reviews>
   265894
  </reviews>
  <exclusive>
   yes
  </exclusive>
 </clothing>
 <clothing>
  <id>
   402025450
  </id>
  <name>
   Vans Hat M-8854
  </name>
  <category>
   Hat
  </category>
  <size>
   M
  </size>
  <color>
   Зеленый
  </color>
  <material>
   Шерсть
  </material>
  <price>
   715295
  </price>
  <rating>
   2.15
  </rating>
  <reviews>
   253381
  </reviews>
  <new>
   -
  </new>
  <exclusive>
   no
  </exclusive>
 </clothing>
 <clothing>
  <id>
   475401578
  </id>
  <name>
   Fila Socks J-2665
  </name>
  <category>
   Socks
  </category>
  <size>
   XL
  </size>
  <color>
   Оранжевый
  </color>
  <material>
   Шелк
  </material>
  <price>
   174740
  </price>
  <rating>
   1.57
  </rating>
  <reviews>
   271626
  </reviews>
  <new>
   +
  </new>
 </clothing>
 <clothing>
  <id>
   335605251
  </id>
  <name>
   Brooks Skirt R-1500
  </name>
  <category>
   Skirt
  </category>
  <size>
   XXL
  </size>
  <color>
   Синий
  </color>
  <material>
   Лен
  </material>
  <price>
   985117
  </price>
  <rating>
   3.34
  </rating>
  <reviews>
   283258
  </reviews>
  <new>
   -
  </new>
  <exclusive>
   no
  </exclusive>
 </clothing>
 <clothing>
  <id>
   138056856
  </id>
  <name>
   Nike Gloves Z-5276
  </name>
  <category>
   Gloves
  </category>
  <size>
   XXL
  </size>
  <color>
   Фиолетовый
  </color>
  <material>
   Кожа
  </material>
  <price>
   375544
  </price>
  <rating>
   3.89
  </rating>
  <reviews>
   343181
  </reviews>
  <new>
   +
  </new>
  <exclusive>
   no
  </exclusive>
  <sporty>
   no
  </sporty>
 </clothing>
 <clothing>
  <id>
   284589265
  </id>
  <name>
   Adidas Pants J-8725
  </name>
  <category>
   Pants
  </category>
  <size>
   M
  </size>
  <color>
   Фиолетовый
  </color>
  <material>
   Лен
  </material>
  <price>
   431027
  </price>
  <rating>
   1.78
  </rating>
  <reviews>
   667203
  </reviews>
  <new>
   -
  </new>
  <exclusive>
   no
  </exclusive>
  <sporty>
   no
  </sporty>
 </clothing>
 <clothing>
  <id>
   370245181
  </id>
  <name>
   Under Armour T-shirt M-2279
  </name>
  <category>
   T-shirt
  </category>
  <size>
   S
  </size>
  <color>
   Синий
  </color>
  <material>
   Нейлон
  </material>
  <price>
   587054
  </price>
  <rating>
   2.81
  </rating>
  <reviews>
   343156
  </reviews>
  <exclusive>
   yes
  </exclusive>
 </clothing>
 <clothing>
  <id>
   778318266
  </id>
  <name>
   Asics Handbags J-9196
  </name>
  <category>
   Handbags
  </category>
  <size>
   M
  </size>
  <color>
   Фиолетовый
  </color>
  <material>
   Кожа
  </material>
  <price>
   610752
  </price>
  <rating>
   3.43
  </rating>
  <reviews>
   803009
  </reviews>
  <new>
   -
  </new>
  <exclusive>
   no
  </exclusive>
 </clothing>
 <clothing>
  <id>
   785193079
  </id>
  <name>
   DC Shoes D-8903
  </name>
  <category>
   Shoes
  </category>
  <size>
   S
  </size>
  <color>
   Синий
  </color>
  <material>
   Кожа
  </material>
  <price>
   559787
  </price>
  <rating>
   2.31
  </rating>
  <reviews>
   912795
  </reviews>
  <exclusive>
   yes
  </exclusive>
  <sporty>
   yes
  </sporty>
 </clothing>
 <clothing>
  <id>
   844601994
  </id>
  <name>
   New Balance Jeans F-1581
  </name>
  <category>
   Jeans
  </category>
  <size>
   S
  </size>
  <color>
   Желтый
  </color>
  <material>
   Хлопок
  </material>
  <price>
   880344
  </price>
  <rating>
   4.85
  </rating>
  <reviews>
   343540
  </reviews>
  <new>
   +
  </new>
  <exclusive>
   no
  </exclusive>
  <sporty>
   yes
  </sporty>
 </clothing>
 <clothing>
  <id>
   606023559
  </id>
  <name>
   New Balance Belts D-7766
  </name>
  <category>
   Belts
  </category>
  <size>
   M
  </size>
  <color>
   Синий
  </color>
  <material>
   Шерсть
  </material>
  <price>
   505067
  </price>
  <rating>
   1.04
  </rating>
  <reviews>
   873983
  </reviews>
  <new>
   -
  </new>
  <sporty>
   yes
  </sporty>
 </clothing>
 <clothing>
  <id>
   634355898
  </id>
  <name>
   Puma Shirt G-7070
  </name>
  <category>
   Shirt
  </category>
  <size>
   XL
  </size>
  <color>
   Красный
  </color>
  <material>
   Шерсть
  </material>
  <price>
   547125
  </price>
  <rating>
   2.55
  </rating>
  <reviews>
   569045
  </reviews>
  <new>
   -
  </new>
  <exclusive>
   yes
  </exclusive>
  <sporty>
   no
  </sporty>
 </clothing>
</clothing-items>
