<?xml version="1.0" encoding="utf-8"?>
<clothing-items>
 <clothing>
  <id>
   618488683
  </id>
  <name>
   Addidas Jacket G-8164
  </name>
  <category>
   Jacket
  </category>
  <size>
   S
  </size>
  <color>
   Зеленый
  </color>
  <material>
   Кожа
  </material>
  <price>
   794352
  </price>
  <rating>
   4.27
  </rating>
  <reviews>
   781235
  </reviews>
  <new>
   -
  </new>
  <exclusive>
   yes
  </exclusive>
  <sporty>
   no
  </sporty>
 </clothing>
 <clothing>
  <id>
   422912315
  </id>
  <name>
   Ellesse Gloves B-7011
  </name>
  <category>
   Gloves
  </category>
  <size>
   XL
  </size>
  <color>
   Зеленый
  </color>
  <material>
   Нейлон
  </material>
  <price>
   388889
  </price>
  <rating>
   3.01
  </rating>
  <reviews>
   390547
  </reviews>
  <new>
   +
  </new>
  <exclusive>
   no
  </exclusive>
  <sporty>
   no
  </sporty>
 </clothing>
 <clothing>
  <id>
   944035867
  </id>
  <name>
   DC Skirt O-1002
  </name>
  <category>
   Skirt
  </category>
  <size>
   L
  </size>
  <color>
   Фиолетовый
  </color>
  <material>
   Полиэстер
  </material>
  <price>
   177173
  </price>
  <rating>
   2.9
  </rating>
  <reviews>
   702983
  </reviews>
  <new>
   +
  </new>
 </clothing>
 <clothing>
  <id>
   432650825
  </id>
  <name>
   Addidas Belts Z-6359
  </name>
  <category>
   Belts
  </category>
  <size>
   L
  </size>
  <color>
   Синий
  </color>
  <material>
   Нейлон
  </material>
  <price>
   430278
  </price>
  <rating>
   1.77
  </rating>
  <reviews>
   276828
  </reviews>
  <new>
   +
  </new>
  <exclusive>
   no
  </exclusive>
  <sporty>
   no
  </sporty>
 </clothing>
 <clothing>
  <id>
   935755807
  </id>
  <name>
   Adidas Umbrellas H-2054
  </name>
  <category>
   Umbrellas
  </category>
  <size>
   L
  </size>
  <color>
   Фиолетовый
  </color>
  <material>
   Кожа
  </material>
  <price>
   384510
  </price>
  <rating>
   2.48
  </rating>
  <reviews>
   73605
  </reviews>
  <exclusive>
   no
  </exclusive>
  <sporty>
   no
  </sporty>
 </clothing>
 <clothing>
  <id>
   395801366
  </id>
  <name>
   Nike Handbags X-2599
  </name>
  <category>
   Handbags
  </category>
  <size>
   L
  </size>
  <color>
   Оранжевый
  </color>
  <material>
   Шелк
  </material>
  <price>
   759022
  </price>
  <rating>
   3.37
  </rating>
  <reviews>
   377932
  </reviews>
  <new>
   +
  </new>
  <sporty>
   no
  </sporty>
 </clothing>
 <clothing>
  <id>
   260230858
  </id>
  <name>
   Asics Socks P-1627
  </name>
  <category>
   Socks
  </category>
  <size>
   M
  </size>
  <color>
   Желтый
  </color>
  <material>
   Нейлон
  </material>
  <price>
   347734
  </price>
  <rating>
   2.98
  </rating>
  <reviews>
   255307
  </reviews>
  <exclusive>
   no
  </exclusive>
  <sporty>
   yes
  </sporty>
 </clothing>
 <clothing>
  <id>
   391424557
  </id>
  <name>
   New Balance Jeans T-3318
  </name>
  <category>
   Jeans
  </category>
  <size>
   S
  </size>
  <color>
   Фиолетовый
  </color>
  <material>
   Лен
  </material>
  <price>
   852987
  </price>
  <rating>
   1.82
  </rating>
  <reviews>
   837579
  </reviews>
  <new>
   -
  </new>
  <sporty>
   no
  </sporty>
 </clothing>
 <clothing>
  <id>
   113551332
  </id>
  <name>
   Addidas Dress Q-6761
  </name>
  <category>
   Dress
  </category>
  <size>
   XXL
  </size>
  <color>
   Фиолетовый
  </color>
  <material>
   Шелк
  </material>
  <price>
   651702
  </price>
  <rating>
   2.85
  </rating>
  <reviews>
   359875
  </reviews>
  <new>
   -
  </new>
 </clothing>
 <clothing>
  <id>
   417976231
  </id>
  <name>
   Nike Shirt G-8712
  </name>
  <category>
   Shirt
  </category>
  <size>
   S
  </size>
  <color>
   Голубой
  </color>
  <material>
   Нейлон
  </material>
  <price>
   985622
  </price>
  <rating>
   3.06
  </rating>
  <reviews>
   991450
  </reviews>
  <exclusive>
   yes
  </exclusive>
 </clothing>
 <clothing>
  <id>
   144136778
  </id>
  <name>
   Ellesse Skirt M-5250
  </name>
  <category>
   Skirt
  </category>
  <size>
   L
  </size>
  <color>
   Оранжевый
  </color>
  <material>
   Лен
  </material>
  <price>
   664763
  </price>
  <rating>
   4.28
  </rating>
  <reviews>
   324254
  </reviews>
  <exclusive>
   no
  </exclusive>
  <sporty>
   no
  </sporty>
 </clothing>
 <clothing>
  <id>
   656935132
  </id>
  <name>
   Ellesse Jeans V-2130
  </name>
  <category>
   Jeans
  </category>
  <size>
   L
  </size>
  <color>
   Красный
  </color>
  <material>
   Полиэстер
  </material>
  <price>
   236082
  </price>
  <rating>
   4.96
  </rating>
  <reviews>
   23002
  </reviews>
 </clothing>
 <clothing>
  <id>
   118591441
  </id>
  <name>
   PleinSport Jeans O-5544
  </name>
  <category>
   Jeans
  </category>
  <size>
   L
  </size>
  <color>
   Красный
  </color>
  <material>
   Шелк
  </material>
  <price>
   516924
  </price>
  <rating>
   3.12
  </rating>
  <reviews>
   479456
  </reviews>
  <new>
   -
  </new>
  <sporty>
   yes
  </sporty>
 </clothing>
</clothing-items>
