<?xml version="1.0" encoding="utf-8"?>
<clothing-items>
 <clothing>
  <id>
   909184266
  </id>
  <name>
   PleinSport Shirt X-2578
  </name>
  <category>
   Shirt
  </category>
  <size>
   L
  </size>
  <color>
   Фиолетовый
  </color>
  <material>
   Полиэстер
  </material>
  <price>
   250541
  </price>
  <rating>
   1.66
  </rating>
  <reviews>
   18008
  </reviews>
 </clothing>
 <clothing>
  <id>
   501712940
  </id>
  <name>
   Nike Shirt V-7282
  </name>
  <category>
   Shirt
  </category>
  <size>
   XXL
  </size>
  <color>
   Красный
  </color>
  <material>
   Лен
  </material>
  <price>
   767341
  </price>
  <rating>
   4.8
  </rating>
  <reviews>
   101533
  </reviews>
  <exclusive>
   no
  </exclusive>
  <sporty>
   no
  </sporty>
 </clothing>
 <clothing>
  <id>
   190607854
  </id>
  <name>
   Nike Umbrellas R-4868
  </name>
  <category>
   Umbrellas
  </category>
  <size>
   XXL
  </size>
  <color>
   Голубой
  </color>
  <material>
   Нейлон
  </material>
  <price>
   470788
  </price>
  <rating>
   3.5
  </rating>
  <reviews>
   488216
  </reviews>
  <new>
   +
  </new>
  <sporty>
   yes
  </sporty>
 </clothing>
 <clothing>
  <id>
   827776084
  </id>
  <name>
   Fila Gloves A-2250
  </name>
  <category>
   Gloves
  </category>
  <size>
   XL
  </size>
  <color>
   Синий
  </color>
  <material>
   Нейлон
  </material>
  <price>
   981674
  </price>
  <rating>
   2.22
  </rating>
  <reviews>
   856168
  </reviews>
  <exclusive>
   yes
  </exclusive>
  <sporty>
   no
  </sporty>
 </clothing>
 <clothing>
  <id>
   259170237
  </id>
  <name>
   Lacoste Belts V-8667
  </name>
  <category>
   Belts
  </category>
  <size>
   S
  </size>
  <color>
   Оранжевый
  </color>
  <material>
   Хлопок
  </material>
  <price>
   661271
  </price>
  <rating>
   4.34
  </rating>
  <reviews>
   906426
  </reviews>
  <exclusive>
   yes
  </exclusive>
  <sporty>
   no
  </sporty>
 </clothing>
 <clothing>
  <id>
   678234795
  </id>
  <name>
   Lacoste Dress I-7282
  </name>
  <category>
   Dress
  </category>
  <size>
   L
  </size>
  <color>
   Зеленый
  </color>
  <material>
   Лен
  </material>
  <price>
   931384
  </price>
  <rating>
   1.8
  </rating>
  <reviews>
   939304
  </reviews>
  <new>
   -
  </new>
  <exclusive>
   no
  </exclusive>
 </clothing>
 <clothing>
  <id>
   299446149
  </id>
  <name>
   Puma Jeans T-1128
  </name>
  <category>
   Jeans
  </category>
  <size>
   M
  </size>
  <color>
   Фиолетовый
  </color>
  <material>
   Лен
  </material>
  <price>
   379660
  </price>
  <rating>
   2.37
  </rating>
  <reviews>
   71210
  </reviews>
  <new>
   +
  </new>
  <sporty>
   no
  </sporty>
 </clothing>
 <clothing>
  <id>
   473233262
  </id>
  <name>
   Reebok Skirt H-3426
  </name>
  <category>
   Skirt
  </category>
  <size>
   M
  </size>
  <color>
   Оранжевый
  </color>
  <material>
   Шелк
  </material>
  <price>
   124691
  </price>
  <rating>
   1.43
  </rating>
  <reviews>
   890232
  </reviews>
  <new>
   -
  </new>
  <sporty>
   yes
  </sporty>
 </clothing>
 <clothing>
  <id>
   320054876
  </id>
  <name>
   Under Armour Pants A-3227
  </name>
  <category>
   Pants
  </category>
  <size>
   XXL
  </size>
  <color>
   Голубой
  </color>
  <material>
   Кожа
  </material>
  <price>
   343463
  </price>
  <rating>
   2.67
  </rating>
  <reviews>
   501839
  </reviews>
  <exclusive>
   no
  </exclusive>
  <sporty>
   no
  </sporty>
 </clothing>
 <clothing>
  <id>
   588338516
  </id>
  <name>
   Brooks Jacket Q-8280
  </name>
  <category>
   Jacket
  </category>
  <size>
   XL
  </size>
  <color>
   Красный
  </color>
  <material>
   Вискоза
  </material>
  <price>
   680509
  </price>
  <rating>
   2.98
  </rating>
  <reviews>
   174250
  </reviews>
  <sporty>
   no
  </sporty>
 </clothing>
 <clothing>
  <id>
   204156796
  </id>
  <name>
   Adidas Skirt K-8816
  </name>
  <category>
   Skirt
  </category>
  <size>
   XXL
  </size>
  <color>
   Голубой
  </color>
  <material>
   Шерсть
  </material>
  <price>
   186760
  </price>
  <rating>
   2.87
  </rating>
  <reviews>
   948689
  </reviews>
  <new>
   +
  </new>
  <sporty>
   no
  </sporty>
 </clothing>
 <clothing>
  <id>
   148903097
  </id>
  <name>
   Lacoste Dress Y-8521
  </name>
  <category>
   Dress
  </category>
  <size>
   M
  </size>
  <color>
   Синий
  </color>
  <material>
   Хлопок
  </material>
  <price>
   967996
  </price>
  <rating>
   4.39
  </rating>
  <reviews>
   74758
  </reviews>
  <new>
   -
  </new>
  <sporty>
   no
  </sporty>
 </clothing>
 <clothing>
  <id>
   169534098
  </id>
  <name>
   Under Armour Skirt F-2209
  </name>
  <category>
   Skirt
  </category>
  <size>
   S
  </size>
  <color>
   Оранжевый
  </color>
  <material>
   Вискоза
  </material>
  <price>
   589229
  </price>
  <rating>
   1.57
  </rating>
  <reviews>
   685643
  </reviews>
  <new>
   +
  </new>
  <sporty>
   yes
  </sporty>
 </clothing>
 <clothing>
  <id>
   196277928
  </id>
  <name>
   Nike Skirt P-8940
  </name>
  <category>
   Skirt
  </category>
  <size>
   XXL
  </size>
  <color>
   Синий
  </color>
  <material>
   Шерсть
  </material>
  <price>
   826702
  </price>
  <rating>
   1.07
  </rating>
  <reviews>
   148278
  </reviews>
  <new>
   +
  </new>
  <sporty>
   no
  </sporty>
 </clothing>
 <clothing>
  <id>
   699205862
  </id>
  <name>
   Vans Shirt J-8670
  </name>
  <category>
   Shirt
  </category>
  <size>
   M
  </size>
  <color>
   Фиолетовый
  </color>
  <material>
   Нейлон
  </material>
  <price>
   559375
  </price>
  <rating>
   4.02
  </rating>
  <reviews>
   900734
  </reviews>
  <new>
   -
  </new>
  <exclusive>
   no
  </exclusive>
  <sporty>
   no
  </sporty>
 </clothing>
 <clothing>
  <id>
   431367093
  </id>
  <name>
   PleinSport T-shirt C-3213
  </name>
  <category>
   T-shirt
  </category>
  <size>
   XXL
  </size>
  <color>
   Красный
  </color>
  <material>
   Хлопок
  </material>
  <price>
   906655
  </price>
  <rating>
   3.32
  </rating>
  <reviews>
   106146
  </reviews>
  <new>
   -
  </new>
  <sporty>
   yes
  </sporty>
 </clothing>
 <clothing>
  <id>
   206731646
  </id>
  <name>
   DC Dress P-6895
  </name>
  <category>
   Dress
  </category>
  <size>
   XL
  </size>
  <color>
   Зеленый
  </color>
  <material>
   Полиэстер
  </material>
  <price>
   954738
  </price>
  <rating>
   5.0
  </rating>
  <reviews>
   98005
  </reviews>
  <exclusive>
   no
  </exclusive>
 </clothing>
 <clothing>
  <id>
   496562071
  </id>
  <name>
   Ellesse Gloves R-8346
  </name>
  <category>
   Gloves
  </category>
  <size>
   L
  </size>
  <color>
   Синий
  </color>
  <material>
   Вискоза
  </material>
  <price>
   157372
  </price>
  <rating>
   1.64
  </rating>
  <reviews>
   905120
  </reviews>
  <exclusive>
   yes
  </exclusive>
  <sporty>
   no
  </sporty>
 </clothing>
 <clothing>
  <id>
   430357685
  </id>
  <name>
   Vans Pants Q-9744
  </name>
  <category>
   Pants
  </category>
  <size>
   L
  </size>
  <color>
   Оранжевый
  </color>
  <material>
   Лен
  </material>
  <price>
   730631
  </price>
  <rating>
   4.21
  </rating>
  <reviews>
   512545
  </reviews>
  <new>
   -
  </new>
 </clothing>
 <clothing>
  <id>
   450553862
  </id>
  <name>
   Reebok Sweater F-6600
  </name>
  <category>
   Sweater
  </category>
  <size>
   XL
  </size>
  <color>
   Фиолетовый
  </color>
  <material>
   Нейлон
  </material>
  <price>
   554347
  </price>
  <rating>
   4.86
  </rating>
  <reviews>
   436663
  </reviews>
  <new>
   -
  </new>
  <exclusive>
   no
  </exclusive>
  <sporty>
   yes
  </sporty>
 </clothing>
 <clothing>
  <id>
   651725417
  </id>
  <name>
   Nike Handbags H-6456
  </name>
  <category>
   Handbags
  </category>
  <size>
   S
  </size>
  <color>
   Голубой
  </color>
  <material>
   Полиэстер
  </material>
  <price>
   771489
  </price>
  <rating>
   4.8
  </rating>
  <reviews>
   375190
  </reviews>
  <sporty>
   no
  </sporty>
 </clothing>
 <clothing>
  <id>
   755335693
  </id>
  <name>
   Converse Umbrellas X-4646
  </name>
  <category>
   Umbrellas
  </category>
  <size>
   L
  </size>
  <color>
   Зеленый
  </color>
  <material>
   Вискоза
  </material>
  <price>
   551759
  </price>
  <rating>
   2.87
  </rating>
  <reviews>
   826499
  </reviews>
  <new>
   -
  </new>
  <exclusive>
   no
  </exclusive>
 </clothing>
 <clothing>
  <id>
   437807269
  </id>
  <name>
   Under Armour Umbrellas N-4097
  </name>
  <category>
   Umbrellas
  </category>
  <size>
   S
  </size>
  <color>
   Оранжевый
  </color>
  <material>
   Лен
  </material>
  <price>
   284405
  </price>
  <rating>
   1.46
  </rating>
  <reviews>
   907114
  </reviews>
  <exclusive>
   yes
  </exclusive>
  <sporty>
   no
  </sporty>
 </clothing>
 <clothing>
  <id>
   487034762
  </id>
  <name>
   Vans Dress U-4318
  </name>
  <category>
   Dress
  </category>
  <size>
   XXL
  </size>
  <color>
   Зеленый
  </color>
  <material>
   Кожа
  </material>
  <price>
   562359
  </price>
  <rating>
   1.34
  </rating>
  <reviews>
   992608
  </reviews>
 </clothing>
 <clothing>
  <id>
   585442094
  </id>
  <name>
   Fila T-shirt U-3599
  </name>
  <category>
   T-shirt
  </category>
  <size>
   M
  </size>
  <color>
   Зеленый
  </color>
  <material>
   Лен
  </material>
  <price>
   805344
  </price>
  <rating>
   2.56
  </rating>
  <reviews>
   183145
  </reviews>
  <new>
   -
  </new>
  <exclusive>
   yes
  </exclusive>
  <sporty>
   yes
  </sporty>
 </clothing>
 <clothing>
  <id>
   527789661
  </id>
  <name>
   Vans Pants K-9919
  </name>
  <category>
   Pants
  </category>
  <size>
   S
  </size>
  <color>
   Оранжевый
  </color>
  <material>
   Шелк
  </material>
  <price>
   595134
  </price>
  <rating>
   1.17
  </rating>
  <reviews>
   84031
  </reviews>
  <sporty>
   no
  </sporty>
 </clothing>
 <clothing>
  <id>
   642704076
  </id>
  <name>
   Converse Hat R-1398
  </name>
  <category>
   Hat
  </category>
  <size>
   L
  </size>
  <color>
   Голубой
  </color>
  <material>
   Шелк
  </material>
  <price>
   376597
  </price>
  <rating>
   1.13
  </rating>
  <reviews>
   703946
  </reviews>
  <new>
   +
  </new>
  <exclusive>
   no
  </exclusive>
  <sporty>
   yes
  </sporty>
 </clothing>
 <clothing>
  <id>
   755079214
  </id>
  <name>
   Asics Belts L-8104
  </name>
  <category>
   Belts
  </category>
  <size>
   L
  </size>
  <color>
   Красный
  </color>
  <material>
   Хлопок
  </material>
  <price>
   632170
  </price>
  <rating>
   3.6
  </rating>
  <reviews>
   4325
  </reviews>
  <new>
   +
  </new>
  <exclusive>
   yes
  </exclusive>
 </clothing>
 <clothing>
  <id>
   235091059
  </id>
  <name>
   Addidas Jeans E-7224
  </name>
  <category>
   Jeans
  </category>
  <size>
   XL
  </size>
  <color>
   Красный
  </color>
  <material>
   Шерсть
  </material>
  <price>
   633866
  </price>
  <rating>
   1.46
  </rating>
  <reviews>
   165615
  </reviews>
 </clothing>
 <clothing>
  <id>
   604490184
  </id>
  <name>
   Fila Umbrellas C-3199
  </name>
  <category>
   Umbrellas
  </category>
  <size>
   L
  </size>
  <color>
   Синий
  </color>
  <material>
   Кожа
  </material>
  <price>
   326994
  </price>
  <rating>
   4.08
  </rating>
  <reviews>
   160033
  </reviews>
  <new>
   -
  </new>
  <exclusive>
   no
  </exclusive>
  <sporty>
   yes
  </sporty>
 </clothing>
 <clothing>
  <id>
   735210465
  </id>
  <name>
   Ellesse Blouse X-4096
  </name>
  <category>
   Blouse
  </category>
  <size>
   S
  </size>
  <color>
   Зеленый
  </color>
  <material>
   Шерсть
  </material>
  <price>
   211227
  </price>
  <rating>
   2.41
  </rating>
  <reviews>
   209522
  </reviews>
  <new>
   -
  </new>
  <sporty>
   no
  </sporty>
 </clothing>
 <clothing>
  <id>
   467178155
  </id>
  <name>
   Brooks Socks Q-1858
  </name>
  <category>
   Socks
  </category>
  <size>
   M
  </size>
  <color>
   Красный
  </color>
  <material>
   Вискоза
  </material>
  <price>
   713014
  </price>
  <rating>
   2.91
  </rating>
  <reviews>
   415725
  </reviews>
  <new>
   +
  </new>
  <sporty>
   no
  </sporty>
 </clothing>
 <clothing>
  <id>
   205903636
  </id>
  <name>
   Puma Socks R-8842
  </name>
  <category>
   Socks
  </category>
  <size>
   M
  </size>
  <color>
   Фиолетовый
  </color>
  <material>
   Полиэстер
  </material>
  <price>
   613096
  </price>
  <rating>
   1.91
  </rating>
  <reviews>
   230613
  </reviews>
  <sporty>
   no
  </sporty>
 </clothing>
 <clothing>
  <id>
   386034685
  </id>
  <name>
   Under Armour Pants N-4503
  </name>
  <category>
   Pants
  </category>
  <size>
   XXL
  </size>
  <color>
   Синий
  </color>
  <material>
   Вискоза
  </material>
  <price>
   400705
  </price>
  <rating>
   3.03
  </rating>
  <reviews>
   242393
  </reviews>
  <new>
   -
  </new>
  <exclusive>
   yes
  </exclusive>
 </clothing>
 <clothing>
  <id>
   502759348
  </id>
  <name>
   DC Gloves Z-4721
  </name>
  <category>
   Gloves
  </category>
  <size>
   XL
  </size>
  <color>
   Красный
  </color>
  <material>
   Вискоза
  </material>
  <price>
   422211
  </price>
  <rating>
   2.79
  </rating>
  <reviews>
   758926
  </reviews>
  <new>
   +
  </new>
  <exclusive>
   yes
  </exclusive>
 </clothing>
 <clothing>
  <id>
   555904192
  </id>
  <name>
   Asics T-shirt M-5174
  </name>
  <category>
   T-shirt
  </category>
  <size>
   XXL
  </size>
  <color>
   Фиолетовый
  </color>
  <material>
   Нейлон
  </material>
  <price>
   457904
  </price>
  <rating>
   3.83
  </rating>
  <reviews>
   782589
  </reviews>
  <exclusive>
   no
  </exclusive>
  <sporty>
   no
  </sporty>
 </clothing>
 <clothing>
  <id>
   845697837
  </id>
  <name>
   Asics Jeans O-8881
  </name>
  <category>
   Jeans
  </category>
  <size>
   XXL
  </size>
  <color>
   Оранжевый
  </color>
  <material>
   Шерсть
  </material>
  <price>
   432161
  </price>
  <rating>
   4.15
  </rating>
  <reviews>
   711415
  </reviews>
  <exclusive>
   no
  </exclusive>
  <sporty>
   no
  </sporty>
 </clothing>
 <clothing>
  <id>
   687708754
  </id>
  <name>
   Under Armour Pants X-9083
  </name>
  <category>
   Pants
  </category>
  <size>
   M
  </size>
  <color>
   Синий
  </color>
  <material>
   Кожа
  </material>
  <price>
   480643
  </price>
  <rating>
   4.02
  </rating>
  <reviews>
   140401
  </reviews>
  <exclusive>
   yes
  </exclusive>
 </clothing>
 <clothing>
  <id>
   324075370
  </id>
  <name>
   Nike Handbags Z-7186
  </name>
  <category>
   Handbags
  </category>
  <size>
   S
  </size>
  <color>
   Зеленый
  </color>
  <material>
   Кожа
  </material>
  <price>
   483091
  </price>
  <rating>
   4.24
  </rating>
  <reviews>
   425065
  </reviews>
  <new>
   -
  </new>
  <sporty>
   yes
  </sporty>
 </clothing>
</clothing-items>
