<?xml version="1.0" encoding="utf-8"?>
<clothing-items>
 <clothing>
  <id>
   704858412
  </id>
  <name>
   Under Armour Skirt U-9099
  </name>
  <category>
   Skirt
  </category>
  <size>
   M
  </size>
  <color>
   Голубой
  </color>
  <material>
   Хлопок
  </material>
  <price>
   113321
  </price>
  <rating>
   2.98
  </rating>
  <reviews>
   623332
  </reviews>
  <new>
   -
  </new>
  <exclusive>
   no
  </exclusive>
  <sporty>
   no
  </sporty>
 </clothing>
 <clothing>
  <id>
   959477002
  </id>
  <name>
   Converse Socks M-5355
  </name>
  <category>
   Socks
  </category>
  <size>
   M
  </size>
  <color>
   Зеленый
  </color>
  <material>
   Кожа
  </material>
  <price>
   248280
  </price>
  <rating>
   2.81
  </rating>
  <reviews>
   328407
  </reviews>
  <sporty>
   no
  </sporty>
 </clothing>
 <clothing>
  <id>
   221816454
  </id>
  <name>
   Vans Hat J-1964
  </name>
  <category>
   Hat
  </category>
  <size>
   XXL
  </size>
  <color>
   Фиолетовый
  </color>
  <material>
   Шерсть
  </material>
  <price>
   203658
  </price>
  <rating>
   4.91
  </rating>
  <reviews>
   717785
  </reviews>
  <new>
   +
  </new>
  <sporty>
   no
  </sporty>
 </clothing>
 <clothing>
  <id>
   396927783
  </id>
  <name>
   Reebok Hat C-4607
  </name>
  <category>
   Hat
  </category>
  <size>
   L
  </size>
  <color>
   Синий
  </color>
  <material>
   Лен
  </material>
  <price>
   669388
  </price>
  <rating>
   3.05
  </rating>
  <reviews>
   671073
  </reviews>
  <new>
   -
  </new>
  <exclusive>
   no
  </exclusive>
  <sporty>
   yes
  </sporty>
 </clothing>
 <clothing>
  <id>
   187485131
  </id>
  <name>
   Under Armour Blouse S-5233
  </name>
  <category>
   Blouse
  </category>
  <size>
   S
  </size>
  <color>
   Фиолетовый
  </color>
  <material>
   Лен
  </material>
  <price>
   390673
  </price>
  <rating>
   4.77
  </rating>
  <reviews>
   632438
  </reviews>
  <new>
   -
  </new>
  <exclusive>
   no
  </exclusive>
  <sporty>
   no
  </sporty>
 </clothing>
 <clothing>
  <id>
   354157334
  </id>
  <name>
   PleinSport Jeans A-1901
  </name>
  <category>
   Jeans
  </category>
  <size>
   XXL
  </size>
  <color>
   Зеленый
  </color>
  <material>
   Вискоза
  </material>
  <price>
   172564
  </price>
  <rating>
   3.11
  </rating>
  <reviews>
   636414
  </reviews>
  <new>
   -
  </new>
 </clothing>
 <clothing>
  <id>
   861431266
  </id>
  <name>
   Addidas Gloves V-2489
  </name>
  <category>
   Gloves
  </category>
  <size>
   M
  </size>
  <color>
   Оранжевый
  </color>
  <material>
   Кожа
  </material>
  <price>
   624948
  </price>
  <rating>
   4.7
  </rating>
  <reviews>
   808398
  </reviews>
  <new>
   -
  </new>
  <exclusive>
   yes
  </exclusive>
  <sporty>
   no
  </sporty>
 </clothing>
 <clothing>
  <id>
   566435078
  </id>
  <name>
   Brooks Shirt H-6438
  </name>
  <category>
   Shirt
  </category>
  <size>
   L
  </size>
  <color>
   Голубой
  </color>
  <material>
   Шелк
  </material>
  <price>
   723899
  </price>
  <rating>
   4.55
  </rating>
  <reviews>
   74472
  </reviews>
  <new>
   -
  </new>
  <exclusive>
   no
  </exclusive>
  <sporty>
   no
  </sporty>
 </clothing>
 <clothing>
  <id>
   448616393
  </id>
  <name>
   Puma Dress J-8200
  </name>
  <category>
   Dress
  </category>
  <size>
   S
  </size>
  <color>
   Красный
  </color>
  <material>
   Вискоза
  </material>
  <price>
   931763
  </price>
  <rating>
   2.44
  </rating>
  <reviews>
   461756
  </reviews>
  <new>
   -
  </new>
 </clothing>
 <clothing>
  <id>
   853963997
  </id>
  <name>
   Asics Gloves T-4162
  </name>
  <category>
   Gloves
  </category>
  <size>
   XL
  </size>
  <color>
   Зеленый
  </color>
  <material>
   Шерсть
  </material>
  <price>
   725987
  </price>
  <rating>
   1.26
  </rating>
  <reviews>
   7728
  </reviews>
  <new>
   +
  </new>
  <sporty>
   yes
  </sporty>
 </clothing>
 <clothing>
  <id>
   971084176
  </id>
  <name>
   Addidas Shirt C-6487
  </name>
  <category>
   Shirt
  </category>
  <size>
   XXL
  </size>
  <color>
   Желтый
  </color>
  <material>
   Вискоза
  </material>
  <price>
   515806
  </price>
  <rating>
   3.23
  </rating>
  <reviews>
   571980
  </reviews>
  <new>
   +
  </new>
  <sporty>
   yes
  </sporty>
 </clothing>
 <clothing>
  <id>
   984428915
  </id>
  <name>
   Ellesse Jeans K-1008
  </name>
  <category>
   Jeans
  </category>
  <size>
   L
  </size>
  <color>
   Фиолетовый
  </color>
  <material>
   Лен
  </material>
  <price>
   247746
  </price>
  <rating>
   2.44
  </rating>
  <reviews>
   530066
  </reviews>
  <new>
   +
  </new>
  <exclusive>
   yes
  </exclusive>
 </clothing>
 <clothing>
  <id>
   539784565
  </id>
  <name>
   DC Socks P-5709
  </name>
  <category>
   Socks
  </category>
  <size>
   XL
  </size>
  <color>
   Желтый
  </color>
  <material>
   Шелк
  </material>
  <price>
   565703
  </price>
  <rating>
   2.34
  </rating>
  <reviews>
   583779
  </reviews>
  <new>
   -
  </new>
  <exclusive>
   yes
  </exclusive>
 </clothing>
 <clothing>
  <id>
   701649487
  </id>
  <name>
   Asics Pants V-1473
  </name>
  <category>
   Pants
  </category>
  <size>
   S
  </size>
  <color>
   Зеленый
  </color>
  <material>
   Полиэстер
  </material>
  <price>
   268895
  </price>
  <rating>
   1.44
  </rating>
  <reviews>
   921810
  </reviews>
  <exclusive>
   no
  </exclusive>
  <sporty>
   yes
  </sporty>
 </clothing>
 <clothing>
  <id>
   445227817
  </id>
  <name>
   Converse Shoes P-5486
  </name>
  <category>
   Shoes
  </category>
  <size>
   M
  </size>
  <color>
   Фиолетовый
  </color>
  <material>
   Полиэстер
  </material>
  <price>
   377043
  </price>
  <rating>
   4.56
  </rating>
  <reviews>
   833292
  </reviews>
  <new>
   -
  </new>
  <exclusive>
   no
  </exclusive>
  <sporty>
   no
  </sporty>
 </clothing>
 <clothing>
  <id>
   647053709
  </id>
  <name>
   Under Armour Belts U-7851
  </name>
  <category>
   Belts
  </category>
  <size>
   XL
  </size>
  <color>
   Голубой
  </color>
  <material>
   Полиэстер
  </material>
  <price>
   189721
  </price>
  <rating>
   2.61
  </rating>
  <reviews>
   477544
  </reviews>
  <new>
   +
  </new>
  <exclusive>
   no
  </exclusive>
  <sporty>
   no
  </sporty>
 </clothing>
 <clothing>
  <id>
   302014216
  </id>
  <name>
   Addidas Umbrellas G-7080
  </name>
  <category>
   Umbrellas
  </category>
  <size>
   XL
  </size>
  <color>
   Фиолетовый
  </color>
  <material>
   Полиэстер
  </material>
  <price>
   520895
  </price>
  <rating>
   1.54
  </rating>
  <reviews>
   184720
  </reviews>
  <exclusive>
   no
  </exclusive>
 </clothing>
 <clothing>
  <id>
   702874730
  </id>
  <name>
   DC Dress I-9016
  </name>
  <category>
   Dress
  </category>
  <size>
   L
  </size>
  <color>
   Оранжевый
  </color>
  <material>
   Шелк
  </material>
  <price>
   393880
  </price>
  <rating>
   4.52
  </rating>
  <reviews>
   663864
  </reviews>
  <new>
   +
  </new>
  <exclusive>
   yes
  </exclusive>
 </clothing>
 <clothing>
  <id>
   239638688
  </id>
  <name>
   Under Armour Pants W-7794
  </name>
  <category>
   Pants
  </category>
  <size>
   S
  </size>
  <color>
   Синий
  </color>
  <material>
   Нейлон
  </material>
  <price>
   647182
  </price>
  <rating>
   3.17
  </rating>
  <reviews>
   396289
  </reviews>
  <exclusive>
   no
  </exclusive>
 </clothing>
 <clothing>
  <id>
   502643464
  </id>
  <name>
   Reebok Handbags W-3487
  </name>
  <category>
   Handbags
  </category>
  <size>
   L
  </size>
  <color>
   Оранжевый
  </color>
  <material>
   Полиэстер
  </material>
  <price>
   253740
  </price>
  <rating>
   2.53
  </rating>
  <reviews>
   284436
  </reviews>
  <exclusive>
   yes
  </exclusive>
  <sporty>
   yes
  </sporty>
 </clothing>
 <clothing>
  <id>
   163213342
  </id>
  <name>
   Reebok Hat M-8852
  </name>
  <category>
   Hat
  </category>
  <size>
   XL
  </size>
  <color>
   Красный
  </color>
  <material>
   Вискоза
  </material>
  <price>
   727897
  </price>
  <rating>
   2.64
  </rating>
  <reviews>
   85276
  </reviews>
  <exclusive>
   no
  </exclusive>
  <sporty>
   yes
  </sporty>
 </clothing>
 <clothing>
  <id>
   231956277
  </id>
  <name>
   New Balance Dress J-7198
  </name>
  <category>
   Dress
  </category>
  <size>
   XXL
  </size>
  <color>
   Красный
  </color>
  <material>
   Вискоза
  </material>
  <price>
   722200
  </price>
  <rating>
   1.51
  </rating>
  <reviews>
   849304
  </reviews>
  <exclusive>
   no
  </exclusive>
  <sporty>
   yes
  </sporty>
 </clothing>
 <clothing>
  <id>
   425306683
  </id>
  <name>
   Asics Handbags E-7108
  </name>
  <category>
   Handbags
  </category>
  <size>
   S
  </size>
  <color>
   Красный
  </color>
  <material>
   Шерсть
  </material>
  <price>
   671598
  </price>
  <rating>
   2.25
  </rating>
  <reviews>
   19259
  </reviews>
  <new>
   -
  </new>
  <exclusive>
   yes
  </exclusive>
  <sporty>
   no
  </sporty>
 </clothing>
 <clothing>
  <id>
   831248026
  </id>
  <name>
   Brooks Sweater Y-8355
  </name>
  <category>
   Sweater
  </category>
  <size>
   XL
  </size>
  <color>
   Голубой
  </color>
  <material>
   Лен
  </material>
  <price>
   121596
  </price>
  <rating>
   1.16
  </rating>
  <reviews>
   912510
  </reviews>
  <new>
   -
  </new>
  <exclusive>
   no
  </exclusive>
 </clothing>
 <clothing>
  <id>
   460150256
  </id>
  <name>
   Reebok Dress J-6656
  </name>
  <category>
   Dress
  </category>
  <size>
   M
  </size>
  <color>
   Оранжевый
  </color>
  <material>
   Хлопок
  </material>
  <price>
   856547
  </price>
  <rating>
   2.29
  </rating>
  <reviews>
   245792
  </reviews>
  <new>
   -
  </new>
  <exclusive>
   no
  </exclusive>
 </clothing>
 <clothing>
  <id>
   148679885
  </id>
  <name>
   Ellesse Gloves V-3757
  </name>
  <category>
   Gloves
  </category>
  <size>
   M
  </size>
  <color>
   Желтый
  </color>
  <material>
   Кожа
  </material>
  <price>
   986871
  </price>
  <rating>
   3.22
  </rating>
  <reviews>
   11078
  </reviews>
  <new>
   -
  </new>
  <exclusive>
   no
  </exclusive>
  <sporty>
   no
  </sporty>
 </clothing>
 <clothing>
  <id>
   997738190
  </id>
  <name>
   Converse Shirt G-5960
  </name>
  <category>
   Shirt
  </category>
  <size>
   S
  </size>
  <color>
   Желтый
  </color>
  <material>
   Нейлон
  </material>
  <price>
   363285
  </price>
  <rating>
   2.19
  </rating>
  <reviews>
   453847
  </reviews>
  <new>
   +
  </new>
 </clothing>
 <clothing>
  <id>
   927676068
  </id>
  <name>
   Asics Jeans D-7114
  </name>
  <category>
   Jeans
  </category>
  <size>
   S
  </size>
  <color>
   Синий
  </color>
  <material>
   Нейлон
  </material>
  <price>
   958231
  </price>
  <rating>
   3.09
  </rating>
  <reviews>
   358873
  </reviews>
 </clothing>
 <clothing>
  <id>
   642094397
  </id>
  <name>
   Reebok Dress F-1418
  </name>
  <category>
   Dress
  </category>
  <size>
   L
  </size>
  <color>
   Красный
  </color>
  <material>
   Нейлон
  </material>
  <price>
   126002
  </price>
  <rating>
   3.91
  </rating>
  <reviews>
   324162
  </reviews>
  <new>
   -
  </new>
  <sporty>
   no
  </sporty>
 </clothing>
 <clothing>
  <id>
   766884139
  </id>
  <name>
   Addidas Belts O-4374
  </name>
  <category>
   Belts
  </category>
  <size>
   L
  </size>
  <color>
   Синий
  </color>
  <material>
   Хлопок
  </material>
  <price>
   231039
  </price>
  <rating>
   3.88
  </rating>
  <reviews>
   378424
  </reviews>
  <new>
   -
  </new>
  <exclusive>
   no
  </exclusive>
 </clothing>
 <clothing>
  <id>
   202533959
  </id>
  <name>
   Under Armour Shoes Q-8199
  </name>
  <category>
   Shoes
  </category>
  <size>
   XXL
  </size>
  <color>
   Фиолетовый
  </color>
  <material>
   Лен
  </material>
  <price>
   968740
  </price>
  <rating>
   1.17
  </rating>
  <reviews>
   607854
  </reviews>
  <new>
   +
  </new>
  <exclusive>
   yes
  </exclusive>
  <sporty>
   no
  </sporty>
 </clothing>
 <clothing>
  <id>
   921526333
  </id>
  <name>
   Nike Gloves U-3057
  </name>
  <category>
   Gloves
  </category>
  <size>
   XXL
  </size>
  <color>
   Голубой
  </color>
  <material>
   Шелк
  </material>
  <price>
   376800
  </price>
  <rating>
   3.07
  </rating>
  <reviews>
   674069
  </reviews>
  <exclusive>
   no
  </exclusive>
  <sporty>
   yes
  </sporty>
 </clothing>
 <clothing>
  <id>
   297812799
  </id>
  <name>
   Brooks Sweater Q-1079
  </name>
  <category>
   Sweater
  </category>
  <size>
   M
  </size>
  <color>
   Фиолетовый
  </color>
  <material>
   Полиэстер
  </material>
  <price>
   238802
  </price>
  <rating>
   3.5
  </rating>
  <reviews>
   361674
  </reviews>
  <new>
   +
  </new>
  <exclusive>
   no
  </exclusive>
  <sporty>
   no
  </sporty>
 </clothing>
 <clothing>
  <id>
   924065975
  </id>
  <name>
   Ellesse T-shirt P-5975
  </name>
  <category>
   T-shirt
  </category>
  <size>
   M
  </size>
  <color>
   Оранжевый
  </color>
  <material>
   Кожа
  </material>
  <price>
   884379
  </price>
  <rating>
   1.1
  </rating>
  <reviews>
   506868
  </reviews>
  <new>
   -
  </new>
  <sporty>
   yes
  </sporty>
 </clothing>
</clothing-items>
