<?xml version="1.0" encoding="utf-8"?>
<clothing-items>
 <clothing>
  <id>
   322890201
  </id>
  <name>
   Reebok Skirt Y-3962
  </name>
  <category>
   Skirt
  </category>
  <size>
   XL
  </size>
  <color>
   Желтый
  </color>
  <material>
   Полиэстер
  </material>
  <price>
   745275
  </price>
  <rating>
   2.23
  </rating>
  <reviews>
   326173
  </reviews>
  <sporty>
   yes
  </sporty>
 </clothing>
 <clothing>
  <id>
   380226186
  </id>
  <name>
   Fila Shirt G-8688
  </name>
  <category>
   Shirt
  </category>
  <size>
   L
  </size>
  <color>
   Синий
  </color>
  <material>
   Полиэстер
  </material>
  <price>
   243977
  </price>
  <rating>
   2.6
  </rating>
  <reviews>
   848629
  </reviews>
  <new>
   +
  </new>
  <exclusive>
   no
  </exclusive>
  <sporty>
   yes
  </sporty>
 </clothing>
 <clothing>
  <id>
   240836103
  </id>
  <name>
   Addidas Socks L-1911
  </name>
  <category>
   Socks
  </category>
  <size>
   M
  </size>
  <color>
   Голубой
  </color>
  <material>
   Лен
  </material>
  <price>
   315512
  </price>
  <rating>
   4.77
  </rating>
  <reviews>
   522789
  </reviews>
  <new>
   -
  </new>
  <exclusive>
   yes
  </exclusive>
  <sporty>
   yes
  </sporty>
 </clothing>
 <clothing>
  <id>
   150852892
  </id>
  <name>
   Converse Pants C-9498
  </name>
  <category>
   Pants
  </category>
  <size>
   L
  </size>
  <color>
   Фиолетовый
  </color>
  <material>
   Нейлон
  </material>
  <price>
   424523
  </price>
  <rating>
   4.7
  </rating>
  <reviews>
   954567
  </reviews>
  <exclusive>
   no
  </exclusive>
 </clothing>
 <clothing>
  <id>
   187833256
  </id>
  <name>
   Adidas Shoes T-9318
  </name>
  <category>
   Shoes
  </category>
  <size>
   M
  </size>
  <color>
   Синий
  </color>
  <material>
   Шерсть
  </material>
  <price>
   977511
  </price>
  <rating>
   4.1
  </rating>
  <reviews>
   679972
  </reviews>
  <new>
   +
  </new>
  <exclusive>
   yes
  </exclusive>
 </clothing>
 <clothing>
  <id>
   849153364
  </id>
  <name>
   Fila T-shirt G-5294
  </name>
  <category>
   T-shirt
  </category>
  <size>
   M
  </size>
  <color>
   Синий
  </color>
  <material>
   Вискоза
  </material>
  <price>
   514763
  </price>
  <rating>
   2.6
  </rating>
  <reviews>
   582383
  </reviews>
  <new>
   -
  </new>
 </clothing>
 <clothing>
  <id>
   944710138
  </id>
  <name>
   Asics Hat G-5022
  </name>
  <category>
   Hat
  </category>
  <size>
   S
  </size>
  <color>
   Синий
  </color>
  <material>
   Кожа
  </material>
  <price>
   754868
  </price>
  <rating>
   1.47
  </rating>
  <reviews>
   786421
  </reviews>
 </clothing>
 <clothing>
  <id>
   890465418
  </id>
  <name>
   Reebok Shoes G-6004
  </name>
  <category>
   Shoes
  </category>
  <size>
   S
  </size>
  <color>
   Зеленый
  </color>
  <material>
   Полиэстер
  </material>
  <price>
   786414
  </price>
  <rating>
   1.31
  </rating>
  <reviews>
   652880
  </reviews>
  <exclusive>
   no
  </exclusive>
 </clothing>
 <clothing>
  <id>
   657972877
  </id>
  <name>
   Fila Skirt A-5200
  </name>
  <category>
   Skirt
  </category>
  <size>
   XL
  </size>
  <color>
   Фиолетовый
  </color>
  <material>
   Кожа
  </material>
  <price>
   304892
  </price>
  <rating>
   3.72
  </rating>
  <reviews>
   245397
  </reviews>
  <new>
   -
  </new>
  <exclusive>
   no
  </exclusive>
  <sporty>
   yes
  </sporty>
 </clothing>
 <clothing>
  <id>
   124351871
  </id>
  <name>
   Lacoste Sweater V-5417
  </name>
  <category>
   Sweater
  </category>
  <size>
   S
  </size>
  <color>
   Фиолетовый
  </color>
  <material>
   Нейлон
  </material>
  <price>
   531441
  </price>
  <rating>
   2.3
  </rating>
  <reviews>
   286547
  </reviews>
  <exclusive>
   no
  </exclusive>
 </clothing>
 <clothing>
  <id>
   456294751
  </id>
  <name>
   Converse Socks I-8180
  </name>
  <category>
   Socks
  </category>
  <size>
   XL
  </size>
  <color>
   Фиолетовый
  </color>
  <material>
   Шелк
  </material>
  <price>
   919614
  </price>
  <rating>
   1.84
  </rating>
  <reviews>
   854910
  </reviews>
  <new>
   +
  </new>
  <exclusive>
   no
  </exclusive>
  <sporty>
   yes
  </sporty>
 </clothing>
 <clothing>
  <id>
   264592842
  </id>
  <name>
   Nike Handbags Z-2184
  </name>
  <category>
   Handbags
  </category>
  <size>
   XXL
  </size>
  <color>
   Оранжевый
  </color>
  <material>
   Кожа
  </material>
  <price>
   815910
  </price>
  <rating>
   3.22
  </rating>
  <reviews>
   864590
  </reviews>
  <new>
   +
  </new>
 </clothing>
 <clothing>
  <id>
   158191713
  </id>
  <name>
   Brooks Hat O-8031
  </name>
  <category>
   Hat
  </category>
  <size>
   XXL
  </size>
  <color>
   Фиолетовый
  </color>
  <material>
   Шерсть
  </material>
  <price>
   719041
  </price>
  <rating>
   4.79
  </rating>
  <reviews>
   356126
  </reviews>
  <exclusive>
   yes
  </exclusive>
  <sporty>
   yes
  </sporty>
 </clothing>
 <clothing>
  <id>
   403903043
  </id>
  <name>
   Asics Sweater C-3233
  </name>
  <category>
   Sweater
  </category>
  <size>
   S
  </size>
  <color>
   Голубой
  </color>
  <material>
   Лен
  </material>
  <price>
   554910
  </price>
  <rating>
   3.77
  </rating>
  <reviews>
   156891
  </reviews>
  <new>
   -
  </new>
  <exclusive>
   yes
  </exclusive>
 </clothing>
 <clothing>
  <id>
   588451371
  </id>
  <name>
   Converse Dress X-5327
  </name>
  <category>
   Dress
  </category>
  <size>
   S
  </size>
  <color>
   Зеленый
  </color>
  <material>
   Кожа
  </material>
  <price>
   128944
  </price>
  <rating>
   4.38
  </rating>
  <reviews>
   246486
  </reviews>
  <new>
   -
  </new>
  <exclusive>
   no
  </exclusive>
 </clothing>
 <clothing>
  <id>
   839833245
  </id>
  <name>
   Reebok Dress T-9347
  </name>
  <category>
   Dress
  </category>
  <size>
   XL
  </size>
  <color>
   Оранжевый
  </color>
  <material>
   Кожа
  </material>
  <price>
   455838
  </price>
  <rating>
   2.44
  </rating>
  <reviews>
   199582
  </reviews>
  <exclusive>
   no
  </exclusive>
  <sporty>
   no
  </sporty>
 </clothing>
 <clothing>
  <id>
   426919467
  </id>
  <name>
   Vans Jacket S-7792
  </name>
  <category>
   Jacket
  </category>
  <size>
   L
  </size>
  <color>
   Фиолетовый
  </color>
  <material>
   Полиэстер
  </material>
  <price>
   889267
  </price>
  <rating>
   4.88
  </rating>
  <reviews>
   488243
  </reviews>
 </clothing>
 <clothing>
  <id>
   274468980
  </id>
  <name>
   New Balance Gloves I-4772
  </name>
  <category>
   Gloves
  </category>
  <size>
   XL
  </size>
  <color>
   Красный
  </color>
  <material>
   Шерсть
  </material>
  <price>
   935942
  </price>
  <rating>
   4.87
  </rating>
  <reviews>
   208832
  </reviews>
  <sporty>
   no
  </sporty>
 </clothing>
 <clothing>
  <id>
   720500561
  </id>
  <name>
   Addidas Skirt Y-6449
  </name>
  <category>
   Skirt
  </category>
  <size>
   L
  </size>
  <color>
   Синий
  </color>
  <material>
   Кожа
  </material>
  <price>
   936963
  </price>
  <rating>
   4.58
  </rating>
  <reviews>
   496757
  </reviews>
 </clothing>
 <clothing>
  <id>
   791945250
  </id>
  <name>
   Fila Skirt W-5313
  </name>
  <category>
   Skirt
  </category>
  <size>
   XXL
  </size>
  <color>
   Зеленый
  </color>
  <material>
   Вискоза
  </material>
  <price>
   345694
  </price>
  <rating>
   1.05
  </rating>
  <reviews>
   97184
  </reviews>
  <new>
   +
  </new>
  <exclusive>
   no
  </exclusive>
  <sporty>
   no
  </sporty>
 </clothing>
 <clothing>
  <id>
   345365580
  </id>
  <name>
   Reebok Hat E-5162
  </name>
  <category>
   Hat
  </category>
  <size>
   XL
  </size>
  <color>
   Красный
  </color>
  <material>
   Шерсть
  </material>
  <price>
   447022
  </price>
  <rating>
   1.22
  </rating>
  <reviews>
   358292
  </reviews>
  <new>
   -
  </new>
  <exclusive>
   no
  </exclusive>
 </clothing>
 <clothing>
  <id>
   467655324
  </id>
  <name>
   Nike Blouse J-5162
  </name>
  <category>
   Blouse
  </category>
  <size>
   L
  </size>
  <color>
   Синий
  </color>
  <material>
   Вискоза
  </material>
  <price>
   881794
  </price>
  <rating>
   4.15
  </rating>
  <reviews>
   251218
  </reviews>
  <new>
   -
  </new>
 </clothing>
 <clothing>
  <id>
   574950654
  </id>
  <name>
   Nike Pants B-9725
  </name>
  <category>
   Pants
  </category>
  <size>
   S
  </size>
  <color>
   Синий
  </color>
  <material>
   Полиэстер
  </material>
  <price>
   691324
  </price>
  <rating>
   3.78
  </rating>
  <reviews>
   466697
  </reviews>
  <exclusive>
   no
  </exclusive>
  <sporty>
   no
  </sporty>
 </clothing>
 <clothing>
  <id>
   561333998
  </id>
  <name>
   New Balance Blouse B-5666
  </name>
  <category>
   Blouse
  </category>
  <size>
   XL
  </size>
  <color>
   Голубой
  </color>
  <material>
   Нейлон
  </material>
  <price>
   247064
  </price>
  <rating>
   1.54
  </rating>
  <reviews>
   777441
  </reviews>
  <new>
   -
  </new>
  <exclusive>
   no
  </exclusive>
  <sporty>
   yes
  </sporty>
 </clothing>
 <clothing>
  <id>
   577063926
  </id>
  <name>
   Adidas Handbags Y-9380
  </name>
  <category>
   Handbags
  </category>
  <size>
   XXL
  </size>
  <color>
   Оранжевый
  </color>
  <material>
   Шерсть
  </material>
  <price>
   690657
  </price>
  <rating>
   2.37
  </rating>
  <reviews>
   164972
  </reviews>
  <new>
   -
  </new>
  <exclusive>
   no
  </exclusive>
 </clothing>
 <clothing>
  <id>
   102066724
  </id>
  <name>
   PleinSport Hat K-2443
  </name>
  <category>
   Hat
  </category>
  <size>
   M
  </size>
  <color>
   Синий
  </color>
  <material>
   Лен
  </material>
  <price>
   869425
  </price>
  <rating>
   2.63
  </rating>
  <reviews>
   610304
  </reviews>
  <new>
   +
  </new>
  <exclusive>
   yes
  </exclusive>
 </clothing>
 <clothing>
  <id>
   769179113
  </id>
  <name>
   DC Handbags W-2832
  </name>
  <category>
   Handbags
  </category>
  <size>
   XXL
  </size>
  <color>
   Синий
  </color>
  <material>
   Шелк
  </material>
  <price>
   744718
  </price>
  <rating>
   1.01
  </rating>
  <reviews>
   130039
  </reviews>
 </clothing>
 <clothing>
  <id>
   513668454
  </id>
  <name>
   Nike T-shirt O-7385
  </name>
  <category>
   T-shirt
  </category>
  <size>
   M
  </size>
  <color>
   Синий
  </color>
  <material>
   Нейлон
  </material>
  <price>
   906725
  </price>
  <rating>
   2.91
  </rating>
  <reviews>
   395153
  </reviews>
  <new>
   +
  </new>
  <exclusive>
   yes
  </exclusive>
 </clothing>
 <clothing>
  <id>
   315922013
  </id>
  <name>
   PleinSport Shirt X-7913
  </name>
  <category>
   Shirt
  </category>
  <size>
   L
  </size>
  <color>
   Красный
  </color>
  <material>
   Лен
  </material>
  <price>
   987612
  </price>
  <rating>
   4.63
  </rating>
  <reviews>
   12337
  </reviews>
  <new>
   -
  </new>
  <exclusive>
   no
  </exclusive>
  <sporty>
   no
  </sporty>
 </clothing>
 <clothing>
  <id>
   773933763
  </id>
  <name>
   Ellesse Hat G-7424
  </name>
  <category>
   Hat
  </category>
  <size>
   L
  </size>
  <color>
   Красный
  </color>
  <material>
   Полиэстер
  </material>
  <price>
   841406
  </price>
  <rating>
   2.55
  </rating>
  <reviews>
   843835
  </reviews>
  <exclusive>
   no
  </exclusive>
  <sporty>
   no
  </sporty>
 </clothing>
</clothing-items>
