<?xml version="1.0" encoding="utf-8"?>
<clothing-items>
 <clothing>
  <id>
   676788538
  </id>
  <name>
   Adidas Blouse H-9786
  </name>
  <category>
   Blouse
  </category>
  <size>
   XL
  </size>
  <color>
   Голубой
  </color>
  <material>
   Шерсть
  </material>
  <price>
   783154
  </price>
  <rating>
   3.42
  </rating>
  <reviews>
   693686
  </reviews>
  <exclusive>
   yes
  </exclusive>
  <sporty>
   no
  </sporty>
 </clothing>
 <clothing>
  <id>
   233081949
  </id>
  <name>
   Asics Gloves Z-9791
  </name>
  <category>
   Gloves
  </category>
  <size>
   XL
  </size>
  <color>
   Оранжевый
  </color>
  <material>
   Полиэстер
  </material>
  <price>
   721698
  </price>
  <rating>
   1.17
  </rating>
  <reviews>
   632146
  </reviews>
  <new>
   -
  </new>
  <sporty>
   no
  </sporty>
 </clothing>
 <clothing>
  <id>
   776059856
  </id>
  <name>
   Fila Umbrellas J-5005
  </name>
  <category>
   Umbrellas
  </category>
  <size>
   S
  </size>
  <color>
   Синий
  </color>
  <material>
   Вискоза
  </material>
  <price>
   264037
  </price>
  <rating>
   3.85
  </rating>
  <reviews>
   381528
  </reviews>
  <exclusive>
   no
  </exclusive>
  <sporty>
   yes
  </sporty>
 </clothing>
 <clothing>
  <id>
   758177181
  </id>
  <name>
   Converse Shirt S-6545
  </name>
  <category>
   Shirt
  </category>
  <size>
   S
  </size>
  <color>
   Зеленый
  </color>
  <material>
   Хлопок
  </material>
  <price>
   812569
  </price>
  <rating>
   4.45
  </rating>
  <reviews>
   850324
  </reviews>
  <new>
   -
  </new>
  <sporty>
   no
  </sporty>
 </clothing>
 <clothing>
  <id>
   679842219
  </id>
  <name>
   Addidas Belts K-8631
  </name>
  <category>
   Belts
  </category>
  <size>
   S
  </size>
  <color>
   Синий
  </color>
  <material>
   Нейлон
  </material>
  <price>
   240386
  </price>
  <rating>
   4.41
  </rating>
  <reviews>
   617360
  </reviews>
  <exclusive>
   no
  </exclusive>
  <sporty>
   no
  </sporty>
 </clothing>
 <clothing>
  <id>
   780991862
  </id>
  <name>
   Vans Jacket N-4926
  </name>
  <category>
   Jacket
  </category>
  <size>
   L
  </size>
  <color>
   Оранжевый
  </color>
  <material>
   Хлопок
  </material>
  <price>
   949806
  </price>
  <rating>
   2.55
  </rating>
  <reviews>
   1722
  </reviews>
  <sporty>
   yes
  </sporty>
 </clothing>
 <clothing>
  <id>
   498920402
  </id>
  <name>
   New Balance Dress U-1489
  </name>
  <category>
   Dress
  </category>
  <size>
   L
  </size>
  <color>
   Красный
  </color>
  <material>
   Нейлон
  </material>
  <price>
   198720
  </price>
  <rating>
   4.75
  </rating>
  <reviews>
   252678
  </reviews>
  <exclusive>
   no
  </exclusive>
  <sporty>
   no
  </sporty>
 </clothing>
 <clothing>
  <id>
   249132880
  </id>
  <name>
   Vans Pants B-4663
  </name>
  <category>
   Pants
  </category>
  <size>
   XXL
  </size>
  <color>
   Голубой
  </color>
  <material>
   Хлопок
  </material>
  <price>
   165525
  </price>
  <rating>
   4.69
  </rating>
  <reviews>
   697859
  </reviews>
  <new>
   +
  </new>
  <exclusive>
   no
  </exclusive>
  <sporty>
   no
  </sporty>
 </clothing>
 <clothing>
  <id>
   195991076
  </id>
  <name>
   Ellesse Shoes J-6323
  </name>
  <category>
   Shoes
  </category>
  <size>
   XL
  </size>
  <color>
   Фиолетовый
  </color>
  <material>
   Шерсть
  </material>
  <price>
   540403
  </price>
  <rating>
   3.82
  </rating>
  <reviews>
   962452
  </reviews>
  <sporty>
   no
  </sporty>
 </clothing>
 <clothing>
  <id>
   849781633
  </id>
  <name>
   Brooks Belts K-8647
  </name>
  <category>
   Belts
  </category>
  <size>
   M
  </size>
  <color>
   Зеленый
  </color>
  <material>
   Шелк
  </material>
  <price>
   332291
  </price>
  <rating>
   4.0
  </rating>
  <reviews>
   736364
  </reviews>
  <new>
   +
  </new>
  <sporty>
   yes
  </sporty>
 </clothing>
</clothing-items>
