<?xml version="1.0" encoding="utf-8"?>
<clothing-items>
 <clothing>
  <id>
   788698030
  </id>
  <name>
   PleinSport T-shirt U-9761
  </name>
  <category>
   T-shirt
  </category>
  <size>
   XXL
  </size>
  <color>
   Голубой
  </color>
  <material>
   Кожа
  </material>
  <price>
   910410
  </price>
  <rating>
   1.47
  </rating>
  <reviews>
   35948
  </reviews>
  <exclusive>
   no
  </exclusive>
 </clothing>
 <clothing>
  <id>
   857901919
  </id>
  <name>
   Brooks Blouse X-2025
  </name>
  <category>
   Blouse
  </category>
  <size>
   S
  </size>
  <color>
   Зеленый
  </color>
  <material>
   Хлопок
  </material>
  <price>
   489117
  </price>
  <rating>
   3.17
  </rating>
  <reviews>
   320693
  </reviews>
  <new>
   +
  </new>
  <sporty>
   no
  </sporty>
 </clothing>
 <clothing>
  <id>
   565311192
  </id>
  <name>
   Adidas Skirt U-4404
  </name>
  <category>
   Skirt
  </category>
  <size>
   XXL
  </size>
  <color>
   Оранжевый
  </color>
  <material>
   Хлопок
  </material>
  <price>
   132463
  </price>
  <rating>
   1.66
  </rating>
  <reviews>
   878485
  </reviews>
  <exclusive>
   yes
  </exclusive>
  <sporty>
   no
  </sporty>
 </clothing>
 <clothing>
  <id>
   467734439
  </id>
  <name>
   Lacoste T-shirt E-4813
  </name>
  <category>
   T-shirt
  </category>
  <size>
   S
  </size>
  <color>
   Фиолетовый
  </color>
  <material>
   Кожа
  </material>
  <price>
   934936
  </price>
  <rating>
   1.9
  </rating>
  <reviews>
   550350
  </reviews>
  <new>
   -
  </new>
  <sporty>
   no
  </sporty>
 </clothing>
 <clothing>
  <id>
   524238112
  </id>
  <name>
   PleinSport Skirt I-7351
  </name>
  <category>
   Skirt
  </category>
  <size>
   XXL
  </size>
  <color>
   Оранжевый
  </color>
  <material>
   Кожа
  </material>
  <price>
   355968
  </price>
  <rating>
   1.87
  </rating>
  <reviews>
   239237
  </reviews>
  <exclusive>
   yes
  </exclusive>
  <sporty>
   no
  </sporty>
 </clothing>
 <clothing>
  <id>
   975115924
  </id>
  <name>
   Asics Shirt R-3920
  </name>
  <category>
   Shirt
  </category>
  <size>
   XL
  </size>
  <color>
   Голубой
  </color>
  <material>
   Полиэстер
  </material>
  <price>
   243005
  </price>
  <rating>
   4.44
  </rating>
  <reviews>
   404566
  </reviews>
  <sporty>
   yes
  </sporty>
 </clothing>
 <clothing>
  <id>
   674930740
  </id>
  <name>
   Vans Dress P-7418
  </name>
  <category>
   Dress
  </category>
  <size>
   XXL
  </size>
  <color>
   Оранжевый
  </color>
  <material>
   Вискоза
  </material>
  <price>
   958818
  </price>
  <rating>
   2.17
  </rating>
  <reviews>
   895371
  </reviews>
  <exclusive>
   yes
  </exclusive>
  <sporty>
   no
  </sporty>
 </clothing>
 <clothing>
  <id>
   334250877
  </id>
  <name>
   Reebok Skirt T-3728
  </name>
  <category>
   Skirt
  </category>
  <size>
   XXL
  </size>
  <color>
   Синий
  </color>
  <material>
   Шелк
  </material>
  <price>
   900801
  </price>
  <rating>
   1.07
  </rating>
  <reviews>
   173117
  </reviews>
  <new>
   -
  </new>
  <exclusive>
   yes
  </exclusive>
 </clothing>
 <clothing>
  <id>
   561759917
  </id>
  <name>
   Puma Pants A-5787
  </name>
  <category>
   Pants
  </category>
  <size>
   M
  </size>
  <color>
   Оранжевый
  </color>
  <material>
   Шерсть
  </material>
  <price>
   180323
  </price>
  <rating>
   4.14
  </rating>
  <reviews>
   859846
  </reviews>
  <new>
   -
  </new>
 </clothing>
 <clothing>
  <id>
   322733487
  </id>
  <name>
   Ellesse Shoes Y-4251
  </name>
  <category>
   Shoes
  </category>
  <size>
   S
  </size>
  <color>
   Фиолетовый
  </color>
  <material>
   Шерсть
  </material>
  <price>
   840504
  </price>
  <rating>
   1.35
  </rating>
  <reviews>
   252691
  </reviews>
  <exclusive>
   no
  </exclusive>
  <sporty>
   yes
  </sporty>
 </clothing>
 <clothing>
  <id>
   603461647
  </id>
  <name>
   Converse Dress G-9202
  </name>
  <category>
   Dress
  </category>
  <size>
   M
  </size>
  <color>
   Красный
  </color>
  <material>
   Кожа
  </material>
  <price>
   773598
  </price>
  <rating>
   3.63
  </rating>
  <reviews>
   437653
  </reviews>
  <exclusive>
   no
  </exclusive>
  <sporty>
   yes
  </sporty>
 </clothing>
 <clothing>
  <id>
   179942560
  </id>
  <name>
   Vans Socks Y-5796
  </name>
  <category>
   Socks
  </category>
  <size>
   S
  </size>
  <color>
   Оранжевый
  </color>
  <material>
   Нейлон
  </material>
  <price>
   778263
  </price>
  <rating>
   4.83
  </rating>
  <reviews>
   507981
  </reviews>
  <exclusive>
   no
  </exclusive>
  <sporty>
   no
  </sporty>
 </clothing>
 <clothing>
  <id>
   306498841
  </id>
  <name>
   Lacoste Jeans C-9207
  </name>
  <category>
   Jeans
  </category>
  <size>
   XXL
  </size>
  <color>
   Фиолетовый
  </color>
  <material>
   Хлопок
  </material>
  <price>
   282681
  </price>
  <rating>
   3.16
  </rating>
  <reviews>
   642164
  </reviews>
  <new>
   -
  </new>
  <exclusive>
   yes
  </exclusive>
  <sporty>
   no
  </sporty>
 </clothing>
 <clothing>
  <id>
   211855605
  </id>
  <name>
   Under Armour Dress T-6170
  </name>
  <category>
   Dress
  </category>
  <size>
   M
  </size>
  <color>
   Зеленый
  </color>
  <material>
   Нейлон
  </material>
  <price>
   325908
  </price>
  <rating>
   4.67
  </rating>
  <reviews>
   143686
  </reviews>
  <exclusive>
   yes
  </exclusive>
  <sporty>
   no
  </sporty>
 </clothing>
 <clothing>
  <id>
   509235317
  </id>
  <name>
   Lacoste Belts M-3440
  </name>
  <category>
   Belts
  </category>
  <size>
   XXL
  </size>
  <color>
   Желтый
  </color>
  <material>
   Нейлон
  </material>
  <price>
   679647
  </price>
  <rating>
   1.83
  </rating>
  <reviews>
   699486
  </reviews>
  <new>
   -
  </new>
 </clothing>
 <clothing>
  <id>
   177358404
  </id>
  <name>
   Ellesse Gloves S-6364
  </name>
  <category>
   Gloves
  </category>
  <size>
   L
  </size>
  <color>
   Оранжевый
  </color>
  <material>
   Нейлон
  </material>
  <price>
   540956
  </price>
  <rating>
   2.64
  </rating>
  <reviews>
   466067
  </reviews>
  <new>
   +
  </new>
 </clothing>
 <clothing>
  <id>
   746100100
  </id>
  <name>
   Nike Sweater O-7015
  </name>
  <category>
   Sweater
  </category>
  <size>
   M
  </size>
  <color>
   Фиолетовый
  </color>
  <material>
   Шерсть
  </material>
  <price>
   677737
  </price>
  <rating>
   1.26
  </rating>
  <reviews>
   153895
  </reviews>
  <sporty>
   yes
  </sporty>
 </clothing>
 <clothing>
  <id>
   786435739
  </id>
  <name>
   DC Sweater P-9022
  </name>
  <category>
   Sweater
  </category>
  <size>
   XL
  </size>
  <color>
   Синий
  </color>
  <material>
   Кожа
  </material>
  <price>
   882797
  </price>
  <rating>
   2.64
  </rating>
  <reviews>
   87147
  </reviews>
  <new>
   -
  </new>
  <sporty>
   no
  </sporty>
 </clothing>
 <clothing>
  <id>
   536048467
  </id>
  <name>
   DC Sweater J-7614
  </name>
  <category>
   Sweater
  </category>
  <size>
   S
  </size>
  <color>
   Зеленый
  </color>
  <material>
   Кожа
  </material>
  <price>
   939617
  </price>
  <rating>
   3.0
  </rating>
  <reviews>
   513047
  </reviews>
  <new>
   +
  </new>
 </clothing>
 <clothing>
  <id>
   611042455
  </id>
  <name>
   Reebok Shoes O-2059
  </name>
  <category>
   Shoes
  </category>
  <size>
   M
  </size>
  <color>
   Синий
  </color>
  <material>
   Лен
  </material>
  <price>
   916787
  </price>
  <rating>
   3.15
  </rating>
  <reviews>
   78470
  </reviews>
  <sporty>
   yes
  </sporty>
 </clothing>
 <clothing>
  <id>
   130346875
  </id>
  <name>
   Under Armour Sweater A-9890
  </name>
  <category>
   Sweater
  </category>
  <size>
   XXL
  </size>
  <color>
   Оранжевый
  </color>
  <material>
   Кожа
  </material>
  <price>
   494824
  </price>
  <rating>
   1.66
  </rating>
  <reviews>
   398007
  </reviews>
  <new>
   +
  </new>
 </clothing>
 <clothing>
  <id>
   329666963
  </id>
  <name>
   Asics Jeans N-3101
  </name>
  <category>
   Jeans
  </category>
  <size>
   S
  </size>
  <color>
   Синий
  </color>
  <material>
   Шерсть
  </material>
  <price>
   776848
  </price>
  <rating>
   4.83
  </rating>
  <reviews>
   701814
  </reviews>
  <new>
   -
  </new>
 </clothing>
 <clothing>
  <id>
   883720552
  </id>
  <name>
   Under Armour Pants E-6371
  </name>
  <category>
   Pants
  </category>
  <size>
   XXL
  </size>
  <color>
   Фиолетовый
  </color>
  <material>
   Нейлон
  </material>
  <price>
   289014
  </price>
  <rating>
   2.09
  </rating>
  <reviews>
   497256
  </reviews>
  <new>
   +
  </new>
  <sporty>
   no
  </sporty>
 </clothing>
 <clothing>
  <id>
   899366047
  </id>
  <name>
   Adidas Dress U-1026
  </name>
  <category>
   Dress
  </category>
  <size>
   XL
  </size>
  <color>
   Красный
  </color>
  <material>
   Лен
  </material>
  <price>
   980765
  </price>
  <rating>
   4.3
  </rating>
  <reviews>
   681925
  </reviews>
  <new>
   +
  </new>
  <sporty>
   yes
  </sporty>
 </clothing>
 <clothing>
  <id>
   241049796
  </id>
  <name>
   Brooks Pants J-8249
  </name>
  <category>
   Pants
  </category>
  <size>
   XL
  </size>
  <color>
   Оранжевый
  </color>
  <material>
   Лен
  </material>
  <price>
   801829
  </price>
  <rating>
   3.95
  </rating>
  <reviews>
   805638
  </reviews>
  <exclusive>
   no
  </exclusive>
  <sporty>
   yes
  </sporty>
 </clothing>
 <clothing>
  <id>
   238088396
  </id>
  <name>
   Nike Gloves O-2912
  </name>
  <category>
   Gloves
  </category>
  <size>
   M
  </size>
  <color>
   Голубой
  </color>
  <material>
   Полиэстер
  </material>
  <price>
   858236
  </price>
  <rating>
   3.47
  </rating>
  <reviews>
   400462
  </reviews>
  <new>
   -
  </new>
  <exclusive>
   no
  </exclusive>
 </clothing>
 <clothing>
  <id>
   225662707
  </id>
  <name>
   PleinSport Jeans H-7303
  </name>
  <category>
   Jeans
  </category>
  <size>
   XXL
  </size>
  <color>
   Красный
  </color>
  <material>
   Шерсть
  </material>
  <price>
   531203
  </price>
  <rating>
   3.35
  </rating>
  <reviews>
   706791
  </reviews>
  <exclusive>
   no
  </exclusive>
 </clothing>
 <clothing>
  <id>
   623418057
  </id>
  <name>
   Vans Handbags Q-7727
  </name>
  <category>
   Handbags
  </category>
  <size>
   XL
  </size>
  <color>
   Желтый
  </color>
  <material>
   Шерсть
  </material>
  <price>
   839154
  </price>
  <rating>
   4.74
  </rating>
  <reviews>
   968182
  </reviews>
  <new>
   +
  </new>
  <sporty>
   no
  </sporty>
 </clothing>
 <clothing>
  <id>
   848898752
  </id>
  <name>
   Addidas Socks V-4549
  </name>
  <category>
   Socks
  </category>
  <size>
   S
  </size>
  <color>
   Фиолетовый
  </color>
  <material>
   Шелк
  </material>
  <price>
   125402
  </price>
  <rating>
   3.06
  </rating>
  <reviews>
   226052
  </reviews>
  <new>
   +
  </new>
  <exclusive>
   yes
  </exclusive>
  <sporty>
   yes
  </sporty>
 </clothing>
 <clothing>
  <id>
   530835555
  </id>
  <name>
   Adidas Handbags I-2923
  </name>
  <category>
   Handbags
  </category>
  <size>
   L
  </size>
  <color>
   Синий
  </color>
  <material>
   Шелк
  </material>
  <price>
   615925
  </price>
  <rating>
   4.04
  </rating>
  <reviews>
   601182
  </reviews>
  <new>
   +
  </new>
  <exclusive>
   no
  </exclusive>
  <sporty>
   yes
  </sporty>
 </clothing>
 <clothing>
  <id>
   264562982
  </id>
  <name>
   Converse Jeans G-3987
  </name>
  <category>
   Jeans
  </category>
  <size>
   XL
  </size>
  <color>
   Оранжевый
  </color>
  <material>
   Полиэстер
  </material>
  <price>
   320822
  </price>
  <rating>
   4.82
  </rating>
  <reviews>
   857036
  </reviews>
  <new>
   +
  </new>
  <sporty>
   no
  </sporty>
 </clothing>
 <clothing>
  <id>
   645950641
  </id>
  <name>
   Ellesse Socks Y-8684
  </name>
  <category>
   Socks
  </category>
  <size>
   L
  </size>
  <color>
   Зеленый
  </color>
  <material>
   Шелк
  </material>
  <price>
   819515
  </price>
  <rating>
   2.39
  </rating>
  <reviews>
   810471
  </reviews>
  <new>
   -
  </new>
  <exclusive>
   yes
  </exclusive>
 </clothing>
 <clothing>
  <id>
   112483067
  </id>
  <name>
   Brooks Sweater I-8994
  </name>
  <category>
   Sweater
  </category>
  <size>
   L
  </size>
  <color>
   Зеленый
  </color>
  <material>
   Шерсть
  </material>
  <price>
   716327
  </price>
  <rating>
   4.38
  </rating>
  <reviews>
   653791
  </reviews>
  <new>
   +
  </new>
  <exclusive>
   no
  </exclusive>
  <sporty>
   yes
  </sporty>
 </clothing>
 <clothing>
  <id>
   114931761
  </id>
  <name>
   Under Armour Belts W-5448
  </name>
  <category>
   Belts
  </category>
  <size>
   M
  </size>
  <color>
   Синий
  </color>
  <material>
   Кожа
  </material>
  <price>
   174777
  </price>
  <rating>
   1.83
  </rating>
  <reviews>
   868177
  </reviews>
 </clothing>
 <clothing>
  <id>
   350090327
  </id>
  <name>
   Fila Dress X-6044
  </name>
  <category>
   Dress
  </category>
  <size>
   XL
  </size>
  <color>
   Оранжевый
  </color>
  <material>
   Полиэстер
  </material>
  <price>
   338924
  </price>
  <rating>
   1.49
  </rating>
  <reviews>
   745503
  </reviews>
  <exclusive>
   no
  </exclusive>
  <sporty>
   yes
  </sporty>
 </clothing>
 <clothing>
  <id>
   932188972
  </id>
  <name>
   PleinSport Pants K-1636
  </name>
  <category>
   Pants
  </category>
  <size>
   M
  </size>
  <color>
   Оранжевый
  </color>
  <material>
   Нейлон
  </material>
  <price>
   404834
  </price>
  <rating>
   3.87
  </rating>
  <reviews>
   626060
  </reviews>
  <new>
   +
  </new>
  <sporty>
   no
  </sporty>
 </clothing>
 <clothing>
  <id>
   291403673
  </id>
  <name>
   Vans Dress E-6361
  </name>
  <category>
   Dress
  </category>
  <size>
   M
  </size>
  <color>
   Зеленый
  </color>
  <material>
   Хлопок
  </material>
  <price>
   283041
  </price>
  <rating>
   4.93
  </rating>
  <reviews>
   58945
  </reviews>
  <new>
   -
  </new>
  <exclusive>
   yes
  </exclusive>
  <sporty>
   no
  </sporty>
 </clothing>
 <clothing>
  <id>
   214860020
  </id>
  <name>
   Lacoste Skirt I-3745
  </name>
  <category>
   Skirt
  </category>
  <size>
   L
  </size>
  <color>
   Оранжевый
  </color>
  <material>
   Нейлон
  </material>
  <price>
   258788
  </price>
  <rating>
   4.82
  </rating>
  <reviews>
   282141
  </reviews>
  <new>
   +
  </new>
  <exclusive>
   no
  </exclusive>
  <sporty>
   no
  </sporty>
 </clothing>
 <clothing>
  <id>
   285984965
  </id>
  <name>
   Under Armour Pants R-6357
  </name>
  <category>
   Pants
  </category>
  <size>
   L
  </size>
  <color>
   Зеленый
  </color>
  <material>
   Полиэстер
  </material>
  <price>
   113603
  </price>
  <rating>
   2.72
  </rating>
  <reviews>
   510624
  </reviews>
  <exclusive>
   no
  </exclusive>
  <sporty>
   no
  </sporty>
 </clothing>
 <clothing>
  <id>
   218356841
  </id>
  <name>
   DC Belts G-3111
  </name>
  <category>
   Belts
  </category>
  <size>
   S
  </size>
  <color>
   Синий
  </color>
  <material>
   Шерсть
  </material>
  <price>
   344495
  </price>
  <rating>
   3.04
  </rating>
  <reviews>
   280946
  </reviews>
  <exclusive>
   yes
  </exclusive>
 </clothing>
 <clothing>
  <id>
   892907912
  </id>
  <name>
   Vans Belts U-1471
  </name>
  <category>
   Belts
  </category>
  <size>
   S
  </size>
  <color>
   Зеленый
  </color>
  <material>
   Нейлон
  </material>
  <price>
   712942
  </price>
  <rating>
   2.76
  </rating>
  <reviews>
   163664
  </reviews>
  <new>
   -
  </new>
  <exclusive>
   no
  </exclusive>
 </clothing>
 <clothing>
  <id>
   671942881
  </id>
  <name>
   Nike Sweater Q-8717
  </name>
  <category>
   Sweater
  </category>
  <size>
   XL
  </size>
  <color>
   Красный
  </color>
  <material>
   Вискоза
  </material>
  <price>
   711926
  </price>
  <rating>
   1.13
  </rating>
  <reviews>
   900408
  </reviews>
  <new>
   +
  </new>
  <sporty>
   no
  </sporty>
 </clothing>
 <clothing>
  <id>
   363083048
  </id>
  <name>
   Asics Dress Y-9826
  </name>
  <category>
   Dress
  </category>
  <size>
   XXL
  </size>
  <color>
   Зеленый
  </color>
  <material>
   Полиэстер
  </material>
  <price>
   375024
  </price>
  <rating>
   4.41
  </rating>
  <reviews>
   705114
  </reviews>
  <new>
   +
  </new>
  <exclusive>
   yes
  </exclusive>
 </clothing>
 <clothing>
  <id>
   443177869
  </id>
  <name>
   Ellesse Shirt K-4208
  </name>
  <category>
   Shirt
  </category>
  <size>
   M
  </size>
  <color>
   Оранжевый
  </color>
  <material>
   Хлопок
  </material>
  <price>
   689103
  </price>
  <rating>
   1.0
  </rating>
  <reviews>
   386050
  </reviews>
 </clothing>
 <clothing>
  <id>
   916442148
  </id>
  <name>
   New Balance Hat R-3588
  </name>
  <category>
   Hat
  </category>
  <size>
   S
  </size>
  <color>
   Красный
  </color>
  <material>
   Нейлон
  </material>
  <price>
   437929
  </price>
  <rating>
   4.16
  </rating>
  <reviews>
   44452
  </reviews>
  <exclusive>
   no
  </exclusive>
 </clothing>
 <clothing>
  <id>
   603077101
  </id>
  <name>
   PleinSport Sweater P-2214
  </name>
  <category>
   Sweater
  </category>
  <size>
   S
  </size>
  <color>
   Желтый
  </color>
  <material>
   Хлопок
  </material>
  <price>
   488821
  </price>
  <rating>
   2.61
  </rating>
  <reviews>
   658915
  </reviews>
  <exclusive>
   yes
  </exclusive>
 </clothing>
 <clothing>
  <id>
   260941469
  </id>
  <name>
   Under Armour Shoes G-9294
  </name>
  <category>
   Shoes
  </category>
  <size>
   XXL
  </size>
  <color>
   Желтый
  </color>
  <material>
   Кожа
  </material>
  <price>
   749726
  </price>
  <rating>
   4.69
  </rating>
  <reviews>
   343101
  </reviews>
  <new>
   -
  </new>
  <sporty>
   no
  </sporty>
 </clothing>
 <clothing>
  <id>
   915976920
  </id>
  <name>
   Reebok Pants N-6338
  </name>
  <category>
   Pants
  </category>
  <size>
   XL
  </size>
  <color>
   Зеленый
  </color>
  <material>
   Нейлон
  </material>
  <price>
   763033
  </price>
  <rating>
   1.54
  </rating>
  <reviews>
   229103
  </reviews>
  <exclusive>
   yes
  </exclusive>
 </clothing>
 <clothing>
  <id>
   348208613
  </id>
  <name>
   New Balance Hat K-7583
  </name>
  <category>
   Hat
  </category>
  <size>
   XL
  </size>
  <color>
   Синий
  </color>
  <material>
   Кожа
  </material>
  <price>
   462175
  </price>
  <rating>
   4.6
  </rating>
  <reviews>
   906645
  </reviews>
  <exclusive>
   yes
  </exclusive>
  <sporty>
   yes
  </sporty>
 </clothing>
 <clothing>
  <id>
   217090724
  </id>
  <name>
   Fila Shoes U-4727
  </name>
  <category>
   Shoes
  </category>
  <size>
   S
  </size>
  <color>
   Оранжевый
  </color>
  <material>
   Полиэстер
  </material>
  <price>
   317625
  </price>
  <rating>
   1.8
  </rating>
  <reviews>
   134254
  </reviews>
  <new>
   -
  </new>
 </clothing>
</clothing-items>
