<?xml version="1.0" encoding="utf-8"?>
<clothing-items>
 <clothing>
  <id>
   587184960
  </id>
  <name>
   Adidas Jeans B-4915
  </name>
  <category>
   Jeans
  </category>
  <size>
   L
  </size>
  <color>
   Оранжевый
  </color>
  <material>
   Шерсть
  </material>
  <price>
   907382
  </price>
  <rating>
   1.07
  </rating>
  <reviews>
   514031
  </reviews>
  <exclusive>
   yes
  </exclusive>
 </clothing>
 <clothing>
  <id>
   464718450
  </id>
  <name>
   Addidas Pants C-2620
  </name>
  <category>
   Pants
  </category>
  <size>
   S
  </size>
  <color>
   Красный
  </color>
  <material>
   Шелк
  </material>
  <price>
   186594
  </price>
  <rating>
   2.68
  </rating>
  <reviews>
   694833
  </reviews>
  <sporty>
   yes
  </sporty>
 </clothing>
 <clothing>
  <id>
   971651812
  </id>
  <name>
   New Balance Jeans I-1871
  </name>
  <category>
   Jeans
  </category>
  <size>
   XXL
  </size>
  <color>
   Красный
  </color>
  <material>
   Шерсть
  </material>
  <price>
   296806
  </price>
  <rating>
   1.0
  </rating>
  <reviews>
   424212
  </reviews>
  <new>
   -
  </new>
  <sporty>
   no
  </sporty>
 </clothing>
 <clothing>
  <id>
   120044383
  </id>
  <name>
   Brooks Socks J-9562
  </name>
  <category>
   Socks
  </category>
  <size>
   XXL
  </size>
  <color>
   Зеленый
  </color>
  <material>
   Полиэстер
  </material>
  <price>
   427207
  </price>
  <rating>
   4.54
  </rating>
  <reviews>
   330935
  </reviews>
  <new>
   +
  </new>
  <exclusive>
   no
  </exclusive>
  <sporty>
   no
  </sporty>
 </clothing>
 <clothing>
  <id>
   572647126
  </id>
  <name>
   Nike Belts B-8382
  </name>
  <category>
   Belts
  </category>
  <size>
   L
  </size>
  <color>
   Зеленый
  </color>
  <material>
   Шерсть
  </material>
  <price>
   307984
  </price>
  <rating>
   4.09
  </rating>
  <reviews>
   507186
  </reviews>
  <new>
   +
  </new>
  <exclusive>
   yes
  </exclusive>
 </clothing>
 <clothing>
  <id>
   143411964
  </id>
  <name>
   PleinSport Dress I-5956
  </name>
  <category>
   Dress
  </category>
  <size>
   M
  </size>
  <color>
   Синий
  </color>
  <material>
   Кожа
  </material>
  <price>
   320538
  </price>
  <rating>
   4.83
  </rating>
  <reviews>
   328087
  </reviews>
  <new>
   -
  </new>
  <exclusive>
   yes
  </exclusive>
  <sporty>
   no
  </sporty>
 </clothing>
 <clothing>
  <id>
   633978812
  </id>
  <name>
   Asics Jacket U-2287
  </name>
  <category>
   Jacket
  </category>
  <size>
   XXL
  </size>
  <color>
   Голубой
  </color>
  <material>
   Шелк
  </material>
  <price>
   787710
  </price>
  <rating>
   2.28
  </rating>
  <reviews>
   607232
  </reviews>
  <exclusive>
   yes
  </exclusive>
  <sporty>
   yes
  </sporty>
 </clothing>
 <clothing>
  <id>
   656307566
  </id>
  <name>
   Addidas Socks J-9261
  </name>
  <category>
   Socks
  </category>
  <size>
   M
  </size>
  <color>
   Фиолетовый
  </color>
  <material>
   Лен
  </material>
  <price>
   954339
  </price>
  <rating>
   4.15
  </rating>
  <reviews>
   742150
  </reviews>
  <new>
   +
  </new>
  <sporty>
   no
  </sporty>
 </clothing>
 <clothing>
  <id>
   898708268
  </id>
  <name>
   Fila Skirt O-2488
  </name>
  <category>
   Skirt
  </category>
  <size>
   XXL
  </size>
  <color>
   Оранжевый
  </color>
  <material>
   Полиэстер
  </material>
  <price>
   195919
  </price>
  <rating>
   3.3
  </rating>
  <reviews>
   751311
  </reviews>
  <sporty>
   no
  </sporty>
 </clothing>
 <clothing>
  <id>
   545114581
  </id>
  <name>
   Fila Gloves B-8939
  </name>
  <category>
   Gloves
  </category>
  <size>
   M
  </size>
  <color>
   Фиолетовый
  </color>
  <material>
   Полиэстер
  </material>
  <price>
   664080
  </price>
  <rating>
   1.86
  </rating>
  <reviews>
   62052
  </reviews>
  <new>
   +
  </new>
  <sporty>
   no
  </sporty>
 </clothing>
 <clothing>
  <id>
   804867510
  </id>
  <name>
   Asics Shirt H-4717
  </name>
  <category>
   Shirt
  </category>
  <size>
   M
  </size>
  <color>
   Фиолетовый
  </color>
  <material>
   Полиэстер
  </material>
  <price>
   117330
  </price>
  <rating>
   4.25
  </rating>
  <reviews>
   159174
  </reviews>
  <new>
   -
  </new>
  <exclusive>
   no
  </exclusive>
  <sporty>
   no
  </sporty>
 </clothing>
 <clothing>
  <id>
   719315126
  </id>
  <name>
   Reebok Dress S-9242
  </name>
  <category>
   Dress
  </category>
  <size>
   S
  </size>
  <color>
   Голубой
  </color>
  <material>
   Кожа
  </material>
  <price>
   136579
  </price>
  <rating>
   2.24
  </rating>
  <reviews>
   965491
  </reviews>
  <exclusive>
   yes
  </exclusive>
 </clothing>
 <clothing>
  <id>
   438207835
  </id>
  <name>
   PleinSport Gloves W-1020
  </name>
  <category>
   Gloves
  </category>
  <size>
   XL
  </size>
  <color>
   Красный
  </color>
  <material>
   Лен
  </material>
  <price>
   986239
  </price>
  <rating>
   2.51
  </rating>
  <reviews>
   510658
  </reviews>
  <exclusive>
   yes
  </exclusive>
 </clothing>
 <clothing>
  <id>
   806344080
  </id>
  <name>
   Adidas Handbags A-6253
  </name>
  <category>
   Handbags
  </category>
  <size>
   S
  </size>
  <color>
   Голубой
  </color>
  <material>
   Нейлон
  </material>
  <price>
   348966
  </price>
  <rating>
   4.02
  </rating>
  <reviews>
   125326
  </reviews>
  <new>
   +
  </new>
  <exclusive>
   no
  </exclusive>
 </clothing>
 <clothing>
  <id>
   475644443
  </id>
  <name>
   Converse Pants Y-7685
  </name>
  <category>
   Pants
  </category>
  <size>
   S
  </size>
  <color>
   Зеленый
  </color>
  <material>
   Шерсть
  </material>
  <price>
   397338
  </price>
  <rating>
   4.65
  </rating>
  <reviews>
   338894
  </reviews>
  <new>
   +
  </new>
  <exclusive>
   no
  </exclusive>
 </clothing>
 <clothing>
  <id>
   149417349
  </id>
  <name>
   Reebok Pants K-4783
  </name>
  <category>
   Pants
  </category>
  <size>
   XL
  </size>
  <color>
   Оранжевый
  </color>
  <material>
   Шерсть
  </material>
  <price>
   360398
  </price>
  <rating>
   1.08
  </rating>
  <reviews>
   138074
  </reviews>
  <new>
   +
  </new>
  <exclusive>
   yes
  </exclusive>
 </clothing>
 <clothing>
  <id>
   447646765
  </id>
  <name>
   New Balance T-shirt O-6885
  </name>
  <category>
   T-shirt
  </category>
  <size>
   L
  </size>
  <color>
   Желтый
  </color>
  <material>
   Полиэстер
  </material>
  <price>
   718033
  </price>
  <rating>
   4.1
  </rating>
  <reviews>
   53997
  </reviews>
  <new>
   -
  </new>
  <exclusive>
   no
  </exclusive>
  <sporty>
   yes
  </sporty>
 </clothing>
 <clothing>
  <id>
   308020964
  </id>
  <name>
   Reebok Socks W-7277
  </name>
  <category>
   Socks
  </category>
  <size>
   XL
  </size>
  <color>
   Голубой
  </color>
  <material>
   Лен
  </material>
  <price>
   397931
  </price>
  <rating>
   1.5
  </rating>
  <reviews>
   959103
  </reviews>
  <sporty>
   no
  </sporty>
 </clothing>
 <clothing>
  <id>
   952390221
  </id>
  <name>
   Brooks Socks P-2674
  </name>
  <category>
   Socks
  </category>
  <size>
   L
  </size>
  <color>
   Зеленый
  </color>
  <material>
   Шерсть
  </material>
  <price>
   919150
  </price>
  <rating>
   4.42
  </rating>
  <reviews>
   18380
  </reviews>
  <new>
   -
  </new>
 </clothing>
 <clothing>
  <id>
   782799652
  </id>
  <name>
   Ellesse Blouse A-5764
  </name>
  <category>
   Blouse
  </category>
  <size>
   XL
  </size>
  <color>
   Фиолетовый
  </color>
  <material>
   Шерсть
  </material>
  <price>
   190921
  </price>
  <rating>
   1.41
  </rating>
  <reviews>
   994429
  </reviews>
 </clothing>
 <clothing>
  <id>
   697393308
  </id>
  <name>
   Addidas Pants W-6942
  </name>
  <category>
   Pants
  </category>
  <size>
   L
  </size>
  <color>
   Красный
  </color>
  <material>
   Полиэстер
  </material>
  <price>
   481525
  </price>
  <rating>
   4.41
  </rating>
  <reviews>
   395482
  </reviews>
  <new>
   -
  </new>
  <exclusive>
   yes
  </exclusive>
  <sporty>
   yes
  </sporty>
 </clothing>
 <clothing>
  <id>
   446044125
  </id>
  <name>
   New Balance Hat V-8253
  </name>
  <category>
   Hat
  </category>
  <size>
   S
  </size>
  <color>
   Синий
  </color>
  <material>
   Кожа
  </material>
  <price>
   883340
  </price>
  <rating>
   1.99
  </rating>
  <reviews>
   110935
  </reviews>
  <new>
   -
  </new>
  <sporty>
   no
  </sporty>
 </clothing>
 <clothing>
  <id>
   172763463
  </id>
  <name>
   Reebok Jeans X-5505
  </name>
  <category>
   Jeans
  </category>
  <size>
   S
  </size>
  <color>
   Фиолетовый
  </color>
  <material>
   Кожа
  </material>
  <price>
   713453
  </price>
  <rating>
   2.99
  </rating>
  <reviews>
   693857
  </reviews>
  <new>
   -
  </new>
  <exclusive>
   no
  </exclusive>
  <sporty>
   no
  </sporty>
 </clothing>
 <clothing>
  <id>
   162836829
  </id>
  <name>
   Ellesse Shirt L-2428
  </name>
  <category>
   Shirt
  </category>
  <size>
   XL
  </size>
  <color>
   Зеленый
  </color>
  <material>
   Хлопок
  </material>
  <price>
   334221
  </price>
  <rating>
   3.32
  </rating>
  <reviews>
   459077
  </reviews>
  <new>
   +
  </new>
  <exclusive>
   no
  </exclusive>
  <sporty>
   no
  </sporty>
 </clothing>
 <clothing>
  <id>
   216031220
  </id>
  <name>
   Converse Shoes D-9132
  </name>
  <category>
   Shoes
  </category>
  <size>
   XXL
  </size>
  <color>
   Синий
  </color>
  <material>
   Хлопок
  </material>
  <price>
   378777
  </price>
  <rating>
   3.8
  </rating>
  <reviews>
   619494
  </reviews>
  <new>
   +
  </new>
  <exclusive>
   yes
  </exclusive>
 </clothing>
 <clothing>
  <id>
   730550546
  </id>
  <name>
   Converse Blouse P-9224
  </name>
  <category>
   Blouse
  </category>
  <size>
   XL
  </size>
  <color>
   Зеленый
  </color>
  <material>
   Кожа
  </material>
  <price>
   557695
  </price>
  <rating>
   4.03
  </rating>
  <reviews>
   888971
  </reviews>
  <exclusive>
   yes
  </exclusive>
  <sporty>
   no
  </sporty>
 </clothing>
 <clothing>
  <id>
   548016141
  </id>
  <name>
   Lacoste Jacket L-4719
  </name>
  <category>
   Jacket
  </category>
  <size>
   M
  </size>
  <color>
   Желтый
  </color>
  <material>
   Шелк
  </material>
  <price>
   379095
  </price>
  <rating>
   3.78
  </rating>
  <reviews>
   262872
  </reviews>
  <new>
   +
  </new>
  <exclusive>
   yes
  </exclusive>
  <sporty>
   no
  </sporty>
 </clothing>
 <clothing>
  <id>
   749289723
  </id>
  <name>
   Vans Jeans M-2379
  </name>
  <category>
   Jeans
  </category>
  <size>
   XL
  </size>
  <color>
   Голубой
  </color>
  <material>
   Хлопок
  </material>
  <price>
   912826
  </price>
  <rating>
   4.02
  </rating>
  <reviews>
   494736
  </reviews>
  <new>
   -
  </new>
  <exclusive>
   no
  </exclusive>
 </clothing>
 <clothing>
  <id>
   961393375
  </id>
  <name>
   Brooks Pants G-6617
  </name>
  <category>
   Pants
  </category>
  <size>
   XL
  </size>
  <color>
   Фиолетовый
  </color>
  <material>
   Вискоза
  </material>
  <price>
   215526
  </price>
  <rating>
   4.94
  </rating>
  <reviews>
   631942
  </reviews>
  <exclusive>
   no
  </exclusive>
  <sporty>
   no
  </sporty>
 </clothing>
 <clothing>
  <id>
   874217309
  </id>
  <name>
   Brooks Belts M-3275
  </name>
  <category>
   Belts
  </category>
  <size>
   XXL
  </size>
  <color>
   Оранжевый
  </color>
  <material>
   Шерсть
  </material>
  <price>
   568254
  </price>
  <rating>
   2.96
  </rating>
  <reviews>
   186487
  </reviews>
  <new>
   +
  </new>
  <exclusive>
   yes
  </exclusive>
 </clothing>
 <clothing>
  <id>
   694861550
  </id>
  <name>
   Addidas Shirt N-9720
  </name>
  <category>
   Shirt
  </category>
  <size>
   XL
  </size>
  <color>
   Голубой
  </color>
  <material>
   Вискоза
  </material>
  <price>
   289288
  </price>
  <rating>
   1.75
  </rating>
  <reviews>
   203961
  </reviews>
  <new>
   +
  </new>
  <sporty>
   no
  </sporty>
 </clothing>
 <clothing>
  <id>
   819414756
  </id>
  <name>
   Puma Pants Z-2087
  </name>
  <category>
   Pants
  </category>
  <size>
   XL
  </size>
  <color>
   Красный
  </color>
  <material>
   Лен
  </material>
  <price>
   940740
  </price>
  <rating>
   3.14
  </rating>
  <reviews>
   695338
  </reviews>
  <new>
   +
  </new>
  <exclusive>
   no
  </exclusive>
  <sporty>
   yes
  </sporty>
 </clothing>
 <clothing>
  <id>
   992727414
  </id>
  <name>
   Converse Pants N-5990
  </name>
  <category>
   Pants
  </category>
  <size>
   XL
  </size>
  <color>
   Оранжевый
  </color>
  <material>
   Кожа
  </material>
  <price>
   188192
  </price>
  <rating>
   2.8
  </rating>
  <reviews>
   52481
  </reviews>
  <new>
   -
  </new>
  <exclusive>
   yes
  </exclusive>
 </clothing>
 <clothing>
  <id>
   726091819
  </id>
  <name>
   Nike Skirt H-3897
  </name>
  <category>
   Skirt
  </category>
  <size>
   M
  </size>
  <color>
   Голубой
  </color>
  <material>
   Шерсть
  </material>
  <price>
   625534
  </price>
  <rating>
   4.79
  </rating>
  <reviews>
   306953
  </reviews>
  <exclusive>
   yes
  </exclusive>
  <sporty>
   yes
  </sporty>
 </clothing>
 <clothing>
  <id>
   957899978
  </id>
  <name>
   Asics Handbags A-3466
  </name>
  <category>
   Handbags
  </category>
  <size>
   XXL
  </size>
  <color>
   Красный
  </color>
  <material>
   Кожа
  </material>
  <price>
   822881
  </price>
  <rating>
   3.02
  </rating>
  <reviews>
   494847
  </reviews>
  <sporty>
   no
  </sporty>
 </clothing>
 <clothing>
  <id>
   219321872
  </id>
  <name>
   Reebok Dress B-4889
  </name>
  <category>
   Dress
  </category>
  <size>
   XL
  </size>
  <color>
   Желтый
  </color>
  <material>
   Шелк
  </material>
  <price>
   152502
  </price>
  <rating>
   2.49
  </rating>
  <reviews>
   22012
  </reviews>
  <exclusive>
   no
  </exclusive>
  <sporty>
   no
  </sporty>
 </clothing>
 <clothing>
  <id>
   557145113
  </id>
  <name>
   Puma Hat A-7842
  </name>
  <category>
   Hat
  </category>
  <size>
   XXL
  </size>
  <color>
   Синий
  </color>
  <material>
   Шерсть
  </material>
  <price>
   344629
  </price>
  <rating>
   1.75
  </rating>
  <reviews>
   856818
  </reviews>
  <exclusive>
   no
  </exclusive>
  <sporty>
   no
  </sporty>
 </clothing>
</clothing-items>
