<?xml version="1.0" encoding="utf-8"?>
<clothing-items>
 <clothing>
  <id>
   284947907
  </id>
  <name>
   Asics Dress Q-3423
  </name>
  <category>
   Dress
  </category>
  <size>
   M
  </size>
  <color>
   Голубой
  </color>
  <material>
   Шерсть
  </material>
  <price>
   480277
  </price>
  <rating>
   3.63
  </rating>
  <reviews>
   424240
  </reviews>
  <exclusive>
   yes
  </exclusive>
 </clothing>
 <clothing>
  <id>
   348398346
  </id>
  <name>
   Reebok Socks V-6871
  </name>
  <category>
   Socks
  </category>
  <size>
   M
  </size>
  <color>
   Зеленый
  </color>
  <material>
   Полиэстер
  </material>
  <price>
   520798
  </price>
  <rating>
   2.4
  </rating>
  <reviews>
   993444
  </reviews>
  <sporty>
   no
  </sporty>
 </clothing>
 <clothing>
  <id>
   394923122
  </id>
  <name>
   Vans Dress K-7380
  </name>
  <category>
   Dress
  </category>
  <size>
   S
  </size>
  <color>
   Голубой
  </color>
  <material>
   Хлопок
  </material>
  <price>
   875435
  </price>
  <rating>
   3.14
  </rating>
  <reviews>
   281185
  </reviews>
  <new>
   +
  </new>
  <sporty>
   yes
  </sporty>
 </clothing>
 <clothing>
  <id>
   423902343
  </id>
  <name>
   Lacoste T-shirt Y-4160
  </name>
  <category>
   T-shirt
  </category>
  <size>
   XL
  </size>
  <color>
   Синий
  </color>
  <material>
   Нейлон
  </material>
  <price>
   559212
  </price>
  <rating>
   1.49
  </rating>
  <reviews>
   304885
  </reviews>
  <new>
   -
  </new>
  <sporty>
   no
  </sporty>
 </clothing>
 <clothing>
  <id>
   871160886
  </id>
  <name>
   PleinSport Socks E-4954
  </name>
  <category>
   Socks
  </category>
  <size>
   M
  </size>
  <color>
   Оранжевый
  </color>
  <material>
   Нейлон
  </material>
  <price>
   237919
  </price>
  <rating>
   1.24
  </rating>
  <reviews>
   365493
  </reviews>
  <new>
   -
  </new>
  <exclusive>
   no
  </exclusive>
  <sporty>
   yes
  </sporty>
 </clothing>
 <clothing>
  <id>
   488875851
  </id>
  <name>
   DC Shirt H-5869
  </name>
  <category>
   Shirt
  </category>
  <size>
   XL
  </size>
  <color>
   Зеленый
  </color>
  <material>
   Шерсть
  </material>
  <price>
   627388
  </price>
  <rating>
   2.8
  </rating>
  <reviews>
   645326
  </reviews>
  <exclusive>
   no
  </exclusive>
  <sporty>
   no
  </sporty>
 </clothing>
 <clothing>
  <id>
   258230584
  </id>
  <name>
   Reebok Handbags F-3783
  </name>
  <category>
   Handbags
  </category>
  <size>
   XL
  </size>
  <color>
   Оранжевый
  </color>
  <material>
   Полиэстер
  </material>
  <price>
   848083
  </price>
  <rating>
   2.27
  </rating>
  <reviews>
   494540
  </reviews>
  <exclusive>
   no
  </exclusive>
  <sporty>
   no
  </sporty>
 </clothing>
 <clothing>
  <id>
   462527857
  </id>
  <name>
   Fila Umbrellas U-2360
  </name>
  <category>
   Umbrellas
  </category>
  <size>
   XL
  </size>
  <color>
   Желтый
  </color>
  <material>
   Шерсть
  </material>
  <price>
   343247
  </price>
  <rating>
   1.84
  </rating>
  <reviews>
   375647
  </reviews>
  <new>
   +
  </new>
  <exclusive>
   no
  </exclusive>
  <sporty>
   yes
  </sporty>
 </clothing>
 <clothing>
  <id>
   931609822
  </id>
  <name>
   Adidas Sweater L-8669
  </name>
  <category>
   Sweater
  </category>
  <size>
   L
  </size>
  <color>
   Голубой
  </color>
  <material>
   Хлопок
  </material>
  <price>
   771179
  </price>
  <rating>
   2.31
  </rating>
  <reviews>
   750937
  </reviews>
  <new>
   +
  </new>
  <exclusive>
   no
  </exclusive>
 </clothing>
 <clothing>
  <id>
   278091340
  </id>
  <name>
   Ellesse Skirt Y-7207
  </name>
  <category>
   Skirt
  </category>
  <size>
   XL
  </size>
  <color>
   Фиолетовый
  </color>
  <material>
   Кожа
  </material>
  <price>
   807642
  </price>
  <rating>
   2.25
  </rating>
  <reviews>
   817978
  </reviews>
  <new>
   -
  </new>
 </clothing>
 <clothing>
  <id>
   899130907
  </id>
  <name>
   Addidas Sweater N-1511
  </name>
  <category>
   Sweater
  </category>
  <size>
   L
  </size>
  <color>
   Голубой
  </color>
  <material>
   Лен
  </material>
  <price>
   893569
  </price>
  <rating>
   3.09
  </rating>
  <reviews>
   36710
  </reviews>
  <exclusive>
   no
  </exclusive>
  <sporty>
   no
  </sporty>
 </clothing>
 <clothing>
  <id>
   561442203
  </id>
  <name>
   Converse Socks Y-9121
  </name>
  <category>
   Socks
  </category>
  <size>
   M
  </size>
  <color>
   Красный
  </color>
  <material>
   Кожа
  </material>
  <price>
   362107
  </price>
  <rating>
   2.73
  </rating>
  <reviews>
   42638
  </reviews>
 </clothing>
 <clothing>
  <id>
   188361468
  </id>
  <name>
   Adidas Belts R-5894
  </name>
  <category>
   Belts
  </category>
  <size>
   XXL
  </size>
  <color>
   Оранжевый
  </color>
  <material>
   Хлопок
  </material>
  <price>
   788359
  </price>
  <rating>
   4.81
  </rating>
  <reviews>
   226247
  </reviews>
  <new>
   -
  </new>
  <exclusive>
   no
  </exclusive>
 </clothing>
 <clothing>
  <id>
   722285611
  </id>
  <name>
   Fila Skirt L-2606
  </name>
  <category>
   Skirt
  </category>
  <size>
   M
  </size>
  <color>
   Зеленый
  </color>
  <material>
   Шерсть
  </material>
  <price>
   638055
  </price>
  <rating>
   4.14
  </rating>
  <reviews>
   299259
  </reviews>
  <exclusive>
   yes
  </exclusive>
 </clothing>
 <clothing>
  <id>
   530664279
  </id>
  <name>
   Addidas Skirt T-2136
  </name>
  <category>
   Skirt
  </category>
  <size>
   XL
  </size>
  <color>
   Зеленый
  </color>
  <material>
   Полиэстер
  </material>
  <price>
   600663
  </price>
  <rating>
   3.68
  </rating>
  <reviews>
   659121
  </reviews>
  <sporty>
   no
  </sporty>
 </clothing>
 <clothing>
  <id>
   528927882
  </id>
  <name>
   Fila Dress X-1595
  </name>
  <category>
   Dress
  </category>
  <size>
   L
  </size>
  <color>
   Зеленый
  </color>
  <material>
   Кожа
  </material>
  <price>
   734923
  </price>
  <rating>
   3.82
  </rating>
  <reviews>
   293026
  </reviews>
  <sporty>
   no
  </sporty>
 </clothing>
 <clothing>
  <id>
   881060486
  </id>
  <name>
   Brooks Shoes E-3458
  </name>
  <category>
   Shoes
  </category>
  <size>
   S
  </size>
  <color>
   Голубой
  </color>
  <material>
   Лен
  </material>
  <price>
   465746
  </price>
  <rating>
   1.42
  </rating>
  <reviews>
   525222
  </reviews>
  <new>
   -
  </new>
  <exclusive>
   no
  </exclusive>
 </clothing>
 <clothing>
  <id>
   519170916
  </id>
  <name>
   Asics T-shirt C-4605
  </name>
  <category>
   T-shirt
  </category>
  <size>
   XL
  </size>
  <color>
   Синий
  </color>
  <material>
   Шерсть
  </material>
  <price>
   624584
  </price>
  <rating>
   2.62
  </rating>
  <reviews>
   286892
  </reviews>
  <sporty>
   yes
  </sporty>
 </clothing>
 <clothing>
  <id>
   641016040
  </id>
  <name>
   Ellesse Jacket M-7264
  </name>
  <category>
   Jacket
  </category>
  <size>
   M
  </size>
  <color>
   Красный
  </color>
  <material>
   Шерсть
  </material>
  <price>
   985335
  </price>
  <rating>
   4.31
  </rating>
  <reviews>
   351936
  </reviews>
  <new>
   +
  </new>
  <exclusive>
   no
  </exclusive>
  <sporty>
   no
  </sporty>
 </clothing>
 <clothing>
  <id>
   609828200
  </id>
  <name>
   PleinSport Socks Y-7463
  </name>
  <category>
   Socks
  </category>
  <size>
   M
  </size>
  <color>
   Фиолетовый
  </color>
  <material>
   Нейлон
  </material>
  <price>
   219961
  </price>
  <rating>
   1.94
  </rating>
  <reviews>
   759941
  </reviews>
  <exclusive>
   yes
  </exclusive>
  <sporty>
   yes
  </sporty>
 </clothing>
 <clothing>
  <id>
   288062217
  </id>
  <name>
   Under Armour Jeans L-5566
  </name>
  <category>
   Jeans
  </category>
  <size>
   M
  </size>
  <color>
   Оранжевый
  </color>
  <material>
   Кожа
  </material>
  <price>
   790398
  </price>
  <rating>
   2.66
  </rating>
  <reviews>
   277207
  </reviews>
  <new>
   -
  </new>
  <sporty>
   yes
  </sporty>
 </clothing>
 <clothing>
  <id>
   332173772
  </id>
  <name>
   Converse Shoes J-1169
  </name>
  <category>
   Shoes
  </category>
  <size>
   XXL
  </size>
  <color>
   Голубой
  </color>
  <material>
   Нейлон
  </material>
  <price>
   560822
  </price>
  <rating>
   3.97
  </rating>
  <reviews>
   168738
  </reviews>
  <sporty>
   yes
  </sporty>
 </clothing>
 <clothing>
  <id>
   574249983
  </id>
  <name>
   Puma Umbrellas D-9883
  </name>
  <category>
   Umbrellas
  </category>
  <size>
   XXL
  </size>
  <color>
   Фиолетовый
  </color>
  <material>
   Хлопок
  </material>
  <price>
   532761
  </price>
  <rating>
   2.78
  </rating>
  <reviews>
   830354
  </reviews>
  <exclusive>
   no
  </exclusive>
  <sporty>
   yes
  </sporty>
 </clothing>
 <clothing>
  <id>
   719909860
  </id>
  <name>
   Converse Sweater I-8038
  </name>
  <category>
   Sweater
  </category>
  <size>
   XXL
  </size>
  <color>
   Фиолетовый
  </color>
  <material>
   Кожа
  </material>
  <price>
   164671
  </price>
  <rating>
   4.24
  </rating>
  <reviews>
   364718
  </reviews>
 </clothing>
 <clothing>
  <id>
   582864142
  </id>
  <name>
   Adidas Gloves D-7161
  </name>
  <category>
   Gloves
  </category>
  <size>
   M
  </size>
  <color>
   Желтый
  </color>
  <material>
   Шерсть
  </material>
  <price>
   750444
  </price>
  <rating>
   2.29
  </rating>
  <reviews>
   19317
  </reviews>
  <exclusive>
   yes
  </exclusive>
 </clothing>
 <clothing>
  <id>
   262812502
  </id>
  <name>
   Under Armour Hat X-2968
  </name>
  <category>
   Hat
  </category>
  <size>
   XL
  </size>
  <color>
   Зеленый
  </color>
  <material>
   Полиэстер
  </material>
  <price>
   556085
  </price>
  <rating>
   3.22
  </rating>
  <reviews>
   102475
  </reviews>
  <new>
   -
  </new>
  <exclusive>
   no
  </exclusive>
 </clothing>
 <clothing>
  <id>
   723419046
  </id>
  <name>
   Vans T-shirt P-6399
  </name>
  <category>
   T-shirt
  </category>
  <size>
   L
  </size>
  <color>
   Синий
  </color>
  <material>
   Полиэстер
  </material>
  <price>
   712823
  </price>
  <rating>
   4.7
  </rating>
  <reviews>
   301779
  </reviews>
  <new>
   -
  </new>
  <exclusive>
   yes
  </exclusive>
 </clothing>
 <clothing>
  <id>
   768204662
  </id>
  <name>
   Converse Handbags Y-3771
  </name>
  <category>
   Handbags
  </category>
  <size>
   XL
  </size>
  <color>
   Зеленый
  </color>
  <material>
   Нейлон
  </material>
  <price>
   875346
  </price>
  <rating>
   1.67
  </rating>
  <reviews>
   733440
  </reviews>
  <exclusive>
   no
  </exclusive>
  <sporty>
   yes
  </sporty>
 </clothing>
 <clothing>
  <id>
   212868088
  </id>
  <name>
   DC Belts L-1237
  </name>
  <category>
   Belts
  </category>
  <size>
   S
  </size>
  <color>
   Голубой
  </color>
  <material>
   Шерсть
  </material>
  <price>
   501732
  </price>
  <rating>
   4.23
  </rating>
  <reviews>
   896681
  </reviews>
  <new>
   -
  </new>
  <exclusive>
   no
  </exclusive>
  <sporty>
   yes
  </sporty>
 </clothing>
</clothing-items>
