<?xml version="1.0" encoding="utf-8"?>
<clothing-items>
 <clothing>
  <id>
   566824674
  </id>
  <name>
   Fila Shirt W-7171
  </name>
  <category>
   Shirt
  </category>
  <size>
   XL
  </size>
  <color>
   Оранжевый
  </color>
  <material>
   Шелк
  </material>
  <price>
   958916
  </price>
  <rating>
   1.93
  </rating>
  <reviews>
   749264
  </reviews>
  <sporty>
   yes
  </sporty>
 </clothing>
 <clothing>
  <id>
   591058775
  </id>
  <name>
   Puma Dress Y-8549
  </name>
  <category>
   Dress
  </category>
  <size>
   M
  </size>
  <color>
   Синий
  </color>
  <material>
   Полиэстер
  </material>
  <price>
   804205
  </price>
  <rating>
   4.05
  </rating>
  <reviews>
   409626
  </reviews>
  <new>
   -
  </new>
  <exclusive>
   no
  </exclusive>
 </clothing>
 <clothing>
  <id>
   110229551
  </id>
  <name>
   Nike Socks D-9639
  </name>
  <category>
   Socks
  </category>
  <size>
   XL
  </size>
  <color>
   Оранжевый
  </color>
  <material>
   Шелк
  </material>
  <price>
   933763
  </price>
  <rating>
   1.84
  </rating>
  <reviews>
   646623
  </reviews>
 </clothing>
 <clothing>
  <id>
   425640841
  </id>
  <name>
   New Balance Socks W-5329
  </name>
  <category>
   Socks
  </category>
  <size>
   XXL
  </size>
  <color>
   Красный
  </color>
  <material>
   Хлопок
  </material>
  <price>
   900579
  </price>
  <rating>
   4.22
  </rating>
  <reviews>
   778159
  </reviews>
  <new>
   -
  </new>
 </clothing>
 <clothing>
  <id>
   677278841
  </id>
  <name>
   Lacoste Umbrellas T-8653
  </name>
  <category>
   Umbrellas
  </category>
  <size>
   XL
  </size>
  <color>
   Оранжевый
  </color>
  <material>
   Кожа
  </material>
  <price>
   483953
  </price>
  <rating>
   3.95
  </rating>
  <reviews>
   292320
  </reviews>
  <exclusive>
   yes
  </exclusive>
 </clothing>
 <clothing>
  <id>
   151827616
  </id>
  <name>
   Brooks T-shirt L-6478
  </name>
  <category>
   T-shirt
  </category>
  <size>
   M
  </size>
  <color>
   Фиолетовый
  </color>
  <material>
   Нейлон
  </material>
  <price>
   265574
  </price>
  <rating>
   2.98
  </rating>
  <reviews>
   620777
  </reviews>
  <exclusive>
   no
  </exclusive>
  <sporty>
   yes
  </sporty>
 </clothing>
 <clothing>
  <id>
   280312338
  </id>
  <name>
   Asics Hat U-1456
  </name>
  <category>
   Hat
  </category>
  <size>
   XL
  </size>
  <color>
   Голубой
  </color>
  <material>
   Шелк
  </material>
  <price>
   198738
  </price>
  <rating>
   1.22
  </rating>
  <reviews>
   884085
  </reviews>
  <new>
   -
  </new>
  <sporty>
   yes
  </sporty>
 </clothing>
 <clothing>
  <id>
   217381337
  </id>
  <name>
   New Balance Gloves Q-1345
  </name>
  <category>
   Gloves
  </category>
  <size>
   XL
  </size>
  <color>
   Красный
  </color>
  <material>
   Хлопок
  </material>
  <price>
   691178
  </price>
  <rating>
   2.1
  </rating>
  <reviews>
   799646
  </reviews>
  <new>
   +
  </new>
  <exclusive>
   no
  </exclusive>
  <sporty>
   yes
  </sporty>
 </clothing>
 <clothing>
  <id>
   934723773
  </id>
  <name>
   Brooks Gloves O-5673
  </name>
  <category>
   Gloves
  </category>
  <size>
   S
  </size>
  <color>
   Красный
  </color>
  <material>
   Шерсть
  </material>
  <price>
   791521
  </price>
  <rating>
   1.23
  </rating>
  <reviews>
   797866
  </reviews>
 </clothing>
 <clothing>
  <id>
   549162656
  </id>
  <name>
   Adidas Shirt S-3790
  </name>
  <category>
   Shirt
  </category>
  <size>
   XL
  </size>
  <color>
   Красный
  </color>
  <material>
   Полиэстер
  </material>
  <price>
   105512
  </price>
  <rating>
   2.52
  </rating>
  <reviews>
   677037
  </reviews>
  <new>
   +
  </new>
  <exclusive>
   yes
  </exclusive>
  <sporty>
   no
  </sporty>
 </clothing>
 <clothing>
  <id>
   167774122
  </id>
  <name>
   Lacoste Belts L-7785
  </name>
  <category>
   Belts
  </category>
  <size>
   S
  </size>
  <color>
   Синий
  </color>
  <material>
   Нейлон
  </material>
  <price>
   754945
  </price>
  <rating>
   3.43
  </rating>
  <reviews>
   406370
  </reviews>
  <new>
   -
  </new>
  <exclusive>
   no
  </exclusive>
  <sporty>
   yes
  </sporty>
 </clothing>
 <clothing>
  <id>
   431765094
  </id>
  <name>
   Ellesse Shoes Z-1720
  </name>
  <category>
   Shoes
  </category>
  <size>
   L
  </size>
  <color>
   Красный
  </color>
  <material>
   Шерсть
  </material>
  <price>
   930945
  </price>
  <rating>
   4.33
  </rating>
  <reviews>
   809256
  </reviews>
  <sporty>
   no
  </sporty>
 </clothing>
 <clothing>
  <id>
   363868711
  </id>
  <name>
   Lacoste Hat E-7880
  </name>
  <category>
   Hat
  </category>
  <size>
   XL
  </size>
  <color>
   Желтый
  </color>
  <material>
   Вискоза
  </material>
  <price>
   601727
  </price>
  <rating>
   2.8
  </rating>
  <reviews>
   57124
  </reviews>
  <new>
   -
  </new>
 </clothing>
 <clothing>
  <id>
   550139401
  </id>
  <name>
   Asics Pants Z-4845
  </name>
  <category>
   Pants
  </category>
  <size>
   L
  </size>
  <color>
   Зеленый
  </color>
  <material>
   Полиэстер
  </material>
  <price>
   167075
  </price>
  <rating>
   3.79
  </rating>
  <reviews>
   795203
  </reviews>
  <new>
   +
  </new>
 </clothing>
 <clothing>
  <id>
   699799723
  </id>
  <name>
   Under Armour Dress F-1509
  </name>
  <category>
   Dress
  </category>
  <size>
   M
  </size>
  <color>
   Оранжевый
  </color>
  <material>
   Вискоза
  </material>
  <price>
   482003
  </price>
  <rating>
   3.16
  </rating>
  <reviews>
   402878
  </reviews>
  <new>
   -
  </new>
  <sporty>
   no
  </sporty>
 </clothing>
 <clothing>
  <id>
   152781562
  </id>
  <name>
   PleinSport Sweater Q-8465
  </name>
  <category>
   Sweater
  </category>
  <size>
   XXL
  </size>
  <color>
   Фиолетовый
  </color>
  <material>
   Нейлон
  </material>
  <price>
   417314
  </price>
  <rating>
   3.89
  </rating>
  <reviews>
   374103
  </reviews>
  <new>
   +
  </new>
  <exclusive>
   no
  </exclusive>
  <sporty>
   no
  </sporty>
 </clothing>
 <clothing>
  <id>
   484456551
  </id>
  <name>
   DC T-shirt X-5703
  </name>
  <category>
   T-shirt
  </category>
  <size>
   XXL
  </size>
  <color>
   Красный
  </color>
  <material>
   Шелк
  </material>
  <price>
   302751
  </price>
  <rating>
   3.75
  </rating>
  <reviews>
   266036
  </reviews>
  <new>
   +
  </new>
  <exclusive>
   no
  </exclusive>
  <sporty>
   yes
  </sporty>
 </clothing>
 <clothing>
  <id>
   616236314
  </id>
  <name>
   Brooks Sweater M-6708
  </name>
  <category>
   Sweater
  </category>
  <size>
   XXL
  </size>
  <color>
   Синий
  </color>
  <material>
   Нейлон
  </material>
  <price>
   843315
  </price>
  <rating>
   4.6
  </rating>
  <reviews>
   321192
  </reviews>
  <exclusive>
   yes
  </exclusive>
 </clothing>
 <clothing>
  <id>
   908809973
  </id>
  <name>
   Under Armour Skirt Y-4663
  </name>
  <category>
   Skirt
  </category>
  <size>
   L
  </size>
  <color>
   Красный
  </color>
  <material>
   Кожа
  </material>
  <price>
   147207
  </price>
  <rating>
   2.27
  </rating>
  <reviews>
   652052
  </reviews>
 </clothing>
 <clothing>
  <id>
   392105603
  </id>
  <name>
   Lacoste Umbrellas R-7861
  </name>
  <category>
   Umbrellas
  </category>
  <size>
   XL
  </size>
  <color>
   Фиолетовый
  </color>
  <material>
   Шерсть
  </material>
  <price>
   102271
  </price>
  <rating>
   3.8
  </rating>
  <reviews>
   761768
  </reviews>
  <new>
   -
  </new>
  <exclusive>
   no
  </exclusive>
  <sporty>
   no
  </sporty>
 </clothing>
 <clothing>
  <id>
   901604940
  </id>
  <name>
   Lacoste Gloves P-1917
  </name>
  <category>
   Gloves
  </category>
  <size>
   XL
  </size>
  <color>
   Голубой
  </color>
  <material>
   Нейлон
  </material>
  <price>
   942752
  </price>
  <rating>
   3.21
  </rating>
  <reviews>
   54082
  </reviews>
  <sporty>
   no
  </sporty>
 </clothing>
 <clothing>
  <id>
   629545750
  </id>
  <name>
   New Balance Belts O-5990
  </name>
  <category>
   Belts
  </category>
  <size>
   L
  </size>
  <color>
   Фиолетовый
  </color>
  <material>
   Шерсть
  </material>
  <price>
   652078
  </price>
  <rating>
   2.36
  </rating>
  <reviews>
   238485
  </reviews>
  <exclusive>
   no
  </exclusive>
 </clothing>
 <clothing>
  <id>
   455876850
  </id>
  <name>
   Under Armour Gloves Q-3105
  </name>
  <category>
   Gloves
  </category>
  <size>
   XL
  </size>
  <color>
   Зеленый
  </color>
  <material>
   Полиэстер
  </material>
  <price>
   719651
  </price>
  <rating>
   1.44
  </rating>
  <reviews>
   843052
  </reviews>
  <exclusive>
   no
  </exclusive>
 </clothing>
 <clothing>
  <id>
   556592557
  </id>
  <name>
   Brooks Shirt G-7175
  </name>
  <category>
   Shirt
  </category>
  <size>
   XL
  </size>
  <color>
   Желтый
  </color>
  <material>
   Полиэстер
  </material>
  <price>
   894826
  </price>
  <rating>
   3.63
  </rating>
  <reviews>
   288533
  </reviews>
  <new>
   -
  </new>
  <sporty>
   no
  </sporty>
 </clothing>
 <clothing>
  <id>
   431912929
  </id>
  <name>
   Reebok T-shirt O-7922
  </name>
  <category>
   T-shirt
  </category>
  <size>
   XL
  </size>
  <color>
   Зеленый
  </color>
  <material>
   Вискоза
  </material>
  <price>
   259850
  </price>
  <rating>
   1.26
  </rating>
  <reviews>
   177307
  </reviews>
  <new>
   +
  </new>
 </clothing>
 <clothing>
  <id>
   854610099
  </id>
  <name>
   Lacoste Hat C-2714
  </name>
  <category>
   Hat
  </category>
  <size>
   XL
  </size>
  <color>
   Синий
  </color>
  <material>
   Шелк
  </material>
  <price>
   726230
  </price>
  <rating>
   2.4
  </rating>
  <reviews>
   112526
  </reviews>
  <exclusive>
   yes
  </exclusive>
 </clothing>
 <clothing>
  <id>
   563549796
  </id>
  <name>
   Under Armour Jeans R-8666
  </name>
  <category>
   Jeans
  </category>
  <size>
   XL
  </size>
  <color>
   Зеленый
  </color>
  <material>
   Полиэстер
  </material>
  <price>
   668809
  </price>
  <rating>
   2.76
  </rating>
  <reviews>
   797303
  </reviews>
  <exclusive>
   yes
  </exclusive>
 </clothing>
 <clothing>
  <id>
   363347485
  </id>
  <name>
   Addidas Handbags A-2416
  </name>
  <category>
   Handbags
  </category>
  <size>
   L
  </size>
  <color>
   Фиолетовый
  </color>
  <material>
   Шелк
  </material>
  <price>
   303593
  </price>
  <rating>
   2.75
  </rating>
  <reviews>
   443341
  </reviews>
  <new>
   -
  </new>
  <exclusive>
   yes
  </exclusive>
  <sporty>
   no
  </sporty>
 </clothing>
</clothing-items>
