<?xml version="1.0" encoding="utf-8"?>
<clothing-items>
 <clothing>
  <id>
   471331125
  </id>
  <name>
   Fila Belts Z-3019
  </name>
  <category>
   Belts
  </category>
  <size>
   XL
  </size>
  <color>
   Зеленый
  </color>
  <material>
   Нейлон
  </material>
  <price>
   353181
  </price>
  <rating>
   1.54
  </rating>
  <reviews>
   967959
  </reviews>
  <sporty>
   yes
  </sporty>
 </clothing>
 <clothing>
  <id>
   537421178
  </id>
  <name>
   Brooks Pants A-5655
  </name>
  <category>
   Pants
  </category>
  <size>
   L
  </size>
  <color>
   Голубой
  </color>
  <material>
   Шерсть
  </material>
  <price>
   196535
  </price>
  <rating>
   3.16
  </rating>
  <reviews>
   83219
  </reviews>
  <new>
   -
  </new>
  <sporty>
   no
  </sporty>
 </clothing>
 <clothing>
  <id>
   228643847
  </id>
  <name>
   PleinSport Jeans U-6798
  </name>
  <category>
   Jeans
  </category>
  <size>
   M
  </size>
  <color>
   Синий
  </color>
  <material>
   Хлопок
  </material>
  <price>
   855838
  </price>
  <rating>
   3.39
  </rating>
  <reviews>
   751920
  </reviews>
  <new>
   -
  </new>
  <exclusive>
   no
  </exclusive>
  <sporty>
   no
  </sporty>
 </clothing>
 <clothing>
  <id>
   316284124
  </id>
  <name>
   Ellesse Blouse D-4937
  </name>
  <category>
   Blouse
  </category>
  <size>
   XXL
  </size>
  <color>
   Желтый
  </color>
  <material>
   Шерсть
  </material>
  <price>
   368073
  </price>
  <rating>
   3.66
  </rating>
  <reviews>
   610712
  </reviews>
  <new>
   +
  </new>
 </clothing>
 <clothing>
  <id>
   946156387
  </id>
  <name>
   Nike T-shirt W-1853
  </name>
  <category>
   T-shirt
  </category>
  <size>
   M
  </size>
  <color>
   Синий
  </color>
  <material>
   Вискоза
  </material>
  <price>
   803934
  </price>
  <rating>
   3.01
  </rating>
  <reviews>
   589416
  </reviews>
  <sporty>
   yes
  </sporty>
 </clothing>
 <clothing>
  <id>
   686207481
  </id>
  <name>
   Lacoste Umbrellas B-6336
  </name>
  <category>
   Umbrellas
  </category>
  <size>
   S
  </size>
  <color>
   Желтый
  </color>
  <material>
   Вискоза
  </material>
  <price>
   366450
  </price>
  <rating>
   2.19
  </rating>
  <reviews>
   441175
  </reviews>
  <exclusive>
   no
  </exclusive>
  <sporty>
   yes
  </sporty>
 </clothing>
 <clothing>
  <id>
   253556153
  </id>
  <name>
   Brooks Socks I-5615
  </name>
  <category>
   Socks
  </category>
  <size>
   L
  </size>
  <color>
   Красный
  </color>
  <material>
   Шерсть
  </material>
  <price>
   251953
  </price>
  <rating>
   3.53
  </rating>
  <reviews>
   833561
  </reviews>
  <new>
   +
  </new>
  <exclusive>
   no
  </exclusive>
 </clothing>
 <clothing>
  <id>
   936687438
  </id>
  <name>
   PleinSport Dress H-8509
  </name>
  <category>
   Dress
  </category>
  <size>
   XXL
  </size>
  <color>
   Красный
  </color>
  <material>
   Хлопок
  </material>
  <price>
   438689
  </price>
  <rating>
   4.24
  </rating>
  <reviews>
   354906
  </reviews>
 </clothing>
 <clothing>
  <id>
   166487554
  </id>
  <name>
   Under Armour Umbrellas G-1114
  </name>
  <category>
   Umbrellas
  </category>
  <size>
   M
  </size>
  <color>
   Оранжевый
  </color>
  <material>
   Лен
  </material>
  <price>
   500783
  </price>
  <rating>
   2.36
  </rating>
  <reviews>
   59647
  </reviews>
  <exclusive>
   no
  </exclusive>
 </clothing>
 <clothing>
  <id>
   251028368
  </id>
  <name>
   Addidas Jacket G-5851
  </name>
  <category>
   Jacket
  </category>
  <size>
   XL
  </size>
  <color>
   Фиолетовый
  </color>
  <material>
   Хлопок
  </material>
  <price>
   199090
  </price>
  <rating>
   1.93
  </rating>
  <reviews>
   179695
  </reviews>
  <new>
   -
  </new>
  <exclusive>
   no
  </exclusive>
  <sporty>
   no
  </sporty>
 </clothing>
 <clothing>
  <id>
   109528676
  </id>
  <name>
   Asics Blouse Z-8247
  </name>
  <category>
   Blouse
  </category>
  <size>
   L
  </size>
  <color>
   Красный
  </color>
  <material>
   Лен
  </material>
  <price>
   423216
  </price>
  <rating>
   1.44
  </rating>
  <reviews>
   160075
  </reviews>
  <new>
   -
  </new>
  <exclusive>
   yes
  </exclusive>
 </clothing>
 <clothing>
  <id>
   117220024
  </id>
  <name>
   Adidas T-shirt B-4290
  </name>
  <category>
   T-shirt
  </category>
  <size>
   XXL
  </size>
  <color>
   Оранжевый
  </color>
  <material>
   Вискоза
  </material>
  <price>
   628403
  </price>
  <rating>
   2.17
  </rating>
  <reviews>
   11330
  </reviews>
  <new>
   -
  </new>
  <exclusive>
   no
  </exclusive>
  <sporty>
   no
  </sporty>
 </clothing>
 <clothing>
  <id>
   813755402
  </id>
  <name>
   New Balance Jeans U-3939
  </name>
  <category>
   Jeans
  </category>
  <size>
   L
  </size>
  <color>
   Зеленый
  </color>
  <material>
   Нейлон
  </material>
  <price>
   796846
  </price>
  <rating>
   4.6
  </rating>
  <reviews>
   74501
  </reviews>
  <new>
   +
  </new>
  <exclusive>
   no
  </exclusive>
  <sporty>
   yes
  </sporty>
 </clothing>
 <clothing>
  <id>
   895796672
  </id>
  <name>
   DC Handbags Q-2441
  </name>
  <category>
   Handbags
  </category>
  <size>
   XXL
  </size>
  <color>
   Голубой
  </color>
  <material>
   Полиэстер
  </material>
  <price>
   866408
  </price>
  <rating>
   4.48
  </rating>
  <reviews>
   610117
  </reviews>
  <new>
   -
  </new>
  <sporty>
   no
  </sporty>
 </clothing>
 <clothing>
  <id>
   975069421
  </id>
  <name>
   Brooks T-shirt N-7183
  </name>
  <category>
   T-shirt
  </category>
  <size>
   XXL
  </size>
  <color>
   Красный
  </color>
  <material>
   Вискоза
  </material>
  <price>
   198077
  </price>
  <rating>
   3.99
  </rating>
  <reviews>
   774043
  </reviews>
  <exclusive>
   yes
  </exclusive>
  <sporty>
   yes
  </sporty>
 </clothing>
 <clothing>
  <id>
   176911069
  </id>
  <name>
   Converse Shirt Y-8946
  </name>
  <category>
   Shirt
  </category>
  <size>
   XL
  </size>
  <color>
   Синий
  </color>
  <material>
   Кожа
  </material>
  <price>
   563890
  </price>
  <rating>
   3.04
  </rating>
  <reviews>
   588314
  </reviews>
  <exclusive>
   no
  </exclusive>
 </clothing>
</clothing-items>
