<?xml version="1.0" encoding="utf-8"?>
<clothing-items>
 <clothing>
  <id>
   928754735
  </id>
  <name>
   Fila Shirt W-3441
  </name>
  <category>
   Shirt
  </category>
  <size>
   L
  </size>
  <color>
   Фиолетовый
  </color>
  <material>
   Шелк
  </material>
  <price>
   159734
  </price>
  <rating>
   2.51
  </rating>
  <reviews>
   713480
  </reviews>
  <exclusive>
   yes
  </exclusive>
 </clothing>
 <clothing>
  <id>
   709575852
  </id>
  <name>
   Puma Handbags R-9285
  </name>
  <category>
   Handbags
  </category>
  <size>
   M
  </size>
  <color>
   Голубой
  </color>
  <material>
   Шерсть
  </material>
  <price>
   747245
  </price>
  <rating>
   4.84
  </rating>
  <reviews>
   286270
  </reviews>
  <new>
   -
  </new>
  <exclusive>
   yes
  </exclusive>
 </clothing>
 <clothing>
  <id>
   812082598
  </id>
  <name>
   Brooks Socks Z-8242
  </name>
  <category>
   Socks
  </category>
  <size>
   XL
  </size>
  <color>
   Синий
  </color>
  <material>
   Шерсть
  </material>
  <price>
   188738
  </price>
  <rating>
   1.94
  </rating>
  <reviews>
   532827
  </reviews>
  <sporty>
   yes
  </sporty>
 </clothing>
 <clothing>
  <id>
   438477750
  </id>
  <name>
   Converse Blouse W-4491
  </name>
  <category>
   Blouse
  </category>
  <size>
   XL
  </size>
  <color>
   Зеленый
  </color>
  <material>
   Хлопок
  </material>
  <price>
   994543
  </price>
  <rating>
   3.66
  </rating>
  <reviews>
   79098
  </reviews>
 </clothing>
 <clothing>
  <id>
   685942831
  </id>
  <name>
   Vans Shirt A-7734
  </name>
  <category>
   Shirt
  </category>
  <size>
   S
  </size>
  <color>
   Фиолетовый
  </color>
  <material>
   Вискоза
  </material>
  <price>
   298233
  </price>
  <rating>
   4.48
  </rating>
  <reviews>
   903582
  </reviews>
  <new>
   -
  </new>
  <exclusive>
   no
  </exclusive>
  <sporty>
   no
  </sporty>
 </clothing>
 <clothing>
  <id>
   291416099
  </id>
  <name>
   Brooks Shirt K-7777
  </name>
  <category>
   Shirt
  </category>
  <size>
   S
  </size>
  <color>
   Синий
  </color>
  <material>
   Нейлон
  </material>
  <price>
   709639
  </price>
  <rating>
   3.53
  </rating>
  <reviews>
   337669
  </reviews>
  <new>
   +
  </new>
  <exclusive>
   yes
  </exclusive>
 </clothing>
 <clothing>
  <id>
   218346282
  </id>
  <name>
   PleinSport Sweater X-8802
  </name>
  <category>
   Sweater
  </category>
  <size>
   S
  </size>
  <color>
   Красный
  </color>
  <material>
   Хлопок
  </material>
  <price>
   658831
  </price>
  <rating>
   4.59
  </rating>
  <reviews>
   622676
  </reviews>
  <new>
   +
  </new>
  <exclusive>
   no
  </exclusive>
  <sporty>
   no
  </sporty>
 </clothing>
 <clothing>
  <id>
   179810802
  </id>
  <name>
   Adidas T-shirt S-2995
  </name>
  <category>
   T-shirt
  </category>
  <size>
   L
  </size>
  <color>
   Синий
  </color>
  <material>
   Вискоза
  </material>
  <price>
   639575
  </price>
  <rating>
   4.94
  </rating>
  <reviews>
   355238
  </reviews>
  <new>
   +
  </new>
  <exclusive>
   no
  </exclusive>
 </clothing>
 <clothing>
  <id>
   573267599
  </id>
  <name>
   Puma Gloves C-5410
  </name>
  <category>
   Gloves
  </category>
  <size>
   S
  </size>
  <color>
   Желтый
  </color>
  <material>
   Хлопок
  </material>
  <price>
   683339
  </price>
  <rating>
   3.23
  </rating>
  <reviews>
   559413
  </reviews>
  <exclusive>
   no
  </exclusive>
  <sporty>
   yes
  </sporty>
 </clothing>
 <clothing>
  <id>
   202181619
  </id>
  <name>
   Adidas Handbags T-1724
  </name>
  <category>
   Handbags
  </category>
  <size>
   S
  </size>
  <color>
   Желтый
  </color>
  <material>
   Шерсть
  </material>
  <price>
   277234
  </price>
  <rating>
   2.41
  </rating>
  <reviews>
   713154
  </reviews>
  <exclusive>
   no
  </exclusive>
  <sporty>
   no
  </sporty>
 </clothing>
 <clothing>
  <id>
   650422375
  </id>
  <name>
   Lacoste Shirt S-2628
  </name>
  <category>
   Shirt
  </category>
  <size>
   L
  </size>
  <color>
   Красный
  </color>
  <material>
   Шелк
  </material>
  <price>
   591483
  </price>
  <rating>
   2.56
  </rating>
  <reviews>
   195954
  </reviews>
 </clothing>
 <clothing>
  <id>
   240286332
  </id>
  <name>
   Addidas Belts P-9149
  </name>
  <category>
   Belts
  </category>
  <size>
   L
  </size>
  <color>
   Фиолетовый
  </color>
  <material>
   Шелк
  </material>
  <price>
   764178
  </price>
  <rating>
   4.56
  </rating>
  <reviews>
   675006
  </reviews>
  <new>
   +
  </new>
  <exclusive>
   no
  </exclusive>
  <sporty>
   no
  </sporty>
 </clothing>
 <clothing>
  <id>
   611810848
  </id>
  <name>
   Ellesse Gloves Q-1123
  </name>
  <category>
   Gloves
  </category>
  <size>
   L
  </size>
  <color>
   Голубой
  </color>
  <material>
   Шелк
  </material>
  <price>
   796093
  </price>
  <rating>
   3.9
  </rating>
  <reviews>
   178630
  </reviews>
  <new>
   -
  </new>
  <sporty>
   no
  </sporty>
 </clothing>
 <clothing>
  <id>
   349165165
  </id>
  <name>
   Vans Shirt G-1953
  </name>
  <category>
   Shirt
  </category>
  <size>
   L
  </size>
  <color>
   Зеленый
  </color>
  <material>
   Кожа
  </material>
  <price>
   686990
  </price>
  <rating>
   4.63
  </rating>
  <reviews>
   697118
  </reviews>
  <exclusive>
   no
  </exclusive>
 </clothing>
</clothing-items>
