<?xml version="1.0" encoding="utf-8"?>
<clothing-items>
 <clothing>
  <id>
   571260808
  </id>
  <name>
   Reebok Jeans B-9188
  </name>
  <category>
   Jeans
  </category>
  <size>
   XL
  </size>
  <color>
   Желтый
  </color>
  <material>
   Нейлон
  </material>
  <price>
   107395
  </price>
  <rating>
   4.9
  </rating>
  <reviews>
   354519
  </reviews>
  <new>
   -
  </new>
  <exclusive>
   no
  </exclusive>
  <sporty>
   yes
  </sporty>
 </clothing>
 <clothing>
  <id>
   224506161
  </id>
  <name>
   Brooks Umbrellas V-5330
  </name>
  <category>
   Umbrellas
  </category>
  <size>
   L
  </size>
  <color>
   Желтый
  </color>
  <material>
   Кожа
  </material>
  <price>
   499226
  </price>
  <rating>
   1.55
  </rating>
  <reviews>
   986019
  </reviews>
  <exclusive>
   no
  </exclusive>
  <sporty>
   no
  </sporty>
 </clothing>
 <clothing>
  <id>
   496489650
  </id>
  <name>
   Vans Gloves F-1005
  </name>
  <category>
   Gloves
  </category>
  <size>
   XXL
  </size>
  <color>
   Синий
  </color>
  <material>
   Нейлон
  </material>
  <price>
   310118
  </price>
  <rating>
   2.67
  </rating>
  <reviews>
   930726
  </reviews>
  <new>
   +
  </new>
  <sporty>
   no
  </sporty>
 </clothing>
 <clothing>
  <id>
   707925398
  </id>
  <name>
   Lacoste Jacket N-8988
  </name>
  <category>
   Jacket
  </category>
  <size>
   XL
  </size>
  <color>
   Голубой
  </color>
  <material>
   Вискоза
  </material>
  <price>
   852754
  </price>
  <rating>
   1.02
  </rating>
  <reviews>
   246139
  </reviews>
  <new>
   -
  </new>
  <exclusive>
   no
  </exclusive>
  <sporty>
   yes
  </sporty>
 </clothing>
 <clothing>
  <id>
   850908558
  </id>
  <name>
   Addidas Pants W-6616
  </name>
  <category>
   Pants
  </category>
  <size>
   L
  </size>
  <color>
   Фиолетовый
  </color>
  <material>
   Полиэстер
  </material>
  <price>
   188116
  </price>
  <rating>
   4.01
  </rating>
  <reviews>
   128361
  </reviews>
  <new>
   +
  </new>
  <sporty>
   yes
  </sporty>
 </clothing>
 <clothing>
  <id>
   427999452
  </id>
  <name>
   Under Armour Pants M-9267
  </name>
  <category>
   Pants
  </category>
  <size>
   M
  </size>
  <color>
   Красный
  </color>
  <material>
   Кожа
  </material>
  <price>
   719437
  </price>
  <rating>
   1.65
  </rating>
  <reviews>
   250859
  </reviews>
  <exclusive>
   no
  </exclusive>
 </clothing>
 <clothing>
  <id>
   375478057
  </id>
  <name>
   Vans Socks B-3636
  </name>
  <category>
   Socks
  </category>
  <size>
   XXL
  </size>
  <color>
   Фиолетовый
  </color>
  <material>
   Лен
  </material>
  <price>
   673154
  </price>
  <rating>
   3.35
  </rating>
  <reviews>
   34944
  </reviews>
  <new>
   -
  </new>
  <exclusive>
   no
  </exclusive>
  <sporty>
   no
  </sporty>
 </clothing>
 <clothing>
  <id>
   821561559
  </id>
  <name>
   Adidas Skirt B-2015
  </name>
  <category>
   Skirt
  </category>
  <size>
   XL
  </size>
  <color>
   Зеленый
  </color>
  <material>
   Кожа
  </material>
  <price>
   549298
  </price>
  <rating>
   2.07
  </rating>
  <reviews>
   47167
  </reviews>
  <new>
   -
  </new>
  <exclusive>
   no
  </exclusive>
  <sporty>
   no
  </sporty>
 </clothing>
 <clothing>
  <id>
   667351690
  </id>
  <name>
   Nike Gloves X-5420
  </name>
  <category>
   Gloves
  </category>
  <size>
   S
  </size>
  <color>
   Оранжевый
  </color>
  <material>
   Нейлон
  </material>
  <price>
   900027
  </price>
  <rating>
   3.16
  </rating>
  <reviews>
   891957
  </reviews>
  <new>
   -
  </new>
  <exclusive>
   yes
  </exclusive>
 </clothing>
 <clothing>
  <id>
   603140264
  </id>
  <name>
   Asics Sweater G-1097
  </name>
  <category>
   Sweater
  </category>
  <size>
   L
  </size>
  <color>
   Оранжевый
  </color>
  <material>
   Шелк
  </material>
  <price>
   814320
  </price>
  <rating>
   2.33
  </rating>
  <reviews>
   549861
  </reviews>
  <new>
   -
  </new>
 </clothing>
 <clothing>
  <id>
   378265593
  </id>
  <name>
   Addidas Shoes V-6926
  </name>
  <category>
   Shoes
  </category>
  <size>
   XL
  </size>
  <color>
   Желтый
  </color>
  <material>
   Шерсть
  </material>
  <price>
   825707
  </price>
  <rating>
   4.26
  </rating>
  <reviews>
   227375
  </reviews>
  <exclusive>
   yes
  </exclusive>
  <sporty>
   yes
  </sporty>
 </clothing>
 <clothing>
  <id>
   296458181
  </id>
  <name>
   Converse Belts G-9403
  </name>
  <category>
   Belts
  </category>
  <size>
   M
  </size>
  <color>
   Синий
  </color>
  <material>
   Кожа
  </material>
  <price>
   926571
  </price>
  <rating>
   1.56
  </rating>
  <reviews>
   227738
  </reviews>
  <new>
   -
  </new>
  <exclusive>
   yes
  </exclusive>
 </clothing>
 <clothing>
  <id>
   620498853
  </id>
  <name>
   Reebok Gloves X-1121
  </name>
  <category>
   Gloves
  </category>
  <size>
   L
  </size>
  <color>
   Желтый
  </color>
  <material>
   Вискоза
  </material>
  <price>
   743758
  </price>
  <rating>
   1.94
  </rating>
  <reviews>
   584329
  </reviews>
  <new>
   +
  </new>
  <exclusive>
   yes
  </exclusive>
 </clothing>
 <clothing>
  <id>
   138896355
  </id>
  <name>
   Adidas Belts Y-7553
  </name>
  <category>
   Belts
  </category>
  <size>
   XL
  </size>
  <color>
   Оранжевый
  </color>
  <material>
   Лен
  </material>
  <price>
   390228
  </price>
  <rating>
   1.43
  </rating>
  <reviews>
   96425
  </reviews>
  <new>
   -
  </new>
 </clothing>
 <clothing>
  <id>
   397746540
  </id>
  <name>
   New Balance Dress D-7424
  </name>
  <category>
   Dress
  </category>
  <size>
   S
  </size>
  <color>
   Фиолетовый
  </color>
  <material>
   Полиэстер
  </material>
  <price>
   611655
  </price>
  <rating>
   2.93
  </rating>
  <reviews>
   469854
  </reviews>
 </clothing>
 <clothing>
  <id>
   888708941
  </id>
  <name>
   Addidas Shirt B-8275
  </name>
  <category>
   Shirt
  </category>
  <size>
   L
  </size>
  <color>
   Оранжевый
  </color>
  <material>
   Нейлон
  </material>
  <price>
   808972
  </price>
  <rating>
   3.18
  </rating>
  <reviews>
   862538
  </reviews>
  <new>
   -
  </new>
  <exclusive>
   no
  </exclusive>
  <sporty>
   yes
  </sporty>
 </clothing>
 <clothing>
  <id>
   169000984
  </id>
  <name>
   PleinSport Umbrellas J-6772
  </name>
  <category>
   Umbrellas
  </category>
  <size>
   XXL
  </size>
  <color>
   Оранжевый
  </color>
  <material>
   Лен
  </material>
  <price>
   889620
  </price>
  <rating>
   3.79
  </rating>
  <reviews>
   764371
  </reviews>
  <new>
   -
  </new>
  <exclusive>
   yes
  </exclusive>
 </clothing>
 <clothing>
  <id>
   384448953
  </id>
  <name>
   PleinSport Blouse H-5716
  </name>
  <category>
   Blouse
  </category>
  <size>
   XXL
  </size>
  <color>
   Фиолетовый
  </color>
  <material>
   Вискоза
  </material>
  <price>
   432414
  </price>
  <rating>
   3.75
  </rating>
  <reviews>
   272075
  </reviews>
  <sporty>
   yes
  </sporty>
 </clothing>
 <clothing>
  <id>
   813436351
  </id>
  <name>
   Addidas Dress B-1283
  </name>
  <category>
   Dress
  </category>
  <size>
   L
  </size>
  <color>
   Красный
  </color>
  <material>
   Полиэстер
  </material>
  <price>
   336498
  </price>
  <rating>
   2.95
  </rating>
  <reviews>
   546244
  </reviews>
  <new>
   -
  </new>
  <exclusive>
   no
  </exclusive>
 </clothing>
 <clothing>
  <id>
   381135016
  </id>
  <name>
   Fila Shoes H-7307
  </name>
  <category>
   Shoes
  </category>
  <size>
   M
  </size>
  <color>
   Оранжевый
  </color>
  <material>
   Хлопок
  </material>
  <price>
   243318
  </price>
  <rating>
   3.36
  </rating>
  <reviews>
   665958
  </reviews>
  <new>
   -
  </new>
  <sporty>
   no
  </sporty>
 </clothing>
 <clothing>
  <id>
   579734047
  </id>
  <name>
   Converse Pants F-3534
  </name>
  <category>
   Pants
  </category>
  <size>
   M
  </size>
  <color>
   Желтый
  </color>
  <material>
   Полиэстер
  </material>
  <price>
   449062
  </price>
  <rating>
   1.52
  </rating>
  <reviews>
   472027
  </reviews>
  <exclusive>
   yes
  </exclusive>
  <sporty>
   no
  </sporty>
 </clothing>
 <clothing>
  <id>
   232208667
  </id>
  <name>
   Converse Handbags D-6286
  </name>
  <category>
   Handbags
  </category>
  <size>
   S
  </size>
  <color>
   Красный
  </color>
  <material>
   Хлопок
  </material>
  <price>
   248914
  </price>
  <rating>
   4.69
  </rating>
  <reviews>
   529873
  </reviews>
  <exclusive>
   no
  </exclusive>
 </clothing>
 <clothing>
  <id>
   185622521
  </id>
  <name>
   Vans Blouse R-8426
  </name>
  <category>
   Blouse
  </category>
  <size>
   XL
  </size>
  <color>
   Голубой
  </color>
  <material>
   Шерсть
  </material>
  <price>
   650154
  </price>
  <rating>
   4.16
  </rating>
  <reviews>
   631142
  </reviews>
  <sporty>
   yes
  </sporty>
 </clothing>
 <clothing>
  <id>
   671651854
  </id>
  <name>
   Converse Handbags V-8917
  </name>
  <category>
   Handbags
  </category>
  <size>
   XL
  </size>
  <color>
   Зеленый
  </color>
  <material>
   Нейлон
  </material>
  <price>
   149618
  </price>
  <rating>
   1.53
  </rating>
  <reviews>
   379976
  </reviews>
  <new>
   +
  </new>
  <exclusive>
   no
  </exclusive>
  <sporty>
   yes
  </sporty>
 </clothing>
 <clothing>
  <id>
   577009115
  </id>
  <name>
   Puma Blouse V-5888
  </name>
  <category>
   Blouse
  </category>
  <size>
   S
  </size>
  <color>
   Синий
  </color>
  <material>
   Лен
  </material>
  <price>
   750667
  </price>
  <rating>
   4.03
  </rating>
  <reviews>
   954813
  </reviews>
  <new>
   +
  </new>
 </clothing>
 <clothing>
  <id>
   928770436
  </id>
  <name>
   DC Umbrellas Z-2625
  </name>
  <category>
   Umbrellas
  </category>
  <size>
   M
  </size>
  <color>
   Оранжевый
  </color>
  <material>
   Хлопок
  </material>
  <price>
   619371
  </price>
  <rating>
   4.65
  </rating>
  <reviews>
   542509
  </reviews>
  <new>
   -
  </new>
 </clothing>
 <clothing>
  <id>
   822164922
  </id>
  <name>
   Ellesse Shirt Q-7702
  </name>
  <category>
   Shirt
  </category>
  <size>
   M
  </size>
  <color>
   Фиолетовый
  </color>
  <material>
   Хлопок
  </material>
  <price>
   348124
  </price>
  <rating>
   3.08
  </rating>
  <reviews>
   716875
  </reviews>
  <new>
   +
  </new>
  <exclusive>
   yes
  </exclusive>
  <sporty>
   yes
  </sporty>
 </clothing>
 <clothing>
  <id>
   432106693
  </id>
  <name>
   Reebok Umbrellas H-2419
  </name>
  <category>
   Umbrellas
  </category>
  <size>
   M
  </size>
  <color>
   Фиолетовый
  </color>
  <material>
   Кожа
  </material>
  <price>
   984531
  </price>
  <rating>
   3.3
  </rating>
  <reviews>
   133368
  </reviews>
  <new>
   -
  </new>
  <sporty>
   yes
  </sporty>
 </clothing>
 <clothing>
  <id>
   460384692
  </id>
  <name>
   Vans Shirt S-6713
  </name>
  <category>
   Shirt
  </category>
  <size>
   S
  </size>
  <color>
   Оранжевый
  </color>
  <material>
   Полиэстер
  </material>
  <price>
   344036
  </price>
  <rating>
   2.1
  </rating>
  <reviews>
   652130
  </reviews>
  <new>
   -
  </new>
  <exclusive>
   yes
  </exclusive>
  <sporty>
   yes
  </sporty>
 </clothing>
 <clothing>
  <id>
   440537942
  </id>
  <name>
   Under Armour Handbags J-7693
  </name>
  <category>
   Handbags
  </category>
  <size>
   S
  </size>
  <color>
   Желтый
  </color>
  <material>
   Вискоза
  </material>
  <price>
   986016
  </price>
  <rating>
   3.57
  </rating>
  <reviews>
   793304
  </reviews>
  <new>
   -
  </new>
  <sporty>
   no
  </sporty>
 </clothing>
 <clothing>
  <id>
   155587671
  </id>
  <name>
   Fila Blouse T-1047
  </name>
  <category>
   Blouse
  </category>
  <size>
   XXL
  </size>
  <color>
   Фиолетовый
  </color>
  <material>
   Лен
  </material>
  <price>
   674185
  </price>
  <rating>
   3.95
  </rating>
  <reviews>
   299472
  </reviews>
  <new>
   +
  </new>
  <sporty>
   no
  </sporty>
 </clothing>
 <clothing>
  <id>
   441673910
  </id>
  <name>
   PleinSport T-shirt F-5209
  </name>
  <category>
   T-shirt
  </category>
  <size>
   L
  </size>
  <color>
   Фиолетовый
  </color>
  <material>
   Кожа
  </material>
  <price>
   752339
  </price>
  <rating>
   4.42
  </rating>
  <reviews>
   984258
  </reviews>
  <sporty>
   yes
  </sporty>
 </clothing>
 <clothing>
  <id>
   677678993
  </id>
  <name>
   PleinSport Hat L-6261
  </name>
  <category>
   Hat
  </category>
  <size>
   XL
  </size>
  <color>
   Желтый
  </color>
  <material>
   Полиэстер
  </material>
  <price>
   688462
  </price>
  <rating>
   4.13
  </rating>
  <reviews>
   394361
  </reviews>
  <exclusive>
   yes
  </exclusive>
  <sporty>
   yes
  </sporty>
 </clothing>
</clothing-items>
